solid OpenSCAD_Model
  facet normal 0.995556 0.0941691 0
    outer loop
      vertex 40.1318 4 2
      vertex 40.0318 5.0572 0
      vertex 40.0318 5.0572 2
    endloop
  endfacet
  facet normal 0.995556 0.0941691 0
    outer loop
      vertex 40.0318 5.0572 0
      vertex 40.1318 4 2
      vertex 40.1318 4 0
    endloop
  endfacet
  facet normal 0.987691 0.15642 0
    outer loop
      vertex 40.0318 5.0572 2
      vertex 39.6353 7.56084 0
      vertex 39.6353 7.56084 2
    endloop
  endfacet
  facet normal 0.987691 0.15642 0
    outer loop
      vertex 39.6353 7.56084 0
      vertex 40.0318 5.0572 2
      vertex 40.0318 5.0572 0
    endloop
  endfacet
  facet normal 0.975913 0.218162 0
    outer loop
      vertex 39.6353 7.56084 2
      vertex 39.0823 10.0346 0
      vertex 39.0823 10.0346 2
    endloop
  endfacet
  facet normal 0.975913 0.218162 0
    outer loop
      vertex 39.0823 10.0346 0
      vertex 39.6353 7.56084 2
      vertex 39.6353 7.56084 0
    endloop
  endfacet
  facet normal 0.790171 0.612886 0
    outer loop
      vertex 32.6438 23.7171 2
      vertex 31.0902 25.7201 0
      vertex 31.0902 25.7201 2
    endloop
  endfacet
  facet normal 0.790171 0.612886 0
    outer loop
      vertex 31.0902 25.7201 0
      vertex 32.6438 23.7171 2
      vertex 32.6438 23.7171 0
    endloop
  endfacet
  facet normal -0.66131 -0.750113 0
    outer loop
      vertex -27.6215 -29.4139 0
      vertex -25.7201 -31.0902 2
      vertex -27.6215 -29.4139 2
    endloop
  endfacet
  facet normal -0.66131 -0.750113 -0
    outer loop
      vertex -25.7201 -31.0902 2
      vertex -27.6215 -29.4139 0
      vertex -25.7201 -31.0902 0
    endloop
  endfacet
  facet normal 0.917758 0.39714 0
    outer loop
      vertex 37.5165 14.8538 2
      vertex 36.5098 17.1802 0
      vertex 36.5098 17.1802 2
    endloop
  endfacet
  facet normal 0.917758 0.39714 0
    outer loop
      vertex 36.5098 17.1802 0
      vertex 37.5165 14.8538 2
      vertex 37.5165 14.8538 0
    endloop
  endfacet
  facet normal 0.338719 0.940887 -0
    outer loop
      vertex 14.8538 37.5165 0
      vertex 12.4688 38.3751 2
      vertex 14.8538 37.5165 2
    endloop
  endfacet
  facet normal 0.338719 0.940887 0
    outer loop
      vertex 12.4688 38.3751 2
      vertex 14.8538 37.5165 0
      vertex 12.4688 38.3751 0
    endloop
  endfacet
  facet normal 0.15642 -0.987691 0
    outer loop
      vertex 5.0572 -40.0318 0
      vertex 7.56084 -39.6353 2
      vertex 5.0572 -40.0318 2
    endloop
  endfacet
  facet normal 0.15642 -0.987691 0
    outer loop
      vertex 7.56084 -39.6353 2
      vertex 5.0572 -40.0318 0
      vertex 7.56084 -39.6353 0
    endloop
  endfacet
  facet normal 0.453986 0.891009 -0
    outer loop
      vertex 19.4388 35.359 0
      vertex 17.1802 36.5098 2
      vertex 19.4388 35.359 2
    endloop
  endfacet
  facet normal 0.453986 0.891009 0
    outer loop
      vertex 17.1802 36.5098 2
      vertex 19.4388 35.359 0
      vertex 17.1802 36.5098 0
    endloop
  endfacet
  facet normal -0.917758 -0.39714 0
    outer loop
      vertex -36.5098 -17.1802 0
      vertex -37.5165 -14.8538 2
      vertex -37.5165 -14.8538 0
    endloop
  endfacet
  facet normal -0.917758 -0.39714 0
    outer loop
      vertex -37.5165 -14.8538 2
      vertex -36.5098 -17.1802 0
      vertex -36.5098 -17.1802 2
    endloop
  endfacet
  facet normal -0.827077 -0.562089 0
    outer loop
      vertex -32.6438 -23.7171 0
      vertex -34.0686 -21.6206 2
      vertex -34.0686 -21.6206 0
    endloop
  endfacet
  facet normal -0.827077 -0.562089 0
    outer loop
      vertex -34.0686 -21.6206 2
      vertex -32.6438 -23.7171 0
      vertex -32.6438 -23.7171 2
    endloop
  endfacet
  facet normal -0.453986 0.891009 0
    outer loop
      vertex -17.1802 36.5098 0
      vertex -19.4388 35.359 2
      vertex -17.1802 36.5098 2
    endloop
  endfacet
  facet normal -0.453986 0.891009 0
    outer loop
      vertex -19.4388 35.359 2
      vertex -17.1802 36.5098 0
      vertex -19.4388 35.359 0
    endloop
  endfacet
  facet normal -0.995556 -0.0941691 0
    outer loop
      vertex -40.0318 -5.0572 0
      vertex -40.1318 -4 2
      vertex -40.1318 -4 0
    endloop
  endfacet
  facet normal -0.995556 -0.0941691 0
    outer loop
      vertex -40.1318 -4 2
      vertex -40.0318 -5.0572 0
      vertex -40.0318 -5.0572 2
    endloop
  endfacet
  facet normal 0.975913 -0.218162 0
    outer loop
      vertex 39.0823 -10.0346 2
      vertex 39.6353 -7.56084 0
      vertex 39.6353 -7.56084 2
    endloop
  endfacet
  facet normal 0.975913 -0.218162 0
    outer loop
      vertex 39.6353 -7.56084 0
      vertex 39.0823 -10.0346 2
      vertex 39.0823 -10.0346 0
    endloop
  endfacet
  facet normal -0.940887 0.338719 0
    outer loop
      vertex -38.3751 12.4688 0
      vertex -37.5165 14.8538 2
      vertex -37.5165 14.8538 0
    endloop
  endfacet
  facet normal -0.940887 0.338719 0
    outer loop
      vertex -37.5165 14.8538 2
      vertex -38.3751 12.4688 0
      vertex -38.3751 12.4688 2
    endloop
  endfacet
  facet normal -0.0941691 0.995556 0
    outer loop
      vertex -4 40.1318 0
      vertex -5.0572 40.0318 2
      vertex -4 40.1318 2
    endloop
  endfacet
  facet normal -0.0941691 0.995556 0
    outer loop
      vertex -5.0572 40.0318 2
      vertex -4 40.1318 0
      vertex -5.0572 40.0318 0
    endloop
  endfacet
  facet normal -0.338719 -0.940887 0
    outer loop
      vertex -14.8538 -37.5165 0
      vertex -12.4688 -38.3751 2
      vertex -14.8538 -37.5165 2
    endloop
  endfacet
  facet normal -0.338719 -0.940887 -0
    outer loop
      vertex -12.4688 -38.3751 2
      vertex -14.8538 -37.5165 0
      vertex -12.4688 -38.3751 0
    endloop
  endfacet
  facet normal -0.860727 0.509067 0
    outer loop
      vertex -35.359 19.4388 0
      vertex -34.0686 21.6206 2
      vertex -34.0686 21.6206 0
    endloop
  endfacet
  facet normal -0.860727 0.509067 0
    outer loop
      vertex -34.0686 21.6206 2
      vertex -35.359 19.4388 0
      vertex -35.359 19.4388 2
    endloop
  endfacet
  facet normal 0.338719 -0.940887 0
    outer loop
      vertex 12.4688 -38.3751 0
      vertex 14.8538 -37.5165 2
      vertex 12.4688 -38.3751 2
    endloop
  endfacet
  facet normal 0.338719 -0.940887 0
    outer loop
      vertex 14.8538 -37.5165 2
      vertex 12.4688 -38.3751 0
      vertex 14.8538 -37.5165 0
    endloop
  endfacet
  facet normal 0.0941691 -0.995556 0
    outer loop
      vertex 4 -40.1318 0
      vertex 5.0572 -40.0318 2
      vertex 4 -40.1318 2
    endloop
  endfacet
  facet normal 0.0941691 -0.995556 0
    outer loop
      vertex 5.0572 -40.0318 2
      vertex 4 -40.1318 0
      vertex 5.0572 -40.0318 0
    endloop
  endfacet
  facet normal 0.750113 -0.66131 0
    outer loop
      vertex 29.4139 -27.6215 2
      vertex 31.0902 -25.7201 0
      vertex 31.0902 -25.7201 2
    endloop
  endfacet
  facet normal 0.750113 -0.66131 0
    outer loop
      vertex 31.0902 -25.7201 0
      vertex 29.4139 -27.6215 2
      vertex 29.4139 -27.6215 0
    endloop
  endfacet
  facet normal 0.987691 -0.15642 0
    outer loop
      vertex 39.6353 -7.56084 2
      vertex 40.0318 -5.0572 0
      vertex 40.0318 -5.0572 2
    endloop
  endfacet
  facet normal 0.987691 -0.15642 0
    outer loop
      vertex 40.0318 -5.0572 0
      vertex 39.6353 -7.56084 2
      vertex 39.6353 -7.56084 0
    endloop
  endfacet
  facet normal 0.960294 -0.278991 0
    outer loop
      vertex 38.3751 -12.4688 2
      vertex 39.0823 -10.0346 0
      vertex 39.0823 -10.0346 2
    endloop
  endfacet
  facet normal 0.960294 -0.278991 0
    outer loop
      vertex 39.0823 -10.0346 0
      vertex 38.3751 -12.4688 2
      vertex 38.3751 -12.4688 0
    endloop
  endfacet
  facet normal -0.612886 0.790171 0
    outer loop
      vertex -23.7171 32.6438 0
      vertex -25.7201 31.0902 2
      vertex -23.7171 32.6438 2
    endloop
  endfacet
  facet normal -0.612886 0.790171 0
    outer loop
      vertex -25.7201 31.0902 2
      vertex -23.7171 32.6438 0
      vertex -25.7201 31.0902 0
    endloop
  endfacet
  facet normal 0.827077 0.562089 0
    outer loop
      vertex 34.0686 21.6206 2
      vertex 32.6438 23.7171 0
      vertex 32.6438 23.7171 2
    endloop
  endfacet
  facet normal 0.827077 0.562089 0
    outer loop
      vertex 32.6438 23.7171 0
      vertex 34.0686 21.6206 2
      vertex 34.0686 21.6206 0
    endloop
  endfacet
  facet normal 0.940887 0.338719 0
    outer loop
      vertex 38.3751 12.4688 2
      vertex 37.5165 14.8538 0
      vertex 37.5165 14.8538 2
    endloop
  endfacet
  facet normal 0.940887 0.338719 0
    outer loop
      vertex 37.5165 14.8538 0
      vertex 38.3751 12.4688 2
      vertex 38.3751 12.4688 0
    endloop
  endfacet
  facet normal -0.750113 0.66131 0
    outer loop
      vertex -31.0902 25.7201 0
      vertex -29.4139 27.6215 2
      vertex -29.4139 27.6215 0
    endloop
  endfacet
  facet normal -0.750113 0.66131 0
    outer loop
      vertex -29.4139 27.6215 2
      vertex -31.0902 25.7201 0
      vertex -31.0902 25.7201 2
    endloop
  endfacet
  facet normal 0.509067 -0.860727 0
    outer loop
      vertex 19.4388 -35.359 0
      vertex 21.6206 -34.0686 2
      vertex 19.4388 -35.359 2
    endloop
  endfacet
  facet normal 0.509067 -0.860727 0
    outer loop
      vertex 21.6206 -34.0686 2
      vertex 19.4388 -35.359 0
      vertex 21.6206 -34.0686 0
    endloop
  endfacet
  facet normal -0.15642 0.987691 0
    outer loop
      vertex -5.0572 40.0318 0
      vertex -7.56084 39.6353 2
      vertex -5.0572 40.0318 2
    endloop
  endfacet
  facet normal -0.15642 0.987691 0
    outer loop
      vertex -7.56084 39.6353 2
      vertex -5.0572 40.0318 0
      vertex -7.56084 39.6353 0
    endloop
  endfacet
  facet normal 0.509067 0.860727 -0
    outer loop
      vertex 21.6206 34.0686 0
      vertex 19.4388 35.359 2
      vertex 21.6206 34.0686 2
    endloop
  endfacet
  facet normal 0.509067 0.860727 0
    outer loop
      vertex 19.4388 35.359 2
      vertex 21.6206 34.0686 0
      vertex 19.4388 35.359 0
    endloop
  endfacet
  facet normal 0.562089 0.827077 -0
    outer loop
      vertex 23.7171 32.6438 0
      vertex 21.6206 34.0686 2
      vertex 23.7171 32.6438 2
    endloop
  endfacet
  facet normal 0.562089 0.827077 0
    outer loop
      vertex 21.6206 34.0686 2
      vertex 23.7171 32.6438 0
      vertex 21.6206 34.0686 0
    endloop
  endfacet
  facet normal 0.827077 -0.562089 0
    outer loop
      vertex 32.6438 -23.7171 2
      vertex 34.0686 -21.6206 0
      vertex 34.0686 -21.6206 2
    endloop
  endfacet
  facet normal 0.827077 -0.562089 0
    outer loop
      vertex 34.0686 -21.6206 0
      vertex 32.6438 -23.7171 2
      vertex 32.6438 -23.7171 0
    endloop
  endfacet
  facet normal 0.860727 0.509067 0
    outer loop
      vertex 35.359 19.4388 2
      vertex 34.0686 21.6206 0
      vertex 34.0686 21.6206 2
    endloop
  endfacet
  facet normal 0.860727 0.509067 0
    outer loop
      vertex 34.0686 21.6206 0
      vertex 35.359 19.4388 2
      vertex 35.359 19.4388 0
    endloop
  endfacet
  facet normal -0.562089 0.827077 0
    outer loop
      vertex -21.6206 34.0686 0
      vertex -23.7171 32.6438 2
      vertex -21.6206 34.0686 2
    endloop
  endfacet
  facet normal -0.562089 0.827077 0
    outer loop
      vertex -23.7171 32.6438 2
      vertex -21.6206 34.0686 0
      vertex -23.7171 32.6438 0
    endloop
  endfacet
  facet normal -0.66131 0.750113 0
    outer loop
      vertex -25.7201 31.0902 0
      vertex -27.6215 29.4139 2
      vertex -25.7201 31.0902 2
    endloop
  endfacet
  facet normal -0.66131 0.750113 0
    outer loop
      vertex -27.6215 29.4139 2
      vertex -25.7201 31.0902 0
      vertex -27.6215 29.4139 0
    endloop
  endfacet
  facet normal 0.66131 -0.750113 0
    outer loop
      vertex 25.7201 -31.0902 0
      vertex 27.6215 -29.4139 2
      vertex 25.7201 -31.0902 2
    endloop
  endfacet
  facet normal 0.66131 -0.750113 0
    outer loop
      vertex 27.6215 -29.4139 2
      vertex 25.7201 -31.0902 0
      vertex 27.6215 -29.4139 0
    endloop
  endfacet
  facet normal -0.891009 0.453986 0
    outer loop
      vertex -36.5098 17.1802 0
      vertex -35.359 19.4388 2
      vertex -35.359 19.4388 0
    endloop
  endfacet
  facet normal -0.891009 0.453986 0
    outer loop
      vertex -35.359 19.4388 2
      vertex -36.5098 17.1802 0
      vertex -36.5098 17.1802 2
    endloop
  endfacet
  facet normal 0.0941691 0.995556 -0
    outer loop
      vertex 5.0572 40.0318 0
      vertex 4 40.1318 2
      vertex 5.0572 40.0318 2
    endloop
  endfacet
  facet normal 0.0941691 0.995556 0
    outer loop
      vertex 4 40.1318 2
      vertex 5.0572 40.0318 0
      vertex 4 40.1318 0
    endloop
  endfacet
  facet normal 0.995556 -0.0941691 0
    outer loop
      vertex 40.0318 -5.0572 2
      vertex 40.1318 -4 0
      vertex 40.1318 -4 2
    endloop
  endfacet
  facet normal 0.995556 -0.0941691 0
    outer loop
      vertex 40.1318 -4 0
      vertex 40.0318 -5.0572 2
      vertex 40.0318 -5.0572 0
    endloop
  endfacet
  facet normal -0.790171 -0.612886 0
    outer loop
      vertex -31.0902 -25.7201 0
      vertex -32.6438 -23.7171 2
      vertex -32.6438 -23.7171 0
    endloop
  endfacet
  facet normal -0.790171 -0.612886 0
    outer loop
      vertex -32.6438 -23.7171 2
      vertex -31.0902 -25.7201 0
      vertex -31.0902 -25.7201 2
    endloop
  endfacet
  facet normal 0.278991 -0.960294 0
    outer loop
      vertex 10.0346 -39.0823 0
      vertex 12.4688 -38.3751 2
      vertex 10.0346 -39.0823 2
    endloop
  endfacet
  facet normal 0.278991 -0.960294 0
    outer loop
      vertex 12.4688 -38.3751 2
      vertex 10.0346 -39.0823 0
      vertex 12.4688 -38.3751 0
    endloop
  endfacet
  facet normal 0.612886 0.790171 -0
    outer loop
      vertex 25.7201 31.0902 0
      vertex 23.7171 32.6438 2
      vertex 25.7201 31.0902 2
    endloop
  endfacet
  facet normal 0.612886 0.790171 0
    outer loop
      vertex 23.7171 32.6438 2
      vertex 25.7201 31.0902 0
      vertex 23.7171 32.6438 0
    endloop
  endfacet
  facet normal -0.39714 0.917758 0
    outer loop
      vertex -14.8538 37.5165 0
      vertex -17.1802 36.5098 2
      vertex -14.8538 37.5165 2
    endloop
  endfacet
  facet normal -0.39714 0.917758 0
    outer loop
      vertex -17.1802 36.5098 2
      vertex -14.8538 37.5165 0
      vertex -17.1802 36.5098 0
    endloop
  endfacet
  facet normal -0.278991 0.960294 0
    outer loop
      vertex -10.0346 39.0823 0
      vertex -12.4688 38.3751 2
      vertex -10.0346 39.0823 2
    endloop
  endfacet
  facet normal -0.278991 0.960294 0
    outer loop
      vertex -12.4688 38.3751 2
      vertex -10.0346 39.0823 0
      vertex -12.4688 38.3751 0
    endloop
  endfacet
  facet normal -0.707107 0.707107 0
    outer loop
      vertex -29.4139 27.6215 0
      vertex -27.6215 29.4139 2
      vertex -27.6215 29.4139 0
    endloop
  endfacet
  facet normal -0.707107 0.707107 0
    outer loop
      vertex -27.6215 29.4139 2
      vertex -29.4139 27.6215 0
      vertex -29.4139 27.6215 2
    endloop
  endfacet
  facet normal -0.218162 0.975913 0
    outer loop
      vertex -7.56084 39.6353 0
      vertex -10.0346 39.0823 2
      vertex -7.56084 39.6353 2
    endloop
  endfacet
  facet normal -0.218162 0.975913 0
    outer loop
      vertex -10.0346 39.0823 2
      vertex -7.56084 39.6353 0
      vertex -10.0346 39.0823 0
    endloop
  endfacet
  facet normal 0.790171 -0.612886 0
    outer loop
      vertex 31.0902 -25.7201 2
      vertex 32.6438 -23.7171 0
      vertex 32.6438 -23.7171 2
    endloop
  endfacet
  facet normal 0.790171 -0.612886 0
    outer loop
      vertex 32.6438 -23.7171 0
      vertex 31.0902 -25.7201 2
      vertex 31.0902 -25.7201 0
    endloop
  endfacet
  facet normal -0.975913 -0.218162 0
    outer loop
      vertex -39.0823 -10.0346 0
      vertex -39.6353 -7.56084 2
      vertex -39.6353 -7.56084 0
    endloop
  endfacet
  facet normal -0.975913 -0.218162 0
    outer loop
      vertex -39.6353 -7.56084 2
      vertex -39.0823 -10.0346 0
      vertex -39.0823 -10.0346 2
    endloop
  endfacet
  facet normal -0.562089 -0.827077 0
    outer loop
      vertex -23.7171 -32.6438 0
      vertex -21.6206 -34.0686 2
      vertex -23.7171 -32.6438 2
    endloop
  endfacet
  facet normal -0.562089 -0.827077 -0
    outer loop
      vertex -21.6206 -34.0686 2
      vertex -23.7171 -32.6438 0
      vertex -21.6206 -34.0686 0
    endloop
  endfacet
  facet normal -0.338719 0.940887 0
    outer loop
      vertex -12.4688 38.3751 0
      vertex -14.8538 37.5165 2
      vertex -12.4688 38.3751 2
    endloop
  endfacet
  facet normal -0.338719 0.940887 0
    outer loop
      vertex -14.8538 37.5165 2
      vertex -12.4688 38.3751 0
      vertex -14.8538 37.5165 0
    endloop
  endfacet
  facet normal 0.707107 0.707107 0
    outer loop
      vertex 29.4139 27.6215 2
      vertex 27.6215 29.4139 0
      vertex 27.6215 29.4139 2
    endloop
  endfacet
  facet normal 0.707107 0.707107 0
    outer loop
      vertex 27.6215 29.4139 0
      vertex 29.4139 27.6215 2
      vertex 29.4139 27.6215 0
    endloop
  endfacet
  facet normal -0.975913 0.218162 0
    outer loop
      vertex -39.6353 7.56084 0
      vertex -39.0823 10.0346 2
      vertex -39.0823 10.0346 0
    endloop
  endfacet
  facet normal -0.975913 0.218162 0
    outer loop
      vertex -39.0823 10.0346 2
      vertex -39.6353 7.56084 0
      vertex -39.6353 7.56084 2
    endloop
  endfacet
  facet normal 0.707107 -0.707107 0
    outer loop
      vertex 27.6215 -29.4139 2
      vertex 29.4139 -27.6215 0
      vertex 29.4139 -27.6215 2
    endloop
  endfacet
  facet normal 0.707107 -0.707107 0
    outer loop
      vertex 29.4139 -27.6215 0
      vertex 27.6215 -29.4139 2
      vertex 27.6215 -29.4139 0
    endloop
  endfacet
  facet normal 0.39714 0.917758 -0
    outer loop
      vertex 17.1802 36.5098 0
      vertex 14.8538 37.5165 2
      vertex 17.1802 36.5098 2
    endloop
  endfacet
  facet normal 0.39714 0.917758 0
    outer loop
      vertex 14.8538 37.5165 2
      vertex 17.1802 36.5098 0
      vertex 14.8538 37.5165 0
    endloop
  endfacet
  facet normal 0.891009 0.453986 0
    outer loop
      vertex 36.5098 17.1802 2
      vertex 35.359 19.4388 0
      vertex 35.359 19.4388 2
    endloop
  endfacet
  facet normal 0.891009 0.453986 0
    outer loop
      vertex 35.359 19.4388 0
      vertex 36.5098 17.1802 2
      vertex 36.5098 17.1802 0
    endloop
  endfacet
  facet normal -0.218162 -0.975913 0
    outer loop
      vertex -10.0346 -39.0823 0
      vertex -7.56084 -39.6353 2
      vertex -10.0346 -39.0823 2
    endloop
  endfacet
  facet normal -0.218162 -0.975913 -0
    outer loop
      vertex -7.56084 -39.6353 2
      vertex -10.0346 -39.0823 0
      vertex -7.56084 -39.6353 0
    endloop
  endfacet
  facet normal -0.278991 -0.960294 0
    outer loop
      vertex -12.4688 -38.3751 0
      vertex -10.0346 -39.0823 2
      vertex -12.4688 -38.3751 2
    endloop
  endfacet
  facet normal -0.278991 -0.960294 -0
    outer loop
      vertex -10.0346 -39.0823 2
      vertex -12.4688 -38.3751 0
      vertex -10.0346 -39.0823 0
    endloop
  endfacet
  facet normal 0.39714 -0.917758 0
    outer loop
      vertex 14.8538 -37.5165 0
      vertex 17.1802 -36.5098 2
      vertex 14.8538 -37.5165 2
    endloop
  endfacet
  facet normal 0.39714 -0.917758 0
    outer loop
      vertex 17.1802 -36.5098 2
      vertex 14.8538 -37.5165 0
      vertex 17.1802 -36.5098 0
    endloop
  endfacet
  facet normal 0.960294 0.278991 0
    outer loop
      vertex 39.0823 10.0346 2
      vertex 38.3751 12.4688 0
      vertex 38.3751 12.4688 2
    endloop
  endfacet
  facet normal 0.960294 0.278991 0
    outer loop
      vertex 38.3751 12.4688 0
      vertex 39.0823 10.0346 2
      vertex 39.0823 10.0346 0
    endloop
  endfacet
  facet normal -0.891009 -0.453986 0
    outer loop
      vertex -35.359 -19.4388 0
      vertex -36.5098 -17.1802 2
      vertex -36.5098 -17.1802 0
    endloop
  endfacet
  facet normal -0.891009 -0.453986 0
    outer loop
      vertex -36.5098 -17.1802 2
      vertex -35.359 -19.4388 0
      vertex -35.359 -19.4388 2
    endloop
  endfacet
  facet normal -0.790171 0.612886 0
    outer loop
      vertex -32.6438 23.7171 0
      vertex -31.0902 25.7201 2
      vertex -31.0902 25.7201 0
    endloop
  endfacet
  facet normal -0.790171 0.612886 0
    outer loop
      vertex -31.0902 25.7201 2
      vertex -32.6438 23.7171 0
      vertex -32.6438 23.7171 2
    endloop
  endfacet
  facet normal -0.509067 0.860727 0
    outer loop
      vertex -19.4388 35.359 0
      vertex -21.6206 34.0686 2
      vertex -19.4388 35.359 2
    endloop
  endfacet
  facet normal -0.509067 0.860727 0
    outer loop
      vertex -21.6206 34.0686 2
      vertex -19.4388 35.359 0
      vertex -21.6206 34.0686 0
    endloop
  endfacet
  facet normal 0.891009 -0.453986 0
    outer loop
      vertex 35.359 -19.4388 2
      vertex 36.5098 -17.1802 0
      vertex 36.5098 -17.1802 2
    endloop
  endfacet
  facet normal 0.891009 -0.453986 0
    outer loop
      vertex 36.5098 -17.1802 0
      vertex 35.359 -19.4388 2
      vertex 35.359 -19.4388 0
    endloop
  endfacet
  facet normal 0.562089 -0.827077 0
    outer loop
      vertex 21.6206 -34.0686 0
      vertex 23.7171 -32.6438 2
      vertex 21.6206 -34.0686 2
    endloop
  endfacet
  facet normal 0.562089 -0.827077 0
    outer loop
      vertex 23.7171 -32.6438 2
      vertex 21.6206 -34.0686 0
      vertex 23.7171 -32.6438 0
    endloop
  endfacet
  facet normal -0.509067 -0.860727 0
    outer loop
      vertex -21.6206 -34.0686 0
      vertex -19.4388 -35.359 2
      vertex -21.6206 -34.0686 2
    endloop
  endfacet
  facet normal -0.509067 -0.860727 -0
    outer loop
      vertex -19.4388 -35.359 2
      vertex -21.6206 -34.0686 0
      vertex -19.4388 -35.359 0
    endloop
  endfacet
  facet normal -0.0941691 -0.995556 0
    outer loop
      vertex -5.0572 -40.0318 0
      vertex -4 -40.1318 2
      vertex -5.0572 -40.0318 2
    endloop
  endfacet
  facet normal -0.0941691 -0.995556 -0
    outer loop
      vertex -4 -40.1318 2
      vertex -5.0572 -40.0318 0
      vertex -4 -40.1318 0
    endloop
  endfacet
  facet normal 0.66131 0.750113 -0
    outer loop
      vertex 27.6215 29.4139 0
      vertex 25.7201 31.0902 2
      vertex 27.6215 29.4139 2
    endloop
  endfacet
  facet normal 0.66131 0.750113 0
    outer loop
      vertex 25.7201 31.0902 2
      vertex 27.6215 29.4139 0
      vertex 25.7201 31.0902 0
    endloop
  endfacet
  facet normal 0.218162 -0.975913 0
    outer loop
      vertex 7.56084 -39.6353 0
      vertex 10.0346 -39.0823 2
      vertex 7.56084 -39.6353 2
    endloop
  endfacet
  facet normal 0.218162 -0.975913 0
    outer loop
      vertex 10.0346 -39.0823 2
      vertex 7.56084 -39.6353 0
      vertex 10.0346 -39.0823 0
    endloop
  endfacet
  facet normal -0.860727 -0.509067 0
    outer loop
      vertex -34.0686 -21.6206 0
      vertex -35.359 -19.4388 2
      vertex -35.359 -19.4388 0
    endloop
  endfacet
  facet normal -0.860727 -0.509067 0
    outer loop
      vertex -35.359 -19.4388 2
      vertex -34.0686 -21.6206 0
      vertex -34.0686 -21.6206 2
    endloop
  endfacet
  facet normal -0.987691 0.15642 0
    outer loop
      vertex -40.0318 5.0572 0
      vertex -39.6353 7.56084 2
      vertex -39.6353 7.56084 0
    endloop
  endfacet
  facet normal -0.987691 0.15642 0
    outer loop
      vertex -39.6353 7.56084 2
      vertex -40.0318 5.0572 0
      vertex -40.0318 5.0572 2
    endloop
  endfacet
  facet normal -0.960294 0.278991 0
    outer loop
      vertex -39.0823 10.0346 0
      vertex -38.3751 12.4688 2
      vertex -38.3751 12.4688 0
    endloop
  endfacet
  facet normal -0.960294 0.278991 0
    outer loop
      vertex -38.3751 12.4688 2
      vertex -39.0823 10.0346 0
      vertex -39.0823 10.0346 2
    endloop
  endfacet
  facet normal 0.860727 -0.509067 0
    outer loop
      vertex 34.0686 -21.6206 2
      vertex 35.359 -19.4388 0
      vertex 35.359 -19.4388 2
    endloop
  endfacet
  facet normal 0.860727 -0.509067 0
    outer loop
      vertex 35.359 -19.4388 0
      vertex 34.0686 -21.6206 2
      vertex 34.0686 -21.6206 0
    endloop
  endfacet
  facet normal -0.39714 -0.917758 0
    outer loop
      vertex -17.1802 -36.5098 0
      vertex -14.8538 -37.5165 2
      vertex -17.1802 -36.5098 2
    endloop
  endfacet
  facet normal -0.39714 -0.917758 -0
    outer loop
      vertex -14.8538 -37.5165 2
      vertex -17.1802 -36.5098 0
      vertex -14.8538 -37.5165 0
    endloop
  endfacet
  facet normal 0.940887 -0.338719 0
    outer loop
      vertex 37.5165 -14.8538 2
      vertex 38.3751 -12.4688 0
      vertex 38.3751 -12.4688 2
    endloop
  endfacet
  facet normal 0.940887 -0.338719 0
    outer loop
      vertex 38.3751 -12.4688 0
      vertex 37.5165 -14.8538 2
      vertex 37.5165 -14.8538 0
    endloop
  endfacet
  facet normal 0.453986 -0.891009 0
    outer loop
      vertex 17.1802 -36.5098 0
      vertex 19.4388 -35.359 2
      vertex 17.1802 -36.5098 2
    endloop
  endfacet
  facet normal 0.453986 -0.891009 0
    outer loop
      vertex 19.4388 -35.359 2
      vertex 17.1802 -36.5098 0
      vertex 19.4388 -35.359 0
    endloop
  endfacet
  facet normal 0.15642 0.987691 -0
    outer loop
      vertex 7.56084 39.6353 0
      vertex 5.0572 40.0318 2
      vertex 7.56084 39.6353 2
    endloop
  endfacet
  facet normal 0.15642 0.987691 0
    outer loop
      vertex 5.0572 40.0318 2
      vertex 7.56084 39.6353 0
      vertex 5.0572 40.0318 0
    endloop
  endfacet
  facet normal -0.750113 -0.66131 0
    outer loop
      vertex -29.4139 -27.6215 0
      vertex -31.0902 -25.7201 2
      vertex -31.0902 -25.7201 0
    endloop
  endfacet
  facet normal -0.750113 -0.66131 0
    outer loop
      vertex -31.0902 -25.7201 2
      vertex -29.4139 -27.6215 0
      vertex -29.4139 -27.6215 2
    endloop
  endfacet
  facet normal 0.218162 0.975913 -0
    outer loop
      vertex 10.0346 39.0823 0
      vertex 7.56084 39.6353 2
      vertex 10.0346 39.0823 2
    endloop
  endfacet
  facet normal 0.218162 0.975913 0
    outer loop
      vertex 7.56084 39.6353 2
      vertex 10.0346 39.0823 0
      vertex 7.56084 39.6353 0
    endloop
  endfacet
  facet normal -0.707107 -0.707107 0
    outer loop
      vertex -27.6215 -29.4139 0
      vertex -29.4139 -27.6215 2
      vertex -29.4139 -27.6215 0
    endloop
  endfacet
  facet normal -0.707107 -0.707107 0
    outer loop
      vertex -29.4139 -27.6215 2
      vertex -27.6215 -29.4139 0
      vertex -27.6215 -29.4139 2
    endloop
  endfacet
  facet normal -0.987691 -0.15642 0
    outer loop
      vertex -39.6353 -7.56084 0
      vertex -40.0318 -5.0572 2
      vertex -40.0318 -5.0572 0
    endloop
  endfacet
  facet normal -0.987691 -0.15642 0
    outer loop
      vertex -40.0318 -5.0572 2
      vertex -39.6353 -7.56084 0
      vertex -39.6353 -7.56084 2
    endloop
  endfacet
  facet normal 0.917758 -0.39714 0
    outer loop
      vertex 36.5098 -17.1802 2
      vertex 37.5165 -14.8538 0
      vertex 37.5165 -14.8538 2
    endloop
  endfacet
  facet normal 0.917758 -0.39714 0
    outer loop
      vertex 37.5165 -14.8538 0
      vertex 36.5098 -17.1802 2
      vertex 36.5098 -17.1802 0
    endloop
  endfacet
  facet normal 0 0 -1
    outer loop
      vertex -5.0572 40.0318 0
      vertex -4 35.1119 0
      vertex -4.43053 35.0713 0
    endloop
  endfacet
  facet normal 0 0 -1
    outer loop
      vertex -4 35.1119 0
      vertex -5.0572 40.0318 0
      vertex -4 40.1318 0
    endloop
  endfacet
  facet normal 0 0 -1
    outer loop
      vertex -6.62393 34.7239 0
      vertex -5.0572 40.0318 0
      vertex -4.43053 35.0713 0
    endloop
  endfacet
  facet normal 0 0 -1
    outer loop
      vertex -6.62393 34.7239 0
      vertex -7.56084 39.6353 0
      vertex -5.0572 40.0318 0
    endloop
  endfacet
  facet normal 0 0 -1
    outer loop
      vertex -8.79119 34.2394 0
      vertex -7.56084 39.6353 0
      vertex -6.62393 34.7239 0
    endloop
  endfacet
  facet normal 0 0 -1
    outer loop
      vertex -8.79119 34.2394 0
      vertex -10.0346 39.0823 0
      vertex -7.56084 39.6353 0
    endloop
  endfacet
  facet normal 0 0 -1
    outer loop
      vertex -10.9237 33.6198 0
      vertex -10.0346 39.0823 0
      vertex -8.79119 34.2394 0
    endloop
  endfacet
  facet normal 0 0 -1
    outer loop
      vertex -10.9237 33.6198 0
      vertex -12.4688 38.3751 0
      vertex -10.0346 39.0823 0
    endloop
  endfacet
  facet normal 0 0 -1
    outer loop
      vertex -13.0132 32.8676 0
      vertex -12.4688 38.3751 0
      vertex -10.9237 33.6198 0
    endloop
  endfacet
  facet normal 0 0 -1
    outer loop
      vertex -13.0132 32.8676 0
      vertex -14.8538 37.5165 0
      vertex -12.4688 38.3751 0
    endloop
  endfacet
  facet normal 0 0 -1
    outer loop
      vertex -15.0513 31.9856 0
      vertex -14.8538 37.5165 0
      vertex -13.0132 32.8676 0
    endloop
  endfacet
  facet normal 0 0 -1
    outer loop
      vertex -17.1802 36.5098 0
      vertex -15.0513 31.9856 0
      vertex -17.03 30.9774 0
    endloop
  endfacet
  facet normal 0 0 -1
    outer loop
      vertex -15.0513 31.9856 0
      vertex -17.1802 36.5098 0
      vertex -14.8538 37.5165 0
    endloop
  endfacet
  facet normal 0 0 -1
    outer loop
      vertex -19.4388 35.359 0
      vertex -17.03 30.9774 0
      vertex -18.9415 29.847 0
    endloop
  endfacet
  facet normal 0 0 -1
    outer loop
      vertex -17.03 30.9774 0
      vertex -19.4388 35.359 0
      vertex -17.1802 36.5098 0
    endloop
  endfacet
  facet normal 0 0 -1
    outer loop
      vertex -21.6206 34.0686 0
      vertex -18.9415 29.847 0
      vertex -20.7782 28.5988 0
    endloop
  endfacet
  facet normal 0 0 -1
    outer loop
      vertex -18.9415 29.847 0
      vertex -21.6206 34.0686 0
      vertex -19.4388 35.359 0
    endloop
  endfacet
  facet normal 0 0 -1
    outer loop
      vertex -23.7171 32.6438 0
      vertex -20.7782 28.5988 0
      vertex -22.5329 27.2376 0
    endloop
  endfacet
  facet normal 0 0 -1
    outer loop
      vertex -20.7782 28.5988 0
      vertex -23.7171 32.6438 0
      vertex -21.6206 34.0686 0
    endloop
  endfacet
  facet normal 0 0 -1
    outer loop
      vertex -25.7201 31.0902 0
      vertex -22.5329 27.2376 0
      vertex -24.1987 25.769 0
    endloop
  endfacet
  facet normal 0 0 -1
    outer loop
      vertex -22.5329 27.2376 0
      vertex -25.7201 31.0902 0
      vertex -23.7171 32.6438 0
    endloop
  endfacet
  facet normal 0 0 -1
    outer loop
      vertex -27.6215 29.4139 0
      vertex -24.1987 25.769 0
      vertex -25.769 24.1987 0
    endloop
  endfacet
  facet normal 0 0 -1
    outer loop
      vertex -29.4139 27.6215 0
      vertex -25.769 24.1987 0
      vertex -27.2376 22.5329 0
    endloop
  endfacet
  facet normal 0 0 -1
    outer loop
      vertex -24.1987 25.769 0
      vertex -27.6215 29.4139 0
      vertex -25.7201 31.0902 0
    endloop
  endfacet
  facet normal 0 0 -1
    outer loop
      vertex -31.0902 25.7201 0
      vertex -27.2376 22.5329 0
      vertex -28.5988 20.7782 0
    endloop
  endfacet
  facet normal 0 0 -1
    outer loop
      vertex -25.769 24.1987 0
      vertex -29.4139 27.6215 0
      vertex -27.6215 29.4139 0
    endloop
  endfacet
  facet normal 0 0 -1
    outer loop
      vertex -32.6438 23.7171 0
      vertex -28.5988 20.7782 0
      vertex -29.847 18.9415 0
    endloop
  endfacet
  facet normal 0 0 -1
    outer loop
      vertex -34.0686 21.6206 0
      vertex -29.847 18.9415 0
      vertex -30.9774 17.03 0
    endloop
  endfacet
  facet normal 0 0 -1
    outer loop
      vertex -27.2376 22.5329 0
      vertex -31.0902 25.7201 0
      vertex -29.4139 27.6215 0
    endloop
  endfacet
  facet normal 0 0 -1
    outer loop
      vertex -35.359 19.4388 0
      vertex -30.9774 17.03 0
      vertex -31.9856 15.0513 0
    endloop
  endfacet
  facet normal 0 0 -1
    outer loop
      vertex -28.5988 20.7782 0
      vertex -32.6438 23.7171 0
      vertex -31.0902 25.7201 0
    endloop
  endfacet
  facet normal 0 0 -1
    outer loop
      vertex -36.5098 17.1802 0
      vertex -31.9856 15.0513 0
      vertex -32.8676 13.0132 0
    endloop
  endfacet
  facet normal 0 0 -1
    outer loop
      vertex -37.5165 14.8538 0
      vertex -32.8676 13.0132 0
      vertex -33.6198 10.9237 0
    endloop
  endfacet
  facet normal 0 0 -1
    outer loop
      vertex -29.847 18.9415 0
      vertex -34.0686 21.6206 0
      vertex -32.6438 23.7171 0
    endloop
  endfacet
  facet normal 0 0 -1
    outer loop
      vertex -38.3751 12.4688 0
      vertex -33.6198 10.9237 0
      vertex -34.2394 8.79119 0
    endloop
  endfacet
  facet normal 0 0 -1
    outer loop
      vertex -39.0823 10.0346 0
      vertex -34.2394 8.79119 0
      vertex -34.7239 6.62393 0
    endloop
  endfacet
  facet normal 0 0 -1
    outer loop
      vertex -39.6353 7.56084 0
      vertex -34.7239 6.62393 0
      vertex -35.0713 4.43053 0
    endloop
  endfacet
  facet normal 0 0 -1
    outer loop
      vertex -40.0318 5.0572 0
      vertex -35.0713 4.43053 0
      vertex -35.1119 4 0
    endloop
  endfacet
  facet normal 0 0 -1
    outer loop
      vertex -30.9774 17.03 0
      vertex -35.359 19.4388 0
      vertex -34.0686 21.6206 0
    endloop
  endfacet
  facet normal -0 0 -1
    outer loop
      vertex -34.2394 -8.79119 0
      vertex -39.0823 -10.0346 0
      vertex -34.7239 -6.62393 0
    endloop
  endfacet
  facet normal 0 0 -1
    outer loop
      vertex -39.6353 -7.56084 0
      vertex -34.7239 -6.62393 0
      vertex -39.0823 -10.0346 0
    endloop
  endfacet
  facet normal 0 0 -1
    outer loop
      vertex -31.9856 15.0513 0
      vertex -36.5098 17.1802 0
      vertex -35.359 19.4388 0
    endloop
  endfacet
  facet normal -0 0 -1
    outer loop
      vertex -34.7239 -6.62393 0
      vertex -39.6353 -7.56084 0
      vertex -35.0713 -4.43053 0
    endloop
  endfacet
  facet normal 0 0 -1
    outer loop
      vertex -32.8676 13.0132 0
      vertex -37.5165 14.8538 0
      vertex -36.5098 17.1802 0
    endloop
  endfacet
  facet normal 0 0 -1
    outer loop
      vertex -40.0318 -5.0572 0
      vertex -35.0713 -4.43053 0
      vertex -39.6353 -7.56084 0
    endloop
  endfacet
  facet normal 0 0 -1
    outer loop
      vertex -33.6198 10.9237 0
      vertex -38.3751 12.4688 0
      vertex -37.5165 14.8538 0
    endloop
  endfacet
  facet normal -0 0 -1
    outer loop
      vertex -35.0713 -4.43053 0
      vertex -40.0318 -5.0572 0
      vertex -35.1119 -4 0
    endloop
  endfacet
  facet normal 0 0 -1
    outer loop
      vertex -34.2394 8.79119 0
      vertex -39.0823 10.0346 0
      vertex -38.3751 12.4688 0
    endloop
  endfacet
  facet normal 0 0 -1
    outer loop
      vertex -40.1318 -4 0
      vertex -35.1119 -4 0
      vertex -40.0318 -5.0572 0
    endloop
  endfacet
  facet normal 0 0 -1
    outer loop
      vertex -34.7239 6.62393 0
      vertex -39.6353 7.56084 0
      vertex -39.0823 10.0346 0
    endloop
  endfacet
  facet normal 0 0 -1
    outer loop
      vertex -35.1119 -4 0
      vertex -40.1318 -4 0
      vertex -35.1119 4 0
    endloop
  endfacet
  facet normal 0 0 -1
    outer loop
      vertex -40.1318 4 0
      vertex -35.1119 4 0
      vertex -40.1318 -4 0
    endloop
  endfacet
  facet normal 0 -0 -1
    outer loop
      vertex -40.0318 5.0572 0
      vertex -35.1119 4 0
      vertex -40.1318 4 0
    endloop
  endfacet
  facet normal 0 0 -1
    outer loop
      vertex -35.0713 4.43053 0
      vertex -40.0318 5.0572 0
      vertex -39.6353 7.56084 0
    endloop
  endfacet
  facet normal 0 0 -1
    outer loop
      vertex -40.35 -4 0
      vertex -40.1318 4 0
      vertex -40.1318 -4 0
    endloop
  endfacet
  facet normal -0 0 -1
    outer loop
      vertex -40.1318 4 0
      vertex -40.35 -4 0
      vertex -40.35 4 0
    endloop
  endfacet
  facet normal 0 0 -1
    outer loop
      vertex -5.25252 21.8783 0
      vertex -4 17.0334 0
      vertex -4.08529 17.0165 0
    endloop
  endfacet
  facet normal 0 0 -1
    outer loop
      vertex -4 17.0334 0
      vertex -5.25252 21.8783 0
      vertex -4 22.1275 0
    endloop
  endfacet
  facet normal 0 0 -1
    outer loop
      vertex -5.4078 16.6435 0
      vertex -5.25252 21.8783 0
      vertex -4.08529 17.0165 0
    endloop
  endfacet
  facet normal 0 0 -1
    outer loop
      vertex -6.95288 21.3988 0
      vertex -5.4078 16.6435 0
      vertex -6.69696 16.1679 0
    endloop
  endfacet
  facet normal 0 0 -1
    outer loop
      vertex -5.4078 16.6435 0
      vertex -6.95288 21.3988 0
      vertex -5.25252 21.8783 0
    endloop
  endfacet
  facet normal 0 0 -1
    outer loop
      vertex -8.61038 20.7873 0
      vertex -6.69696 16.1679 0
      vertex -7.94483 15.5926 0
    endloop
  endfacet
  facet normal 0 0 -1
    outer loop
      vertex -6.69696 16.1679 0
      vertex -8.61038 20.7873 0
      vertex -6.95288 21.3988 0
    endloop
  endfacet
  facet normal 0 0 -1
    outer loop
      vertex -10.2148 20.0476 0
      vertex -7.94483 15.5926 0
      vertex -9.14372 14.9212 0
    endloop
  endfacet
  facet normal 0 0 -1
    outer loop
      vertex -7.94483 15.5926 0
      vertex -10.2148 20.0476 0
      vertex -8.61038 20.7873 0
    endloop
  endfacet
  facet normal 0 0 -1
    outer loop
      vertex -11.7562 19.1844 0
      vertex -9.14372 14.9212 0
      vertex -10.2862 14.1578 0
    endloop
  endfacet
  facet normal 0 0 -1
    outer loop
      vertex -13.2252 18.2029 0
      vertex -10.2862 14.1578 0
      vertex -11.3653 13.3071 0
    endloop
  endfacet
  facet normal 0 0 -1
    outer loop
      vertex -9.14372 14.9212 0
      vertex -11.7562 19.1844 0
      vertex -10.2148 20.0476 0
    endloop
  endfacet
  facet normal 0 0 -1
    outer loop
      vertex -14.6126 17.1091 0
      vertex -11.3653 13.3071 0
      vertex -12.3744 12.3744 0
    endloop
  endfacet
  facet normal 0 0 -1
    outer loop
      vertex -10.2862 14.1578 0
      vertex -13.2252 18.2029 0
      vertex -11.7562 19.1844 0
    endloop
  endfacet
  facet normal 0 0 -1
    outer loop
      vertex -15.9099 15.9099 0
      vertex -12.3744 12.3744 0
      vertex -13.3071 11.3653 0
    endloop
  endfacet
  facet normal 0 0 -1
    outer loop
      vertex -17.1091 14.6126 0
      vertex -13.3071 11.3653 0
      vertex -14.1578 10.2862 0
    endloop
  endfacet
  facet normal 0 0 -1
    outer loop
      vertex -11.3653 13.3071 0
      vertex -14.6126 17.1091 0
      vertex -13.2252 18.2029 0
    endloop
  endfacet
  facet normal 0 0 -1
    outer loop
      vertex -18.2029 13.2252 0
      vertex -14.1578 10.2862 0
      vertex -14.9212 9.14372 0
    endloop
  endfacet
  facet normal 0 0 -1
    outer loop
      vertex -19.1844 11.7562 0
      vertex -14.9212 9.14372 0
      vertex -15.5926 7.94483 0
    endloop
  endfacet
  facet normal 0 0 -1
    outer loop
      vertex -12.3744 12.3744 0
      vertex -15.9099 15.9099 0
      vertex -14.6126 17.1091 0
    endloop
  endfacet
  facet normal 0 0 -1
    outer loop
      vertex -20.0476 10.2148 0
      vertex -15.5926 7.94483 0
      vertex -16.1679 6.69696 0
    endloop
  endfacet
  facet normal 0 0 -1
    outer loop
      vertex -20.7873 8.61038 0
      vertex -16.1679 6.69696 0
      vertex -16.6435 5.4078 0
    endloop
  endfacet
  facet normal 0 0 -1
    outer loop
      vertex -21.3988 6.95288 0
      vertex -16.6435 5.4078 0
      vertex -17.0165 4.08529 0
    endloop
  endfacet
  facet normal 0 0 -1
    outer loop
      vertex -21.8783 5.25252 0
      vertex -17.0165 4.08529 0
      vertex -17.0334 4 0
    endloop
  endfacet
  facet normal 0 0 -1
    outer loop
      vertex -13.3071 11.3653 0
      vertex -17.1091 14.6126 0
      vertex -15.9099 15.9099 0
    endloop
  endfacet
  facet normal -0 0 -1
    outer loop
      vertex -16.1679 -6.69696 0
      vertex -20.7873 -8.61038 0
      vertex -16.6435 -5.4078 0
    endloop
  endfacet
  facet normal 0 0 -1
    outer loop
      vertex -21.3988 -6.95288 0
      vertex -16.6435 -5.4078 0
      vertex -20.7873 -8.61038 0
    endloop
  endfacet
  facet normal 0 0 -1
    outer loop
      vertex -14.1578 10.2862 0
      vertex -18.2029 13.2252 0
      vertex -17.1091 14.6126 0
    endloop
  endfacet
  facet normal -0 0 -1
    outer loop
      vertex -16.6435 -5.4078 0
      vertex -21.3988 -6.95288 0
      vertex -17.0165 -4.08529 0
    endloop
  endfacet
  facet normal 0 0 -1
    outer loop
      vertex -14.9212 9.14372 0
      vertex -19.1844 11.7562 0
      vertex -18.2029 13.2252 0
    endloop
  endfacet
  facet normal 0 0 -1
    outer loop
      vertex -21.8783 -5.25252 0
      vertex -17.0165 -4.08529 0
      vertex -21.3988 -6.95288 0
    endloop
  endfacet
  facet normal 0 0 -1
    outer loop
      vertex -15.5926 7.94483 0
      vertex -20.0476 10.2148 0
      vertex -19.1844 11.7562 0
    endloop
  endfacet
  facet normal -0 0 -1
    outer loop
      vertex -17.0165 -4.08529 0
      vertex -21.8783 -5.25252 0
      vertex -17.0334 -4 0
    endloop
  endfacet
  facet normal 0 0 -1
    outer loop
      vertex -16.1679 6.69696 0
      vertex -20.7873 8.61038 0
      vertex -20.0476 10.2148 0
    endloop
  endfacet
  facet normal 0 0 -1
    outer loop
      vertex -22.1275 -4 0
      vertex -17.0334 -4 0
      vertex -21.8783 -5.25252 0
    endloop
  endfacet
  facet normal 0 0 -1
    outer loop
      vertex -16.6435 5.4078 0
      vertex -21.3988 6.95288 0
      vertex -20.7873 8.61038 0
    endloop
  endfacet
  facet normal 0 0 -1
    outer loop
      vertex -17.0334 -4 0
      vertex -22.1275 -4 0
      vertex -17.0334 4 0
    endloop
  endfacet
  facet normal 0 0 -1
    outer loop
      vertex -22.1275 4 0
      vertex -17.0334 4 0
      vertex -22.1275 -4 0
    endloop
  endfacet
  facet normal 0 -0 -1
    outer loop
      vertex -21.8783 5.25252 0
      vertex -17.0334 4 0
      vertex -22.1275 4 0
    endloop
  endfacet
  facet normal 0 0 -1
    outer loop
      vertex -17.0165 4.08529 0
      vertex -21.8783 5.25252 0
      vertex -21.3988 6.95288 0
    endloop
  endfacet
  facet normal 0 0 -1
    outer loop
      vertex -35.1119 -4 0
      vertex -22.1275 4 0
      vertex -22.1275 -4 0
    endloop
  endfacet
  facet normal -0 0 -1
    outer loop
      vertex -22.1275 4 0
      vertex -35.1119 -4 0
      vertex -35.1119 4 0
    endloop
  endfacet
  facet normal 0 0 -1
    outer loop
      vertex -5.25252 -21.8783 0
      vertex -4 -17.0334 0
      vertex -4 -22.1275 0
    endloop
  endfacet
  facet normal -0 0 -1
    outer loop
      vertex -4 -17.0334 0
      vertex -5.25252 -21.8783 0
      vertex -4.08529 -17.0165 0
    endloop
  endfacet
  facet normal 0 0 -1
    outer loop
      vertex -5.25252 -21.8783 0
      vertex -5.4078 -16.6435 0
      vertex -4.08529 -17.0165 0
    endloop
  endfacet
  facet normal 0 0 -1
    outer loop
      vertex -6.95288 -21.3988 0
      vertex -5.4078 -16.6435 0
      vertex -5.25252 -21.8783 0
    endloop
  endfacet
  facet normal -0 0 -1
    outer loop
      vertex -5.4078 -16.6435 0
      vertex -6.95288 -21.3988 0
      vertex -6.69696 -16.1679 0
    endloop
  endfacet
  facet normal 0 0 -1
    outer loop
      vertex -8.61038 -20.7873 0
      vertex -6.69696 -16.1679 0
      vertex -6.95288 -21.3988 0
    endloop
  endfacet
  facet normal -0 0 -1
    outer loop
      vertex -6.69696 -16.1679 0
      vertex -8.61038 -20.7873 0
      vertex -7.94483 -15.5926 0
    endloop
  endfacet
  facet normal 0 0 -1
    outer loop
      vertex -10.2148 -20.0476 0
      vertex -7.94483 -15.5926 0
      vertex -8.61038 -20.7873 0
    endloop
  endfacet
  facet normal -0 0 -1
    outer loop
      vertex -7.94483 -15.5926 0
      vertex -10.2148 -20.0476 0
      vertex -9.14372 -14.9212 0
    endloop
  endfacet
  facet normal 0 0 -1
    outer loop
      vertex -11.7562 -19.1844 0
      vertex -9.14372 -14.9212 0
      vertex -10.2148 -20.0476 0
    endloop
  endfacet
  facet normal -0 0 -1
    outer loop
      vertex -9.14372 -14.9212 0
      vertex -11.7562 -19.1844 0
      vertex -10.2862 -14.1578 0
    endloop
  endfacet
  facet normal 0 0 -1
    outer loop
      vertex -13.2252 -18.2029 0
      vertex -10.2862 -14.1578 0
      vertex -11.7562 -19.1844 0
    endloop
  endfacet
  facet normal -0 0 -1
    outer loop
      vertex -10.2862 -14.1578 0
      vertex -13.2252 -18.2029 0
      vertex -11.3653 -13.3071 0
    endloop
  endfacet
  facet normal 0 0 -1
    outer loop
      vertex -14.6126 -17.1091 0
      vertex -11.3653 -13.3071 0
      vertex -13.2252 -18.2029 0
    endloop
  endfacet
  facet normal -0 0 -1
    outer loop
      vertex -11.3653 -13.3071 0
      vertex -14.6126 -17.1091 0
      vertex -12.3744 -12.3744 0
    endloop
  endfacet
  facet normal 0 0 -1
    outer loop
      vertex -15.9099 -15.9099 0
      vertex -12.3744 -12.3744 0
      vertex -14.6126 -17.1091 0
    endloop
  endfacet
  facet normal -0 0 -1
    outer loop
      vertex -12.3744 -12.3744 0
      vertex -15.9099 -15.9099 0
      vertex -13.3071 -11.3653 0
    endloop
  endfacet
  facet normal 0 0 -1
    outer loop
      vertex -17.1091 -14.6126 0
      vertex -13.3071 -11.3653 0
      vertex -15.9099 -15.9099 0
    endloop
  endfacet
  facet normal -0 0 -1
    outer loop
      vertex -13.3071 -11.3653 0
      vertex -17.1091 -14.6126 0
      vertex -14.1578 -10.2862 0
    endloop
  endfacet
  facet normal 0 0 -1
    outer loop
      vertex -18.2029 -13.2252 0
      vertex -14.1578 -10.2862 0
      vertex -17.1091 -14.6126 0
    endloop
  endfacet
  facet normal -0 0 -1
    outer loop
      vertex -14.1578 -10.2862 0
      vertex -18.2029 -13.2252 0
      vertex -14.9212 -9.14372 0
    endloop
  endfacet
  facet normal 0 0 -1
    outer loop
      vertex -19.1844 -11.7562 0
      vertex -14.9212 -9.14372 0
      vertex -18.2029 -13.2252 0
    endloop
  endfacet
  facet normal -0 0 -1
    outer loop
      vertex -14.9212 -9.14372 0
      vertex -19.1844 -11.7562 0
      vertex -15.5926 -7.94483 0
    endloop
  endfacet
  facet normal 0 0 -1
    outer loop
      vertex -20.0476 -10.2148 0
      vertex -15.5926 -7.94483 0
      vertex -19.1844 -11.7562 0
    endloop
  endfacet
  facet normal 0 0 -1
    outer loop
      vertex -20.7873 -8.61038 0
      vertex -16.1679 -6.69696 0
      vertex -20.0476 -10.2148 0
    endloop
  endfacet
  facet normal -0 0 -1
    outer loop
      vertex -15.5926 -7.94483 0
      vertex -20.0476 -10.2148 0
      vertex -16.1679 -6.69696 0
    endloop
  endfacet
  facet normal 0 0 -1
    outer loop
      vertex -5.0572 -40.0318 0
      vertex -4 -35.1119 0
      vertex -4 -40.1318 0
    endloop
  endfacet
  facet normal -0 0 -1
    outer loop
      vertex -4 -35.1119 0
      vertex -5.0572 -40.0318 0
      vertex -4.43053 -35.0713 0
    endloop
  endfacet
  facet normal 0 0 -1
    outer loop
      vertex -5.0572 -40.0318 0
      vertex -6.62393 -34.7239 0
      vertex -4.43053 -35.0713 0
    endloop
  endfacet
  facet normal 0 0 -1
    outer loop
      vertex -7.56084 -39.6353 0
      vertex -6.62393 -34.7239 0
      vertex -5.0572 -40.0318 0
    endloop
  endfacet
  facet normal 0 0 -1
    outer loop
      vertex -7.56084 -39.6353 0
      vertex -8.79119 -34.2394 0
      vertex -6.62393 -34.7239 0
    endloop
  endfacet
  facet normal 0 0 -1
    outer loop
      vertex -10.0346 -39.0823 0
      vertex -8.79119 -34.2394 0
      vertex -7.56084 -39.6353 0
    endloop
  endfacet
  facet normal 0 0 -1
    outer loop
      vertex -10.0346 -39.0823 0
      vertex -10.9237 -33.6198 0
      vertex -8.79119 -34.2394 0
    endloop
  endfacet
  facet normal 0 0 -1
    outer loop
      vertex -12.4688 -38.3751 0
      vertex -10.9237 -33.6198 0
      vertex -10.0346 -39.0823 0
    endloop
  endfacet
  facet normal 0 0 -1
    outer loop
      vertex -12.4688 -38.3751 0
      vertex -13.0132 -32.8676 0
      vertex -10.9237 -33.6198 0
    endloop
  endfacet
  facet normal 0 0 -1
    outer loop
      vertex -14.8538 -37.5165 0
      vertex -13.0132 -32.8676 0
      vertex -12.4688 -38.3751 0
    endloop
  endfacet
  facet normal 0 0 -1
    outer loop
      vertex -14.8538 -37.5165 0
      vertex -15.0513 -31.9856 0
      vertex -13.0132 -32.8676 0
    endloop
  endfacet
  facet normal 0 0 -1
    outer loop
      vertex -17.1802 -36.5098 0
      vertex -15.0513 -31.9856 0
      vertex -14.8538 -37.5165 0
    endloop
  endfacet
  facet normal -0 0 -1
    outer loop
      vertex -15.0513 -31.9856 0
      vertex -17.1802 -36.5098 0
      vertex -17.03 -30.9774 0
    endloop
  endfacet
  facet normal 0 0 -1
    outer loop
      vertex -19.4388 -35.359 0
      vertex -17.03 -30.9774 0
      vertex -17.1802 -36.5098 0
    endloop
  endfacet
  facet normal -0 0 -1
    outer loop
      vertex -17.03 -30.9774 0
      vertex -19.4388 -35.359 0
      vertex -18.9415 -29.847 0
    endloop
  endfacet
  facet normal 0 0 -1
    outer loop
      vertex -21.6206 -34.0686 0
      vertex -18.9415 -29.847 0
      vertex -19.4388 -35.359 0
    endloop
  endfacet
  facet normal -0 0 -1
    outer loop
      vertex -18.9415 -29.847 0
      vertex -21.6206 -34.0686 0
      vertex -20.7782 -28.5988 0
    endloop
  endfacet
  facet normal 0 0 -1
    outer loop
      vertex -23.7171 -32.6438 0
      vertex -20.7782 -28.5988 0
      vertex -21.6206 -34.0686 0
    endloop
  endfacet
  facet normal -0 0 -1
    outer loop
      vertex -20.7782 -28.5988 0
      vertex -23.7171 -32.6438 0
      vertex -22.5329 -27.2376 0
    endloop
  endfacet
  facet normal 0 0 -1
    outer loop
      vertex -25.7201 -31.0902 0
      vertex -22.5329 -27.2376 0
      vertex -23.7171 -32.6438 0
    endloop
  endfacet
  facet normal -0 0 -1
    outer loop
      vertex -22.5329 -27.2376 0
      vertex -25.7201 -31.0902 0
      vertex -24.1987 -25.769 0
    endloop
  endfacet
  facet normal 0 0 -1
    outer loop
      vertex -27.6215 -29.4139 0
      vertex -24.1987 -25.769 0
      vertex -25.7201 -31.0902 0
    endloop
  endfacet
  facet normal -0 0 -1
    outer loop
      vertex -24.1987 -25.769 0
      vertex -27.6215 -29.4139 0
      vertex -25.769 -24.1987 0
    endloop
  endfacet
  facet normal 0 0 -1
    outer loop
      vertex -29.4139 -27.6215 0
      vertex -25.769 -24.1987 0
      vertex -27.6215 -29.4139 0
    endloop
  endfacet
  facet normal -0 0 -1
    outer loop
      vertex -25.769 -24.1987 0
      vertex -29.4139 -27.6215 0
      vertex -27.2376 -22.5329 0
    endloop
  endfacet
  facet normal 0 0 -1
    outer loop
      vertex -31.0902 -25.7201 0
      vertex -27.2376 -22.5329 0
      vertex -29.4139 -27.6215 0
    endloop
  endfacet
  facet normal -0 0 -1
    outer loop
      vertex -27.2376 -22.5329 0
      vertex -31.0902 -25.7201 0
      vertex -28.5988 -20.7782 0
    endloop
  endfacet
  facet normal 0 0 -1
    outer loop
      vertex -32.6438 -23.7171 0
      vertex -28.5988 -20.7782 0
      vertex -31.0902 -25.7201 0
    endloop
  endfacet
  facet normal -0 0 -1
    outer loop
      vertex -28.5988 -20.7782 0
      vertex -32.6438 -23.7171 0
      vertex -29.847 -18.9415 0
    endloop
  endfacet
  facet normal 0 0 -1
    outer loop
      vertex -34.0686 -21.6206 0
      vertex -29.847 -18.9415 0
      vertex -32.6438 -23.7171 0
    endloop
  endfacet
  facet normal -0 0 -1
    outer loop
      vertex -29.847 -18.9415 0
      vertex -34.0686 -21.6206 0
      vertex -30.9774 -17.03 0
    endloop
  endfacet
  facet normal 0 0 -1
    outer loop
      vertex -35.359 -19.4388 0
      vertex -30.9774 -17.03 0
      vertex -34.0686 -21.6206 0
    endloop
  endfacet
  facet normal -0 0 -1
    outer loop
      vertex -30.9774 -17.03 0
      vertex -35.359 -19.4388 0
      vertex -31.9856 -15.0513 0
    endloop
  endfacet
  facet normal 0 0 -1
    outer loop
      vertex -36.5098 -17.1802 0
      vertex -31.9856 -15.0513 0
      vertex -35.359 -19.4388 0
    endloop
  endfacet
  facet normal -0 0 -1
    outer loop
      vertex -31.9856 -15.0513 0
      vertex -36.5098 -17.1802 0
      vertex -32.8676 -13.0132 0
    endloop
  endfacet
  facet normal 0 0 -1
    outer loop
      vertex -37.5165 -14.8538 0
      vertex -32.8676 -13.0132 0
      vertex -36.5098 -17.1802 0
    endloop
  endfacet
  facet normal -0 0 -1
    outer loop
      vertex -32.8676 -13.0132 0
      vertex -37.5165 -14.8538 0
      vertex -33.6198 -10.9237 0
    endloop
  endfacet
  facet normal 0 0 -1
    outer loop
      vertex -38.3751 -12.4688 0
      vertex -33.6198 -10.9237 0
      vertex -37.5165 -14.8538 0
    endloop
  endfacet
  facet normal 0 0 -1
    outer loop
      vertex -39.0823 -10.0346 0
      vertex -34.2394 -8.79119 0
      vertex -38.3751 -12.4688 0
    endloop
  endfacet
  facet normal -0 0 -1
    outer loop
      vertex -33.6198 -10.9237 0
      vertex -38.3751 -12.4688 0
      vertex -34.2394 -8.79119 0
    endloop
  endfacet
  facet normal 0 0 -1
    outer loop
      vertex -4 -40.1318 0
      vertex 4 -40.1318 0
      vertex 4 -40.35 0
    endloop
  endfacet
  facet normal 0 0 -1
    outer loop
      vertex 4 -40.1318 0
      vertex -4 -40.1318 0
      vertex 4 -35.1119 0
    endloop
  endfacet
  facet normal 0 0 -1
    outer loop
      vertex 4 -35.1119 0
      vertex -4 -35.1119 0
      vertex 4 -22.1275 0
    endloop
  endfacet
  facet normal 0 0 -1
    outer loop
      vertex -4 -22.1275 0
      vertex 4 -22.1275 0
      vertex -4 -35.1119 0
    endloop
  endfacet
  facet normal 0 0 -1
    outer loop
      vertex -4 -17.0334 0
      vertex 4 -17.0334 0
      vertex -4 -22.1275 0
    endloop
  endfacet
  facet normal 0 0 -1
    outer loop
      vertex 4 -4 0
      vertex 3.95075 -0.625737 0
      vertex 4 0 0
    endloop
  endfacet
  facet normal 0 0 -1
    outer loop
      vertex 4 -4 0
      vertex 3.80423 -1.23607 0
      vertex 3.95075 -0.625737 0
    endloop
  endfacet
  facet normal 0 0 -1
    outer loop
      vertex 4 -4 0
      vertex 3.56403 -1.81596 0
      vertex 3.80423 -1.23607 0
    endloop
  endfacet
  facet normal 0 0 -1
    outer loop
      vertex 4 -4 0
      vertex 3.23607 -2.35114 0
      vertex 3.56403 -1.81596 0
    endloop
  endfacet
  facet normal 0 0 -1
    outer loop
      vertex 4 -4 0
      vertex 2.82843 -2.82843 0
      vertex 3.23607 -2.35114 0
    endloop
  endfacet
  facet normal 0 -0 -1
    outer loop
      vertex 0 -4 0
      vertex 4 -17.0334 0
      vertex -4 -17.0334 0
    endloop
  endfacet
  facet normal 0 0 -1
    outer loop
      vertex 4 -17.0334 0
      vertex 0.625737 -3.95075 0
      vertex 4 -4 0
    endloop
  endfacet
  facet normal 0 0 -1
    outer loop
      vertex 4 -4 0
      vertex 2.35114 -3.23607 0
      vertex 2.82843 -2.82843 0
    endloop
  endfacet
  facet normal 0 0 -1
    outer loop
      vertex 4 -4 0
      vertex 1.81596 -3.56403 0
      vertex 2.35114 -3.23607 0
    endloop
  endfacet
  facet normal 0 0 -1
    outer loop
      vertex 4 -4 0
      vertex 1.23607 -3.80423 0
      vertex 1.81596 -3.56403 0
    endloop
  endfacet
  facet normal 0 0 -1
    outer loop
      vertex 4 -17.0334 0
      vertex 0 -4 0
      vertex 0.625737 -3.95075 0
    endloop
  endfacet
  facet normal -0 0 -1
    outer loop
      vertex 0 -4 0
      vertex -4 -17.0334 0
      vertex -0.625737 -3.95075 0
    endloop
  endfacet
  facet normal 0 0 -1
    outer loop
      vertex -4 -4 0
      vertex -0.625737 -3.95075 0
      vertex -4 -17.0334 0
    endloop
  endfacet
  facet normal -0 0 -1
    outer loop
      vertex -0.625737 -3.95075 0
      vertex -4 -4 0
      vertex -1.23607 -3.80423 0
    endloop
  endfacet
  facet normal -0 0 -1
    outer loop
      vertex -1.23607 -3.80423 0
      vertex -4 -4 0
      vertex -1.81596 -3.56403 0
    endloop
  endfacet
  facet normal -0 0 -1
    outer loop
      vertex -1.81596 -3.56403 0
      vertex -4 -4 0
      vertex -2.35114 -3.23607 0
    endloop
  endfacet
  facet normal -0 0 -1
    outer loop
      vertex -2.35114 -3.23607 0
      vertex -4 -4 0
      vertex -2.82843 -2.82843 0
    endloop
  endfacet
  facet normal -0 0 -1
    outer loop
      vertex -2.82843 -2.82843 0
      vertex -4 -4 0
      vertex -3.23607 -2.35114 0
    endloop
  endfacet
  facet normal -0 0 -1
    outer loop
      vertex -3.56403 -1.81596 0
      vertex -4 -4 0
      vertex -3.80423 -1.23607 0
    endloop
  endfacet
  facet normal 0 0 -1
    outer loop
      vertex -4 -40.1318 0
      vertex 4 -40.35 0
      vertex -4 -40.35 0
    endloop
  endfacet
  facet normal -0 0 -1
    outer loop
      vertex 4 -35.1119 0
      vertex -4 -40.1318 0
      vertex -4 -35.1119 0
    endloop
  endfacet
  facet normal 0 0 -1
    outer loop
      vertex 4 -22.1275 0
      vertex -4 -22.1275 0
      vertex 4 -17.0334 0
    endloop
  endfacet
  facet normal 0 0 -1
    outer loop
      vertex 4 -4 0
      vertex 0.625737 -3.95075 0
      vertex 1.23607 -3.80423 0
    endloop
  endfacet
  facet normal -0 0 -1
    outer loop
      vertex -3.23607 -2.35114 0
      vertex -4 -4 0
      vertex -3.56403 -1.81596 0
    endloop
  endfacet
  facet normal -0 0 -1
    outer loop
      vertex -3.80423 -1.23607 0
      vertex -4 -4 0
      vertex -3.95075 -0.625737 0
    endloop
  endfacet
  facet normal 0 0 -1
    outer loop
      vertex -17.0334 -4 0
      vertex -3.95075 -0.625737 0
      vertex -4 -4 0
    endloop
  endfacet
  facet normal -0 0 -1
    outer loop
      vertex -3.95075 -0.625737 0
      vertex -17.0334 -4 0
      vertex -4 0 0
    endloop
  endfacet
  facet normal 0 0 -1
    outer loop
      vertex -17.0334 4 0
      vertex -4 0 0
      vertex -17.0334 -4 0
    endloop
  endfacet
  facet normal 0 0 -1
    outer loop
      vertex -4 0 0
      vertex -17.0334 4 0
      vertex -4 4 0
    endloop
  endfacet
  facet normal 0 0 -1
    outer loop
      vertex 4 0 0
      vertex 17.0334 -4 0
      vertex 4 -4 0
    endloop
  endfacet
  facet normal 0 0 -1
    outer loop
      vertex 17.0334 -4 0
      vertex 4 0 0
      vertex 17.0334 4 0
    endloop
  endfacet
  facet normal 0 0 -1
    outer loop
      vertex 3.95075 0.625737 0
      vertex 17.0334 4 0
      vertex 4 0 0
    endloop
  endfacet
  facet normal -0 0 -1
    outer loop
      vertex 17.0334 4 0
      vertex 3.95075 0.625737 0
      vertex 4 4 0
    endloop
  endfacet
  facet normal 0 0 -1
    outer loop
      vertex 3.80423 1.23607 0
      vertex 4 4 0
      vertex 3.95075 0.625737 0
    endloop
  endfacet
  facet normal 0 0 -1
    outer loop
      vertex 3.56403 1.81596 0
      vertex 4 4 0
      vertex 3.80423 1.23607 0
    endloop
  endfacet
  facet normal 0 0 -1
    outer loop
      vertex 3.23607 2.35114 0
      vertex 4 4 0
      vertex 3.56403 1.81596 0
    endloop
  endfacet
  facet normal 0 0 -1
    outer loop
      vertex 2.82843 2.82843 0
      vertex 4 4 0
      vertex 3.23607 2.35114 0
    endloop
  endfacet
  facet normal 0 0 -1
    outer loop
      vertex 2.35114 3.23607 0
      vertex 4 4 0
      vertex 2.82843 2.82843 0
    endloop
  endfacet
  facet normal 0 0 -1
    outer loop
      vertex 1.81596 3.56403 0
      vertex 4 4 0
      vertex 2.35114 3.23607 0
    endloop
  endfacet
  facet normal 0 0 -1
    outer loop
      vertex 1.23607 3.80423 0
      vertex 4 4 0
      vertex 1.81596 3.56403 0
    endloop
  endfacet
  facet normal 0 0 -1
    outer loop
      vertex -4 22.1275 0
      vertex 4 22.1275 0
      vertex -4 17.0334 0
    endloop
  endfacet
  facet normal 0 0 -1
    outer loop
      vertex -4 35.1119 0
      vertex 4 35.1119 0
      vertex -4 22.1275 0
    endloop
  endfacet
  facet normal 0 0 -1
    outer loop
      vertex 0.625737 3.95075 0
      vertex 4 4 0
      vertex 1.23607 3.80423 0
    endloop
  endfacet
  facet normal -0 0 -1
    outer loop
      vertex 4 4 0
      vertex 0.625737 3.95075 0
      vertex 4 17.0334 0
    endloop
  endfacet
  facet normal 0 0 -1
    outer loop
      vertex 4 17.0334 0
      vertex -4 17.0334 0
      vertex 4 22.1275 0
    endloop
  endfacet
  facet normal 0 0 -1
    outer loop
      vertex 0 4 0
      vertex 4 17.0334 0
      vertex 0.625737 3.95075 0
    endloop
  endfacet
  facet normal -0 0 -1
    outer loop
      vertex 4 17.0334 0
      vertex 0 4 0
      vertex -4 17.0334 0
    endloop
  endfacet
  facet normal 0 0 -1
    outer loop
      vertex -4 17.0334 0
      vertex 0 4 0
      vertex -0.625737 3.95075 0
    endloop
  endfacet
  facet normal 0 0 -1
    outer loop
      vertex -4 4 0
      vertex -0.625737 3.95075 0
      vertex -1.23607 3.80423 0
    endloop
  endfacet
  facet normal 0 0 -1
    outer loop
      vertex -4 4 0
      vertex -1.23607 3.80423 0
      vertex -1.81596 3.56403 0
    endloop
  endfacet
  facet normal 0 0 -1
    outer loop
      vertex -4 4 0
      vertex -1.81596 3.56403 0
      vertex -2.35114 3.23607 0
    endloop
  endfacet
  facet normal 0 0 -1
    outer loop
      vertex -4 4 0
      vertex -2.35114 3.23607 0
      vertex -2.82843 2.82843 0
    endloop
  endfacet
  facet normal 0 0 -1
    outer loop
      vertex -4 4 0
      vertex -2.82843 2.82843 0
      vertex -3.23607 2.35114 0
    endloop
  endfacet
  facet normal 0 0 -1
    outer loop
      vertex -4 4 0
      vertex -3.23607 2.35114 0
      vertex -3.56403 1.81596 0
    endloop
  endfacet
  facet normal 0 0 -1
    outer loop
      vertex -4 4 0
      vertex -3.56403 1.81596 0
      vertex -3.80423 1.23607 0
    endloop
  endfacet
  facet normal 0 0 -1
    outer loop
      vertex -4 4 0
      vertex -3.80423 1.23607 0
      vertex -3.95075 0.625737 0
    endloop
  endfacet
  facet normal 0 0 -1
    outer loop
      vertex -4 4 0
      vertex -3.95075 0.625737 0
      vertex -4 0 0
    endloop
  endfacet
  facet normal 0 0 -1
    outer loop
      vertex -0.625737 3.95075 0
      vertex -4 4 0
      vertex -4 17.0334 0
    endloop
  endfacet
  facet normal 0 0 -1
    outer loop
      vertex 4 22.1275 0
      vertex -4 22.1275 0
      vertex 4 35.1119 0
    endloop
  endfacet
  facet normal 0 0 -1
    outer loop
      vertex 4 35.1119 0
      vertex -4 35.1119 0
      vertex 4 40.1318 0
    endloop
  endfacet
  facet normal 0 0 -1
    outer loop
      vertex -4 40.1318 0
      vertex 4 40.1318 0
      vertex -4 35.1119 0
    endloop
  endfacet
  facet normal 0 0 -1
    outer loop
      vertex 4 40.1318 0
      vertex -4 40.1318 0
      vertex 4 40.35 0
    endloop
  endfacet
  facet normal -0 0 -1
    outer loop
      vertex 4 40.35 0
      vertex -4 40.1318 0
      vertex -4 40.35 0
    endloop
  endfacet
  facet normal 0 0 -1
    outer loop
      vertex 22.1275 -4 0
      vertex 35.1119 4 0
      vertex 35.1119 -4 0
    endloop
  endfacet
  facet normal 0 0 -1
    outer loop
      vertex 22.1275 -4 0
      vertex 22.1275 4 0
      vertex 35.1119 4 0
    endloop
  endfacet
  facet normal 0 0 -1
    outer loop
      vertex 17.0334 -4 0
      vertex 22.1275 -4 0
      vertex 21.8783 -5.25252 0
    endloop
  endfacet
  facet normal 0 0 -1
    outer loop
      vertex 22.1275 -4 0
      vertex 17.0334 -4 0
      vertex 22.1275 4 0
    endloop
  endfacet
  facet normal 0 0 -1
    outer loop
      vertex 17.0165 -4.08529 0
      vertex 21.8783 -5.25252 0
      vertex 21.3988 -6.95288 0
    endloop
  endfacet
  facet normal 0 0 -1
    outer loop
      vertex 17.0334 4 0
      vertex 22.1275 4 0
      vertex 17.0334 -4 0
    endloop
  endfacet
  facet normal 0 0 -1
    outer loop
      vertex 16.6435 -5.4078 0
      vertex 21.3988 -6.95288 0
      vertex 20.7873 -8.61038 0
    endloop
  endfacet
  facet normal 0 0 -1
    outer loop
      vertex 22.1275 4 0
      vertex 17.0334 4 0
      vertex 21.8783 5.25252 0
    endloop
  endfacet
  facet normal 0 0 -1
    outer loop
      vertex 16.1679 -6.69696 0
      vertex 20.7873 -8.61038 0
      vertex 20.0476 -10.2148 0
    endloop
  endfacet
  facet normal 0 0 -1
    outer loop
      vertex 17.0165 4.08529 0
      vertex 21.8783 5.25252 0
      vertex 17.0334 4 0
    endloop
  endfacet
  facet normal 0 0 -1
    outer loop
      vertex 15.5926 -7.94483 0
      vertex 20.0476 -10.2148 0
      vertex 19.1844 -11.7562 0
    endloop
  endfacet
  facet normal -0 0 -1
    outer loop
      vertex 21.8783 5.25252 0
      vertex 17.0165 4.08529 0
      vertex 21.3988 6.95288 0
    endloop
  endfacet
  facet normal 0 0 -1
    outer loop
      vertex 14.9212 -9.14372 0
      vertex 19.1844 -11.7562 0
      vertex 18.2029 -13.2252 0
    endloop
  endfacet
  facet normal 0 0 -1
    outer loop
      vertex 16.6435 5.4078 0
      vertex 21.3988 6.95288 0
      vertex 17.0165 4.08529 0
    endloop
  endfacet
  facet normal 0 0 -1
    outer loop
      vertex 14.1578 -10.2862 0
      vertex 18.2029 -13.2252 0
      vertex 17.1091 -14.6126 0
    endloop
  endfacet
  facet normal -0 0 -1
    outer loop
      vertex 21.3988 6.95288 0
      vertex 16.6435 5.4078 0
      vertex 20.7873 8.61038 0
    endloop
  endfacet
  facet normal 0 0 -1
    outer loop
      vertex 16.1679 6.69696 0
      vertex 20.7873 8.61038 0
      vertex 16.6435 5.4078 0
    endloop
  endfacet
  facet normal 0 0 -1
    outer loop
      vertex 21.8783 -5.25252 0
      vertex 17.0165 -4.08529 0
      vertex 17.0334 -4 0
    endloop
  endfacet
  facet normal 0 0 -1
    outer loop
      vertex 21.3988 -6.95288 0
      vertex 16.6435 -5.4078 0
      vertex 17.0165 -4.08529 0
    endloop
  endfacet
  facet normal 0 0 -1
    outer loop
      vertex 20.7873 -8.61038 0
      vertex 16.1679 -6.69696 0
      vertex 16.6435 -5.4078 0
    endloop
  endfacet
  facet normal 0 0 -1
    outer loop
      vertex 13.3071 -11.3653 0
      vertex 17.1091 -14.6126 0
      vertex 15.9099 -15.9099 0
    endloop
  endfacet
  facet normal 0 0 -1
    outer loop
      vertex 20.0476 -10.2148 0
      vertex 15.5926 -7.94483 0
      vertex 16.1679 -6.69696 0
    endloop
  endfacet
  facet normal 0 0 -1
    outer loop
      vertex 19.1844 -11.7562 0
      vertex 14.9212 -9.14372 0
      vertex 15.5926 -7.94483 0
    endloop
  endfacet
  facet normal 0 0 -1
    outer loop
      vertex 12.3744 -12.3744 0
      vertex 15.9099 -15.9099 0
      vertex 14.6126 -17.1091 0
    endloop
  endfacet
  facet normal 0 0 -1
    outer loop
      vertex 18.2029 -13.2252 0
      vertex 14.1578 -10.2862 0
      vertex 14.9212 -9.14372 0
    endloop
  endfacet
  facet normal 0 0 -1
    outer loop
      vertex 17.1091 -14.6126 0
      vertex 13.3071 -11.3653 0
      vertex 14.1578 -10.2862 0
    endloop
  endfacet
  facet normal 0 0 -1
    outer loop
      vertex 11.3653 -13.3071 0
      vertex 14.6126 -17.1091 0
      vertex 13.2252 -18.2029 0
    endloop
  endfacet
  facet normal 0 0 -1
    outer loop
      vertex 15.9099 -15.9099 0
      vertex 12.3744 -12.3744 0
      vertex 13.3071 -11.3653 0
    endloop
  endfacet
  facet normal 0 0 -1
    outer loop
      vertex 10.2862 -14.1578 0
      vertex 13.2252 -18.2029 0
      vertex 11.7562 -19.1844 0
    endloop
  endfacet
  facet normal 0 0 -1
    outer loop
      vertex 14.6126 -17.1091 0
      vertex 11.3653 -13.3071 0
      vertex 12.3744 -12.3744 0
    endloop
  endfacet
  facet normal 0 0 -1
    outer loop
      vertex 13.2252 -18.2029 0
      vertex 10.2862 -14.1578 0
      vertex 11.3653 -13.3071 0
    endloop
  endfacet
  facet normal 0 0 -1
    outer loop
      vertex 9.14372 -14.9212 0
      vertex 11.7562 -19.1844 0
      vertex 10.2148 -20.0476 0
    endloop
  endfacet
  facet normal 0 0 -1
    outer loop
      vertex 11.7562 -19.1844 0
      vertex 9.14372 -14.9212 0
      vertex 10.2862 -14.1578 0
    endloop
  endfacet
  facet normal 0 0 -1
    outer loop
      vertex 7.94483 -15.5926 0
      vertex 10.2148 -20.0476 0
      vertex 8.61038 -20.7873 0
    endloop
  endfacet
  facet normal 0 0 -1
    outer loop
      vertex 10.2148 -20.0476 0
      vertex 7.94483 -15.5926 0
      vertex 9.14372 -14.9212 0
    endloop
  endfacet
  facet normal 0 0 -1
    outer loop
      vertex 6.69696 -16.1679 0
      vertex 8.61038 -20.7873 0
      vertex 6.95288 -21.3988 0
    endloop
  endfacet
  facet normal 0 0 -1
    outer loop
      vertex 8.61038 -20.7873 0
      vertex 6.69696 -16.1679 0
      vertex 7.94483 -15.5926 0
    endloop
  endfacet
  facet normal 0 0 -1
    outer loop
      vertex 6.95288 -21.3988 0
      vertex 5.4078 -16.6435 0
      vertex 6.69696 -16.1679 0
    endloop
  endfacet
  facet normal 0 0 -1
    outer loop
      vertex 5.25252 -21.8783 0
      vertex 5.4078 -16.6435 0
      vertex 6.95288 -21.3988 0
    endloop
  endfacet
  facet normal 0 0 -1
    outer loop
      vertex 5.25252 -21.8783 0
      vertex 4.08529 -17.0165 0
      vertex 5.4078 -16.6435 0
    endloop
  endfacet
  facet normal 0 0 -1
    outer loop
      vertex 4 -17.0334 0
      vertex 5.25252 -21.8783 0
      vertex 4 -22.1275 0
    endloop
  endfacet
  facet normal 0 0 -1
    outer loop
      vertex 5.25252 -21.8783 0
      vertex 4 -17.0334 0
      vertex 4.08529 -17.0165 0
    endloop
  endfacet
  facet normal 0 0 -1
    outer loop
      vertex 40.1318 -4 0
      vertex 40.35 4 0
      vertex 40.35 -4 0
    endloop
  endfacet
  facet normal 0 0 -1
    outer loop
      vertex 40.1318 -4 0
      vertex 40.1318 4 0
      vertex 40.35 4 0
    endloop
  endfacet
  facet normal 0 0 -1
    outer loop
      vertex 35.1119 -4 0
      vertex 40.1318 -4 0
      vertex 40.0318 -5.0572 0
    endloop
  endfacet
  facet normal 0 0 -1
    outer loop
      vertex 40.1318 -4 0
      vertex 35.1119 -4 0
      vertex 40.1318 4 0
    endloop
  endfacet
  facet normal 0 0 -1
    outer loop
      vertex 35.0713 -4.43053 0
      vertex 40.0318 -5.0572 0
      vertex 39.6353 -7.56084 0
    endloop
  endfacet
  facet normal 0 0 -1
    outer loop
      vertex 35.1119 4 0
      vertex 40.1318 4 0
      vertex 35.1119 -4 0
    endloop
  endfacet
  facet normal 0 0 -1
    outer loop
      vertex 34.7239 -6.62393 0
      vertex 39.6353 -7.56084 0
      vertex 39.0823 -10.0346 0
    endloop
  endfacet
  facet normal 0 0 -1
    outer loop
      vertex 40.1318 4 0
      vertex 35.1119 4 0
      vertex 40.0318 5.0572 0
    endloop
  endfacet
  facet normal 0 0 -1
    outer loop
      vertex 34.2394 -8.79119 0
      vertex 39.0823 -10.0346 0
      vertex 38.3751 -12.4688 0
    endloop
  endfacet
  facet normal 0 0 -1
    outer loop
      vertex 35.0713 4.43053 0
      vertex 40.0318 5.0572 0
      vertex 35.1119 4 0
    endloop
  endfacet
  facet normal 0 0 -1
    outer loop
      vertex 33.6198 -10.9237 0
      vertex 38.3751 -12.4688 0
      vertex 37.5165 -14.8538 0
    endloop
  endfacet
  facet normal -0 0 -1
    outer loop
      vertex 40.0318 5.0572 0
      vertex 35.0713 4.43053 0
      vertex 39.6353 7.56084 0
    endloop
  endfacet
  facet normal 0 0 -1
    outer loop
      vertex 32.8676 -13.0132 0
      vertex 37.5165 -14.8538 0
      vertex 36.5098 -17.1802 0
    endloop
  endfacet
  facet normal 0 0 -1
    outer loop
      vertex 34.7239 6.62393 0
      vertex 39.6353 7.56084 0
      vertex 35.0713 4.43053 0
    endloop
  endfacet
  facet normal 0 0 -1
    outer loop
      vertex 31.9856 -15.0513 0
      vertex 36.5098 -17.1802 0
      vertex 35.359 -19.4388 0
    endloop
  endfacet
  facet normal -0 0 -1
    outer loop
      vertex 39.6353 7.56084 0
      vertex 34.7239 6.62393 0
      vertex 39.0823 10.0346 0
    endloop
  endfacet
  facet normal 0 0 -1
    outer loop
      vertex 34.2394 8.79119 0
      vertex 39.0823 10.0346 0
      vertex 34.7239 6.62393 0
    endloop
  endfacet
  facet normal 0 0 -1
    outer loop
      vertex 40.0318 -5.0572 0
      vertex 35.0713 -4.43053 0
      vertex 35.1119 -4 0
    endloop
  endfacet
  facet normal 0 0 -1
    outer loop
      vertex 39.6353 -7.56084 0
      vertex 34.7239 -6.62393 0
      vertex 35.0713 -4.43053 0
    endloop
  endfacet
  facet normal 0 0 -1
    outer loop
      vertex 39.0823 -10.0346 0
      vertex 34.2394 -8.79119 0
      vertex 34.7239 -6.62393 0
    endloop
  endfacet
  facet normal 0 0 -1
    outer loop
      vertex 30.9774 -17.03 0
      vertex 35.359 -19.4388 0
      vertex 34.0686 -21.6206 0
    endloop
  endfacet
  facet normal 0 0 -1
    outer loop
      vertex 38.3751 -12.4688 0
      vertex 33.6198 -10.9237 0
      vertex 34.2394 -8.79119 0
    endloop
  endfacet
  facet normal 0 0 -1
    outer loop
      vertex 37.5165 -14.8538 0
      vertex 32.8676 -13.0132 0
      vertex 33.6198 -10.9237 0
    endloop
  endfacet
  facet normal 0 0 -1
    outer loop
      vertex 29.847 -18.9415 0
      vertex 34.0686 -21.6206 0
      vertex 32.6438 -23.7171 0
    endloop
  endfacet
  facet normal 0 0 -1
    outer loop
      vertex 36.5098 -17.1802 0
      vertex 31.9856 -15.0513 0
      vertex 32.8676 -13.0132 0
    endloop
  endfacet
  facet normal 0 0 -1
    outer loop
      vertex 28.5988 -20.7782 0
      vertex 32.6438 -23.7171 0
      vertex 31.0902 -25.7201 0
    endloop
  endfacet
  facet normal 0 0 -1
    outer loop
      vertex 35.359 -19.4388 0
      vertex 30.9774 -17.03 0
      vertex 31.9856 -15.0513 0
    endloop
  endfacet
  facet normal 0 0 -1
    outer loop
      vertex 34.0686 -21.6206 0
      vertex 29.847 -18.9415 0
      vertex 30.9774 -17.03 0
    endloop
  endfacet
  facet normal 0 0 -1
    outer loop
      vertex 27.2376 -22.5329 0
      vertex 31.0902 -25.7201 0
      vertex 29.4139 -27.6215 0
    endloop
  endfacet
  facet normal 0 0 -1
    outer loop
      vertex 32.6438 -23.7171 0
      vertex 28.5988 -20.7782 0
      vertex 29.847 -18.9415 0
    endloop
  endfacet
  facet normal 0 0 -1
    outer loop
      vertex 25.769 -24.1987 0
      vertex 29.4139 -27.6215 0
      vertex 27.6215 -29.4139 0
    endloop
  endfacet
  facet normal 0 0 -1
    outer loop
      vertex 31.0902 -25.7201 0
      vertex 27.2376 -22.5329 0
      vertex 28.5988 -20.7782 0
    endloop
  endfacet
  facet normal 0 0 -1
    outer loop
      vertex 29.4139 -27.6215 0
      vertex 25.769 -24.1987 0
      vertex 27.2376 -22.5329 0
    endloop
  endfacet
  facet normal 0 0 -1
    outer loop
      vertex 24.1987 -25.769 0
      vertex 27.6215 -29.4139 0
      vertex 25.7201 -31.0902 0
    endloop
  endfacet
  facet normal 0 0 -1
    outer loop
      vertex 27.6215 -29.4139 0
      vertex 24.1987 -25.769 0
      vertex 25.769 -24.1987 0
    endloop
  endfacet
  facet normal 0 0 -1
    outer loop
      vertex 22.5329 -27.2376 0
      vertex 25.7201 -31.0902 0
      vertex 23.7171 -32.6438 0
    endloop
  endfacet
  facet normal 0 0 -1
    outer loop
      vertex 25.7201 -31.0902 0
      vertex 22.5329 -27.2376 0
      vertex 24.1987 -25.769 0
    endloop
  endfacet
  facet normal 0 0 -1
    outer loop
      vertex 20.7782 -28.5988 0
      vertex 23.7171 -32.6438 0
      vertex 21.6206 -34.0686 0
    endloop
  endfacet
  facet normal 0 0 -1
    outer loop
      vertex 23.7171 -32.6438 0
      vertex 20.7782 -28.5988 0
      vertex 22.5329 -27.2376 0
    endloop
  endfacet
  facet normal 0 0 -1
    outer loop
      vertex 18.9415 -29.847 0
      vertex 21.6206 -34.0686 0
      vertex 19.4388 -35.359 0
    endloop
  endfacet
  facet normal 0 0 -1
    outer loop
      vertex 21.6206 -34.0686 0
      vertex 18.9415 -29.847 0
      vertex 20.7782 -28.5988 0
    endloop
  endfacet
  facet normal 0 0 -1
    outer loop
      vertex 17.03 -30.9774 0
      vertex 19.4388 -35.359 0
      vertex 17.1802 -36.5098 0
    endloop
  endfacet
  facet normal 0 0 -1
    outer loop
      vertex 19.4388 -35.359 0
      vertex 17.03 -30.9774 0
      vertex 18.9415 -29.847 0
    endloop
  endfacet
  facet normal 0 0 -1
    outer loop
      vertex 17.1802 -36.5098 0
      vertex 15.0513 -31.9856 0
      vertex 17.03 -30.9774 0
    endloop
  endfacet
  facet normal 0 0 -1
    outer loop
      vertex 14.8538 -37.5165 0
      vertex 15.0513 -31.9856 0
      vertex 17.1802 -36.5098 0
    endloop
  endfacet
  facet normal 0 0 -1
    outer loop
      vertex 14.8538 -37.5165 0
      vertex 13.0132 -32.8676 0
      vertex 15.0513 -31.9856 0
    endloop
  endfacet
  facet normal 0 0 -1
    outer loop
      vertex 12.4688 -38.3751 0
      vertex 13.0132 -32.8676 0
      vertex 14.8538 -37.5165 0
    endloop
  endfacet
  facet normal 0 0 -1
    outer loop
      vertex 12.4688 -38.3751 0
      vertex 10.9237 -33.6198 0
      vertex 13.0132 -32.8676 0
    endloop
  endfacet
  facet normal 0 0 -1
    outer loop
      vertex 10.0346 -39.0823 0
      vertex 10.9237 -33.6198 0
      vertex 12.4688 -38.3751 0
    endloop
  endfacet
  facet normal 0 0 -1
    outer loop
      vertex 10.0346 -39.0823 0
      vertex 8.79119 -34.2394 0
      vertex 10.9237 -33.6198 0
    endloop
  endfacet
  facet normal 0 0 -1
    outer loop
      vertex 7.56084 -39.6353 0
      vertex 8.79119 -34.2394 0
      vertex 10.0346 -39.0823 0
    endloop
  endfacet
  facet normal 0 0 -1
    outer loop
      vertex 7.56084 -39.6353 0
      vertex 6.62393 -34.7239 0
      vertex 8.79119 -34.2394 0
    endloop
  endfacet
  facet normal 0 0 -1
    outer loop
      vertex 5.0572 -40.0318 0
      vertex 6.62393 -34.7239 0
      vertex 7.56084 -39.6353 0
    endloop
  endfacet
  facet normal 0 0 -1
    outer loop
      vertex 5.0572 -40.0318 0
      vertex 4.43053 -35.0713 0
      vertex 6.62393 -34.7239 0
    endloop
  endfacet
  facet normal 0 0 -1
    outer loop
      vertex 4 -35.1119 0
      vertex 5.0572 -40.0318 0
      vertex 4 -40.1318 0
    endloop
  endfacet
  facet normal 0 0 -1
    outer loop
      vertex 5.0572 -40.0318 0
      vertex 4 -35.1119 0
      vertex 4.43053 -35.0713 0
    endloop
  endfacet
  facet normal -0 0 -1
    outer loop
      vertex 39.0823 10.0346 0
      vertex 34.2394 8.79119 0
      vertex 38.3751 12.4688 0
    endloop
  endfacet
  facet normal 0 0 -1
    outer loop
      vertex 33.6198 10.9237 0
      vertex 38.3751 12.4688 0
      vertex 34.2394 8.79119 0
    endloop
  endfacet
  facet normal -0 0 -1
    outer loop
      vertex 38.3751 12.4688 0
      vertex 33.6198 10.9237 0
      vertex 37.5165 14.8538 0
    endloop
  endfacet
  facet normal 0 0 -1
    outer loop
      vertex 32.8676 13.0132 0
      vertex 37.5165 14.8538 0
      vertex 33.6198 10.9237 0
    endloop
  endfacet
  facet normal -0 0 -1
    outer loop
      vertex 37.5165 14.8538 0
      vertex 32.8676 13.0132 0
      vertex 36.5098 17.1802 0
    endloop
  endfacet
  facet normal 0 0 -1
    outer loop
      vertex 31.9856 15.0513 0
      vertex 36.5098 17.1802 0
      vertex 32.8676 13.0132 0
    endloop
  endfacet
  facet normal -0 0 -1
    outer loop
      vertex 36.5098 17.1802 0
      vertex 31.9856 15.0513 0
      vertex 35.359 19.4388 0
    endloop
  endfacet
  facet normal 0 0 -1
    outer loop
      vertex 30.9774 17.03 0
      vertex 35.359 19.4388 0
      vertex 31.9856 15.0513 0
    endloop
  endfacet
  facet normal -0 0 -1
    outer loop
      vertex 35.359 19.4388 0
      vertex 30.9774 17.03 0
      vertex 34.0686 21.6206 0
    endloop
  endfacet
  facet normal 0 0 -1
    outer loop
      vertex 29.847 18.9415 0
      vertex 34.0686 21.6206 0
      vertex 30.9774 17.03 0
    endloop
  endfacet
  facet normal -0 0 -1
    outer loop
      vertex 34.0686 21.6206 0
      vertex 29.847 18.9415 0
      vertex 32.6438 23.7171 0
    endloop
  endfacet
  facet normal 0 0 -1
    outer loop
      vertex 28.5988 20.7782 0
      vertex 32.6438 23.7171 0
      vertex 29.847 18.9415 0
    endloop
  endfacet
  facet normal -0 0 -1
    outer loop
      vertex 32.6438 23.7171 0
      vertex 28.5988 20.7782 0
      vertex 31.0902 25.7201 0
    endloop
  endfacet
  facet normal 0 0 -1
    outer loop
      vertex 27.2376 22.5329 0
      vertex 31.0902 25.7201 0
      vertex 28.5988 20.7782 0
    endloop
  endfacet
  facet normal -0 0 -1
    outer loop
      vertex 31.0902 25.7201 0
      vertex 27.2376 22.5329 0
      vertex 29.4139 27.6215 0
    endloop
  endfacet
  facet normal 0 0 -1
    outer loop
      vertex 25.769 24.1987 0
      vertex 29.4139 27.6215 0
      vertex 27.2376 22.5329 0
    endloop
  endfacet
  facet normal -0 0 -1
    outer loop
      vertex 29.4139 27.6215 0
      vertex 25.769 24.1987 0
      vertex 27.6215 29.4139 0
    endloop
  endfacet
  facet normal 0 0 -1
    outer loop
      vertex 24.1987 25.769 0
      vertex 27.6215 29.4139 0
      vertex 25.769 24.1987 0
    endloop
  endfacet
  facet normal -0 0 -1
    outer loop
      vertex 27.6215 29.4139 0
      vertex 24.1987 25.769 0
      vertex 25.7201 31.0902 0
    endloop
  endfacet
  facet normal 0 0 -1
    outer loop
      vertex 22.5329 27.2376 0
      vertex 25.7201 31.0902 0
      vertex 24.1987 25.769 0
    endloop
  endfacet
  facet normal -0 0 -1
    outer loop
      vertex 25.7201 31.0902 0
      vertex 22.5329 27.2376 0
      vertex 23.7171 32.6438 0
    endloop
  endfacet
  facet normal 0 0 -1
    outer loop
      vertex 20.7782 28.5988 0
      vertex 23.7171 32.6438 0
      vertex 22.5329 27.2376 0
    endloop
  endfacet
  facet normal -0 0 -1
    outer loop
      vertex 23.7171 32.6438 0
      vertex 20.7782 28.5988 0
      vertex 21.6206 34.0686 0
    endloop
  endfacet
  facet normal 0 0 -1
    outer loop
      vertex 18.9415 29.847 0
      vertex 21.6206 34.0686 0
      vertex 20.7782 28.5988 0
    endloop
  endfacet
  facet normal -0 0 -1
    outer loop
      vertex 21.6206 34.0686 0
      vertex 18.9415 29.847 0
      vertex 19.4388 35.359 0
    endloop
  endfacet
  facet normal 0 0 -1
    outer loop
      vertex 17.03 30.9774 0
      vertex 19.4388 35.359 0
      vertex 18.9415 29.847 0
    endloop
  endfacet
  facet normal -0 0 -1
    outer loop
      vertex 19.4388 35.359 0
      vertex 17.03 30.9774 0
      vertex 17.1802 36.5098 0
    endloop
  endfacet
  facet normal 0 0 -1
    outer loop
      vertex 15.0513 31.9856 0
      vertex 17.1802 36.5098 0
      vertex 17.03 30.9774 0
    endloop
  endfacet
  facet normal 0 0 -1
    outer loop
      vertex 15.0513 31.9856 0
      vertex 14.8538 37.5165 0
      vertex 17.1802 36.5098 0
    endloop
  endfacet
  facet normal 0 0 -1
    outer loop
      vertex 13.0132 32.8676 0
      vertex 14.8538 37.5165 0
      vertex 15.0513 31.9856 0
    endloop
  endfacet
  facet normal 0 0 -1
    outer loop
      vertex 13.0132 32.8676 0
      vertex 12.4688 38.3751 0
      vertex 14.8538 37.5165 0
    endloop
  endfacet
  facet normal 0 0 -1
    outer loop
      vertex 10.9237 33.6198 0
      vertex 12.4688 38.3751 0
      vertex 13.0132 32.8676 0
    endloop
  endfacet
  facet normal 0 0 -1
    outer loop
      vertex 10.9237 33.6198 0
      vertex 10.0346 39.0823 0
      vertex 12.4688 38.3751 0
    endloop
  endfacet
  facet normal 0 0 -1
    outer loop
      vertex 8.79119 34.2394 0
      vertex 10.0346 39.0823 0
      vertex 10.9237 33.6198 0
    endloop
  endfacet
  facet normal 0 0 -1
    outer loop
      vertex 8.79119 34.2394 0
      vertex 7.56084 39.6353 0
      vertex 10.0346 39.0823 0
    endloop
  endfacet
  facet normal 0 0 -1
    outer loop
      vertex 6.62393 34.7239 0
      vertex 7.56084 39.6353 0
      vertex 8.79119 34.2394 0
    endloop
  endfacet
  facet normal 0 0 -1
    outer loop
      vertex 6.62393 34.7239 0
      vertex 5.0572 40.0318 0
      vertex 7.56084 39.6353 0
    endloop
  endfacet
  facet normal 0 0 -1
    outer loop
      vertex 4.43053 35.0713 0
      vertex 5.0572 40.0318 0
      vertex 6.62393 34.7239 0
    endloop
  endfacet
  facet normal 0 0 -1
    outer loop
      vertex 4 35.1119 0
      vertex 5.0572 40.0318 0
      vertex 4.43053 35.0713 0
    endloop
  endfacet
  facet normal -0 0 -1
    outer loop
      vertex 5.0572 40.0318 0
      vertex 4 35.1119 0
      vertex 4 40.1318 0
    endloop
  endfacet
  facet normal -0 0 -1
    outer loop
      vertex 20.7873 8.61038 0
      vertex 16.1679 6.69696 0
      vertex 20.0476 10.2148 0
    endloop
  endfacet
  facet normal 0 0 -1
    outer loop
      vertex 15.5926 7.94483 0
      vertex 20.0476 10.2148 0
      vertex 16.1679 6.69696 0
    endloop
  endfacet
  facet normal -0 0 -1
    outer loop
      vertex 20.0476 10.2148 0
      vertex 15.5926 7.94483 0
      vertex 19.1844 11.7562 0
    endloop
  endfacet
  facet normal 0 0 -1
    outer loop
      vertex 14.9212 9.14372 0
      vertex 19.1844 11.7562 0
      vertex 15.5926 7.94483 0
    endloop
  endfacet
  facet normal -0 0 -1
    outer loop
      vertex 19.1844 11.7562 0
      vertex 14.9212 9.14372 0
      vertex 18.2029 13.2252 0
    endloop
  endfacet
  facet normal 0 0 -1
    outer loop
      vertex 14.1578 10.2862 0
      vertex 18.2029 13.2252 0
      vertex 14.9212 9.14372 0
    endloop
  endfacet
  facet normal -0 0 -1
    outer loop
      vertex 18.2029 13.2252 0
      vertex 14.1578 10.2862 0
      vertex 17.1091 14.6126 0
    endloop
  endfacet
  facet normal 0 0 -1
    outer loop
      vertex 13.3071 11.3653 0
      vertex 17.1091 14.6126 0
      vertex 14.1578 10.2862 0
    endloop
  endfacet
  facet normal -0 0 -1
    outer loop
      vertex 17.1091 14.6126 0
      vertex 13.3071 11.3653 0
      vertex 15.9099 15.9099 0
    endloop
  endfacet
  facet normal 0 0 -1
    outer loop
      vertex 12.3744 12.3744 0
      vertex 15.9099 15.9099 0
      vertex 13.3071 11.3653 0
    endloop
  endfacet
  facet normal -0 0 -1
    outer loop
      vertex 15.9099 15.9099 0
      vertex 12.3744 12.3744 0
      vertex 14.6126 17.1091 0
    endloop
  endfacet
  facet normal 0 0 -1
    outer loop
      vertex 11.3653 13.3071 0
      vertex 14.6126 17.1091 0
      vertex 12.3744 12.3744 0
    endloop
  endfacet
  facet normal -0 0 -1
    outer loop
      vertex 14.6126 17.1091 0
      vertex 11.3653 13.3071 0
      vertex 13.2252 18.2029 0
    endloop
  endfacet
  facet normal 0 0 -1
    outer loop
      vertex 10.2862 14.1578 0
      vertex 13.2252 18.2029 0
      vertex 11.3653 13.3071 0
    endloop
  endfacet
  facet normal -0 0 -1
    outer loop
      vertex 13.2252 18.2029 0
      vertex 10.2862 14.1578 0
      vertex 11.7562 19.1844 0
    endloop
  endfacet
  facet normal 0 0 -1
    outer loop
      vertex 9.14372 14.9212 0
      vertex 11.7562 19.1844 0
      vertex 10.2862 14.1578 0
    endloop
  endfacet
  facet normal -0 0 -1
    outer loop
      vertex 11.7562 19.1844 0
      vertex 9.14372 14.9212 0
      vertex 10.2148 20.0476 0
    endloop
  endfacet
  facet normal 0 0 -1
    outer loop
      vertex 7.94483 15.5926 0
      vertex 10.2148 20.0476 0
      vertex 9.14372 14.9212 0
    endloop
  endfacet
  facet normal -0 0 -1
    outer loop
      vertex 10.2148 20.0476 0
      vertex 7.94483 15.5926 0
      vertex 8.61038 20.7873 0
    endloop
  endfacet
  facet normal 0 0 -1
    outer loop
      vertex 6.69696 16.1679 0
      vertex 8.61038 20.7873 0
      vertex 7.94483 15.5926 0
    endloop
  endfacet
  facet normal -0 0 -1
    outer loop
      vertex 8.61038 20.7873 0
      vertex 6.69696 16.1679 0
      vertex 6.95288 21.3988 0
    endloop
  endfacet
  facet normal 0 0 -1
    outer loop
      vertex 5.4078 16.6435 0
      vertex 6.95288 21.3988 0
      vertex 6.69696 16.1679 0
    endloop
  endfacet
  facet normal 0 0 -1
    outer loop
      vertex 5.4078 16.6435 0
      vertex 5.25252 21.8783 0
      vertex 6.95288 21.3988 0
    endloop
  endfacet
  facet normal 0 0 -1
    outer loop
      vertex 4.08529 17.0165 0
      vertex 5.25252 21.8783 0
      vertex 5.4078 16.6435 0
    endloop
  endfacet
  facet normal 0 0 -1
    outer loop
      vertex 4 17.0334 0
      vertex 5.25252 21.8783 0
      vertex 4.08529 17.0165 0
    endloop
  endfacet
  facet normal -0 0 -1
    outer loop
      vertex 5.25252 21.8783 0
      vertex 4 17.0334 0
      vertex 4 22.1275 0
    endloop
  endfacet
  facet normal 0.750113 0.66131 0
    outer loop
      vertex 31.0902 25.7201 2
      vertex 29.4139 27.6215 0
      vertex 29.4139 27.6215 2
    endloop
  endfacet
  facet normal 0.750113 0.66131 0
    outer loop
      vertex 29.4139 27.6215 0
      vertex 31.0902 25.7201 2
      vertex 31.0902 25.7201 0
    endloop
  endfacet
  facet normal -0.960294 -0.278991 0
    outer loop
      vertex -38.3751 -12.4688 0
      vertex -39.0823 -10.0346 2
      vertex -39.0823 -10.0346 0
    endloop
  endfacet
  facet normal -0.960294 -0.278991 0
    outer loop
      vertex -39.0823 -10.0346 2
      vertex -38.3751 -12.4688 0
      vertex -38.3751 -12.4688 2
    endloop
  endfacet
  facet normal -0.15642 -0.987691 0
    outer loop
      vertex -7.56084 -39.6353 0
      vertex -5.0572 -40.0318 2
      vertex -7.56084 -39.6353 2
    endloop
  endfacet
  facet normal -0.15642 -0.987691 -0
    outer loop
      vertex -5.0572 -40.0318 2
      vertex -7.56084 -39.6353 0
      vertex -5.0572 -40.0318 0
    endloop
  endfacet
  facet normal -0.995556 0.0941691 0
    outer loop
      vertex -40.1318 4 0
      vertex -40.0318 5.0572 2
      vertex -40.0318 5.0572 0
    endloop
  endfacet
  facet normal -0.995556 0.0941691 0
    outer loop
      vertex -40.0318 5.0572 2
      vertex -40.1318 4 0
      vertex -40.1318 4 2
    endloop
  endfacet
  facet normal 0.612886 -0.790171 0
    outer loop
      vertex 23.7171 -32.6438 0
      vertex 25.7201 -31.0902 2
      vertex 23.7171 -32.6438 2
    endloop
  endfacet
  facet normal 0.612886 -0.790171 0
    outer loop
      vertex 25.7201 -31.0902 2
      vertex 23.7171 -32.6438 0
      vertex 25.7201 -31.0902 0
    endloop
  endfacet
  facet normal -0.940887 -0.338719 0
    outer loop
      vertex -37.5165 -14.8538 0
      vertex -38.3751 -12.4688 2
      vertex -38.3751 -12.4688 0
    endloop
  endfacet
  facet normal -0.940887 -0.338719 0
    outer loop
      vertex -38.3751 -12.4688 2
      vertex -37.5165 -14.8538 0
      vertex -37.5165 -14.8538 2
    endloop
  endfacet
  facet normal -0.453986 -0.891009 0
    outer loop
      vertex -19.4388 -35.359 0
      vertex -17.1802 -36.5098 2
      vertex -19.4388 -35.359 2
    endloop
  endfacet
  facet normal -0.453986 -0.891009 -0
    outer loop
      vertex -17.1802 -36.5098 2
      vertex -19.4388 -35.359 0
      vertex -17.1802 -36.5098 0
    endloop
  endfacet
  facet normal -0.917758 0.39714 0
    outer loop
      vertex -37.5165 14.8538 0
      vertex -36.5098 17.1802 2
      vertex -36.5098 17.1802 0
    endloop
  endfacet
  facet normal -0.917758 0.39714 0
    outer loop
      vertex -36.5098 17.1802 2
      vertex -37.5165 14.8538 0
      vertex -37.5165 14.8538 2
    endloop
  endfacet
  facet normal 0.278991 0.960294 -0
    outer loop
      vertex 12.4688 38.3751 0
      vertex 10.0346 39.0823 2
      vertex 12.4688 38.3751 2
    endloop
  endfacet
  facet normal 0.278991 0.960294 0
    outer loop
      vertex 10.0346 39.0823 2
      vertex 12.4688 38.3751 0
      vertex 10.0346 39.0823 0
    endloop
  endfacet
  facet normal -0.827077 0.562089 0
    outer loop
      vertex -34.0686 21.6206 0
      vertex -32.6438 23.7171 2
      vertex -32.6438 23.7171 0
    endloop
  endfacet
  facet normal -0.827077 0.562089 0
    outer loop
      vertex -32.6438 23.7171 2
      vertex -34.0686 21.6206 0
      vertex -34.0686 21.6206 2
    endloop
  endfacet
  facet normal 0 0 1
    outer loop
      vertex -5.0572 -40.0318 2
      vertex -4 -35.1119 2
      vertex -4.43053 -35.0713 2
    endloop
  endfacet
  facet normal 0 0 1
    outer loop
      vertex -4 -35.1119 2
      vertex -5.0572 -40.0318 2
      vertex -4 -40.1318 2
    endloop
  endfacet
  facet normal 0 0 1
    outer loop
      vertex -6.62393 -34.7239 2
      vertex -5.0572 -40.0318 2
      vertex -4.43053 -35.0713 2
    endloop
  endfacet
  facet normal 0 0 1
    outer loop
      vertex -6.62393 -34.7239 2
      vertex -7.56084 -39.6353 2
      vertex -5.0572 -40.0318 2
    endloop
  endfacet
  facet normal 0 0 1
    outer loop
      vertex -8.79119 -34.2394 2
      vertex -7.56084 -39.6353 2
      vertex -6.62393 -34.7239 2
    endloop
  endfacet
  facet normal 0 0 1
    outer loop
      vertex -8.79119 -34.2394 2
      vertex -10.0346 -39.0823 2
      vertex -7.56084 -39.6353 2
    endloop
  endfacet
  facet normal 0 0 1
    outer loop
      vertex -10.9237 -33.6198 2
      vertex -10.0346 -39.0823 2
      vertex -8.79119 -34.2394 2
    endloop
  endfacet
  facet normal 0 0 1
    outer loop
      vertex -10.9237 -33.6198 2
      vertex -12.4688 -38.3751 2
      vertex -10.0346 -39.0823 2
    endloop
  endfacet
  facet normal 0 0 1
    outer loop
      vertex -13.0132 -32.8676 2
      vertex -12.4688 -38.3751 2
      vertex -10.9237 -33.6198 2
    endloop
  endfacet
  facet normal 0 0 1
    outer loop
      vertex -13.0132 -32.8676 2
      vertex -14.8538 -37.5165 2
      vertex -12.4688 -38.3751 2
    endloop
  endfacet
  facet normal 0 0 1
    outer loop
      vertex -15.0513 -31.9856 2
      vertex -14.8538 -37.5165 2
      vertex -13.0132 -32.8676 2
    endloop
  endfacet
  facet normal 0 0 1
    outer loop
      vertex -17.1802 -36.5098 2
      vertex -15.0513 -31.9856 2
      vertex -17.03 -30.9774 2
    endloop
  endfacet
  facet normal 0 0 1
    outer loop
      vertex -15.0513 -31.9856 2
      vertex -17.1802 -36.5098 2
      vertex -14.8538 -37.5165 2
    endloop
  endfacet
  facet normal 0 0 1
    outer loop
      vertex -19.4388 -35.359 2
      vertex -17.03 -30.9774 2
      vertex -18.9415 -29.847 2
    endloop
  endfacet
  facet normal 0 0 1
    outer loop
      vertex -17.03 -30.9774 2
      vertex -19.4388 -35.359 2
      vertex -17.1802 -36.5098 2
    endloop
  endfacet
  facet normal 0 0 1
    outer loop
      vertex -21.6206 -34.0686 2
      vertex -18.9415 -29.847 2
      vertex -20.7782 -28.5988 2
    endloop
  endfacet
  facet normal 0 0 1
    outer loop
      vertex -18.9415 -29.847 2
      vertex -21.6206 -34.0686 2
      vertex -19.4388 -35.359 2
    endloop
  endfacet
  facet normal 0 0 1
    outer loop
      vertex -23.7171 -32.6438 2
      vertex -20.7782 -28.5988 2
      vertex -22.5329 -27.2376 2
    endloop
  endfacet
  facet normal 0 0 1
    outer loop
      vertex -20.7782 -28.5988 2
      vertex -23.7171 -32.6438 2
      vertex -21.6206 -34.0686 2
    endloop
  endfacet
  facet normal 0 0 1
    outer loop
      vertex -25.7201 -31.0902 2
      vertex -22.5329 -27.2376 2
      vertex -24.1987 -25.769 2
    endloop
  endfacet
  facet normal 0 0 1
    outer loop
      vertex -22.5329 -27.2376 2
      vertex -25.7201 -31.0902 2
      vertex -23.7171 -32.6438 2
    endloop
  endfacet
  facet normal 0 0 1
    outer loop
      vertex -27.6215 -29.4139 2
      vertex -24.1987 -25.769 2
      vertex -25.769 -24.1987 2
    endloop
  endfacet
  facet normal 0 0 1
    outer loop
      vertex -29.4139 -27.6215 2
      vertex -25.769 -24.1987 2
      vertex -27.2376 -22.5329 2
    endloop
  endfacet
  facet normal 0 0 1
    outer loop
      vertex -24.1987 -25.769 2
      vertex -27.6215 -29.4139 2
      vertex -25.7201 -31.0902 2
    endloop
  endfacet
  facet normal 0 0 1
    outer loop
      vertex -31.0902 -25.7201 2
      vertex -27.2376 -22.5329 2
      vertex -28.5988 -20.7782 2
    endloop
  endfacet
  facet normal 0 0 1
    outer loop
      vertex -25.769 -24.1987 2
      vertex -29.4139 -27.6215 2
      vertex -27.6215 -29.4139 2
    endloop
  endfacet
  facet normal 0 0 1
    outer loop
      vertex -32.6438 -23.7171 2
      vertex -28.5988 -20.7782 2
      vertex -29.847 -18.9415 2
    endloop
  endfacet
  facet normal 0 0 1
    outer loop
      vertex -34.0686 -21.6206 2
      vertex -29.847 -18.9415 2
      vertex -30.9774 -17.03 2
    endloop
  endfacet
  facet normal 0 0 1
    outer loop
      vertex -27.2376 -22.5329 2
      vertex -31.0902 -25.7201 2
      vertex -29.4139 -27.6215 2
    endloop
  endfacet
  facet normal 0 0 1
    outer loop
      vertex -35.359 -19.4388 2
      vertex -30.9774 -17.03 2
      vertex -31.9856 -15.0513 2
    endloop
  endfacet
  facet normal 0 0 1
    outer loop
      vertex -28.5988 -20.7782 2
      vertex -32.6438 -23.7171 2
      vertex -31.0902 -25.7201 2
    endloop
  endfacet
  facet normal 0 0 1
    outer loop
      vertex -36.5098 -17.1802 2
      vertex -31.9856 -15.0513 2
      vertex -32.8676 -13.0132 2
    endloop
  endfacet
  facet normal 0 0 1
    outer loop
      vertex -37.5165 -14.8538 2
      vertex -32.8676 -13.0132 2
      vertex -33.6198 -10.9237 2
    endloop
  endfacet
  facet normal 0 0 1
    outer loop
      vertex -29.847 -18.9415 2
      vertex -34.0686 -21.6206 2
      vertex -32.6438 -23.7171 2
    endloop
  endfacet
  facet normal 0 0 1
    outer loop
      vertex -38.3751 -12.4688 2
      vertex -33.6198 -10.9237 2
      vertex -34.2394 -8.79119 2
    endloop
  endfacet
  facet normal 0 0 1
    outer loop
      vertex -39.0823 -10.0346 2
      vertex -34.2394 -8.79119 2
      vertex -34.7239 -6.62393 2
    endloop
  endfacet
  facet normal 0 0 1
    outer loop
      vertex -39.6353 -7.56084 2
      vertex -34.7239 -6.62393 2
      vertex -35.0713 -4.43053 2
    endloop
  endfacet
  facet normal 0 0 1
    outer loop
      vertex -40.0318 -5.0572 2
      vertex -35.0713 -4.43053 2
      vertex -35.1119 -4 2
    endloop
  endfacet
  facet normal 0 0 1
    outer loop
      vertex -30.9774 -17.03 2
      vertex -35.359 -19.4388 2
      vertex -34.0686 -21.6206 2
    endloop
  endfacet
  facet normal 0 0 1
    outer loop
      vertex -34.2394 8.79119 2
      vertex -39.0823 10.0346 2
      vertex -34.7239 6.62393 2
    endloop
  endfacet
  facet normal -0 0 1
    outer loop
      vertex -39.6353 7.56084 2
      vertex -34.7239 6.62393 2
      vertex -39.0823 10.0346 2
    endloop
  endfacet
  facet normal 0 0 1
    outer loop
      vertex -31.9856 -15.0513 2
      vertex -36.5098 -17.1802 2
      vertex -35.359 -19.4388 2
    endloop
  endfacet
  facet normal 0 0 1
    outer loop
      vertex -34.7239 6.62393 2
      vertex -39.6353 7.56084 2
      vertex -35.0713 4.43053 2
    endloop
  endfacet
  facet normal 0 0 1
    outer loop
      vertex -32.8676 -13.0132 2
      vertex -37.5165 -14.8538 2
      vertex -36.5098 -17.1802 2
    endloop
  endfacet
  facet normal -0 0 1
    outer loop
      vertex -40.0318 5.0572 2
      vertex -35.0713 4.43053 2
      vertex -39.6353 7.56084 2
    endloop
  endfacet
  facet normal 0 0 1
    outer loop
      vertex -33.6198 -10.9237 2
      vertex -38.3751 -12.4688 2
      vertex -37.5165 -14.8538 2
    endloop
  endfacet
  facet normal 0 0 1
    outer loop
      vertex -35.0713 4.43053 2
      vertex -40.0318 5.0572 2
      vertex -35.1119 4 2
    endloop
  endfacet
  facet normal 0 0 1
    outer loop
      vertex -34.2394 -8.79119 2
      vertex -39.0823 -10.0346 2
      vertex -38.3751 -12.4688 2
    endloop
  endfacet
  facet normal 0 0 1
    outer loop
      vertex -40.1318 4 2
      vertex -35.1119 4 2
      vertex -40.0318 5.0572 2
    endloop
  endfacet
  facet normal 0 0 1
    outer loop
      vertex -34.7239 -6.62393 2
      vertex -39.6353 -7.56084 2
      vertex -39.0823 -10.0346 2
    endloop
  endfacet
  facet normal 0 0 1
    outer loop
      vertex -35.1119 4 2
      vertex -40.1318 4 2
      vertex -35.1119 -4 2
    endloop
  endfacet
  facet normal 0 0 1
    outer loop
      vertex -40.1318 -4 2
      vertex -35.1119 -4 2
      vertex -40.1318 4 2
    endloop
  endfacet
  facet normal 0 -0 1
    outer loop
      vertex -40.0318 -5.0572 2
      vertex -35.1119 -4 2
      vertex -40.1318 -4 2
    endloop
  endfacet
  facet normal 0 0 1
    outer loop
      vertex -35.0713 -4.43053 2
      vertex -40.0318 -5.0572 2
      vertex -39.6353 -7.56084 2
    endloop
  endfacet
  facet normal -0 0 1
    outer loop
      vertex -40.35 4 2
      vertex -40.1318 -4 2
      vertex -40.1318 4 2
    endloop
  endfacet
  facet normal 0 0 1
    outer loop
      vertex -40.1318 -4 2
      vertex -40.35 4 2
      vertex -40.35 -4 2
    endloop
  endfacet
  facet normal 0 0 1
    outer loop
      vertex -5.25252 -21.8783 2
      vertex -4 -17.0334 2
      vertex -4.08529 -17.0165 2
    endloop
  endfacet
  facet normal 0 0 1
    outer loop
      vertex -4 -17.0334 2
      vertex -5.25252 -21.8783 2
      vertex -4 -22.1275 2
    endloop
  endfacet
  facet normal 0 0 1
    outer loop
      vertex -5.4078 -16.6435 2
      vertex -5.25252 -21.8783 2
      vertex -4.08529 -17.0165 2
    endloop
  endfacet
  facet normal 0 0 1
    outer loop
      vertex -6.95288 -21.3988 2
      vertex -5.4078 -16.6435 2
      vertex -6.69696 -16.1679 2
    endloop
  endfacet
  facet normal 0 0 1
    outer loop
      vertex -5.4078 -16.6435 2
      vertex -6.95288 -21.3988 2
      vertex -5.25252 -21.8783 2
    endloop
  endfacet
  facet normal 0 0 1
    outer loop
      vertex -8.61038 -20.7873 2
      vertex -6.69696 -16.1679 2
      vertex -7.94483 -15.5926 2
    endloop
  endfacet
  facet normal 0 0 1
    outer loop
      vertex -6.69696 -16.1679 2
      vertex -8.61038 -20.7873 2
      vertex -6.95288 -21.3988 2
    endloop
  endfacet
  facet normal 0 0 1
    outer loop
      vertex -10.2148 -20.0476 2
      vertex -7.94483 -15.5926 2
      vertex -9.14372 -14.9212 2
    endloop
  endfacet
  facet normal 0 0 1
    outer loop
      vertex -7.94483 -15.5926 2
      vertex -10.2148 -20.0476 2
      vertex -8.61038 -20.7873 2
    endloop
  endfacet
  facet normal 0 0 1
    outer loop
      vertex -11.7562 -19.1844 2
      vertex -9.14372 -14.9212 2
      vertex -10.2862 -14.1578 2
    endloop
  endfacet
  facet normal 0 0 1
    outer loop
      vertex -13.2252 -18.2029 2
      vertex -10.2862 -14.1578 2
      vertex -11.3653 -13.3071 2
    endloop
  endfacet
  facet normal 0 0 1
    outer loop
      vertex -9.14372 -14.9212 2
      vertex -11.7562 -19.1844 2
      vertex -10.2148 -20.0476 2
    endloop
  endfacet
  facet normal 0 0 1
    outer loop
      vertex -14.6126 -17.1091 2
      vertex -11.3653 -13.3071 2
      vertex -12.3744 -12.3744 2
    endloop
  endfacet
  facet normal 0 0 1
    outer loop
      vertex -10.2862 -14.1578 2
      vertex -13.2252 -18.2029 2
      vertex -11.7562 -19.1844 2
    endloop
  endfacet
  facet normal 0 0 1
    outer loop
      vertex -15.9099 -15.9099 2
      vertex -12.3744 -12.3744 2
      vertex -13.3071 -11.3653 2
    endloop
  endfacet
  facet normal 0 0 1
    outer loop
      vertex -17.1091 -14.6126 2
      vertex -13.3071 -11.3653 2
      vertex -14.1578 -10.2862 2
    endloop
  endfacet
  facet normal 0 0 1
    outer loop
      vertex -11.3653 -13.3071 2
      vertex -14.6126 -17.1091 2
      vertex -13.2252 -18.2029 2
    endloop
  endfacet
  facet normal 0 0 1
    outer loop
      vertex -18.2029 -13.2252 2
      vertex -14.1578 -10.2862 2
      vertex -14.9212 -9.14372 2
    endloop
  endfacet
  facet normal 0 0 1
    outer loop
      vertex -19.1844 -11.7562 2
      vertex -14.9212 -9.14372 2
      vertex -15.5926 -7.94483 2
    endloop
  endfacet
  facet normal 0 0 1
    outer loop
      vertex -12.3744 -12.3744 2
      vertex -15.9099 -15.9099 2
      vertex -14.6126 -17.1091 2
    endloop
  endfacet
  facet normal 0 0 1
    outer loop
      vertex -20.0476 -10.2148 2
      vertex -15.5926 -7.94483 2
      vertex -16.1679 -6.69696 2
    endloop
  endfacet
  facet normal 0 0 1
    outer loop
      vertex -20.7873 -8.61038 2
      vertex -16.1679 -6.69696 2
      vertex -16.6435 -5.4078 2
    endloop
  endfacet
  facet normal 0 0 1
    outer loop
      vertex -21.3988 -6.95288 2
      vertex -16.6435 -5.4078 2
      vertex -17.0165 -4.08529 2
    endloop
  endfacet
  facet normal 0 0 1
    outer loop
      vertex -21.8783 -5.25252 2
      vertex -17.0165 -4.08529 2
      vertex -17.0334 -4 2
    endloop
  endfacet
  facet normal 0 0 1
    outer loop
      vertex -13.3071 -11.3653 2
      vertex -17.1091 -14.6126 2
      vertex -15.9099 -15.9099 2
    endloop
  endfacet
  facet normal 0 0 1
    outer loop
      vertex -16.1679 6.69696 2
      vertex -20.7873 8.61038 2
      vertex -16.6435 5.4078 2
    endloop
  endfacet
  facet normal -0 0 1
    outer loop
      vertex -21.3988 6.95288 2
      vertex -16.6435 5.4078 2
      vertex -20.7873 8.61038 2
    endloop
  endfacet
  facet normal 0 0 1
    outer loop
      vertex -14.1578 -10.2862 2
      vertex -18.2029 -13.2252 2
      vertex -17.1091 -14.6126 2
    endloop
  endfacet
  facet normal 0 0 1
    outer loop
      vertex -16.6435 5.4078 2
      vertex -21.3988 6.95288 2
      vertex -17.0165 4.08529 2
    endloop
  endfacet
  facet normal 0 0 1
    outer loop
      vertex -14.9212 -9.14372 2
      vertex -19.1844 -11.7562 2
      vertex -18.2029 -13.2252 2
    endloop
  endfacet
  facet normal -0 0 1
    outer loop
      vertex -21.8783 5.25252 2
      vertex -17.0165 4.08529 2
      vertex -21.3988 6.95288 2
    endloop
  endfacet
  facet normal 0 0 1
    outer loop
      vertex -15.5926 -7.94483 2
      vertex -20.0476 -10.2148 2
      vertex -19.1844 -11.7562 2
    endloop
  endfacet
  facet normal 0 0 1
    outer loop
      vertex -17.0165 4.08529 2
      vertex -21.8783 5.25252 2
      vertex -17.0334 4 2
    endloop
  endfacet
  facet normal 0 0 1
    outer loop
      vertex -16.1679 -6.69696 2
      vertex -20.7873 -8.61038 2
      vertex -20.0476 -10.2148 2
    endloop
  endfacet
  facet normal 0 0 1
    outer loop
      vertex -22.1275 4 2
      vertex -17.0334 4 2
      vertex -21.8783 5.25252 2
    endloop
  endfacet
  facet normal 0 0 1
    outer loop
      vertex -16.6435 -5.4078 2
      vertex -21.3988 -6.95288 2
      vertex -20.7873 -8.61038 2
    endloop
  endfacet
  facet normal 0 0 1
    outer loop
      vertex -17.0334 4 2
      vertex -22.1275 4 2
      vertex -17.0334 -4 2
    endloop
  endfacet
  facet normal 0 0 1
    outer loop
      vertex -22.1275 -4 2
      vertex -17.0334 -4 2
      vertex -22.1275 4 2
    endloop
  endfacet
  facet normal 0 -0 1
    outer loop
      vertex -21.8783 -5.25252 2
      vertex -17.0334 -4 2
      vertex -22.1275 -4 2
    endloop
  endfacet
  facet normal 0 0 1
    outer loop
      vertex -17.0165 -4.08529 2
      vertex -21.8783 -5.25252 2
      vertex -21.3988 -6.95288 2
    endloop
  endfacet
  facet normal -0 0 1
    outer loop
      vertex -35.1119 4 2
      vertex -22.1275 -4 2
      vertex -22.1275 4 2
    endloop
  endfacet
  facet normal 0 0 1
    outer loop
      vertex -22.1275 -4 2
      vertex -35.1119 4 2
      vertex -35.1119 -4 2
    endloop
  endfacet
  facet normal -0 0 1
    outer loop
      vertex -5.25252 21.8783 2
      vertex -4 17.0334 2
      vertex -4 22.1275 2
    endloop
  endfacet
  facet normal 0 0 1
    outer loop
      vertex -4 17.0334 2
      vertex -5.25252 21.8783 2
      vertex -4.08529 17.0165 2
    endloop
  endfacet
  facet normal 0 0 1
    outer loop
      vertex -5.25252 21.8783 2
      vertex -5.4078 16.6435 2
      vertex -4.08529 17.0165 2
    endloop
  endfacet
  facet normal -0 0 1
    outer loop
      vertex -6.95288 21.3988 2
      vertex -5.4078 16.6435 2
      vertex -5.25252 21.8783 2
    endloop
  endfacet
  facet normal 0 0 1
    outer loop
      vertex -5.4078 16.6435 2
      vertex -6.95288 21.3988 2
      vertex -6.69696 16.1679 2
    endloop
  endfacet
  facet normal -0 0 1
    outer loop
      vertex -8.61038 20.7873 2
      vertex -6.69696 16.1679 2
      vertex -6.95288 21.3988 2
    endloop
  endfacet
  facet normal 0 0 1
    outer loop
      vertex -6.69696 16.1679 2
      vertex -8.61038 20.7873 2
      vertex -7.94483 15.5926 2
    endloop
  endfacet
  facet normal -0 0 1
    outer loop
      vertex -10.2148 20.0476 2
      vertex -7.94483 15.5926 2
      vertex -8.61038 20.7873 2
    endloop
  endfacet
  facet normal 0 0 1
    outer loop
      vertex -7.94483 15.5926 2
      vertex -10.2148 20.0476 2
      vertex -9.14372 14.9212 2
    endloop
  endfacet
  facet normal -0 0 1
    outer loop
      vertex -11.7562 19.1844 2
      vertex -9.14372 14.9212 2
      vertex -10.2148 20.0476 2
    endloop
  endfacet
  facet normal 0 0 1
    outer loop
      vertex -9.14372 14.9212 2
      vertex -11.7562 19.1844 2
      vertex -10.2862 14.1578 2
    endloop
  endfacet
  facet normal -0 0 1
    outer loop
      vertex -13.2252 18.2029 2
      vertex -10.2862 14.1578 2
      vertex -11.7562 19.1844 2
    endloop
  endfacet
  facet normal 0 0 1
    outer loop
      vertex -10.2862 14.1578 2
      vertex -13.2252 18.2029 2
      vertex -11.3653 13.3071 2
    endloop
  endfacet
  facet normal -0 0 1
    outer loop
      vertex -14.6126 17.1091 2
      vertex -11.3653 13.3071 2
      vertex -13.2252 18.2029 2
    endloop
  endfacet
  facet normal 0 0 1
    outer loop
      vertex -11.3653 13.3071 2
      vertex -14.6126 17.1091 2
      vertex -12.3744 12.3744 2
    endloop
  endfacet
  facet normal -0 0 1
    outer loop
      vertex -15.9099 15.9099 2
      vertex -12.3744 12.3744 2
      vertex -14.6126 17.1091 2
    endloop
  endfacet
  facet normal 0 0 1
    outer loop
      vertex -12.3744 12.3744 2
      vertex -15.9099 15.9099 2
      vertex -13.3071 11.3653 2
    endloop
  endfacet
  facet normal -0 0 1
    outer loop
      vertex -17.1091 14.6126 2
      vertex -13.3071 11.3653 2
      vertex -15.9099 15.9099 2
    endloop
  endfacet
  facet normal 0 0 1
    outer loop
      vertex -13.3071 11.3653 2
      vertex -17.1091 14.6126 2
      vertex -14.1578 10.2862 2
    endloop
  endfacet
  facet normal -0 0 1
    outer loop
      vertex -18.2029 13.2252 2
      vertex -14.1578 10.2862 2
      vertex -17.1091 14.6126 2
    endloop
  endfacet
  facet normal 0 0 1
    outer loop
      vertex -14.1578 10.2862 2
      vertex -18.2029 13.2252 2
      vertex -14.9212 9.14372 2
    endloop
  endfacet
  facet normal -0 0 1
    outer loop
      vertex -19.1844 11.7562 2
      vertex -14.9212 9.14372 2
      vertex -18.2029 13.2252 2
    endloop
  endfacet
  facet normal 0 0 1
    outer loop
      vertex -14.9212 9.14372 2
      vertex -19.1844 11.7562 2
      vertex -15.5926 7.94483 2
    endloop
  endfacet
  facet normal -0 0 1
    outer loop
      vertex -20.0476 10.2148 2
      vertex -15.5926 7.94483 2
      vertex -19.1844 11.7562 2
    endloop
  endfacet
  facet normal -0 0 1
    outer loop
      vertex -20.7873 8.61038 2
      vertex -16.1679 6.69696 2
      vertex -20.0476 10.2148 2
    endloop
  endfacet
  facet normal 0 0 1
    outer loop
      vertex -15.5926 7.94483 2
      vertex -20.0476 10.2148 2
      vertex -16.1679 6.69696 2
    endloop
  endfacet
  facet normal -0 0 1
    outer loop
      vertex -5.0572 40.0318 2
      vertex -4 35.1119 2
      vertex -4 40.1318 2
    endloop
  endfacet
  facet normal 0 0 1
    outer loop
      vertex -4 35.1119 2
      vertex -5.0572 40.0318 2
      vertex -4.43053 35.0713 2
    endloop
  endfacet
  facet normal 0 0 1
    outer loop
      vertex -5.0572 40.0318 2
      vertex -6.62393 34.7239 2
      vertex -4.43053 35.0713 2
    endloop
  endfacet
  facet normal -0 0 1
    outer loop
      vertex -7.56084 39.6353 2
      vertex -6.62393 34.7239 2
      vertex -5.0572 40.0318 2
    endloop
  endfacet
  facet normal 0 0 1
    outer loop
      vertex -7.56084 39.6353 2
      vertex -8.79119 34.2394 2
      vertex -6.62393 34.7239 2
    endloop
  endfacet
  facet normal -0 0 1
    outer loop
      vertex -10.0346 39.0823 2
      vertex -8.79119 34.2394 2
      vertex -7.56084 39.6353 2
    endloop
  endfacet
  facet normal 0 0 1
    outer loop
      vertex -10.0346 39.0823 2
      vertex -10.9237 33.6198 2
      vertex -8.79119 34.2394 2
    endloop
  endfacet
  facet normal -0 0 1
    outer loop
      vertex -12.4688 38.3751 2
      vertex -10.9237 33.6198 2
      vertex -10.0346 39.0823 2
    endloop
  endfacet
  facet normal 0 0 1
    outer loop
      vertex -12.4688 38.3751 2
      vertex -13.0132 32.8676 2
      vertex -10.9237 33.6198 2
    endloop
  endfacet
  facet normal -0 0 1
    outer loop
      vertex -14.8538 37.5165 2
      vertex -13.0132 32.8676 2
      vertex -12.4688 38.3751 2
    endloop
  endfacet
  facet normal 0 0 1
    outer loop
      vertex -14.8538 37.5165 2
      vertex -15.0513 31.9856 2
      vertex -13.0132 32.8676 2
    endloop
  endfacet
  facet normal -0 0 1
    outer loop
      vertex -17.1802 36.5098 2
      vertex -15.0513 31.9856 2
      vertex -14.8538 37.5165 2
    endloop
  endfacet
  facet normal 0 0 1
    outer loop
      vertex -15.0513 31.9856 2
      vertex -17.1802 36.5098 2
      vertex -17.03 30.9774 2
    endloop
  endfacet
  facet normal -0 0 1
    outer loop
      vertex -19.4388 35.359 2
      vertex -17.03 30.9774 2
      vertex -17.1802 36.5098 2
    endloop
  endfacet
  facet normal 0 0 1
    outer loop
      vertex -17.03 30.9774 2
      vertex -19.4388 35.359 2
      vertex -18.9415 29.847 2
    endloop
  endfacet
  facet normal -0 0 1
    outer loop
      vertex -21.6206 34.0686 2
      vertex -18.9415 29.847 2
      vertex -19.4388 35.359 2
    endloop
  endfacet
  facet normal 0 0 1
    outer loop
      vertex -18.9415 29.847 2
      vertex -21.6206 34.0686 2
      vertex -20.7782 28.5988 2
    endloop
  endfacet
  facet normal -0 0 1
    outer loop
      vertex -23.7171 32.6438 2
      vertex -20.7782 28.5988 2
      vertex -21.6206 34.0686 2
    endloop
  endfacet
  facet normal 0 0 1
    outer loop
      vertex -20.7782 28.5988 2
      vertex -23.7171 32.6438 2
      vertex -22.5329 27.2376 2
    endloop
  endfacet
  facet normal -0 0 1
    outer loop
      vertex -25.7201 31.0902 2
      vertex -22.5329 27.2376 2
      vertex -23.7171 32.6438 2
    endloop
  endfacet
  facet normal 0 0 1
    outer loop
      vertex -22.5329 27.2376 2
      vertex -25.7201 31.0902 2
      vertex -24.1987 25.769 2
    endloop
  endfacet
  facet normal -0 0 1
    outer loop
      vertex -27.6215 29.4139 2
      vertex -24.1987 25.769 2
      vertex -25.7201 31.0902 2
    endloop
  endfacet
  facet normal 0 0 1
    outer loop
      vertex -24.1987 25.769 2
      vertex -27.6215 29.4139 2
      vertex -25.769 24.1987 2
    endloop
  endfacet
  facet normal -0 0 1
    outer loop
      vertex -29.4139 27.6215 2
      vertex -25.769 24.1987 2
      vertex -27.6215 29.4139 2
    endloop
  endfacet
  facet normal 0 0 1
    outer loop
      vertex -25.769 24.1987 2
      vertex -29.4139 27.6215 2
      vertex -27.2376 22.5329 2
    endloop
  endfacet
  facet normal -0 0 1
    outer loop
      vertex -31.0902 25.7201 2
      vertex -27.2376 22.5329 2
      vertex -29.4139 27.6215 2
    endloop
  endfacet
  facet normal 0 0 1
    outer loop
      vertex -27.2376 22.5329 2
      vertex -31.0902 25.7201 2
      vertex -28.5988 20.7782 2
    endloop
  endfacet
  facet normal -0 0 1
    outer loop
      vertex -32.6438 23.7171 2
      vertex -28.5988 20.7782 2
      vertex -31.0902 25.7201 2
    endloop
  endfacet
  facet normal 0 0 1
    outer loop
      vertex -28.5988 20.7782 2
      vertex -32.6438 23.7171 2
      vertex -29.847 18.9415 2
    endloop
  endfacet
  facet normal -0 0 1
    outer loop
      vertex -34.0686 21.6206 2
      vertex -29.847 18.9415 2
      vertex -32.6438 23.7171 2
    endloop
  endfacet
  facet normal 0 0 1
    outer loop
      vertex -29.847 18.9415 2
      vertex -34.0686 21.6206 2
      vertex -30.9774 17.03 2
    endloop
  endfacet
  facet normal -0 0 1
    outer loop
      vertex -35.359 19.4388 2
      vertex -30.9774 17.03 2
      vertex -34.0686 21.6206 2
    endloop
  endfacet
  facet normal 0 0 1
    outer loop
      vertex -30.9774 17.03 2
      vertex -35.359 19.4388 2
      vertex -31.9856 15.0513 2
    endloop
  endfacet
  facet normal -0 0 1
    outer loop
      vertex -36.5098 17.1802 2
      vertex -31.9856 15.0513 2
      vertex -35.359 19.4388 2
    endloop
  endfacet
  facet normal 0 0 1
    outer loop
      vertex -31.9856 15.0513 2
      vertex -36.5098 17.1802 2
      vertex -32.8676 13.0132 2
    endloop
  endfacet
  facet normal -0 0 1
    outer loop
      vertex -37.5165 14.8538 2
      vertex -32.8676 13.0132 2
      vertex -36.5098 17.1802 2
    endloop
  endfacet
  facet normal 0 0 1
    outer loop
      vertex -32.8676 13.0132 2
      vertex -37.5165 14.8538 2
      vertex -33.6198 10.9237 2
    endloop
  endfacet
  facet normal -0 0 1
    outer loop
      vertex -38.3751 12.4688 2
      vertex -33.6198 10.9237 2
      vertex -37.5165 14.8538 2
    endloop
  endfacet
  facet normal -0 0 1
    outer loop
      vertex -39.0823 10.0346 2
      vertex -34.2394 8.79119 2
      vertex -38.3751 12.4688 2
    endloop
  endfacet
  facet normal 0 0 1
    outer loop
      vertex -33.6198 10.9237 2
      vertex -38.3751 12.4688 2
      vertex -34.2394 8.79119 2
    endloop
  endfacet
  facet normal 0 0 1
    outer loop
      vertex -4 40.1318 2
      vertex 4 40.1318 2
      vertex 4 40.35 2
    endloop
  endfacet
  facet normal 0 0 1
    outer loop
      vertex 4 40.1318 2
      vertex -4 40.1318 2
      vertex 4 35.1119 2
    endloop
  endfacet
  facet normal 0 0 1
    outer loop
      vertex 4 35.1119 2
      vertex -4 35.1119 2
      vertex 4 22.1275 2
    endloop
  endfacet
  facet normal 0 0 1
    outer loop
      vertex -4 22.1275 2
      vertex 4 22.1275 2
      vertex -4 35.1119 2
    endloop
  endfacet
  facet normal 0 0 1
    outer loop
      vertex -4 17.0334 2
      vertex 4 17.0334 2
      vertex -4 22.1275 2
    endloop
  endfacet
  facet normal 0 0 1
    outer loop
      vertex 4 4 2
      vertex 3.95075 0.625737 2
      vertex 4 0 2
    endloop
  endfacet
  facet normal 0 0 1
    outer loop
      vertex 4 4 2
      vertex 3.80423 1.23607 2
      vertex 3.95075 0.625737 2
    endloop
  endfacet
  facet normal 0 0 1
    outer loop
      vertex 4 4 2
      vertex 3.56403 1.81596 2
      vertex 3.80423 1.23607 2
    endloop
  endfacet
  facet normal 0 0 1
    outer loop
      vertex 4 4 2
      vertex 3.23607 2.35114 2
      vertex 3.56403 1.81596 2
    endloop
  endfacet
  facet normal 0 0 1
    outer loop
      vertex 4 4 2
      vertex 2.82843 2.82843 2
      vertex 3.23607 2.35114 2
    endloop
  endfacet
  facet normal 0 -0 1
    outer loop
      vertex 0 4 2
      vertex 4 17.0334 2
      vertex -4 17.0334 2
    endloop
  endfacet
  facet normal 0 0 1
    outer loop
      vertex 4 17.0334 2
      vertex 0.625737 3.95075 2
      vertex 4 4 2
    endloop
  endfacet
  facet normal 0 0 1
    outer loop
      vertex 4 4 2
      vertex 2.35114 3.23607 2
      vertex 2.82843 2.82843 2
    endloop
  endfacet
  facet normal 0 0 1
    outer loop
      vertex 4 4 2
      vertex 1.81596 3.56403 2
      vertex 2.35114 3.23607 2
    endloop
  endfacet
  facet normal 0 0 1
    outer loop
      vertex 4 4 2
      vertex 1.23607 3.80423 2
      vertex 1.81596 3.56403 2
    endloop
  endfacet
  facet normal 0 0 1
    outer loop
      vertex 4 17.0334 2
      vertex 0 4 2
      vertex 0.625737 3.95075 2
    endloop
  endfacet
  facet normal 0 0 1
    outer loop
      vertex 0 4 2
      vertex -4 17.0334 2
      vertex -0.625737 3.95075 2
    endloop
  endfacet
  facet normal -0 0 1
    outer loop
      vertex -4 4 2
      vertex -0.625737 3.95075 2
      vertex -4 17.0334 2
    endloop
  endfacet
  facet normal 0 0 1
    outer loop
      vertex -0.625737 3.95075 2
      vertex -4 4 2
      vertex -1.23607 3.80423 2
    endloop
  endfacet
  facet normal 0 0 1
    outer loop
      vertex -1.23607 3.80423 2
      vertex -4 4 2
      vertex -1.81596 3.56403 2
    endloop
  endfacet
  facet normal 0 0 1
    outer loop
      vertex -1.81596 3.56403 2
      vertex -4 4 2
      vertex -2.35114 3.23607 2
    endloop
  endfacet
  facet normal 0 0 1
    outer loop
      vertex -2.35114 3.23607 2
      vertex -4 4 2
      vertex -2.82843 2.82843 2
    endloop
  endfacet
  facet normal 0 0 1
    outer loop
      vertex -2.82843 2.82843 2
      vertex -4 4 2
      vertex -3.23607 2.35114 2
    endloop
  endfacet
  facet normal 0 0 1
    outer loop
      vertex -3.56403 1.81596 2
      vertex -4 4 2
      vertex -3.80423 1.23607 2
    endloop
  endfacet
  facet normal 0 0 1
    outer loop
      vertex -4 40.1318 2
      vertex 4 40.35 2
      vertex -4 40.35 2
    endloop
  endfacet
  facet normal 0 0 1
    outer loop
      vertex 4 35.1119 2
      vertex -4 40.1318 2
      vertex -4 35.1119 2
    endloop
  endfacet
  facet normal 0 0 1
    outer loop
      vertex 4 22.1275 2
      vertex -4 22.1275 2
      vertex 4 17.0334 2
    endloop
  endfacet
  facet normal 0 0 1
    outer loop
      vertex 4 4 2
      vertex 0.625737 3.95075 2
      vertex 1.23607 3.80423 2
    endloop
  endfacet
  facet normal 0 0 1
    outer loop
      vertex -3.23607 2.35114 2
      vertex -4 4 2
      vertex -3.56403 1.81596 2
    endloop
  endfacet
  facet normal 0 0 1
    outer loop
      vertex -3.80423 1.23607 2
      vertex -4 4 2
      vertex -3.95075 0.625737 2
    endloop
  endfacet
  facet normal -0 0 1
    outer loop
      vertex -17.0334 4 2
      vertex -3.95075 0.625737 2
      vertex -4 4 2
    endloop
  endfacet
  facet normal 0 0 1
    outer loop
      vertex -3.95075 0.625737 2
      vertex -17.0334 4 2
      vertex -4 0 2
    endloop
  endfacet
  facet normal 0 0 1
    outer loop
      vertex -17.0334 -4 2
      vertex -4 0 2
      vertex -17.0334 4 2
    endloop
  endfacet
  facet normal 0 0 1
    outer loop
      vertex -4 0 2
      vertex -17.0334 -4 2
      vertex -4 -4 2
    endloop
  endfacet
  facet normal 0 0 1
    outer loop
      vertex 4 0 2
      vertex 17.0334 4 2
      vertex 4 4 2
    endloop
  endfacet
  facet normal 0 0 1
    outer loop
      vertex 17.0334 4 2
      vertex 4 0 2
      vertex 17.0334 -4 2
    endloop
  endfacet
  facet normal -0 0 1
    outer loop
      vertex 3.95075 -0.625737 2
      vertex 17.0334 -4 2
      vertex 4 0 2
    endloop
  endfacet
  facet normal 0 0 1
    outer loop
      vertex 17.0334 -4 2
      vertex 3.95075 -0.625737 2
      vertex 4 -4 2
    endloop
  endfacet
  facet normal -0 0 1
    outer loop
      vertex 3.80423 -1.23607 2
      vertex 4 -4 2
      vertex 3.95075 -0.625737 2
    endloop
  endfacet
  facet normal -0 0 1
    outer loop
      vertex 3.56403 -1.81596 2
      vertex 4 -4 2
      vertex 3.80423 -1.23607 2
    endloop
  endfacet
  facet normal -0 0 1
    outer loop
      vertex 3.23607 -2.35114 2
      vertex 4 -4 2
      vertex 3.56403 -1.81596 2
    endloop
  endfacet
  facet normal -0 0 1
    outer loop
      vertex 2.82843 -2.82843 2
      vertex 4 -4 2
      vertex 3.23607 -2.35114 2
    endloop
  endfacet
  facet normal -0 0 1
    outer loop
      vertex 2.35114 -3.23607 2
      vertex 4 -4 2
      vertex 2.82843 -2.82843 2
    endloop
  endfacet
  facet normal -0 0 1
    outer loop
      vertex 1.81596 -3.56403 2
      vertex 4 -4 2
      vertex 2.35114 -3.23607 2
    endloop
  endfacet
  facet normal -0 0 1
    outer loop
      vertex 1.23607 -3.80423 2
      vertex 4 -4 2
      vertex 1.81596 -3.56403 2
    endloop
  endfacet
  facet normal 0 0 1
    outer loop
      vertex -4 -22.1275 2
      vertex 4 -22.1275 2
      vertex -4 -17.0334 2
    endloop
  endfacet
  facet normal 0 0 1
    outer loop
      vertex -4 -35.1119 2
      vertex 4 -35.1119 2
      vertex -4 -22.1275 2
    endloop
  endfacet
  facet normal -0 0 1
    outer loop
      vertex 0.625737 -3.95075 2
      vertex 4 -4 2
      vertex 1.23607 -3.80423 2
    endloop
  endfacet
  facet normal 0 0 1
    outer loop
      vertex 4 -4 2
      vertex 0.625737 -3.95075 2
      vertex 4 -17.0334 2
    endloop
  endfacet
  facet normal 0 0 1
    outer loop
      vertex 4 -17.0334 2
      vertex -4 -17.0334 2
      vertex 4 -22.1275 2
    endloop
  endfacet
  facet normal -0 0 1
    outer loop
      vertex 0 -4 2
      vertex 4 -17.0334 2
      vertex 0.625737 -3.95075 2
    endloop
  endfacet
  facet normal 0 0 1
    outer loop
      vertex 4 -17.0334 2
      vertex 0 -4 2
      vertex -4 -17.0334 2
    endloop
  endfacet
  facet normal 0 0 1
    outer loop
      vertex -4 -17.0334 2
      vertex 0 -4 2
      vertex -0.625737 -3.95075 2
    endloop
  endfacet
  facet normal 0 0 1
    outer loop
      vertex -4 -4 2
      vertex -0.625737 -3.95075 2
      vertex -1.23607 -3.80423 2
    endloop
  endfacet
  facet normal 0 0 1
    outer loop
      vertex -4 -4 2
      vertex -1.23607 -3.80423 2
      vertex -1.81596 -3.56403 2
    endloop
  endfacet
  facet normal 0 0 1
    outer loop
      vertex -4 -4 2
      vertex -1.81596 -3.56403 2
      vertex -2.35114 -3.23607 2
    endloop
  endfacet
  facet normal 0 0 1
    outer loop
      vertex -4 -4 2
      vertex -2.35114 -3.23607 2
      vertex -2.82843 -2.82843 2
    endloop
  endfacet
  facet normal 0 0 1
    outer loop
      vertex -4 -4 2
      vertex -2.82843 -2.82843 2
      vertex -3.23607 -2.35114 2
    endloop
  endfacet
  facet normal 0 0 1
    outer loop
      vertex -4 -4 2
      vertex -3.23607 -2.35114 2
      vertex -3.56403 -1.81596 2
    endloop
  endfacet
  facet normal 0 0 1
    outer loop
      vertex -4 -4 2
      vertex -3.56403 -1.81596 2
      vertex -3.80423 -1.23607 2
    endloop
  endfacet
  facet normal 0 0 1
    outer loop
      vertex -4 -4 2
      vertex -3.80423 -1.23607 2
      vertex -3.95075 -0.625737 2
    endloop
  endfacet
  facet normal 0 0 1
    outer loop
      vertex -4 -4 2
      vertex -3.95075 -0.625737 2
      vertex -4 0 2
    endloop
  endfacet
  facet normal 0 0 1
    outer loop
      vertex -0.625737 -3.95075 2
      vertex -4 -4 2
      vertex -4 -17.0334 2
    endloop
  endfacet
  facet normal 0 0 1
    outer loop
      vertex 4 -22.1275 2
      vertex -4 -22.1275 2
      vertex 4 -35.1119 2
    endloop
  endfacet
  facet normal 0 0 1
    outer loop
      vertex 4 -35.1119 2
      vertex -4 -35.1119 2
      vertex 4 -40.1318 2
    endloop
  endfacet
  facet normal 0 0 1
    outer loop
      vertex -4 -40.1318 2
      vertex 4 -40.1318 2
      vertex -4 -35.1119 2
    endloop
  endfacet
  facet normal 0 0 1
    outer loop
      vertex 4 -40.1318 2
      vertex -4 -40.1318 2
      vertex 4 -40.35 2
    endloop
  endfacet
  facet normal 0 0 1
    outer loop
      vertex 4 -40.35 2
      vertex -4 -40.1318 2
      vertex -4 -40.35 2
    endloop
  endfacet
  facet normal -0 0 1
    outer loop
      vertex 22.1275 4 2
      vertex 35.1119 -4 2
      vertex 35.1119 4 2
    endloop
  endfacet
  facet normal 0 0 1
    outer loop
      vertex 22.1275 4 2
      vertex 22.1275 -4 2
      vertex 35.1119 -4 2
    endloop
  endfacet
  facet normal 0 0 1
    outer loop
      vertex 17.0334 4 2
      vertex 22.1275 4 2
      vertex 21.8783 5.25252 2
    endloop
  endfacet
  facet normal 0 0 1
    outer loop
      vertex 22.1275 4 2
      vertex 17.0334 4 2
      vertex 22.1275 -4 2
    endloop
  endfacet
  facet normal 0 0 1
    outer loop
      vertex 17.0165 4.08529 2
      vertex 21.8783 5.25252 2
      vertex 21.3988 6.95288 2
    endloop
  endfacet
  facet normal 0 0 1
    outer loop
      vertex 17.0334 -4 2
      vertex 22.1275 -4 2
      vertex 17.0334 4 2
    endloop
  endfacet
  facet normal 0 0 1
    outer loop
      vertex 16.6435 5.4078 2
      vertex 21.3988 6.95288 2
      vertex 20.7873 8.61038 2
    endloop
  endfacet
  facet normal 0 0 1
    outer loop
      vertex 22.1275 -4 2
      vertex 17.0334 -4 2
      vertex 21.8783 -5.25252 2
    endloop
  endfacet
  facet normal 0 0 1
    outer loop
      vertex 16.1679 6.69696 2
      vertex 20.7873 8.61038 2
      vertex 20.0476 10.2148 2
    endloop
  endfacet
  facet normal -0 0 1
    outer loop
      vertex 17.0165 -4.08529 2
      vertex 21.8783 -5.25252 2
      vertex 17.0334 -4 2
    endloop
  endfacet
  facet normal 0 0 1
    outer loop
      vertex 15.5926 7.94483 2
      vertex 20.0476 10.2148 2
      vertex 19.1844 11.7562 2
    endloop
  endfacet
  facet normal 0 0 1
    outer loop
      vertex 21.8783 -5.25252 2
      vertex 17.0165 -4.08529 2
      vertex 21.3988 -6.95288 2
    endloop
  endfacet
  facet normal 0 0 1
    outer loop
      vertex 14.9212 9.14372 2
      vertex 19.1844 11.7562 2
      vertex 18.2029 13.2252 2
    endloop
  endfacet
  facet normal -0 0 1
    outer loop
      vertex 16.6435 -5.4078 2
      vertex 21.3988 -6.95288 2
      vertex 17.0165 -4.08529 2
    endloop
  endfacet
  facet normal 0 0 1
    outer loop
      vertex 14.1578 10.2862 2
      vertex 18.2029 13.2252 2
      vertex 17.1091 14.6126 2
    endloop
  endfacet
  facet normal 0 0 1
    outer loop
      vertex 21.3988 -6.95288 2
      vertex 16.6435 -5.4078 2
      vertex 20.7873 -8.61038 2
    endloop
  endfacet
  facet normal -0 0 1
    outer loop
      vertex 16.1679 -6.69696 2
      vertex 20.7873 -8.61038 2
      vertex 16.6435 -5.4078 2
    endloop
  endfacet
  facet normal 0 0 1
    outer loop
      vertex 21.8783 5.25252 2
      vertex 17.0165 4.08529 2
      vertex 17.0334 4 2
    endloop
  endfacet
  facet normal 0 0 1
    outer loop
      vertex 21.3988 6.95288 2
      vertex 16.6435 5.4078 2
      vertex 17.0165 4.08529 2
    endloop
  endfacet
  facet normal 0 0 1
    outer loop
      vertex 20.7873 8.61038 2
      vertex 16.1679 6.69696 2
      vertex 16.6435 5.4078 2
    endloop
  endfacet
  facet normal 0 0 1
    outer loop
      vertex 13.3071 11.3653 2
      vertex 17.1091 14.6126 2
      vertex 15.9099 15.9099 2
    endloop
  endfacet
  facet normal 0 0 1
    outer loop
      vertex 20.0476 10.2148 2
      vertex 15.5926 7.94483 2
      vertex 16.1679 6.69696 2
    endloop
  endfacet
  facet normal 0 0 1
    outer loop
      vertex 19.1844 11.7562 2
      vertex 14.9212 9.14372 2
      vertex 15.5926 7.94483 2
    endloop
  endfacet
  facet normal 0 0 1
    outer loop
      vertex 12.3744 12.3744 2
      vertex 15.9099 15.9099 2
      vertex 14.6126 17.1091 2
    endloop
  endfacet
  facet normal 0 0 1
    outer loop
      vertex 18.2029 13.2252 2
      vertex 14.1578 10.2862 2
      vertex 14.9212 9.14372 2
    endloop
  endfacet
  facet normal 0 0 1
    outer loop
      vertex 17.1091 14.6126 2
      vertex 13.3071 11.3653 2
      vertex 14.1578 10.2862 2
    endloop
  endfacet
  facet normal 0 0 1
    outer loop
      vertex 11.3653 13.3071 2
      vertex 14.6126 17.1091 2
      vertex 13.2252 18.2029 2
    endloop
  endfacet
  facet normal 0 0 1
    outer loop
      vertex 15.9099 15.9099 2
      vertex 12.3744 12.3744 2
      vertex 13.3071 11.3653 2
    endloop
  endfacet
  facet normal 0 0 1
    outer loop
      vertex 10.2862 14.1578 2
      vertex 13.2252 18.2029 2
      vertex 11.7562 19.1844 2
    endloop
  endfacet
  facet normal 0 0 1
    outer loop
      vertex 14.6126 17.1091 2
      vertex 11.3653 13.3071 2
      vertex 12.3744 12.3744 2
    endloop
  endfacet
  facet normal 0 0 1
    outer loop
      vertex 13.2252 18.2029 2
      vertex 10.2862 14.1578 2
      vertex 11.3653 13.3071 2
    endloop
  endfacet
  facet normal 0 0 1
    outer loop
      vertex 9.14372 14.9212 2
      vertex 11.7562 19.1844 2
      vertex 10.2148 20.0476 2
    endloop
  endfacet
  facet normal 0 0 1
    outer loop
      vertex 11.7562 19.1844 2
      vertex 9.14372 14.9212 2
      vertex 10.2862 14.1578 2
    endloop
  endfacet
  facet normal 0 0 1
    outer loop
      vertex 7.94483 15.5926 2
      vertex 10.2148 20.0476 2
      vertex 8.61038 20.7873 2
    endloop
  endfacet
  facet normal 0 0 1
    outer loop
      vertex 10.2148 20.0476 2
      vertex 7.94483 15.5926 2
      vertex 9.14372 14.9212 2
    endloop
  endfacet
  facet normal 0 0 1
    outer loop
      vertex 6.69696 16.1679 2
      vertex 8.61038 20.7873 2
      vertex 6.95288 21.3988 2
    endloop
  endfacet
  facet normal 0 0 1
    outer loop
      vertex 8.61038 20.7873 2
      vertex 6.69696 16.1679 2
      vertex 7.94483 15.5926 2
    endloop
  endfacet
  facet normal 0 0 1
    outer loop
      vertex 6.95288 21.3988 2
      vertex 5.4078 16.6435 2
      vertex 6.69696 16.1679 2
    endloop
  endfacet
  facet normal 0 0 1
    outer loop
      vertex 5.25252 21.8783 2
      vertex 5.4078 16.6435 2
      vertex 6.95288 21.3988 2
    endloop
  endfacet
  facet normal 0 0 1
    outer loop
      vertex 5.25252 21.8783 2
      vertex 4.08529 17.0165 2
      vertex 5.4078 16.6435 2
    endloop
  endfacet
  facet normal 0 0 1
    outer loop
      vertex 4 17.0334 2
      vertex 5.25252 21.8783 2
      vertex 4 22.1275 2
    endloop
  endfacet
  facet normal 0 0 1
    outer loop
      vertex 5.25252 21.8783 2
      vertex 4 17.0334 2
      vertex 4.08529 17.0165 2
    endloop
  endfacet
  facet normal -0 0 1
    outer loop
      vertex 40.1318 4 2
      vertex 40.35 -4 2
      vertex 40.35 4 2
    endloop
  endfacet
  facet normal 0 0 1
    outer loop
      vertex 40.1318 4 2
      vertex 40.1318 -4 2
      vertex 40.35 -4 2
    endloop
  endfacet
  facet normal 0 0 1
    outer loop
      vertex 35.1119 4 2
      vertex 40.1318 4 2
      vertex 40.0318 5.0572 2
    endloop
  endfacet
  facet normal 0 0 1
    outer loop
      vertex 40.1318 4 2
      vertex 35.1119 4 2
      vertex 40.1318 -4 2
    endloop
  endfacet
  facet normal 0 0 1
    outer loop
      vertex 35.0713 4.43053 2
      vertex 40.0318 5.0572 2
      vertex 39.6353 7.56084 2
    endloop
  endfacet
  facet normal 0 0 1
    outer loop
      vertex 35.1119 -4 2
      vertex 40.1318 -4 2
      vertex 35.1119 4 2
    endloop
  endfacet
  facet normal 0 0 1
    outer loop
      vertex 34.7239 6.62393 2
      vertex 39.6353 7.56084 2
      vertex 39.0823 10.0346 2
    endloop
  endfacet
  facet normal 0 0 1
    outer loop
      vertex 40.1318 -4 2
      vertex 35.1119 -4 2
      vertex 40.0318 -5.0572 2
    endloop
  endfacet
  facet normal 0 0 1
    outer loop
      vertex 34.2394 8.79119 2
      vertex 39.0823 10.0346 2
      vertex 38.3751 12.4688 2
    endloop
  endfacet
  facet normal -0 0 1
    outer loop
      vertex 35.0713 -4.43053 2
      vertex 40.0318 -5.0572 2
      vertex 35.1119 -4 2
    endloop
  endfacet
  facet normal 0 0 1
    outer loop
      vertex 33.6198 10.9237 2
      vertex 38.3751 12.4688 2
      vertex 37.5165 14.8538 2
    endloop
  endfacet
  facet normal 0 0 1
    outer loop
      vertex 40.0318 -5.0572 2
      vertex 35.0713 -4.43053 2
      vertex 39.6353 -7.56084 2
    endloop
  endfacet
  facet normal 0 0 1
    outer loop
      vertex 32.8676 13.0132 2
      vertex 37.5165 14.8538 2
      vertex 36.5098 17.1802 2
    endloop
  endfacet
  facet normal -0 0 1
    outer loop
      vertex 34.7239 -6.62393 2
      vertex 39.6353 -7.56084 2
      vertex 35.0713 -4.43053 2
    endloop
  endfacet
  facet normal 0 0 1
    outer loop
      vertex 31.9856 15.0513 2
      vertex 36.5098 17.1802 2
      vertex 35.359 19.4388 2
    endloop
  endfacet
  facet normal 0 0 1
    outer loop
      vertex 39.6353 -7.56084 2
      vertex 34.7239 -6.62393 2
      vertex 39.0823 -10.0346 2
    endloop
  endfacet
  facet normal -0 0 1
    outer loop
      vertex 34.2394 -8.79119 2
      vertex 39.0823 -10.0346 2
      vertex 34.7239 -6.62393 2
    endloop
  endfacet
  facet normal 0 0 1
    outer loop
      vertex 40.0318 5.0572 2
      vertex 35.0713 4.43053 2
      vertex 35.1119 4 2
    endloop
  endfacet
  facet normal 0 0 1
    outer loop
      vertex 39.6353 7.56084 2
      vertex 34.7239 6.62393 2
      vertex 35.0713 4.43053 2
    endloop
  endfacet
  facet normal 0 0 1
    outer loop
      vertex 39.0823 10.0346 2
      vertex 34.2394 8.79119 2
      vertex 34.7239 6.62393 2
    endloop
  endfacet
  facet normal 0 0 1
    outer loop
      vertex 30.9774 17.03 2
      vertex 35.359 19.4388 2
      vertex 34.0686 21.6206 2
    endloop
  endfacet
  facet normal 0 0 1
    outer loop
      vertex 38.3751 12.4688 2
      vertex 33.6198 10.9237 2
      vertex 34.2394 8.79119 2
    endloop
  endfacet
  facet normal 0 0 1
    outer loop
      vertex 37.5165 14.8538 2
      vertex 32.8676 13.0132 2
      vertex 33.6198 10.9237 2
    endloop
  endfacet
  facet normal 0 0 1
    outer loop
      vertex 29.847 18.9415 2
      vertex 34.0686 21.6206 2
      vertex 32.6438 23.7171 2
    endloop
  endfacet
  facet normal 0 0 1
    outer loop
      vertex 36.5098 17.1802 2
      vertex 31.9856 15.0513 2
      vertex 32.8676 13.0132 2
    endloop
  endfacet
  facet normal 0 0 1
    outer loop
      vertex 28.5988 20.7782 2
      vertex 32.6438 23.7171 2
      vertex 31.0902 25.7201 2
    endloop
  endfacet
  facet normal 0 0 1
    outer loop
      vertex 35.359 19.4388 2
      vertex 30.9774 17.03 2
      vertex 31.9856 15.0513 2
    endloop
  endfacet
  facet normal 0 0 1
    outer loop
      vertex 34.0686 21.6206 2
      vertex 29.847 18.9415 2
      vertex 30.9774 17.03 2
    endloop
  endfacet
  facet normal 0 0 1
    outer loop
      vertex 27.2376 22.5329 2
      vertex 31.0902 25.7201 2
      vertex 29.4139 27.6215 2
    endloop
  endfacet
  facet normal 0 0 1
    outer loop
      vertex 32.6438 23.7171 2
      vertex 28.5988 20.7782 2
      vertex 29.847 18.9415 2
    endloop
  endfacet
  facet normal 0 0 1
    outer loop
      vertex 25.769 24.1987 2
      vertex 29.4139 27.6215 2
      vertex 27.6215 29.4139 2
    endloop
  endfacet
  facet normal 0 0 1
    outer loop
      vertex 31.0902 25.7201 2
      vertex 27.2376 22.5329 2
      vertex 28.5988 20.7782 2
    endloop
  endfacet
  facet normal 0 0 1
    outer loop
      vertex 29.4139 27.6215 2
      vertex 25.769 24.1987 2
      vertex 27.2376 22.5329 2
    endloop
  endfacet
  facet normal 0 0 1
    outer loop
      vertex 24.1987 25.769 2
      vertex 27.6215 29.4139 2
      vertex 25.7201 31.0902 2
    endloop
  endfacet
  facet normal 0 0 1
    outer loop
      vertex 27.6215 29.4139 2
      vertex 24.1987 25.769 2
      vertex 25.769 24.1987 2
    endloop
  endfacet
  facet normal 0 0 1
    outer loop
      vertex 22.5329 27.2376 2
      vertex 25.7201 31.0902 2
      vertex 23.7171 32.6438 2
    endloop
  endfacet
  facet normal 0 0 1
    outer loop
      vertex 25.7201 31.0902 2
      vertex 22.5329 27.2376 2
      vertex 24.1987 25.769 2
    endloop
  endfacet
  facet normal 0 0 1
    outer loop
      vertex 20.7782 28.5988 2
      vertex 23.7171 32.6438 2
      vertex 21.6206 34.0686 2
    endloop
  endfacet
  facet normal 0 0 1
    outer loop
      vertex 23.7171 32.6438 2
      vertex 20.7782 28.5988 2
      vertex 22.5329 27.2376 2
    endloop
  endfacet
  facet normal 0 0 1
    outer loop
      vertex 18.9415 29.847 2
      vertex 21.6206 34.0686 2
      vertex 19.4388 35.359 2
    endloop
  endfacet
  facet normal 0 0 1
    outer loop
      vertex 21.6206 34.0686 2
      vertex 18.9415 29.847 2
      vertex 20.7782 28.5988 2
    endloop
  endfacet
  facet normal 0 0 1
    outer loop
      vertex 17.03 30.9774 2
      vertex 19.4388 35.359 2
      vertex 17.1802 36.5098 2
    endloop
  endfacet
  facet normal 0 0 1
    outer loop
      vertex 19.4388 35.359 2
      vertex 17.03 30.9774 2
      vertex 18.9415 29.847 2
    endloop
  endfacet
  facet normal 0 0 1
    outer loop
      vertex 17.1802 36.5098 2
      vertex 15.0513 31.9856 2
      vertex 17.03 30.9774 2
    endloop
  endfacet
  facet normal 0 0 1
    outer loop
      vertex 14.8538 37.5165 2
      vertex 15.0513 31.9856 2
      vertex 17.1802 36.5098 2
    endloop
  endfacet
  facet normal 0 0 1
    outer loop
      vertex 14.8538 37.5165 2
      vertex 13.0132 32.8676 2
      vertex 15.0513 31.9856 2
    endloop
  endfacet
  facet normal 0 0 1
    outer loop
      vertex 12.4688 38.3751 2
      vertex 13.0132 32.8676 2
      vertex 14.8538 37.5165 2
    endloop
  endfacet
  facet normal 0 0 1
    outer loop
      vertex 12.4688 38.3751 2
      vertex 10.9237 33.6198 2
      vertex 13.0132 32.8676 2
    endloop
  endfacet
  facet normal 0 0 1
    outer loop
      vertex 10.0346 39.0823 2
      vertex 10.9237 33.6198 2
      vertex 12.4688 38.3751 2
    endloop
  endfacet
  facet normal 0 0 1
    outer loop
      vertex 10.0346 39.0823 2
      vertex 8.79119 34.2394 2
      vertex 10.9237 33.6198 2
    endloop
  endfacet
  facet normal 0 0 1
    outer loop
      vertex 7.56084 39.6353 2
      vertex 8.79119 34.2394 2
      vertex 10.0346 39.0823 2
    endloop
  endfacet
  facet normal 0 0 1
    outer loop
      vertex 7.56084 39.6353 2
      vertex 6.62393 34.7239 2
      vertex 8.79119 34.2394 2
    endloop
  endfacet
  facet normal 0 0 1
    outer loop
      vertex 5.0572 40.0318 2
      vertex 6.62393 34.7239 2
      vertex 7.56084 39.6353 2
    endloop
  endfacet
  facet normal 0 0 1
    outer loop
      vertex 5.0572 40.0318 2
      vertex 4.43053 35.0713 2
      vertex 6.62393 34.7239 2
    endloop
  endfacet
  facet normal 0 0 1
    outer loop
      vertex 4 35.1119 2
      vertex 5.0572 40.0318 2
      vertex 4 40.1318 2
    endloop
  endfacet
  facet normal 0 0 1
    outer loop
      vertex 5.0572 40.0318 2
      vertex 4 35.1119 2
      vertex 4.43053 35.0713 2
    endloop
  endfacet
  facet normal 0 0 1
    outer loop
      vertex 39.0823 -10.0346 2
      vertex 34.2394 -8.79119 2
      vertex 38.3751 -12.4688 2
    endloop
  endfacet
  facet normal -0 0 1
    outer loop
      vertex 33.6198 -10.9237 2
      vertex 38.3751 -12.4688 2
      vertex 34.2394 -8.79119 2
    endloop
  endfacet
  facet normal 0 0 1
    outer loop
      vertex 38.3751 -12.4688 2
      vertex 33.6198 -10.9237 2
      vertex 37.5165 -14.8538 2
    endloop
  endfacet
  facet normal -0 0 1
    outer loop
      vertex 32.8676 -13.0132 2
      vertex 37.5165 -14.8538 2
      vertex 33.6198 -10.9237 2
    endloop
  endfacet
  facet normal 0 0 1
    outer loop
      vertex 37.5165 -14.8538 2
      vertex 32.8676 -13.0132 2
      vertex 36.5098 -17.1802 2
    endloop
  endfacet
  facet normal -0 0 1
    outer loop
      vertex 31.9856 -15.0513 2
      vertex 36.5098 -17.1802 2
      vertex 32.8676 -13.0132 2
    endloop
  endfacet
  facet normal 0 0 1
    outer loop
      vertex 36.5098 -17.1802 2
      vertex 31.9856 -15.0513 2
      vertex 35.359 -19.4388 2
    endloop
  endfacet
  facet normal -0 0 1
    outer loop
      vertex 30.9774 -17.03 2
      vertex 35.359 -19.4388 2
      vertex 31.9856 -15.0513 2
    endloop
  endfacet
  facet normal 0 0 1
    outer loop
      vertex 35.359 -19.4388 2
      vertex 30.9774 -17.03 2
      vertex 34.0686 -21.6206 2
    endloop
  endfacet
  facet normal -0 0 1
    outer loop
      vertex 29.847 -18.9415 2
      vertex 34.0686 -21.6206 2
      vertex 30.9774 -17.03 2
    endloop
  endfacet
  facet normal 0 0 1
    outer loop
      vertex 34.0686 -21.6206 2
      vertex 29.847 -18.9415 2
      vertex 32.6438 -23.7171 2
    endloop
  endfacet
  facet normal -0 0 1
    outer loop
      vertex 28.5988 -20.7782 2
      vertex 32.6438 -23.7171 2
      vertex 29.847 -18.9415 2
    endloop
  endfacet
  facet normal 0 0 1
    outer loop
      vertex 32.6438 -23.7171 2
      vertex 28.5988 -20.7782 2
      vertex 31.0902 -25.7201 2
    endloop
  endfacet
  facet normal -0 0 1
    outer loop
      vertex 27.2376 -22.5329 2
      vertex 31.0902 -25.7201 2
      vertex 28.5988 -20.7782 2
    endloop
  endfacet
  facet normal 0 0 1
    outer loop
      vertex 31.0902 -25.7201 2
      vertex 27.2376 -22.5329 2
      vertex 29.4139 -27.6215 2
    endloop
  endfacet
  facet normal -0 0 1
    outer loop
      vertex 25.769 -24.1987 2
      vertex 29.4139 -27.6215 2
      vertex 27.2376 -22.5329 2
    endloop
  endfacet
  facet normal 0 0 1
    outer loop
      vertex 29.4139 -27.6215 2
      vertex 25.769 -24.1987 2
      vertex 27.6215 -29.4139 2
    endloop
  endfacet
  facet normal -0 0 1
    outer loop
      vertex 24.1987 -25.769 2
      vertex 27.6215 -29.4139 2
      vertex 25.769 -24.1987 2
    endloop
  endfacet
  facet normal 0 0 1
    outer loop
      vertex 27.6215 -29.4139 2
      vertex 24.1987 -25.769 2
      vertex 25.7201 -31.0902 2
    endloop
  endfacet
  facet normal -0 0 1
    outer loop
      vertex 22.5329 -27.2376 2
      vertex 25.7201 -31.0902 2
      vertex 24.1987 -25.769 2
    endloop
  endfacet
  facet normal 0 0 1
    outer loop
      vertex 25.7201 -31.0902 2
      vertex 22.5329 -27.2376 2
      vertex 23.7171 -32.6438 2
    endloop
  endfacet
  facet normal -0 0 1
    outer loop
      vertex 20.7782 -28.5988 2
      vertex 23.7171 -32.6438 2
      vertex 22.5329 -27.2376 2
    endloop
  endfacet
  facet normal 0 0 1
    outer loop
      vertex 23.7171 -32.6438 2
      vertex 20.7782 -28.5988 2
      vertex 21.6206 -34.0686 2
    endloop
  endfacet
  facet normal -0 0 1
    outer loop
      vertex 18.9415 -29.847 2
      vertex 21.6206 -34.0686 2
      vertex 20.7782 -28.5988 2
    endloop
  endfacet
  facet normal 0 0 1
    outer loop
      vertex 21.6206 -34.0686 2
      vertex 18.9415 -29.847 2
      vertex 19.4388 -35.359 2
    endloop
  endfacet
  facet normal -0 0 1
    outer loop
      vertex 17.03 -30.9774 2
      vertex 19.4388 -35.359 2
      vertex 18.9415 -29.847 2
    endloop
  endfacet
  facet normal 0 0 1
    outer loop
      vertex 19.4388 -35.359 2
      vertex 17.03 -30.9774 2
      vertex 17.1802 -36.5098 2
    endloop
  endfacet
  facet normal -0 0 1
    outer loop
      vertex 15.0513 -31.9856 2
      vertex 17.1802 -36.5098 2
      vertex 17.03 -30.9774 2
    endloop
  endfacet
  facet normal 0 0 1
    outer loop
      vertex 15.0513 -31.9856 2
      vertex 14.8538 -37.5165 2
      vertex 17.1802 -36.5098 2
    endloop
  endfacet
  facet normal -0 0 1
    outer loop
      vertex 13.0132 -32.8676 2
      vertex 14.8538 -37.5165 2
      vertex 15.0513 -31.9856 2
    endloop
  endfacet
  facet normal 0 0 1
    outer loop
      vertex 13.0132 -32.8676 2
      vertex 12.4688 -38.3751 2
      vertex 14.8538 -37.5165 2
    endloop
  endfacet
  facet normal -0 0 1
    outer loop
      vertex 10.9237 -33.6198 2
      vertex 12.4688 -38.3751 2
      vertex 13.0132 -32.8676 2
    endloop
  endfacet
  facet normal 0 0 1
    outer loop
      vertex 10.9237 -33.6198 2
      vertex 10.0346 -39.0823 2
      vertex 12.4688 -38.3751 2
    endloop
  endfacet
  facet normal -0 0 1
    outer loop
      vertex 8.79119 -34.2394 2
      vertex 10.0346 -39.0823 2
      vertex 10.9237 -33.6198 2
    endloop
  endfacet
  facet normal 0 0 1
    outer loop
      vertex 8.79119 -34.2394 2
      vertex 7.56084 -39.6353 2
      vertex 10.0346 -39.0823 2
    endloop
  endfacet
  facet normal -0 0 1
    outer loop
      vertex 6.62393 -34.7239 2
      vertex 7.56084 -39.6353 2
      vertex 8.79119 -34.2394 2
    endloop
  endfacet
  facet normal 0 0 1
    outer loop
      vertex 6.62393 -34.7239 2
      vertex 5.0572 -40.0318 2
      vertex 7.56084 -39.6353 2
    endloop
  endfacet
  facet normal -0 0 1
    outer loop
      vertex 4.43053 -35.0713 2
      vertex 5.0572 -40.0318 2
      vertex 6.62393 -34.7239 2
    endloop
  endfacet
  facet normal -0 0 1
    outer loop
      vertex 4 -35.1119 2
      vertex 5.0572 -40.0318 2
      vertex 4.43053 -35.0713 2
    endloop
  endfacet
  facet normal 0 0 1
    outer loop
      vertex 5.0572 -40.0318 2
      vertex 4 -35.1119 2
      vertex 4 -40.1318 2
    endloop
  endfacet
  facet normal 0 0 1
    outer loop
      vertex 20.7873 -8.61038 2
      vertex 16.1679 -6.69696 2
      vertex 20.0476 -10.2148 2
    endloop
  endfacet
  facet normal -0 0 1
    outer loop
      vertex 15.5926 -7.94483 2
      vertex 20.0476 -10.2148 2
      vertex 16.1679 -6.69696 2
    endloop
  endfacet
  facet normal 0 0 1
    outer loop
      vertex 20.0476 -10.2148 2
      vertex 15.5926 -7.94483 2
      vertex 19.1844 -11.7562 2
    endloop
  endfacet
  facet normal -0 0 1
    outer loop
      vertex 14.9212 -9.14372 2
      vertex 19.1844 -11.7562 2
      vertex 15.5926 -7.94483 2
    endloop
  endfacet
  facet normal 0 0 1
    outer loop
      vertex 19.1844 -11.7562 2
      vertex 14.9212 -9.14372 2
      vertex 18.2029 -13.2252 2
    endloop
  endfacet
  facet normal -0 0 1
    outer loop
      vertex 14.1578 -10.2862 2
      vertex 18.2029 -13.2252 2
      vertex 14.9212 -9.14372 2
    endloop
  endfacet
  facet normal 0 0 1
    outer loop
      vertex 18.2029 -13.2252 2
      vertex 14.1578 -10.2862 2
      vertex 17.1091 -14.6126 2
    endloop
  endfacet
  facet normal -0 0 1
    outer loop
      vertex 13.3071 -11.3653 2
      vertex 17.1091 -14.6126 2
      vertex 14.1578 -10.2862 2
    endloop
  endfacet
  facet normal 0 0 1
    outer loop
      vertex 17.1091 -14.6126 2
      vertex 13.3071 -11.3653 2
      vertex 15.9099 -15.9099 2
    endloop
  endfacet
  facet normal -0 0 1
    outer loop
      vertex 12.3744 -12.3744 2
      vertex 15.9099 -15.9099 2
      vertex 13.3071 -11.3653 2
    endloop
  endfacet
  facet normal 0 0 1
    outer loop
      vertex 15.9099 -15.9099 2
      vertex 12.3744 -12.3744 2
      vertex 14.6126 -17.1091 2
    endloop
  endfacet
  facet normal -0 0 1
    outer loop
      vertex 11.3653 -13.3071 2
      vertex 14.6126 -17.1091 2
      vertex 12.3744 -12.3744 2
    endloop
  endfacet
  facet normal 0 0 1
    outer loop
      vertex 14.6126 -17.1091 2
      vertex 11.3653 -13.3071 2
      vertex 13.2252 -18.2029 2
    endloop
  endfacet
  facet normal -0 0 1
    outer loop
      vertex 10.2862 -14.1578 2
      vertex 13.2252 -18.2029 2
      vertex 11.3653 -13.3071 2
    endloop
  endfacet
  facet normal 0 0 1
    outer loop
      vertex 13.2252 -18.2029 2
      vertex 10.2862 -14.1578 2
      vertex 11.7562 -19.1844 2
    endloop
  endfacet
  facet normal -0 0 1
    outer loop
      vertex 9.14372 -14.9212 2
      vertex 11.7562 -19.1844 2
      vertex 10.2862 -14.1578 2
    endloop
  endfacet
  facet normal 0 0 1
    outer loop
      vertex 11.7562 -19.1844 2
      vertex 9.14372 -14.9212 2
      vertex 10.2148 -20.0476 2
    endloop
  endfacet
  facet normal -0 0 1
    outer loop
      vertex 7.94483 -15.5926 2
      vertex 10.2148 -20.0476 2
      vertex 9.14372 -14.9212 2
    endloop
  endfacet
  facet normal 0 0 1
    outer loop
      vertex 10.2148 -20.0476 2
      vertex 7.94483 -15.5926 2
      vertex 8.61038 -20.7873 2
    endloop
  endfacet
  facet normal -0 0 1
    outer loop
      vertex 6.69696 -16.1679 2
      vertex 8.61038 -20.7873 2
      vertex 7.94483 -15.5926 2
    endloop
  endfacet
  facet normal 0 0 1
    outer loop
      vertex 8.61038 -20.7873 2
      vertex 6.69696 -16.1679 2
      vertex 6.95288 -21.3988 2
    endloop
  endfacet
  facet normal -0 0 1
    outer loop
      vertex 5.4078 -16.6435 2
      vertex 6.95288 -21.3988 2
      vertex 6.69696 -16.1679 2
    endloop
  endfacet
  facet normal 0 0 1
    outer loop
      vertex 5.4078 -16.6435 2
      vertex 5.25252 -21.8783 2
      vertex 6.95288 -21.3988 2
    endloop
  endfacet
  facet normal -0 0 1
    outer loop
      vertex 4.08529 -17.0165 2
      vertex 5.25252 -21.8783 2
      vertex 5.4078 -16.6435 2
    endloop
  endfacet
  facet normal -0 0 1
    outer loop
      vertex 4 -17.0334 2
      vertex 5.25252 -21.8783 2
      vertex 4.08529 -17.0165 2
    endloop
  endfacet
  facet normal 0 0 1
    outer loop
      vertex 5.25252 -21.8783 2
      vertex 4 -17.0334 2
      vertex 4 -22.1275 2
    endloop
  endfacet
  facet normal -0.612886 -0.790171 0
    outer loop
      vertex -25.7201 -31.0902 0
      vertex -23.7171 -32.6438 2
      vertex -25.7201 -31.0902 2
    endloop
  endfacet
  facet normal -0.612886 -0.790171 -0
    outer loop
      vertex -23.7171 -32.6438 2
      vertex -25.7201 -31.0902 0
      vertex -23.7171 -32.6438 0
    endloop
  endfacet
  facet normal 0.79013 0.612939 0
    outer loop
      vertex -27.2376 -22.5329 2
      vertex -28.5988 -20.7782 0
      vertex -28.5988 -20.7782 2
    endloop
  endfacet
  facet normal 0.79013 0.612939 0
    outer loop
      vertex -28.5988 -20.7782 0
      vertex -27.2376 -22.5329 2
      vertex -27.2376 -22.5329 0
    endloop
  endfacet
  facet normal -0.995583 -0.0938858 0
    outer loop
      vertex 35.1119 4 0
      vertex 35.0713 4.43053 2
      vertex 35.0713 4.43053 0
    endloop
  endfacet
  facet normal -0.995583 -0.0938858 0
    outer loop
      vertex 35.0713 4.43053 2
      vertex 35.1119 4 0
      vertex 35.1119 4 2
    endloop
  endfacet
  facet normal -0.987688 -0.156434 0
    outer loop
      vertex 35.0713 4.43053 0
      vertex 34.7239 6.62393 2
      vertex 34.7239 6.62393 0
    endloop
  endfacet
  facet normal -0.987688 -0.156434 0
    outer loop
      vertex 34.7239 6.62393 2
      vertex 35.0713 4.43053 0
      vertex 35.0713 4.43053 2
    endloop
  endfacet
  facet normal -0.975911 -0.218169 0
    outer loop
      vertex 34.7239 6.62393 0
      vertex 34.2394 8.79119 2
      vertex 34.2394 8.79119 0
    endloop
  endfacet
  facet normal -0.975911 -0.218169 0
    outer loop
      vertex 34.2394 8.79119 2
      vertex 34.7239 6.62393 0
      vertex 34.7239 6.62393 2
    endloop
  endfacet
  facet normal 0.612939 -0.79013 0
    outer loop
      vertex -22.5329 27.2376 0
      vertex -20.7782 28.5988 2
      vertex -22.5329 27.2376 2
    endloop
  endfacet
  facet normal 0.612939 -0.79013 0
    outer loop
      vertex -20.7782 28.5988 2
      vertex -22.5329 27.2376 0
      vertex -20.7782 28.5988 0
    endloop
  endfacet
  facet normal -0.156434 -0.987688 0
    outer loop
      vertex 4.43053 35.0713 0
      vertex 6.62393 34.7239 2
      vertex 4.43053 35.0713 2
    endloop
  endfacet
  facet normal -0.156434 -0.987688 -0
    outer loop
      vertex 6.62393 34.7239 2
      vertex 4.43053 35.0713 0
      vertex 6.62393 34.7239 0
    endloop
  endfacet
  facet normal 0.218169 -0.975911 0
    outer loop
      vertex -8.79119 34.2394 0
      vertex -6.62393 34.7239 2
      vertex -8.79119 34.2394 2
    endloop
  endfacet
  facet normal 0.218169 -0.975911 0
    outer loop
      vertex -6.62393 34.7239 2
      vertex -8.79119 34.2394 0
      vertex -6.62393 34.7239 0
    endloop
  endfacet
  facet normal -0.987688 0.156434 0
    outer loop
      vertex 34.7239 -6.62393 0
      vertex 35.0713 -4.43053 2
      vertex 35.0713 -4.43053 0
    endloop
  endfacet
  facet normal -0.987688 0.156434 0
    outer loop
      vertex 35.0713 -4.43053 2
      vertex 34.7239 -6.62393 0
      vertex 34.7239 -6.62393 2
    endloop
  endfacet
  facet normal -0.453991 0.891006 0
    outer loop
      vertex 17.03 -30.9774 0
      vertex 15.0513 -31.9856 2
      vertex 17.03 -30.9774 2
    endloop
  endfacet
  facet normal -0.453991 0.891006 0
    outer loop
      vertex 15.0513 -31.9856 2
      vertex 17.03 -30.9774 0
      vertex 15.0513 -31.9856 0
    endloop
  endfacet
  facet normal -0.707107 -0.707107 0
    outer loop
      vertex 25.769 24.1987 0
      vertex 24.1987 25.769 2
      vertex 24.1987 25.769 0
    endloop
  endfacet
  facet normal -0.707107 -0.707107 0
    outer loop
      vertex 24.1987 25.769 2
      vertex 25.769 24.1987 0
      vertex 25.769 24.1987 2
    endloop
  endfacet
  facet normal -0.750111 0.661312 0
    outer loop
      vertex 25.769 -24.1987 0
      vertex 27.2376 -22.5329 2
      vertex 27.2376 -22.5329 0
    endloop
  endfacet
  facet normal -0.750111 0.661312 0
    outer loop
      vertex 27.2376 -22.5329 2
      vertex 25.769 -24.1987 0
      vertex 25.769 -24.1987 2
    endloop
  endfacet
  facet normal 0.156434 -0.987688 0
    outer loop
      vertex -6.62393 34.7239 0
      vertex -4.43053 35.0713 2
      vertex -6.62393 34.7239 2
    endloop
  endfacet
  facet normal 0.156434 -0.987688 0
    outer loop
      vertex -4.43053 35.0713 2
      vertex -6.62393 34.7239 0
      vertex -4.43053 35.0713 0
    endloop
  endfacet
  facet normal 0.707107 0.707107 0
    outer loop
      vertex -24.1987 -25.769 2
      vertex -25.769 -24.1987 0
      vertex -25.769 -24.1987 2
    endloop
  endfacet
  facet normal 0.707107 0.707107 0
    outer loop
      vertex -25.769 -24.1987 0
      vertex -24.1987 -25.769 2
      vertex -24.1987 -25.769 0
    endloop
  endfacet
  facet normal -0.612939 0.79013 0
    outer loop
      vertex 22.5329 -27.2376 0
      vertex 20.7782 -28.5988 2
      vertex 22.5329 -27.2376 2
    endloop
  endfacet
  facet normal -0.612939 0.79013 0
    outer loop
      vertex 20.7782 -28.5988 2
      vertex 22.5329 -27.2376 0
      vertex 20.7782 -28.5988 0
    endloop
  endfacet
  facet normal 0.612939 0.79013 -0
    outer loop
      vertex -20.7782 -28.5988 0
      vertex -22.5329 -27.2376 2
      vertex -20.7782 -28.5988 2
    endloop
  endfacet
  facet normal 0.612939 0.79013 0
    outer loop
      vertex -22.5329 -27.2376 2
      vertex -20.7782 -28.5988 0
      vertex -22.5329 -27.2376 0
    endloop
  endfacet
  facet normal -0.218169 -0.975911 0
    outer loop
      vertex 6.62393 34.7239 0
      vertex 8.79119 34.2394 2
      vertex 6.62393 34.7239 2
    endloop
  endfacet
  facet normal -0.218169 -0.975911 -0
    outer loop
      vertex 8.79119 34.2394 2
      vertex 6.62393 34.7239 0
      vertex 8.79119 34.2394 0
    endloop
  endfacet
  facet normal -0.94089 0.338711 0
    outer loop
      vertex 32.8676 -13.0132 0
      vertex 33.6198 -10.9237 2
      vertex 33.6198 -10.9237 0
    endloop
  endfacet
  facet normal -0.94089 0.338711 0
    outer loop
      vertex 33.6198 -10.9237 2
      vertex 32.8676 -13.0132 0
      vertex 32.8676 -13.0132 2
    endloop
  endfacet
  facet normal 0.827085 -0.562077 0
    outer loop
      vertex -29.847 18.9415 2
      vertex -28.5988 20.7782 0
      vertex -28.5988 20.7782 2
    endloop
  endfacet
  facet normal 0.827085 -0.562077 0
    outer loop
      vertex -28.5988 20.7782 0
      vertex -29.847 18.9415 2
      vertex -29.847 18.9415 0
    endloop
  endfacet
  facet normal -0.0938858 -0.995583 0
    outer loop
      vertex 4 35.1119 0
      vertex 4.43053 35.0713 2
      vertex 4 35.1119 2
    endloop
  endfacet
  facet normal -0.0938858 -0.995583 -0
    outer loop
      vertex 4.43053 35.0713 2
      vertex 4 35.1119 0
      vertex 4.43053 35.0713 0
    endloop
  endfacet
  facet normal 0.397161 -0.917749 0
    outer loop
      vertex -15.0513 31.9856 0
      vertex -13.0132 32.8676 2
      vertex -15.0513 31.9856 2
    endloop
  endfacet
  facet normal 0.397161 -0.917749 0
    outer loop
      vertex -13.0132 32.8676 2
      vertex -15.0513 31.9856 0
      vertex -13.0132 32.8676 0
    endloop
  endfacet
  facet normal 0.860753 0.509022 0
    outer loop
      vertex -29.847 -18.9415 2
      vertex -30.9774 -17.03 0
      vertex -30.9774 -17.03 2
    endloop
  endfacet
  facet normal 0.860753 0.509022 0
    outer loop
      vertex -30.9774 -17.03 0
      vertex -29.847 -18.9415 2
      vertex -29.847 -18.9415 0
    endloop
  endfacet
  facet normal 0.0938858 -0.995583 0
    outer loop
      vertex -4.43053 35.0713 0
      vertex -4 35.1119 2
      vertex -4.43053 35.0713 2
    endloop
  endfacet
  facet normal 0.0938858 -0.995583 0
    outer loop
      vertex -4 35.1119 2
      vertex -4.43053 35.0713 0
      vertex -4 35.1119 0
    endloop
  endfacet
  facet normal -0.891006 -0.453991 0
    outer loop
      vertex 31.9856 15.0513 0
      vertex 30.9774 17.03 2
      vertex 30.9774 17.03 0
    endloop
  endfacet
  facet normal -0.891006 -0.453991 0
    outer loop
      vertex 30.9774 17.03 2
      vertex 31.9856 15.0513 0
      vertex 31.9856 15.0513 2
    endloop
  endfacet
  facet normal 0.661312 -0.750111 0
    outer loop
      vertex -24.1987 25.769 0
      vertex -22.5329 27.2376 2
      vertex -24.1987 25.769 2
    endloop
  endfacet
  facet normal 0.661312 -0.750111 0
    outer loop
      vertex -22.5329 27.2376 2
      vertex -24.1987 25.769 0
      vertex -22.5329 27.2376 0
    endloop
  endfacet
  facet normal -0.397161 -0.917749 0
    outer loop
      vertex 13.0132 32.8676 0
      vertex 15.0513 31.9856 2
      vertex 13.0132 32.8676 2
    endloop
  endfacet
  facet normal -0.397161 -0.917749 -0
    outer loop
      vertex 15.0513 31.9856 2
      vertex 13.0132 32.8676 0
      vertex 15.0513 31.9856 0
    endloop
  endfacet
  facet normal -0.94089 -0.338711 0
    outer loop
      vertex 33.6198 10.9237 0
      vertex 32.8676 13.0132 2
      vertex 32.8676 13.0132 0
    endloop
  endfacet
  facet normal -0.94089 -0.338711 0
    outer loop
      vertex 32.8676 13.0132 2
      vertex 33.6198 10.9237 0
      vertex 33.6198 10.9237 2
    endloop
  endfacet
  facet normal -0.995583 0.0938858 0
    outer loop
      vertex 35.0713 -4.43053 0
      vertex 35.1119 -4 2
      vertex 35.1119 -4 0
    endloop
  endfacet
  facet normal -0.995583 0.0938858 0
    outer loop
      vertex 35.1119 -4 2
      vertex 35.0713 -4.43053 0
      vertex 35.0713 -4.43053 2
    endloop
  endfacet
  facet normal -0.917749 -0.397161 0
    outer loop
      vertex 32.8676 13.0132 0
      vertex 31.9856 15.0513 2
      vertex 31.9856 15.0513 0
    endloop
  endfacet
  facet normal -0.917749 -0.397161 0
    outer loop
      vertex 31.9856 15.0513 2
      vertex 32.8676 13.0132 0
      vertex 32.8676 13.0132 2
    endloop
  endfacet
  facet normal 0.661312 0.750111 -0
    outer loop
      vertex -22.5329 -27.2376 0
      vertex -24.1987 -25.769 2
      vertex -22.5329 -27.2376 2
    endloop
  endfacet
  facet normal 0.661312 0.750111 0
    outer loop
      vertex -24.1987 -25.769 2
      vertex -22.5329 -27.2376 0
      vertex -24.1987 -25.769 0
    endloop
  endfacet
  facet normal -0.960288 0.279011 0
    outer loop
      vertex 33.6198 -10.9237 0
      vertex 34.2394 -8.79119 2
      vertex 34.2394 -8.79119 0
    endloop
  endfacet
  facet normal -0.960288 0.279011 0
    outer loop
      vertex 34.2394 -8.79119 2
      vertex 33.6198 -10.9237 0
      vertex 33.6198 -10.9237 2
    endloop
  endfacet
  facet normal -0.975911 0.218169 0
    outer loop
      vertex 34.2394 -8.79119 0
      vertex 34.7239 -6.62393 2
      vertex 34.7239 -6.62393 0
    endloop
  endfacet
  facet normal -0.975911 0.218169 0
    outer loop
      vertex 34.7239 -6.62393 2
      vertex 34.2394 -8.79119 0
      vertex 34.2394 -8.79119 2
    endloop
  endfacet
  facet normal -0.79013 0.612939 0
    outer loop
      vertex 27.2376 -22.5329 0
      vertex 28.5988 -20.7782 2
      vertex 28.5988 -20.7782 0
    endloop
  endfacet
  facet normal -0.79013 0.612939 0
    outer loop
      vertex 28.5988 -20.7782 2
      vertex 27.2376 -22.5329 0
      vertex 27.2376 -22.5329 2
    endloop
  endfacet
  facet normal 0.975911 -0.218169 0
    outer loop
      vertex -34.7239 6.62393 2
      vertex -34.2394 8.79119 0
      vertex -34.2394 8.79119 2
    endloop
  endfacet
  facet normal 0.975911 -0.218169 0
    outer loop
      vertex -34.2394 8.79119 0
      vertex -34.7239 6.62393 2
      vertex -34.7239 6.62393 0
    endloop
  endfacet
  facet normal 0.0938858 0.995583 -0
    outer loop
      vertex -4 -35.1119 0
      vertex -4.43053 -35.0713 2
      vertex -4 -35.1119 2
    endloop
  endfacet
  facet normal 0.0938858 0.995583 0
    outer loop
      vertex -4.43053 -35.0713 2
      vertex -4 -35.1119 0
      vertex -4.43053 -35.0713 0
    endloop
  endfacet
  facet normal 0.509022 -0.860753 0
    outer loop
      vertex -18.9415 29.847 0
      vertex -17.03 30.9774 2
      vertex -18.9415 29.847 2
    endloop
  endfacet
  facet normal 0.509022 -0.860753 0
    outer loop
      vertex -17.03 30.9774 2
      vertex -18.9415 29.847 0
      vertex -17.03 30.9774 0
    endloop
  endfacet
  facet normal -0.338711 -0.94089 0
    outer loop
      vertex 10.9237 33.6198 0
      vertex 13.0132 32.8676 2
      vertex 10.9237 33.6198 2
    endloop
  endfacet
  facet normal -0.338711 -0.94089 -0
    outer loop
      vertex 13.0132 32.8676 2
      vertex 10.9237 33.6198 0
      vertex 13.0132 32.8676 0
    endloop
  endfacet
  facet normal 0.917749 -0.397161 0
    outer loop
      vertex -32.8676 13.0132 2
      vertex -31.9856 15.0513 0
      vertex -31.9856 15.0513 2
    endloop
  endfacet
  facet normal 0.917749 -0.397161 0
    outer loop
      vertex -31.9856 15.0513 0
      vertex -32.8676 13.0132 2
      vertex -32.8676 13.0132 0
    endloop
  endfacet
  facet normal 0.279011 -0.960288 0
    outer loop
      vertex -10.9237 33.6198 0
      vertex -8.79119 34.2394 2
      vertex -10.9237 33.6198 2
    endloop
  endfacet
  facet normal 0.279011 -0.960288 0
    outer loop
      vertex -8.79119 34.2394 2
      vertex -10.9237 33.6198 0
      vertex -8.79119 34.2394 0
    endloop
  endfacet
  facet normal 0.975911 0.218169 0
    outer loop
      vertex -34.2394 -8.79119 2
      vertex -34.7239 -6.62393 0
      vertex -34.7239 -6.62393 2
    endloop
  endfacet
  facet normal 0.975911 0.218169 0
    outer loop
      vertex -34.7239 -6.62393 0
      vertex -34.2394 -8.79119 2
      vertex -34.2394 -8.79119 0
    endloop
  endfacet
  facet normal -0.279011 -0.960288 0
    outer loop
      vertex 8.79119 34.2394 0
      vertex 10.9237 33.6198 2
      vertex 8.79119 34.2394 2
    endloop
  endfacet
  facet normal -0.279011 -0.960288 -0
    outer loop
      vertex 10.9237 33.6198 2
      vertex 8.79119 34.2394 0
      vertex 10.9237 33.6198 0
    endloop
  endfacet
  facet normal 0.218169 0.975911 -0
    outer loop
      vertex -6.62393 -34.7239 0
      vertex -8.79119 -34.2394 2
      vertex -6.62393 -34.7239 2
    endloop
  endfacet
  facet normal 0.218169 0.975911 0
    outer loop
      vertex -8.79119 -34.2394 2
      vertex -6.62393 -34.7239 0
      vertex -8.79119 -34.2394 0
    endloop
  endfacet
  facet normal -0.0938858 0.995583 0
    outer loop
      vertex 4.43053 -35.0713 0
      vertex 4 -35.1119 2
      vertex 4.43053 -35.0713 2
    endloop
  endfacet
  facet normal -0.0938858 0.995583 0
    outer loop
      vertex 4 -35.1119 2
      vertex 4.43053 -35.0713 0
      vertex 4 -35.1119 0
    endloop
  endfacet
  facet normal -0.509022 -0.860753 0
    outer loop
      vertex 17.03 30.9774 0
      vertex 18.9415 29.847 2
      vertex 17.03 30.9774 2
    endloop
  endfacet
  facet normal -0.509022 -0.860753 -0
    outer loop
      vertex 18.9415 29.847 2
      vertex 17.03 30.9774 0
      vertex 18.9415 29.847 0
    endloop
  endfacet
  facet normal 0.453991 -0.891006 0
    outer loop
      vertex -17.03 30.9774 0
      vertex -15.0513 31.9856 2
      vertex -17.03 30.9774 2
    endloop
  endfacet
  facet normal 0.453991 -0.891006 0
    outer loop
      vertex -15.0513 31.9856 2
      vertex -17.03 30.9774 0
      vertex -15.0513 31.9856 0
    endloop
  endfacet
  facet normal -0.661312 -0.750111 0
    outer loop
      vertex 22.5329 27.2376 0
      vertex 24.1987 25.769 2
      vertex 22.5329 27.2376 2
    endloop
  endfacet
  facet normal -0.661312 -0.750111 -0
    outer loop
      vertex 24.1987 25.769 2
      vertex 22.5329 27.2376 0
      vertex 24.1987 25.769 0
    endloop
  endfacet
  facet normal 0.860753 -0.509022 0
    outer loop
      vertex -30.9774 17.03 2
      vertex -29.847 18.9415 0
      vertex -29.847 18.9415 2
    endloop
  endfacet
  facet normal 0.860753 -0.509022 0
    outer loop
      vertex -29.847 18.9415 0
      vertex -30.9774 17.03 2
      vertex -30.9774 17.03 0
    endloop
  endfacet
  facet normal 0.987688 0.156434 0
    outer loop
      vertex -34.7239 -6.62393 2
      vertex -35.0713 -4.43053 0
      vertex -35.0713 -4.43053 2
    endloop
  endfacet
  facet normal 0.987688 0.156434 0
    outer loop
      vertex -35.0713 -4.43053 0
      vertex -34.7239 -6.62393 2
      vertex -34.7239 -6.62393 0
    endloop
  endfacet
  facet normal 0.995583 0.0938858 0
    outer loop
      vertex -35.0713 -4.43053 2
      vertex -35.1119 -4 0
      vertex -35.1119 -4 2
    endloop
  endfacet
  facet normal 0.995583 0.0938858 0
    outer loop
      vertex -35.1119 -4 0
      vertex -35.0713 -4.43053 2
      vertex -35.0713 -4.43053 0
    endloop
  endfacet
  facet normal -0.860753 -0.509022 0
    outer loop
      vertex 30.9774 17.03 0
      vertex 29.847 18.9415 2
      vertex 29.847 18.9415 0
    endloop
  endfacet
  facet normal -0.860753 -0.509022 0
    outer loop
      vertex 29.847 18.9415 2
      vertex 30.9774 17.03 0
      vertex 30.9774 17.03 2
    endloop
  endfacet
  facet normal 0.960288 -0.279011 0
    outer loop
      vertex -34.2394 8.79119 2
      vertex -33.6198 10.9237 0
      vertex -33.6198 10.9237 2
    endloop
  endfacet
  facet normal 0.960288 -0.279011 0
    outer loop
      vertex -33.6198 10.9237 0
      vertex -34.2394 8.79119 2
      vertex -34.2394 8.79119 0
    endloop
  endfacet
  facet normal 0.750111 -0.661312 0
    outer loop
      vertex -27.2376 22.5329 2
      vertex -25.769 24.1987 0
      vertex -25.769 24.1987 2
    endloop
  endfacet
  facet normal 0.750111 -0.661312 0
    outer loop
      vertex -25.769 24.1987 0
      vertex -27.2376 22.5329 2
      vertex -27.2376 22.5329 0
    endloop
  endfacet
  facet normal -0.860753 0.509022 0
    outer loop
      vertex 29.847 -18.9415 0
      vertex 30.9774 -17.03 2
      vertex 30.9774 -17.03 0
    endloop
  endfacet
  facet normal -0.860753 0.509022 0
    outer loop
      vertex 30.9774 -17.03 2
      vertex 29.847 -18.9415 0
      vertex 29.847 -18.9415 2
    endloop
  endfacet
  facet normal -0.279011 0.960288 0
    outer loop
      vertex 10.9237 -33.6198 0
      vertex 8.79119 -34.2394 2
      vertex 10.9237 -33.6198 2
    endloop
  endfacet
  facet normal -0.279011 0.960288 0
    outer loop
      vertex 8.79119 -34.2394 2
      vertex 10.9237 -33.6198 0
      vertex 8.79119 -34.2394 0
    endloop
  endfacet
  facet normal -0.397161 0.917749 0
    outer loop
      vertex 15.0513 -31.9856 0
      vertex 13.0132 -32.8676 2
      vertex 15.0513 -31.9856 2
    endloop
  endfacet
  facet normal -0.397161 0.917749 0
    outer loop
      vertex 13.0132 -32.8676 2
      vertex 15.0513 -31.9856 0
      vertex 13.0132 -32.8676 0
    endloop
  endfacet
  facet normal 0.338711 -0.94089 0
    outer loop
      vertex -13.0132 32.8676 0
      vertex -10.9237 33.6198 2
      vertex -13.0132 32.8676 2
    endloop
  endfacet
  facet normal 0.338711 -0.94089 0
    outer loop
      vertex -10.9237 33.6198 2
      vertex -13.0132 32.8676 0
      vertex -10.9237 33.6198 0
    endloop
  endfacet
  facet normal -0.891006 0.453991 0
    outer loop
      vertex 30.9774 -17.03 0
      vertex 31.9856 -15.0513 2
      vertex 31.9856 -15.0513 0
    endloop
  endfacet
  facet normal -0.891006 0.453991 0
    outer loop
      vertex 31.9856 -15.0513 2
      vertex 30.9774 -17.03 0
      vertex 30.9774 -17.03 2
    endloop
  endfacet
  facet normal 0.156434 0.987688 -0
    outer loop
      vertex -4.43053 -35.0713 0
      vertex -6.62393 -34.7239 2
      vertex -4.43053 -35.0713 2
    endloop
  endfacet
  facet normal 0.156434 0.987688 0
    outer loop
      vertex -6.62393 -34.7239 2
      vertex -4.43053 -35.0713 0
      vertex -6.62393 -34.7239 0
    endloop
  endfacet
  facet normal -0.827085 0.562077 0
    outer loop
      vertex 28.5988 -20.7782 0
      vertex 29.847 -18.9415 2
      vertex 29.847 -18.9415 0
    endloop
  endfacet
  facet normal -0.827085 0.562077 0
    outer loop
      vertex 29.847 -18.9415 2
      vertex 28.5988 -20.7782 0
      vertex 28.5988 -20.7782 2
    endloop
  endfacet
  facet normal 0.453991 0.891006 -0
    outer loop
      vertex -15.0513 -31.9856 0
      vertex -17.03 -30.9774 2
      vertex -15.0513 -31.9856 2
    endloop
  endfacet
  facet normal 0.453991 0.891006 0
    outer loop
      vertex -17.03 -30.9774 2
      vertex -15.0513 -31.9856 0
      vertex -17.03 -30.9774 0
    endloop
  endfacet
  facet normal -0.562077 -0.827085 0
    outer loop
      vertex 18.9415 29.847 0
      vertex 20.7782 28.5988 2
      vertex 18.9415 29.847 2
    endloop
  endfacet
  facet normal -0.562077 -0.827085 -0
    outer loop
      vertex 20.7782 28.5988 2
      vertex 18.9415 29.847 0
      vertex 20.7782 28.5988 0
    endloop
  endfacet
  facet normal -0.707107 0.707107 0
    outer loop
      vertex 24.1987 -25.769 0
      vertex 25.769 -24.1987 2
      vertex 25.769 -24.1987 0
    endloop
  endfacet
  facet normal -0.707107 0.707107 0
    outer loop
      vertex 25.769 -24.1987 2
      vertex 24.1987 -25.769 0
      vertex 24.1987 -25.769 2
    endloop
  endfacet
  facet normal -0.79013 -0.612939 0
    outer loop
      vertex 28.5988 20.7782 0
      vertex 27.2376 22.5329 2
      vertex 27.2376 22.5329 0
    endloop
  endfacet
  facet normal -0.79013 -0.612939 0
    outer loop
      vertex 27.2376 22.5329 2
      vertex 28.5988 20.7782 0
      vertex 28.5988 20.7782 2
    endloop
  endfacet
  facet normal 0.750111 0.661312 0
    outer loop
      vertex -25.769 -24.1987 2
      vertex -27.2376 -22.5329 0
      vertex -27.2376 -22.5329 2
    endloop
  endfacet
  facet normal 0.750111 0.661312 0
    outer loop
      vertex -27.2376 -22.5329 0
      vertex -25.769 -24.1987 2
      vertex -25.769 -24.1987 0
    endloop
  endfacet
  facet normal -0.917749 0.397161 0
    outer loop
      vertex 31.9856 -15.0513 0
      vertex 32.8676 -13.0132 2
      vertex 32.8676 -13.0132 0
    endloop
  endfacet
  facet normal -0.917749 0.397161 0
    outer loop
      vertex 32.8676 -13.0132 2
      vertex 31.9856 -15.0513 0
      vertex 31.9856 -15.0513 2
    endloop
  endfacet
  facet normal -0.338711 0.94089 0
    outer loop
      vertex 13.0132 -32.8676 0
      vertex 10.9237 -33.6198 2
      vertex 13.0132 -32.8676 2
    endloop
  endfacet
  facet normal -0.338711 0.94089 0
    outer loop
      vertex 10.9237 -33.6198 2
      vertex 13.0132 -32.8676 0
      vertex 10.9237 -33.6198 0
    endloop
  endfacet
  facet normal 0.279011 0.960288 -0
    outer loop
      vertex -8.79119 -34.2394 0
      vertex -10.9237 -33.6198 2
      vertex -8.79119 -34.2394 2
    endloop
  endfacet
  facet normal 0.279011 0.960288 0
    outer loop
      vertex -10.9237 -33.6198 2
      vertex -8.79119 -34.2394 0
      vertex -10.9237 -33.6198 0
    endloop
  endfacet
  facet normal -0.612939 -0.79013 0
    outer loop
      vertex 20.7782 28.5988 0
      vertex 22.5329 27.2376 2
      vertex 20.7782 28.5988 2
    endloop
  endfacet
  facet normal -0.612939 -0.79013 -0
    outer loop
      vertex 22.5329 27.2376 2
      vertex 20.7782 28.5988 0
      vertex 22.5329 27.2376 0
    endloop
  endfacet
  facet normal -0.960288 -0.279011 0
    outer loop
      vertex 34.2394 8.79119 0
      vertex 33.6198 10.9237 2
      vertex 33.6198 10.9237 0
    endloop
  endfacet
  facet normal -0.960288 -0.279011 0
    outer loop
      vertex 33.6198 10.9237 2
      vertex 34.2394 8.79119 0
      vertex 34.2394 8.79119 2
    endloop
  endfacet
  facet normal -0.827085 -0.562077 0
    outer loop
      vertex 29.847 18.9415 0
      vertex 28.5988 20.7782 2
      vertex 28.5988 20.7782 0
    endloop
  endfacet
  facet normal -0.827085 -0.562077 0
    outer loop
      vertex 28.5988 20.7782 2
      vertex 29.847 18.9415 0
      vertex 29.847 18.9415 2
    endloop
  endfacet
  facet normal 0.995583 -0.0938858 0
    outer loop
      vertex -35.1119 4 2
      vertex -35.0713 4.43053 0
      vertex -35.0713 4.43053 2
    endloop
  endfacet
  facet normal 0.995583 -0.0938858 0
    outer loop
      vertex -35.0713 4.43053 0
      vertex -35.1119 4 2
      vertex -35.1119 4 0
    endloop
  endfacet
  facet normal 0.987688 -0.156434 0
    outer loop
      vertex -35.0713 4.43053 2
      vertex -34.7239 6.62393 0
      vertex -34.7239 6.62393 2
    endloop
  endfacet
  facet normal 0.987688 -0.156434 0
    outer loop
      vertex -34.7239 6.62393 0
      vertex -35.0713 4.43053 2
      vertex -35.0713 4.43053 0
    endloop
  endfacet
  facet normal 0.562077 0.827085 -0
    outer loop
      vertex -18.9415 -29.847 0
      vertex -20.7782 -28.5988 2
      vertex -18.9415 -29.847 2
    endloop
  endfacet
  facet normal 0.562077 0.827085 0
    outer loop
      vertex -20.7782 -28.5988 2
      vertex -18.9415 -29.847 0
      vertex -20.7782 -28.5988 0
    endloop
  endfacet
  facet normal -0.562077 0.827085 0
    outer loop
      vertex 20.7782 -28.5988 0
      vertex 18.9415 -29.847 2
      vertex 20.7782 -28.5988 2
    endloop
  endfacet
  facet normal -0.562077 0.827085 0
    outer loop
      vertex 18.9415 -29.847 2
      vertex 20.7782 -28.5988 0
      vertex 18.9415 -29.847 0
    endloop
  endfacet
  facet normal 0.707107 -0.707107 0
    outer loop
      vertex -25.769 24.1987 2
      vertex -24.1987 25.769 0
      vertex -24.1987 25.769 2
    endloop
  endfacet
  facet normal 0.707107 -0.707107 0
    outer loop
      vertex -24.1987 25.769 0
      vertex -25.769 24.1987 2
      vertex -25.769 24.1987 0
    endloop
  endfacet
  facet normal 0.79013 -0.612939 0
    outer loop
      vertex -28.5988 20.7782 2
      vertex -27.2376 22.5329 0
      vertex -27.2376 22.5329 2
    endloop
  endfacet
  facet normal 0.79013 -0.612939 0
    outer loop
      vertex -27.2376 22.5329 0
      vertex -28.5988 20.7782 2
      vertex -28.5988 20.7782 0
    endloop
  endfacet
  facet normal -0.509022 0.860753 0
    outer loop
      vertex 18.9415 -29.847 0
      vertex 17.03 -30.9774 2
      vertex 18.9415 -29.847 2
    endloop
  endfacet
  facet normal -0.509022 0.860753 0
    outer loop
      vertex 17.03 -30.9774 2
      vertex 18.9415 -29.847 0
      vertex 17.03 -30.9774 0
    endloop
  endfacet
  facet normal 0.94089 -0.338711 0
    outer loop
      vertex -33.6198 10.9237 2
      vertex -32.8676 13.0132 0
      vertex -32.8676 13.0132 2
    endloop
  endfacet
  facet normal 0.94089 -0.338711 0
    outer loop
      vertex -32.8676 13.0132 0
      vertex -33.6198 10.9237 2
      vertex -33.6198 10.9237 0
    endloop
  endfacet
  facet normal -0.453991 -0.891006 0
    outer loop
      vertex 15.0513 31.9856 0
      vertex 17.03 30.9774 2
      vertex 15.0513 31.9856 2
    endloop
  endfacet
  facet normal -0.453991 -0.891006 -0
    outer loop
      vertex 17.03 30.9774 2
      vertex 15.0513 31.9856 0
      vertex 17.03 30.9774 0
    endloop
  endfacet
  facet normal -0.156434 0.987688 0
    outer loop
      vertex 6.62393 -34.7239 0
      vertex 4.43053 -35.0713 2
      vertex 6.62393 -34.7239 2
    endloop
  endfacet
  facet normal -0.156434 0.987688 0
    outer loop
      vertex 4.43053 -35.0713 2
      vertex 6.62393 -34.7239 0
      vertex 4.43053 -35.0713 0
    endloop
  endfacet
  facet normal 0.338711 0.94089 -0
    outer loop
      vertex -10.9237 -33.6198 0
      vertex -13.0132 -32.8676 2
      vertex -10.9237 -33.6198 2
    endloop
  endfacet
  facet normal 0.338711 0.94089 0
    outer loop
      vertex -13.0132 -32.8676 2
      vertex -10.9237 -33.6198 0
      vertex -13.0132 -32.8676 0
    endloop
  endfacet
  facet normal -0.218169 0.975911 0
    outer loop
      vertex 8.79119 -34.2394 0
      vertex 6.62393 -34.7239 2
      vertex 8.79119 -34.2394 2
    endloop
  endfacet
  facet normal -0.218169 0.975911 0
    outer loop
      vertex 6.62393 -34.7239 2
      vertex 8.79119 -34.2394 0
      vertex 6.62393 -34.7239 0
    endloop
  endfacet
  facet normal -0.661312 0.750111 0
    outer loop
      vertex 24.1987 -25.769 0
      vertex 22.5329 -27.2376 2
      vertex 24.1987 -25.769 2
    endloop
  endfacet
  facet normal -0.661312 0.750111 0
    outer loop
      vertex 22.5329 -27.2376 2
      vertex 24.1987 -25.769 0
      vertex 22.5329 -27.2376 0
    endloop
  endfacet
  facet normal 0.891006 0.453991 0
    outer loop
      vertex -30.9774 -17.03 2
      vertex -31.9856 -15.0513 0
      vertex -31.9856 -15.0513 2
    endloop
  endfacet
  facet normal 0.891006 0.453991 0
    outer loop
      vertex -31.9856 -15.0513 0
      vertex -30.9774 -17.03 2
      vertex -30.9774 -17.03 0
    endloop
  endfacet
  facet normal 0.827085 0.562077 0
    outer loop
      vertex -28.5988 -20.7782 2
      vertex -29.847 -18.9415 0
      vertex -29.847 -18.9415 2
    endloop
  endfacet
  facet normal 0.827085 0.562077 0
    outer loop
      vertex -29.847 -18.9415 0
      vertex -28.5988 -20.7782 2
      vertex -28.5988 -20.7782 0
    endloop
  endfacet
  facet normal 0.960288 0.279011 0
    outer loop
      vertex -33.6198 -10.9237 2
      vertex -34.2394 -8.79119 0
      vertex -34.2394 -8.79119 2
    endloop
  endfacet
  facet normal 0.960288 0.279011 0
    outer loop
      vertex -34.2394 -8.79119 0
      vertex -33.6198 -10.9237 2
      vertex -33.6198 -10.9237 0
    endloop
  endfacet
  facet normal 0.562077 -0.827085 0
    outer loop
      vertex -20.7782 28.5988 0
      vertex -18.9415 29.847 2
      vertex -20.7782 28.5988 2
    endloop
  endfacet
  facet normal 0.562077 -0.827085 0
    outer loop
      vertex -18.9415 29.847 2
      vertex -20.7782 28.5988 0
      vertex -18.9415 29.847 0
    endloop
  endfacet
  facet normal 0.917749 0.397161 0
    outer loop
      vertex -31.9856 -15.0513 2
      vertex -32.8676 -13.0132 0
      vertex -32.8676 -13.0132 2
    endloop
  endfacet
  facet normal 0.917749 0.397161 0
    outer loop
      vertex -32.8676 -13.0132 0
      vertex -31.9856 -15.0513 2
      vertex -31.9856 -15.0513 0
    endloop
  endfacet
  facet normal 0.509022 0.860753 -0
    outer loop
      vertex -17.03 -30.9774 0
      vertex -18.9415 -29.847 2
      vertex -17.03 -30.9774 2
    endloop
  endfacet
  facet normal 0.509022 0.860753 0
    outer loop
      vertex -18.9415 -29.847 2
      vertex -17.03 -30.9774 0
      vertex -18.9415 -29.847 0
    endloop
  endfacet
  facet normal -0.750111 -0.661312 0
    outer loop
      vertex 27.2376 22.5329 0
      vertex 25.769 24.1987 2
      vertex 25.769 24.1987 0
    endloop
  endfacet
  facet normal -0.750111 -0.661312 0
    outer loop
      vertex 25.769 24.1987 2
      vertex 27.2376 22.5329 0
      vertex 27.2376 22.5329 2
    endloop
  endfacet
  facet normal 0.94089 0.338711 0
    outer loop
      vertex -32.8676 -13.0132 2
      vertex -33.6198 -10.9237 0
      vertex -33.6198 -10.9237 2
    endloop
  endfacet
  facet normal 0.94089 0.338711 0
    outer loop
      vertex -33.6198 -10.9237 0
      vertex -32.8676 -13.0132 2
      vertex -32.8676 -13.0132 0
    endloop
  endfacet
  facet normal 0.397161 0.917749 -0
    outer loop
      vertex -13.0132 -32.8676 0
      vertex -15.0513 -31.9856 2
      vertex -13.0132 -32.8676 2
    endloop
  endfacet
  facet normal 0.397161 0.917749 0
    outer loop
      vertex -15.0513 -31.9856 2
      vertex -13.0132 -32.8676 0
      vertex -15.0513 -31.9856 0
    endloop
  endfacet
  facet normal 0.891006 -0.453991 0
    outer loop
      vertex -31.9856 15.0513 2
      vertex -30.9774 17.03 0
      vertex -30.9774 17.03 2
    endloop
  endfacet
  facet normal 0.891006 -0.453991 0
    outer loop
      vertex -30.9774 17.03 0
      vertex -31.9856 15.0513 2
      vertex -31.9856 15.0513 0
    endloop
  endfacet
  facet normal 0.872502 0.48861 0
    outer loop
      vertex 20.0476 10.2148 2
      vertex 19.1844 11.7562 0
      vertex 19.1844 11.7562 2
    endloop
  endfacet
  facet normal 0.872502 0.48861 0
    outer loop
      vertex 19.1844 11.7562 0
      vertex 20.0476 10.2148 2
      vertex 20.0476 10.2148 0
    endloop
  endfacet
  facet normal 0.678797 -0.734326 0
    outer loop
      vertex 14.6126 -17.1091 0
      vertex 15.9099 -15.9099 2
      vertex 14.6126 -17.1091 2
    endloop
  endfacet
  facet normal 0.678797 -0.734326 0
    outer loop
      vertex 15.9099 -15.9099 2
      vertex 14.6126 -17.1091 0
      vertex 15.9099 -15.9099 0
    endloop
  endfacet
  facet normal 0.48861 -0.872502 0
    outer loop
      vertex 10.2148 -20.0476 0
      vertex 11.7562 -19.1844 2
      vertex 10.2148 -20.0476 2
    endloop
  endfacet
  facet normal 0.48861 -0.872502 0
    outer loop
      vertex 11.7562 -19.1844 2
      vertex 10.2148 -20.0476 0
      vertex 11.7562 -19.1844 0
    endloop
  endfacet
  facet normal 0.7853 0.619116 0
    outer loop
      vertex 18.2029 13.2252 2
      vertex 17.1091 14.6126 0
      vertex 17.1091 14.6126 2
    endloop
  endfacet
  facet normal 0.7853 0.619116 0
    outer loop
      vertex 17.1091 14.6126 0
      vertex 18.2029 13.2252 2
      vertex 18.2029 13.2252 0
    endloop
  endfacet
  facet normal 0.195134 0.980777 -0
    outer loop
      vertex 5.25252 21.8783 0
      vertex 4 22.1275 2
      vertex 5.25252 21.8783 2
    endloop
  endfacet
  facet normal 0.195134 0.980777 0
    outer loop
      vertex 4 22.1275 2
      vertex 5.25252 21.8783 0
      vertex 4 22.1275 0
    endloop
  endfacet
  facet normal 0.418684 -0.908132 0
    outer loop
      vertex 8.61038 -20.7873 0
      vertex 10.2148 -20.0476 2
      vertex 8.61038 -20.7873 2
    endloop
  endfacet
  facet normal 0.418684 -0.908132 0
    outer loop
      vertex 10.2148 -20.0476 2
      vertex 8.61038 -20.7873 0
      vertex 10.2148 -20.0476 0
    endloop
  endfacet
  facet normal -0.271414 0.962463 0
    outer loop
      vertex -5.25252 21.8783 0
      vertex -6.95288 21.3988 2
      vertex -5.25252 21.8783 2
    endloop
  endfacet
  facet normal -0.271414 0.962463 0
    outer loop
      vertex -6.95288 21.3988 2
      vertex -5.25252 21.8783 0
      vertex -6.95288 21.3988 0
    endloop
  endfacet
  facet normal 0.195134 -0.980777 0
    outer loop
      vertex 4 -22.1275 0
      vertex 5.25252 -21.8783 2
      vertex 4 -22.1275 2
    endloop
  endfacet
  facet normal 0.195134 -0.980777 0
    outer loop
      vertex 5.25252 -21.8783 2
      vertex 4 -22.1275 0
      vertex 5.25252 -21.8783 0
    endloop
  endfacet
  facet normal 0.962463 0.271414 0
    outer loop
      vertex 21.8783 5.25252 2
      vertex 21.3988 6.95288 0
      vertex 21.3988 6.95288 2
    endloop
  endfacet
  facet normal 0.962463 0.271414 0
    outer loop
      vertex 21.3988 6.95288 0
      vertex 21.8783 5.25252 2
      vertex 21.8783 5.25252 0
    endloop
  endfacet
  facet normal -0.346125 0.938188 0
    outer loop
      vertex -6.95288 21.3988 0
      vertex -8.61038 20.7873 2
      vertex -6.95288 21.3988 2
    endloop
  endfacet
  facet normal -0.346125 0.938188 0
    outer loop
      vertex -8.61038 20.7873 2
      vertex -6.95288 21.3988 0
      vertex -8.61038 20.7873 0
    endloop
  endfacet
  facet normal -0.831484 0.555549 0
    outer loop
      vertex -19.1844 11.7562 0
      vertex -18.2029 13.2252 2
      vertex -18.2029 13.2252 0
    endloop
  endfacet
  facet normal -0.831484 0.555549 0
    outer loop
      vertex -18.2029 13.2252 2
      vertex -19.1844 11.7562 0
      vertex -19.1844 11.7562 2
    endloop
  endfacet
  facet normal 0.938188 -0.346125 0
    outer loop
      vertex 20.7873 -8.61038 2
      vertex 21.3988 -6.95288 0
      vertex 21.3988 -6.95288 2
    endloop
  endfacet
  facet normal 0.938188 -0.346125 0
    outer loop
      vertex 21.3988 -6.95288 0
      vertex 20.7873 -8.61038 2
      vertex 20.7873 -8.61038 0
    endloop
  endfacet
  facet normal 0.555549 0.831484 -0
    outer loop
      vertex 13.2252 18.2029 0
      vertex 11.7562 19.1844 2
      vertex 13.2252 18.2029 2
    endloop
  endfacet
  facet normal 0.555549 0.831484 0
    outer loop
      vertex 11.7562 19.1844 2
      vertex 13.2252 18.2029 0
      vertex 11.7562 19.1844 0
    endloop
  endfacet
  facet normal -0.938188 -0.346125 0
    outer loop
      vertex -20.7873 -8.61038 0
      vertex -21.3988 -6.95288 2
      vertex -21.3988 -6.95288 0
    endloop
  endfacet
  facet normal -0.938188 -0.346125 0
    outer loop
      vertex -21.3988 -6.95288 2
      vertex -20.7873 -8.61038 0
      vertex -20.7873 -8.61038 2
    endloop
  endfacet
  facet normal 0.418684 0.908132 -0
    outer loop
      vertex 10.2148 20.0476 0
      vertex 8.61038 20.7873 2
      vertex 10.2148 20.0476 2
    endloop
  endfacet
  facet normal 0.418684 0.908132 0
    outer loop
      vertex 8.61038 20.7873 2
      vertex 10.2148 20.0476 0
      vertex 8.61038 20.7873 0
    endloop
  endfacet
  facet normal -0.271414 -0.962463 0
    outer loop
      vertex -6.95288 -21.3988 0
      vertex -5.25252 -21.8783 2
      vertex -6.95288 -21.3988 2
    endloop
  endfacet
  facet normal -0.271414 -0.962463 -0
    outer loop
      vertex -5.25252 -21.8783 2
      vertex -6.95288 -21.3988 0
      vertex -5.25252 -21.8783 0
    endloop
  endfacet
  facet normal 0.734326 -0.678797 0
    outer loop
      vertex 15.9099 -15.9099 2
      vertex 17.1091 -14.6126 0
      vertex 17.1091 -14.6126 2
    endloop
  endfacet
  facet normal 0.734326 -0.678797 0
    outer loop
      vertex 17.1091 -14.6126 0
      vertex 15.9099 -15.9099 2
      vertex 15.9099 -15.9099 0
    endloop
  endfacet
  facet normal 0.555549 -0.831484 0
    outer loop
      vertex 11.7562 -19.1844 0
      vertex 13.2252 -18.2029 2
      vertex 11.7562 -19.1844 2
    endloop
  endfacet
  facet normal 0.555549 -0.831484 0
    outer loop
      vertex 13.2252 -18.2029 2
      vertex 11.7562 -19.1844 0
      vertex 13.2252 -18.2029 0
    endloop
  endfacet
  facet normal 0.48861 0.872502 -0
    outer loop
      vertex 11.7562 19.1844 0
      vertex 10.2148 20.0476 2
      vertex 11.7562 19.1844 2
    endloop
  endfacet
  facet normal 0.48861 0.872502 0
    outer loop
      vertex 10.2148 20.0476 2
      vertex 11.7562 19.1844 0
      vertex 10.2148 20.0476 0
    endloop
  endfacet
  facet normal -0.7853 0.619116 0
    outer loop
      vertex -18.2029 13.2252 0
      vertex -17.1091 14.6126 2
      vertex -17.1091 14.6126 0
    endloop
  endfacet
  facet normal -0.7853 0.619116 0
    outer loop
      vertex -17.1091 14.6126 2
      vertex -18.2029 13.2252 0
      vertex -18.2029 13.2252 2
    endloop
  endfacet
  facet normal 0.962463 -0.271414 0
    outer loop
      vertex 21.3988 -6.95288 2
      vertex 21.8783 -5.25252 0
      vertex 21.8783 -5.25252 2
    endloop
  endfacet
  facet normal 0.962463 -0.271414 0
    outer loop
      vertex 21.8783 -5.25252 0
      vertex 21.3988 -6.95288 2
      vertex 21.3988 -6.95288 0
    endloop
  endfacet
  facet normal 0.271414 -0.962463 0
    outer loop
      vertex 5.25252 -21.8783 0
      vertex 6.95288 -21.3988 2
      vertex 5.25252 -21.8783 2
    endloop
  endfacet
  facet normal 0.271414 -0.962463 0
    outer loop
      vertex 6.95288 -21.3988 2
      vertex 5.25252 -21.8783 0
      vertex 6.95288 -21.3988 0
    endloop
  endfacet
  facet normal -0.734326 -0.678797 0
    outer loop
      vertex -15.9099 -15.9099 0
      vertex -17.1091 -14.6126 2
      vertex -17.1091 -14.6126 0
    endloop
  endfacet
  facet normal -0.734326 -0.678797 0
    outer loop
      vertex -17.1091 -14.6126 2
      vertex -15.9099 -15.9099 0
      vertex -15.9099 -15.9099 2
    endloop
  endfacet
  facet normal -0.938188 0.346125 0
    outer loop
      vertex -21.3988 6.95288 0
      vertex -20.7873 8.61038 2
      vertex -20.7873 8.61038 0
    endloop
  endfacet
  facet normal -0.938188 0.346125 0
    outer loop
      vertex -20.7873 8.61038 2
      vertex -21.3988 6.95288 0
      vertex -21.3988 6.95288 2
    endloop
  endfacet
  facet normal 0.831484 0.555549 0
    outer loop
      vertex 19.1844 11.7562 2
      vertex 18.2029 13.2252 0
      vertex 18.2029 13.2252 2
    endloop
  endfacet
  facet normal 0.831484 0.555549 0
    outer loop
      vertex 18.2029 13.2252 0
      vertex 19.1844 11.7562 2
      vertex 19.1844 11.7562 0
    endloop
  endfacet
  facet normal -0.195134 0.980777 0
    outer loop
      vertex -4 22.1275 0
      vertex -5.25252 21.8783 2
      vertex -4 22.1275 2
    endloop
  endfacet
  facet normal -0.195134 0.980777 0
    outer loop
      vertex -5.25252 21.8783 2
      vertex -4 22.1275 0
      vertex -5.25252 21.8783 0
    endloop
  endfacet
  facet normal -0.619116 -0.7853 0
    outer loop
      vertex -14.6126 -17.1091 0
      vertex -13.2252 -18.2029 2
      vertex -14.6126 -17.1091 2
    endloop
  endfacet
  facet normal -0.619116 -0.7853 -0
    outer loop
      vertex -13.2252 -18.2029 2
      vertex -14.6126 -17.1091 0
      vertex -13.2252 -18.2029 0
    endloop
  endfacet
  facet normal 0.980777 -0.195134 0
    outer loop
      vertex 21.8783 -5.25252 2
      vertex 22.1275 -4 0
      vertex 22.1275 -4 2
    endloop
  endfacet
  facet normal 0.980777 -0.195134 0
    outer loop
      vertex 22.1275 -4 0
      vertex 21.8783 -5.25252 2
      vertex 21.8783 -5.25252 0
    endloop
  endfacet
  facet normal -0.678797 0.734326 0
    outer loop
      vertex -14.6126 17.1091 0
      vertex -15.9099 15.9099 2
      vertex -14.6126 17.1091 2
    endloop
  endfacet
  facet normal -0.678797 0.734326 0
    outer loop
      vertex -15.9099 15.9099 2
      vertex -14.6126 17.1091 0
      vertex -15.9099 15.9099 0
    endloop
  endfacet
  facet normal 0.872502 -0.48861 0
    outer loop
      vertex 19.1844 -11.7562 2
      vertex 20.0476 -10.2148 0
      vertex 20.0476 -10.2148 2
    endloop
  endfacet
  facet normal 0.872502 -0.48861 0
    outer loop
      vertex 20.0476 -10.2148 0
      vertex 19.1844 -11.7562 2
      vertex 19.1844 -11.7562 0
    endloop
  endfacet
  facet normal 0.938188 0.346125 0
    outer loop
      vertex 21.3988 6.95288 2
      vertex 20.7873 8.61038 0
      vertex 20.7873 8.61038 2
    endloop
  endfacet
  facet normal 0.938188 0.346125 0
    outer loop
      vertex 20.7873 8.61038 0
      vertex 21.3988 6.95288 2
      vertex 21.3988 6.95288 0
    endloop
  endfacet
  facet normal 0.831484 -0.555549 0
    outer loop
      vertex 18.2029 -13.2252 2
      vertex 19.1844 -11.7562 0
      vertex 19.1844 -11.7562 2
    endloop
  endfacet
  facet normal 0.831484 -0.555549 0
    outer loop
      vertex 19.1844 -11.7562 0
      vertex 18.2029 -13.2252 2
      vertex 18.2029 -13.2252 0
    endloop
  endfacet
  facet normal 0.908132 -0.418684 0
    outer loop
      vertex 20.0476 -10.2148 2
      vertex 20.7873 -8.61038 0
      vertex 20.7873 -8.61038 2
    endloop
  endfacet
  facet normal 0.908132 -0.418684 0
    outer loop
      vertex 20.7873 -8.61038 0
      vertex 20.0476 -10.2148 2
      vertex 20.0476 -10.2148 0
    endloop
  endfacet
  facet normal 0.619116 0.7853 -0
    outer loop
      vertex 14.6126 17.1091 0
      vertex 13.2252 18.2029 2
      vertex 14.6126 17.1091 2
    endloop
  endfacet
  facet normal 0.619116 0.7853 0
    outer loop
      vertex 13.2252 18.2029 2
      vertex 14.6126 17.1091 0
      vertex 13.2252 18.2029 0
    endloop
  endfacet
  facet normal -0.555549 0.831484 0
    outer loop
      vertex -11.7562 19.1844 0
      vertex -13.2252 18.2029 2
      vertex -11.7562 19.1844 2
    endloop
  endfacet
  facet normal -0.555549 0.831484 0
    outer loop
      vertex -13.2252 18.2029 2
      vertex -11.7562 19.1844 0
      vertex -13.2252 18.2029 0
    endloop
  endfacet
  facet normal 0.7853 -0.619116 0
    outer loop
      vertex 17.1091 -14.6126 2
      vertex 18.2029 -13.2252 0
      vertex 18.2029 -13.2252 2
    endloop
  endfacet
  facet normal 0.7853 -0.619116 0
    outer loop
      vertex 18.2029 -13.2252 0
      vertex 17.1091 -14.6126 2
      vertex 17.1091 -14.6126 0
    endloop
  endfacet
  facet normal 0.908132 0.418684 0
    outer loop
      vertex 20.7873 8.61038 2
      vertex 20.0476 10.2148 0
      vertex 20.0476 10.2148 2
    endloop
  endfacet
  facet normal 0.908132 0.418684 0
    outer loop
      vertex 20.0476 10.2148 0
      vertex 20.7873 8.61038 2
      vertex 20.7873 8.61038 0
    endloop
  endfacet
  facet normal -0.980777 -0.195134 0
    outer loop
      vertex -21.8783 -5.25252 0
      vertex -22.1275 -4 2
      vertex -22.1275 -4 0
    endloop
  endfacet
  facet normal -0.980777 -0.195134 0
    outer loop
      vertex -22.1275 -4 2
      vertex -21.8783 -5.25252 0
      vertex -21.8783 -5.25252 2
    endloop
  endfacet
  facet normal -0.908132 -0.418684 0
    outer loop
      vertex -20.0476 -10.2148 0
      vertex -20.7873 -8.61038 2
      vertex -20.7873 -8.61038 0
    endloop
  endfacet
  facet normal -0.908132 -0.418684 0
    outer loop
      vertex -20.7873 -8.61038 2
      vertex -20.0476 -10.2148 0
      vertex -20.0476 -10.2148 2
    endloop
  endfacet
  facet normal 0.346125 -0.938188 0
    outer loop
      vertex 6.95288 -21.3988 0
      vertex 8.61038 -20.7873 2
      vertex 6.95288 -21.3988 2
    endloop
  endfacet
  facet normal 0.346125 -0.938188 0
    outer loop
      vertex 8.61038 -20.7873 2
      vertex 6.95288 -21.3988 0
      vertex 8.61038 -20.7873 0
    endloop
  endfacet
  facet normal 0.678797 0.734326 -0
    outer loop
      vertex 15.9099 15.9099 0
      vertex 14.6126 17.1091 2
      vertex 15.9099 15.9099 2
    endloop
  endfacet
  facet normal 0.678797 0.734326 0
    outer loop
      vertex 14.6126 17.1091 2
      vertex 15.9099 15.9099 0
      vertex 14.6126 17.1091 0
    endloop
  endfacet
  facet normal -0.418684 0.908132 0
    outer loop
      vertex -8.61038 20.7873 0
      vertex -10.2148 20.0476 2
      vertex -8.61038 20.7873 2
    endloop
  endfacet
  facet normal -0.418684 0.908132 0
    outer loop
      vertex -10.2148 20.0476 2
      vertex -8.61038 20.7873 0
      vertex -10.2148 20.0476 0
    endloop
  endfacet
  facet normal -0.734326 0.678797 0
    outer loop
      vertex -17.1091 14.6126 0
      vertex -15.9099 15.9099 2
      vertex -15.9099 15.9099 0
    endloop
  endfacet
  facet normal -0.734326 0.678797 0
    outer loop
      vertex -15.9099 15.9099 2
      vertex -17.1091 14.6126 0
      vertex -17.1091 14.6126 2
    endloop
  endfacet
  facet normal -0.962463 -0.271414 0
    outer loop
      vertex -21.3988 -6.95288 0
      vertex -21.8783 -5.25252 2
      vertex -21.8783 -5.25252 0
    endloop
  endfacet
  facet normal -0.962463 -0.271414 0
    outer loop
      vertex -21.8783 -5.25252 2
      vertex -21.3988 -6.95288 0
      vertex -21.3988 -6.95288 2
    endloop
  endfacet
  facet normal -0.831484 -0.555549 0
    outer loop
      vertex -18.2029 -13.2252 0
      vertex -19.1844 -11.7562 2
      vertex -19.1844 -11.7562 0
    endloop
  endfacet
  facet normal -0.831484 -0.555549 0
    outer loop
      vertex -19.1844 -11.7562 2
      vertex -18.2029 -13.2252 0
      vertex -18.2029 -13.2252 2
    endloop
  endfacet
  facet normal -0.962463 0.271414 0
    outer loop
      vertex -21.8783 5.25252 0
      vertex -21.3988 6.95288 2
      vertex -21.3988 6.95288 0
    endloop
  endfacet
  facet normal -0.962463 0.271414 0
    outer loop
      vertex -21.3988 6.95288 2
      vertex -21.8783 5.25252 0
      vertex -21.8783 5.25252 2
    endloop
  endfacet
  facet normal -0.48861 0.872502 0
    outer loop
      vertex -10.2148 20.0476 0
      vertex -11.7562 19.1844 2
      vertex -10.2148 20.0476 2
    endloop
  endfacet
  facet normal -0.48861 0.872502 0
    outer loop
      vertex -11.7562 19.1844 2
      vertex -10.2148 20.0476 0
      vertex -11.7562 19.1844 0
    endloop
  endfacet
  facet normal -0.872502 0.48861 0
    outer loop
      vertex -20.0476 10.2148 0
      vertex -19.1844 11.7562 2
      vertex -19.1844 11.7562 0
    endloop
  endfacet
  facet normal -0.872502 0.48861 0
    outer loop
      vertex -19.1844 11.7562 2
      vertex -20.0476 10.2148 0
      vertex -20.0476 10.2148 2
    endloop
  endfacet
  facet normal 0.619116 -0.7853 0
    outer loop
      vertex 13.2252 -18.2029 0
      vertex 14.6126 -17.1091 2
      vertex 13.2252 -18.2029 2
    endloop
  endfacet
  facet normal 0.619116 -0.7853 0
    outer loop
      vertex 14.6126 -17.1091 2
      vertex 13.2252 -18.2029 0
      vertex 14.6126 -17.1091 0
    endloop
  endfacet
  facet normal 0.271414 0.962463 -0
    outer loop
      vertex 6.95288 21.3988 0
      vertex 5.25252 21.8783 2
      vertex 6.95288 21.3988 2
    endloop
  endfacet
  facet normal 0.271414 0.962463 0
    outer loop
      vertex 5.25252 21.8783 2
      vertex 6.95288 21.3988 0
      vertex 5.25252 21.8783 0
    endloop
  endfacet
  facet normal -0.678797 -0.734326 0
    outer loop
      vertex -15.9099 -15.9099 0
      vertex -14.6126 -17.1091 2
      vertex -15.9099 -15.9099 2
    endloop
  endfacet
  facet normal -0.678797 -0.734326 -0
    outer loop
      vertex -14.6126 -17.1091 2
      vertex -15.9099 -15.9099 0
      vertex -14.6126 -17.1091 0
    endloop
  endfacet
  facet normal 0.734326 0.678797 0
    outer loop
      vertex 17.1091 14.6126 2
      vertex 15.9099 15.9099 0
      vertex 15.9099 15.9099 2
    endloop
  endfacet
  facet normal 0.734326 0.678797 0
    outer loop
      vertex 15.9099 15.9099 0
      vertex 17.1091 14.6126 2
      vertex 17.1091 14.6126 0
    endloop
  endfacet
  facet normal -0.619116 0.7853 0
    outer loop
      vertex -13.2252 18.2029 0
      vertex -14.6126 17.1091 2
      vertex -13.2252 18.2029 2
    endloop
  endfacet
  facet normal -0.619116 0.7853 0
    outer loop
      vertex -14.6126 17.1091 2
      vertex -13.2252 18.2029 0
      vertex -14.6126 17.1091 0
    endloop
  endfacet
  facet normal 0.980777 0.195134 0
    outer loop
      vertex 22.1275 4 2
      vertex 21.8783 5.25252 0
      vertex 21.8783 5.25252 2
    endloop
  endfacet
  facet normal 0.980777 0.195134 0
    outer loop
      vertex 21.8783 5.25252 0
      vertex 22.1275 4 2
      vertex 22.1275 4 0
    endloop
  endfacet
  facet normal -0.195134 -0.980777 0
    outer loop
      vertex -5.25252 -21.8783 0
      vertex -4 -22.1275 2
      vertex -5.25252 -21.8783 2
    endloop
  endfacet
  facet normal -0.195134 -0.980777 -0
    outer loop
      vertex -4 -22.1275 2
      vertex -5.25252 -21.8783 0
      vertex -4 -22.1275 0
    endloop
  endfacet
  facet normal -0.7853 -0.619116 0
    outer loop
      vertex -17.1091 -14.6126 0
      vertex -18.2029 -13.2252 2
      vertex -18.2029 -13.2252 0
    endloop
  endfacet
  facet normal -0.7853 -0.619116 0
    outer loop
      vertex -18.2029 -13.2252 2
      vertex -17.1091 -14.6126 0
      vertex -17.1091 -14.6126 2
    endloop
  endfacet
  facet normal -0.872502 -0.48861 0
    outer loop
      vertex -19.1844 -11.7562 0
      vertex -20.0476 -10.2148 2
      vertex -20.0476 -10.2148 0
    endloop
  endfacet
  facet normal -0.872502 -0.48861 0
    outer loop
      vertex -20.0476 -10.2148 2
      vertex -19.1844 -11.7562 0
      vertex -19.1844 -11.7562 2
    endloop
  endfacet
  facet normal -0.980777 0.195134 0
    outer loop
      vertex -22.1275 4 0
      vertex -21.8783 5.25252 2
      vertex -21.8783 5.25252 0
    endloop
  endfacet
  facet normal -0.980777 0.195134 0
    outer loop
      vertex -21.8783 5.25252 2
      vertex -22.1275 4 0
      vertex -22.1275 4 2
    endloop
  endfacet
  facet normal -0.346125 -0.938188 0
    outer loop
      vertex -8.61038 -20.7873 0
      vertex -6.95288 -21.3988 2
      vertex -8.61038 -20.7873 2
    endloop
  endfacet
  facet normal -0.346125 -0.938188 -0
    outer loop
      vertex -6.95288 -21.3988 2
      vertex -8.61038 -20.7873 0
      vertex -6.95288 -21.3988 0
    endloop
  endfacet
  facet normal -0.908132 0.418684 0
    outer loop
      vertex -20.7873 8.61038 0
      vertex -20.0476 10.2148 2
      vertex -20.0476 10.2148 0
    endloop
  endfacet
  facet normal -0.908132 0.418684 0
    outer loop
      vertex -20.0476 10.2148 2
      vertex -20.7873 8.61038 0
      vertex -20.7873 8.61038 2
    endloop
  endfacet
  facet normal -0.555549 -0.831484 0
    outer loop
      vertex -13.2252 -18.2029 0
      vertex -11.7562 -19.1844 2
      vertex -13.2252 -18.2029 2
    endloop
  endfacet
  facet normal -0.555549 -0.831484 -0
    outer loop
      vertex -11.7562 -19.1844 2
      vertex -13.2252 -18.2029 0
      vertex -11.7562 -19.1844 0
    endloop
  endfacet
  facet normal 0.346125 0.938188 -0
    outer loop
      vertex 8.61038 20.7873 0
      vertex 6.95288 21.3988 2
      vertex 8.61038 20.7873 2
    endloop
  endfacet
  facet normal 0.346125 0.938188 0
    outer loop
      vertex 6.95288 21.3988 2
      vertex 8.61038 20.7873 0
      vertex 6.95288 21.3988 0
    endloop
  endfacet
  facet normal -0.48861 -0.872502 0
    outer loop
      vertex -11.7562 -19.1844 0
      vertex -10.2148 -20.0476 2
      vertex -11.7562 -19.1844 2
    endloop
  endfacet
  facet normal -0.48861 -0.872502 -0
    outer loop
      vertex -10.2148 -20.0476 2
      vertex -11.7562 -19.1844 0
      vertex -10.2148 -20.0476 0
    endloop
  endfacet
  facet normal -0.418684 -0.908132 0
    outer loop
      vertex -10.2148 -20.0476 0
      vertex -8.61038 -20.7873 2
      vertex -10.2148 -20.0476 2
    endloop
  endfacet
  facet normal -0.418684 -0.908132 -0
    outer loop
      vertex -8.61038 -20.7873 2
      vertex -10.2148 -20.0476 0
      vertex -8.61038 -20.7873 0
    endloop
  endfacet
  facet normal -0.872499 0.488615 0
    outer loop
      vertex 14.9212 -9.14372 0
      vertex 15.5926 -7.94483 2
      vertex 15.5926 -7.94483 0
    endloop
  endfacet
  facet normal -0.872499 0.488615 0
    outer loop
      vertex 15.5926 -7.94483 2
      vertex 14.9212 -9.14372 0
      vertex 14.9212 -9.14372 2
    endloop
  endfacet
  facet normal -0.980929 -0.194369 0
    outer loop
      vertex 17.0334 4 0
      vertex 17.0165 4.08529 2
      vertex 17.0165 4.08529 0
    endloop
  endfacet
  facet normal -0.980929 -0.194369 0
    outer loop
      vertex 17.0165 4.08529 2
      vertex 17.0334 4 0
      vertex 17.0334 4 2
    endloop
  endfacet
  facet normal -0.785315 0.619097 0
    outer loop
      vertex 13.3071 -11.3653 0
      vertex 14.1578 -10.2862 2
      vertex 14.1578 -10.2862 0
    endloop
  endfacet
  facet normal -0.785315 0.619097 0
    outer loop
      vertex 14.1578 -10.2862 2
      vertex 13.3071 -11.3653 0
      vertex 13.3071 -11.3653 2
    endloop
  endfacet
  facet normal 0.93819 -0.346119 0
    outer loop
      vertex -16.6435 5.4078 2
      vertex -16.1679 6.69696 0
      vertex -16.1679 6.69696 2
    endloop
  endfacet
  facet normal 0.93819 -0.346119 0
    outer loop
      vertex -16.1679 6.69696 0
      vertex -16.6435 5.4078 2
      vertex -16.6435 5.4078 0
    endloop
  endfacet
  facet normal 0.619097 0.785315 -0
    outer loop
      vertex -10.2862 -14.1578 0
      vertex -11.3653 -13.3071 2
      vertex -10.2862 -14.1578 2
    endloop
  endfacet
  facet normal 0.619097 0.785315 0
    outer loop
      vertex -11.3653 -13.3071 2
      vertex -10.2862 -14.1578 0
      vertex -11.3653 -13.3071 0
    endloop
  endfacet
  facet normal -0.619097 -0.785315 0
    outer loop
      vertex 10.2862 14.1578 0
      vertex 11.3653 13.3071 2
      vertex 10.2862 14.1578 2
    endloop
  endfacet
  facet normal -0.619097 -0.785315 -0
    outer loop
      vertex 11.3653 13.3071 2
      vertex 10.2862 14.1578 0
      vertex 11.3653 13.3071 0
    endloop
  endfacet
  facet normal -0.55558 0.831463 0
    outer loop
      vertex 10.2862 -14.1578 0
      vertex 9.14372 -14.9212 2
      vertex 10.2862 -14.1578 2
    endloop
  endfacet
  facet normal -0.55558 0.831463 0
    outer loop
      vertex 9.14372 -14.9212 2
      vertex 10.2862 -14.1578 0
      vertex 9.14372 -14.9212 0
    endloop
  endfacet
  facet normal -0.73436 0.678761 0
    outer loop
      vertex 12.3744 -12.3744 0
      vertex 13.3071 -11.3653 2
      vertex 13.3071 -11.3653 0
    endloop
  endfacet
  facet normal -0.73436 0.678761 0
    outer loop
      vertex 13.3071 -11.3653 2
      vertex 12.3744 -12.3744 0
      vertex 12.3744 -12.3744 2
    endloop
  endfacet
  facet normal 0.678761 -0.73436 0
    outer loop
      vertex -12.3744 12.3744 0
      vertex -11.3653 13.3071 2
      vertex -12.3744 12.3744 2
    endloop
  endfacet
  facet normal 0.678761 -0.73436 0
    outer loop
      vertex -11.3653 13.3071 2
      vertex -12.3744 12.3744 0
      vertex -11.3653 13.3071 0
    endloop
  endfacet
  facet normal 0.93819 0.346119 0
    outer loop
      vertex -16.1679 -6.69696 2
      vertex -16.6435 -5.4078 0
      vertex -16.6435 -5.4078 2
    endloop
  endfacet
  facet normal 0.93819 0.346119 0
    outer loop
      vertex -16.6435 -5.4078 0
      vertex -16.1679 -6.69696 2
      vertex -16.1679 -6.69696 0
    endloop
  endfacet
  facet normal -0.980929 0.194369 0
    outer loop
      vertex 17.0165 -4.08529 0
      vertex 17.0334 -4 2
      vertex 17.0334 -4 0
    endloop
  endfacet
  facet normal -0.980929 0.194369 0
    outer loop
      vertex 17.0334 -4 2
      vertex 17.0165 -4.08529 0
      vertex 17.0165 -4.08529 2
    endloop
  endfacet
  facet normal -0.962453 -0.27145 0
    outer loop
      vertex 17.0165 4.08529 0
      vertex 16.6435 5.4078 2
      vertex 16.6435 5.4078 0
    endloop
  endfacet
  facet normal -0.962453 -0.27145 0
    outer loop
      vertex 16.6435 5.4078 2
      vertex 17.0165 4.08529 0
      vertex 17.0165 4.08529 2
    endloop
  endfacet
  facet normal 0.488615 -0.872499 0
    outer loop
      vertex -9.14372 14.9212 0
      vertex -7.94483 15.5926 2
      vertex -9.14372 14.9212 2
    endloop
  endfacet
  facet normal 0.488615 -0.872499 0
    outer loop
      vertex -7.94483 15.5926 2
      vertex -9.14372 14.9212 0
      vertex -7.94483 15.5926 0
    endloop
  endfacet
  facet normal -0.346119 -0.93819 0
    outer loop
      vertex 5.4078 16.6435 0
      vertex 6.69696 16.1679 2
      vertex 5.4078 16.6435 2
    endloop
  endfacet
  facet normal -0.346119 -0.93819 -0
    outer loop
      vertex 6.69696 16.1679 2
      vertex 5.4078 16.6435 0
      vertex 6.69696 16.1679 0
    endloop
  endfacet
  facet normal 0.962453 0.27145 0
    outer loop
      vertex -16.6435 -5.4078 2
      vertex -17.0165 -4.08529 0
      vertex -17.0165 -4.08529 2
    endloop
  endfacet
  facet normal 0.962453 0.27145 0
    outer loop
      vertex -17.0165 -4.08529 0
      vertex -16.6435 -5.4078 2
      vertex -16.6435 -5.4078 0
    endloop
  endfacet
  facet normal -0.678761 0.73436 0
    outer loop
      vertex 12.3744 -12.3744 0
      vertex 11.3653 -13.3071 2
      vertex 12.3744 -12.3744 2
    endloop
  endfacet
  facet normal -0.678761 0.73436 0
    outer loop
      vertex 11.3653 -13.3071 2
      vertex 12.3744 -12.3744 0
      vertex 11.3653 -13.3071 0
    endloop
  endfacet
  facet normal -0.872499 -0.488615 0
    outer loop
      vertex 15.5926 7.94483 0
      vertex 14.9212 9.14372 2
      vertex 14.9212 9.14372 0
    endloop
  endfacet
  facet normal -0.872499 -0.488615 0
    outer loop
      vertex 14.9212 9.14372 2
      vertex 15.5926 7.94483 0
      vertex 15.5926 7.94483 2
    endloop
  endfacet
  facet normal -0.962453 0.27145 0
    outer loop
      vertex 16.6435 -5.4078 0
      vertex 17.0165 -4.08529 2
      vertex 17.0165 -4.08529 0
    endloop
  endfacet
  facet normal -0.962453 0.27145 0
    outer loop
      vertex 17.0165 -4.08529 2
      vertex 16.6435 -5.4078 0
      vertex 16.6435 -5.4078 2
    endloop
  endfacet
  facet normal -0.418674 0.908137 0
    outer loop
      vertex 7.94483 -15.5926 0
      vertex 6.69696 -16.1679 2
      vertex 7.94483 -15.5926 2
    endloop
  endfacet
  facet normal -0.418674 0.908137 0
    outer loop
      vertex 6.69696 -16.1679 2
      vertex 7.94483 -15.5926 0
      vertex 6.69696 -16.1679 0
    endloop
  endfacet
  facet normal 0.418674 0.908137 -0
    outer loop
      vertex -6.69696 -16.1679 0
      vertex -7.94483 -15.5926 2
      vertex -6.69696 -16.1679 2
    endloop
  endfacet
  facet normal 0.418674 0.908137 0
    outer loop
      vertex -7.94483 -15.5926 2
      vertex -6.69696 -16.1679 0
      vertex -7.94483 -15.5926 0
    endloop
  endfacet
  facet normal 0.872499 -0.488615 0
    outer loop
      vertex -15.5926 7.94483 2
      vertex -14.9212 9.14372 0
      vertex -14.9212 9.14372 2
    endloop
  endfacet
  facet normal 0.872499 -0.488615 0
    outer loop
      vertex -14.9212 9.14372 0
      vertex -15.5926 7.94483 2
      vertex -15.5926 7.94483 0
    endloop
  endfacet
  facet normal 0.55558 -0.831463 0
    outer loop
      vertex -10.2862 14.1578 0
      vertex -9.14372 14.9212 2
      vertex -10.2862 14.1578 2
    endloop
  endfacet
  facet normal 0.55558 -0.831463 0
    outer loop
      vertex -9.14372 14.9212 2
      vertex -10.2862 14.1578 0
      vertex -9.14372 14.9212 0
    endloop
  endfacet
  facet normal 0.785315 0.619097 0
    outer loop
      vertex -13.3071 -11.3653 2
      vertex -14.1578 -10.2862 0
      vertex -14.1578 -10.2862 2
    endloop
  endfacet
  facet normal 0.785315 0.619097 0
    outer loop
      vertex -14.1578 -10.2862 0
      vertex -13.3071 -11.3653 2
      vertex -13.3071 -11.3653 0
    endloop
  endfacet
  facet normal 0.55558 0.831463 -0
    outer loop
      vertex -9.14372 -14.9212 0
      vertex -10.2862 -14.1578 2
      vertex -9.14372 -14.9212 2
    endloop
  endfacet
  facet normal 0.55558 0.831463 0
    outer loop
      vertex -10.2862 -14.1578 2
      vertex -9.14372 -14.9212 0
      vertex -10.2862 -14.1578 0
    endloop
  endfacet
  facet normal -0.785315 -0.619097 0
    outer loop
      vertex 14.1578 10.2862 0
      vertex 13.3071 11.3653 2
      vertex 13.3071 11.3653 0
    endloop
  endfacet
  facet normal -0.785315 -0.619097 0
    outer loop
      vertex 13.3071 11.3653 2
      vertex 14.1578 10.2862 0
      vertex 14.1578 10.2862 2
    endloop
  endfacet
  facet normal -0.418674 -0.908137 0
    outer loop
      vertex 6.69696 16.1679 0
      vertex 7.94483 15.5926 2
      vertex 6.69696 16.1679 2
    endloop
  endfacet
  facet normal -0.418674 -0.908137 -0
    outer loop
      vertex 7.94483 15.5926 2
      vertex 6.69696 16.1679 0
      vertex 7.94483 15.5926 0
    endloop
  endfacet
  facet normal -0.488615 0.872499 0
    outer loop
      vertex 9.14372 -14.9212 0
      vertex 7.94483 -15.5926 2
      vertex 9.14372 -14.9212 2
    endloop
  endfacet
  facet normal -0.488615 0.872499 0
    outer loop
      vertex 7.94483 -15.5926 2
      vertex 9.14372 -14.9212 0
      vertex 7.94483 -15.5926 0
    endloop
  endfacet
  facet normal -0.55558 -0.831463 0
    outer loop
      vertex 9.14372 14.9212 0
      vertex 10.2862 14.1578 2
      vertex 9.14372 14.9212 2
    endloop
  endfacet
  facet normal -0.55558 -0.831463 -0
    outer loop
      vertex 10.2862 14.1578 2
      vertex 9.14372 14.9212 0
      vertex 10.2862 14.1578 0
    endloop
  endfacet
  facet normal 0.678761 0.73436 -0
    outer loop
      vertex -11.3653 -13.3071 0
      vertex -12.3744 -12.3744 2
      vertex -11.3653 -13.3071 2
    endloop
  endfacet
  facet normal 0.678761 0.73436 0
    outer loop
      vertex -12.3744 -12.3744 2
      vertex -11.3653 -13.3071 0
      vertex -12.3744 -12.3744 0
    endloop
  endfacet
  facet normal 0.980929 -0.194369 0
    outer loop
      vertex -17.0334 4 2
      vertex -17.0165 4.08529 0
      vertex -17.0165 4.08529 2
    endloop
  endfacet
  facet normal 0.980929 -0.194369 0
    outer loop
      vertex -17.0165 4.08529 0
      vertex -17.0334 4 2
      vertex -17.0334 4 0
    endloop
  endfacet
  facet normal -0.488615 -0.872499 0
    outer loop
      vertex 7.94483 15.5926 0
      vertex 9.14372 14.9212 2
      vertex 7.94483 15.5926 2
    endloop
  endfacet
  facet normal -0.488615 -0.872499 -0
    outer loop
      vertex 9.14372 14.9212 2
      vertex 7.94483 15.5926 0
      vertex 9.14372 14.9212 0
    endloop
  endfacet
  facet normal -0.831463 0.55558 0
    outer loop
      vertex 14.1578 -10.2862 0
      vertex 14.9212 -9.14372 2
      vertex 14.9212 -9.14372 0
    endloop
  endfacet
  facet normal -0.831463 0.55558 0
    outer loop
      vertex 14.9212 -9.14372 2
      vertex 14.1578 -10.2862 0
      vertex 14.1578 -10.2862 2
    endloop
  endfacet
  facet normal -0.194369 0.980929 0
    outer loop
      vertex 4.08529 -17.0165 0
      vertex 4 -17.0334 2
      vertex 4.08529 -17.0165 2
    endloop
  endfacet
  facet normal -0.194369 0.980929 0
    outer loop
      vertex 4 -17.0334 2
      vertex 4.08529 -17.0165 0
      vertex 4 -17.0334 0
    endloop
  endfacet
  facet normal 0.346119 -0.93819 0
    outer loop
      vertex -6.69696 16.1679 0
      vertex -5.4078 16.6435 2
      vertex -6.69696 16.1679 2
    endloop
  endfacet
  facet normal 0.346119 -0.93819 0
    outer loop
      vertex -5.4078 16.6435 2
      vertex -6.69696 16.1679 0
      vertex -5.4078 16.6435 0
    endloop
  endfacet
  facet normal 0.418674 -0.908137 0
    outer loop
      vertex -7.94483 15.5926 0
      vertex -6.69696 16.1679 2
      vertex -7.94483 15.5926 2
    endloop
  endfacet
  facet normal 0.418674 -0.908137 0
    outer loop
      vertex -6.69696 16.1679 2
      vertex -7.94483 15.5926 0
      vertex -6.69696 16.1679 0
    endloop
  endfacet
  facet normal -0.678761 -0.73436 0
    outer loop
      vertex 11.3653 13.3071 0
      vertex 12.3744 12.3744 2
      vertex 11.3653 13.3071 2
    endloop
  endfacet
  facet normal -0.678761 -0.73436 -0
    outer loop
      vertex 12.3744 12.3744 2
      vertex 11.3653 13.3071 0
      vertex 12.3744 12.3744 0
    endloop
  endfacet
  facet normal -0.93819 -0.346119 0
    outer loop
      vertex 16.6435 5.4078 0
      vertex 16.1679 6.69696 2
      vertex 16.1679 6.69696 0
    endloop
  endfacet
  facet normal -0.93819 -0.346119 0
    outer loop
      vertex 16.1679 6.69696 2
      vertex 16.6435 5.4078 0
      vertex 16.6435 5.4078 2
    endloop
  endfacet
  facet normal -0.908137 -0.418674 0
    outer loop
      vertex 16.1679 6.69696 0
      vertex 15.5926 7.94483 2
      vertex 15.5926 7.94483 0
    endloop
  endfacet
  facet normal -0.908137 -0.418674 0
    outer loop
      vertex 15.5926 7.94483 2
      vertex 16.1679 6.69696 0
      vertex 16.1679 6.69696 2
    endloop
  endfacet
  facet normal -0.908137 0.418674 0
    outer loop
      vertex 15.5926 -7.94483 0
      vertex 16.1679 -6.69696 2
      vertex 16.1679 -6.69696 0
    endloop
  endfacet
  facet normal -0.908137 0.418674 0
    outer loop
      vertex 16.1679 -6.69696 2
      vertex 15.5926 -7.94483 0
      vertex 15.5926 -7.94483 2
    endloop
  endfacet
  facet normal 0.488615 0.872499 -0
    outer loop
      vertex -7.94483 -15.5926 0
      vertex -9.14372 -14.9212 2
      vertex -7.94483 -15.5926 2
    endloop
  endfacet
  facet normal 0.488615 0.872499 0
    outer loop
      vertex -9.14372 -14.9212 2
      vertex -7.94483 -15.5926 0
      vertex -9.14372 -14.9212 0
    endloop
  endfacet
  facet normal 0.831463 0.55558 0
    outer loop
      vertex -14.1578 -10.2862 2
      vertex -14.9212 -9.14372 0
      vertex -14.9212 -9.14372 2
    endloop
  endfacet
  facet normal 0.831463 0.55558 0
    outer loop
      vertex -14.9212 -9.14372 0
      vertex -14.1578 -10.2862 2
      vertex -14.1578 -10.2862 0
    endloop
  endfacet
  facet normal 0.872499 0.488615 0
    outer loop
      vertex -14.9212 -9.14372 2
      vertex -15.5926 -7.94483 0
      vertex -15.5926 -7.94483 2
    endloop
  endfacet
  facet normal 0.872499 0.488615 0
    outer loop
      vertex -15.5926 -7.94483 0
      vertex -14.9212 -9.14372 2
      vertex -14.9212 -9.14372 0
    endloop
  endfacet
  facet normal 0.194369 -0.980929 0
    outer loop
      vertex -4.08529 17.0165 0
      vertex -4 17.0334 2
      vertex -4.08529 17.0165 2
    endloop
  endfacet
  facet normal 0.194369 -0.980929 0
    outer loop
      vertex -4 17.0334 2
      vertex -4.08529 17.0165 0
      vertex -4 17.0334 0
    endloop
  endfacet
  facet normal 0.194369 0.980929 -0
    outer loop
      vertex -4 -17.0334 0
      vertex -4.08529 -17.0165 2
      vertex -4 -17.0334 2
    endloop
  endfacet
  facet normal 0.194369 0.980929 0
    outer loop
      vertex -4.08529 -17.0165 2
      vertex -4 -17.0334 0
      vertex -4.08529 -17.0165 0
    endloop
  endfacet
  facet normal -0.346119 0.93819 0
    outer loop
      vertex 6.69696 -16.1679 0
      vertex 5.4078 -16.6435 2
      vertex 6.69696 -16.1679 2
    endloop
  endfacet
  facet normal -0.346119 0.93819 0
    outer loop
      vertex 5.4078 -16.6435 2
      vertex 6.69696 -16.1679 0
      vertex 5.4078 -16.6435 0
    endloop
  endfacet
  facet normal 0.619097 -0.785315 0
    outer loop
      vertex -11.3653 13.3071 0
      vertex -10.2862 14.1578 2
      vertex -11.3653 13.3071 2
    endloop
  endfacet
  facet normal 0.619097 -0.785315 0
    outer loop
      vertex -10.2862 14.1578 2
      vertex -11.3653 13.3071 0
      vertex -10.2862 14.1578 0
    endloop
  endfacet
  facet normal 0.27145 -0.962453 0
    outer loop
      vertex -5.4078 16.6435 0
      vertex -4.08529 17.0165 2
      vertex -5.4078 16.6435 2
    endloop
  endfacet
  facet normal 0.27145 -0.962453 0
    outer loop
      vertex -4.08529 17.0165 2
      vertex -5.4078 16.6435 0
      vertex -4.08529 17.0165 0
    endloop
  endfacet
  facet normal 0.980929 0.194369 0
    outer loop
      vertex -17.0165 -4.08529 2
      vertex -17.0334 -4 0
      vertex -17.0334 -4 2
    endloop
  endfacet
  facet normal 0.980929 0.194369 0
    outer loop
      vertex -17.0334 -4 0
      vertex -17.0165 -4.08529 2
      vertex -17.0165 -4.08529 0
    endloop
  endfacet
  facet normal 0.831463 -0.55558 0
    outer loop
      vertex -14.9212 9.14372 2
      vertex -14.1578 10.2862 0
      vertex -14.1578 10.2862 2
    endloop
  endfacet
  facet normal 0.831463 -0.55558 0
    outer loop
      vertex -14.1578 10.2862 0
      vertex -14.9212 9.14372 2
      vertex -14.9212 9.14372 0
    endloop
  endfacet
  facet normal 0.908137 0.418674 0
    outer loop
      vertex -15.5926 -7.94483 2
      vertex -16.1679 -6.69696 0
      vertex -16.1679 -6.69696 2
    endloop
  endfacet
  facet normal 0.908137 0.418674 0
    outer loop
      vertex -16.1679 -6.69696 0
      vertex -15.5926 -7.94483 2
      vertex -15.5926 -7.94483 0
    endloop
  endfacet
  facet normal -0.93819 0.346119 0
    outer loop
      vertex 16.1679 -6.69696 0
      vertex 16.6435 -5.4078 2
      vertex 16.6435 -5.4078 0
    endloop
  endfacet
  facet normal -0.93819 0.346119 0
    outer loop
      vertex 16.6435 -5.4078 2
      vertex 16.1679 -6.69696 0
      vertex 16.1679 -6.69696 2
    endloop
  endfacet
  facet normal -0.73436 -0.678761 0
    outer loop
      vertex 13.3071 11.3653 0
      vertex 12.3744 12.3744 2
      vertex 12.3744 12.3744 0
    endloop
  endfacet
  facet normal -0.73436 -0.678761 0
    outer loop
      vertex 12.3744 12.3744 2
      vertex 13.3071 11.3653 0
      vertex 13.3071 11.3653 2
    endloop
  endfacet
  facet normal -0.831463 -0.55558 0
    outer loop
      vertex 14.9212 9.14372 0
      vertex 14.1578 10.2862 2
      vertex 14.1578 10.2862 0
    endloop
  endfacet
  facet normal -0.831463 -0.55558 0
    outer loop
      vertex 14.1578 10.2862 2
      vertex 14.9212 9.14372 0
      vertex 14.9212 9.14372 2
    endloop
  endfacet
  facet normal -0.27145 0.962453 0
    outer loop
      vertex 5.4078 -16.6435 0
      vertex 4.08529 -17.0165 2
      vertex 5.4078 -16.6435 2
    endloop
  endfacet
  facet normal -0.27145 0.962453 0
    outer loop
      vertex 4.08529 -17.0165 2
      vertex 5.4078 -16.6435 0
      vertex 4.08529 -17.0165 0
    endloop
  endfacet
  facet normal -0.194369 -0.980929 0
    outer loop
      vertex 4 17.0334 0
      vertex 4.08529 17.0165 2
      vertex 4 17.0334 2
    endloop
  endfacet
  facet normal -0.194369 -0.980929 -0
    outer loop
      vertex 4.08529 17.0165 2
      vertex 4 17.0334 0
      vertex 4.08529 17.0165 0
    endloop
  endfacet
  facet normal 0.908137 -0.418674 0
    outer loop
      vertex -16.1679 6.69696 2
      vertex -15.5926 7.94483 0
      vertex -15.5926 7.94483 2
    endloop
  endfacet
  facet normal 0.908137 -0.418674 0
    outer loop
      vertex -15.5926 7.94483 0
      vertex -16.1679 6.69696 2
      vertex -16.1679 6.69696 0
    endloop
  endfacet
  facet normal 0.73436 -0.678761 0
    outer loop
      vertex -13.3071 11.3653 2
      vertex -12.3744 12.3744 0
      vertex -12.3744 12.3744 2
    endloop
  endfacet
  facet normal 0.73436 -0.678761 0
    outer loop
      vertex -12.3744 12.3744 0
      vertex -13.3071 11.3653 2
      vertex -13.3071 11.3653 0
    endloop
  endfacet
  facet normal 0.346119 0.93819 -0
    outer loop
      vertex -5.4078 -16.6435 0
      vertex -6.69696 -16.1679 2
      vertex -5.4078 -16.6435 2
    endloop
  endfacet
  facet normal 0.346119 0.93819 0
    outer loop
      vertex -6.69696 -16.1679 2
      vertex -5.4078 -16.6435 0
      vertex -6.69696 -16.1679 0
    endloop
  endfacet
  facet normal 0.73436 0.678761 0
    outer loop
      vertex -12.3744 -12.3744 2
      vertex -13.3071 -11.3653 0
      vertex -13.3071 -11.3653 2
    endloop
  endfacet
  facet normal 0.73436 0.678761 0
    outer loop
      vertex -13.3071 -11.3653 0
      vertex -12.3744 -12.3744 2
      vertex -12.3744 -12.3744 0
    endloop
  endfacet
  facet normal -0.27145 -0.962453 0
    outer loop
      vertex 4.08529 17.0165 0
      vertex 5.4078 16.6435 2
      vertex 4.08529 17.0165 2
    endloop
  endfacet
  facet normal -0.27145 -0.962453 -0
    outer loop
      vertex 5.4078 16.6435 2
      vertex 4.08529 17.0165 0
      vertex 5.4078 16.6435 0
    endloop
  endfacet
  facet normal 0.962453 -0.27145 0
    outer loop
      vertex -17.0165 4.08529 2
      vertex -16.6435 5.4078 0
      vertex -16.6435 5.4078 2
    endloop
  endfacet
  facet normal 0.962453 -0.27145 0
    outer loop
      vertex -16.6435 5.4078 0
      vertex -17.0165 4.08529 2
      vertex -17.0165 4.08529 0
    endloop
  endfacet
  facet normal 0.27145 0.962453 -0
    outer loop
      vertex -4.08529 -17.0165 0
      vertex -5.4078 -16.6435 2
      vertex -4.08529 -17.0165 2
    endloop
  endfacet
  facet normal 0.27145 0.962453 0
    outer loop
      vertex -5.4078 -16.6435 2
      vertex -4.08529 -17.0165 0
      vertex -5.4078 -16.6435 0
    endloop
  endfacet
  facet normal 0.785315 -0.619097 0
    outer loop
      vertex -14.1578 10.2862 2
      vertex -13.3071 11.3653 0
      vertex -13.3071 11.3653 2
    endloop
  endfacet
  facet normal 0.785315 -0.619097 0
    outer loop
      vertex -13.3071 11.3653 0
      vertex -14.1578 10.2862 2
      vertex -14.1578 10.2862 0
    endloop
  endfacet
  facet normal -0.619097 0.785315 0
    outer loop
      vertex 11.3653 -13.3071 0
      vertex 10.2862 -14.1578 2
      vertex 11.3653 -13.3071 2
    endloop
  endfacet
  facet normal -0.619097 0.785315 0
    outer loop
      vertex 10.2862 -14.1578 2
      vertex 11.3653 -13.3071 0
      vertex 10.2862 -14.1578 0
    endloop
  endfacet
  facet normal 1 -0 0
    outer loop
      vertex 40.35 -4 2
      vertex 40.35 4 0
      vertex 40.35 4 2
    endloop
  endfacet
  facet normal 1 0 0
    outer loop
      vertex 40.35 4 0
      vertex 40.35 -4 2
      vertex 40.35 -4 0
    endloop
  endfacet
  facet normal -1 0 0
    outer loop
      vertex -40.35 -4 0
      vertex -40.35 4 2
      vertex -40.35 4 0
    endloop
  endfacet
  facet normal -1 -0 0
    outer loop
      vertex -40.35 4 2
      vertex -40.35 -4 0
      vertex -40.35 -4 2
    endloop
  endfacet
  facet normal 0 1 -0
    outer loop
      vertex -40.1318 4 0
      vertex -40.35 4 2
      vertex -40.1318 4 2
    endloop
  endfacet
  facet normal 0 1 0
    outer loop
      vertex -40.35 4 2
      vertex -40.1318 4 0
      vertex -40.35 4 0
    endloop
  endfacet
  facet normal 0 1 -0
    outer loop
      vertex 40.35 4 0
      vertex 40.1318 4 2
      vertex 40.35 4 2
    endloop
  endfacet
  facet normal 0 1 0
    outer loop
      vertex 40.1318 4 2
      vertex 40.35 4 0
      vertex 40.1318 4 0
    endloop
  endfacet
  facet normal 0 1 -0
    outer loop
      vertex -4 4 0
      vertex -17.0334 4 2
      vertex -4 4 2
    endloop
  endfacet
  facet normal 0 1 0
    outer loop
      vertex -17.0334 4 2
      vertex -4 4 0
      vertex -17.0334 4 0
    endloop
  endfacet
  facet normal 0 1 -0
    outer loop
      vertex 17.0334 4 0
      vertex 4 4 2
      vertex 17.0334 4 2
    endloop
  endfacet
  facet normal 0 1 0
    outer loop
      vertex 4 4 2
      vertex 17.0334 4 0
      vertex 4 4 0
    endloop
  endfacet
  facet normal 0 1 -0
    outer loop
      vertex -22.1275 4 0
      vertex -35.1119 4 2
      vertex -22.1275 4 2
    endloop
  endfacet
  facet normal 0 1 0
    outer loop
      vertex -35.1119 4 2
      vertex -22.1275 4 0
      vertex -35.1119 4 0
    endloop
  endfacet
  facet normal 0 1 -0
    outer loop
      vertex 35.1119 4 0
      vertex 22.1275 4 2
      vertex 35.1119 4 2
    endloop
  endfacet
  facet normal 0 1 0
    outer loop
      vertex 22.1275 4 2
      vertex 35.1119 4 0
      vertex 22.1275 4 0
    endloop
  endfacet
  facet normal 0 -1 0
    outer loop
      vertex -40.35 -4 0
      vertex -40.1318 -4 2
      vertex -40.35 -4 2
    endloop
  endfacet
  facet normal 0 -1 -0
    outer loop
      vertex -40.1318 -4 2
      vertex -40.35 -4 0
      vertex -40.1318 -4 0
    endloop
  endfacet
  facet normal 0 -1 0
    outer loop
      vertex 40.1318 -4 0
      vertex 40.35 -4 2
      vertex 40.1318 -4 2
    endloop
  endfacet
  facet normal 0 -1 -0
    outer loop
      vertex 40.35 -4 2
      vertex 40.1318 -4 0
      vertex 40.35 -4 0
    endloop
  endfacet
  facet normal 0 -1 0
    outer loop
      vertex -17.0334 -4 0
      vertex -4 -4 2
      vertex -17.0334 -4 2
    endloop
  endfacet
  facet normal 0 -1 -0
    outer loop
      vertex -4 -4 2
      vertex -17.0334 -4 0
      vertex -4 -4 0
    endloop
  endfacet
  facet normal 0 -1 0
    outer loop
      vertex 4 -4 0
      vertex 17.0334 -4 2
      vertex 4 -4 2
    endloop
  endfacet
  facet normal 0 -1 -0
    outer loop
      vertex 17.0334 -4 2
      vertex 4 -4 0
      vertex 17.0334 -4 0
    endloop
  endfacet
  facet normal 0 -1 0
    outer loop
      vertex -35.1119 -4 0
      vertex -22.1275 -4 2
      vertex -35.1119 -4 2
    endloop
  endfacet
  facet normal 0 -1 -0
    outer loop
      vertex -22.1275 -4 2
      vertex -35.1119 -4 0
      vertex -22.1275 -4 0
    endloop
  endfacet
  facet normal 0 -1 0
    outer loop
      vertex 22.1275 -4 0
      vertex 35.1119 -4 2
      vertex 22.1275 -4 2
    endloop
  endfacet
  facet normal 0 -1 -0
    outer loop
      vertex 35.1119 -4 2
      vertex 22.1275 -4 0
      vertex 35.1119 -4 0
    endloop
  endfacet
  facet normal 1 -0 0
    outer loop
      vertex 4 40.1318 2
      vertex 4 40.35 0
      vertex 4 40.35 2
    endloop
  endfacet
  facet normal 1 0 0
    outer loop
      vertex 4 40.35 0
      vertex 4 40.1318 2
      vertex 4 40.1318 0
    endloop
  endfacet
  facet normal 1 -0 0
    outer loop
      vertex 4 -40.35 2
      vertex 4 -40.1318 0
      vertex 4 -40.1318 2
    endloop
  endfacet
  facet normal 1 0 0
    outer loop
      vertex 4 -40.1318 0
      vertex 4 -40.35 2
      vertex 4 -40.35 0
    endloop
  endfacet
  facet normal 1 -0 0
    outer loop
      vertex 4 4 2
      vertex 4 17.0334 0
      vertex 4 17.0334 2
    endloop
  endfacet
  facet normal 1 0 0
    outer loop
      vertex 4 17.0334 0
      vertex 4 4 2
      vertex 4 4 0
    endloop
  endfacet
  facet normal 1 -0 0
    outer loop
      vertex 4 -17.0334 2
      vertex 4 -4 0
      vertex 4 -4 2
    endloop
  endfacet
  facet normal 1 0 0
    outer loop
      vertex 4 -4 0
      vertex 4 -17.0334 2
      vertex 4 -17.0334 0
    endloop
  endfacet
  facet normal 1 -0 0
    outer loop
      vertex 4 22.1275 2
      vertex 4 35.1119 0
      vertex 4 35.1119 2
    endloop
  endfacet
  facet normal 1 0 0
    outer loop
      vertex 4 35.1119 0
      vertex 4 22.1275 2
      vertex 4 22.1275 0
    endloop
  endfacet
  facet normal 1 -0 0
    outer loop
      vertex 4 -35.1119 2
      vertex 4 -22.1275 0
      vertex 4 -22.1275 2
    endloop
  endfacet
  facet normal 1 0 0
    outer loop
      vertex 4 -22.1275 0
      vertex 4 -35.1119 2
      vertex 4 -35.1119 0
    endloop
  endfacet
  facet normal -1 0 0
    outer loop
      vertex -4 40.1318 0
      vertex -4 40.35 2
      vertex -4 40.35 0
    endloop
  endfacet
  facet normal -1 -0 0
    outer loop
      vertex -4 40.35 2
      vertex -4 40.1318 0
      vertex -4 40.1318 2
    endloop
  endfacet
  facet normal -1 0 0
    outer loop
      vertex -4 -40.35 0
      vertex -4 -40.1318 2
      vertex -4 -40.1318 0
    endloop
  endfacet
  facet normal -1 -0 0
    outer loop
      vertex -4 -40.1318 2
      vertex -4 -40.35 0
      vertex -4 -40.35 2
    endloop
  endfacet
  facet normal -1 0 0
    outer loop
      vertex -4 4 0
      vertex -4 17.0334 2
      vertex -4 17.0334 0
    endloop
  endfacet
  facet normal -1 -0 0
    outer loop
      vertex -4 17.0334 2
      vertex -4 4 0
      vertex -4 4 2
    endloop
  endfacet
  facet normal -1 0 0
    outer loop
      vertex -4 -17.0334 0
      vertex -4 -4 2
      vertex -4 -4 0
    endloop
  endfacet
  facet normal -1 -0 0
    outer loop
      vertex -4 -4 2
      vertex -4 -17.0334 0
      vertex -4 -17.0334 2
    endloop
  endfacet
  facet normal -1 0 0
    outer loop
      vertex -4 -35.1119 0
      vertex -4 -22.1275 2
      vertex -4 -22.1275 0
    endloop
  endfacet
  facet normal -1 -0 0
    outer loop
      vertex -4 -22.1275 2
      vertex -4 -35.1119 0
      vertex -4 -35.1119 2
    endloop
  endfacet
  facet normal -1 0 0
    outer loop
      vertex -4 22.1275 0
      vertex -4 35.1119 2
      vertex -4 35.1119 0
    endloop
  endfacet
  facet normal -1 -0 0
    outer loop
      vertex -4 35.1119 2
      vertex -4 22.1275 0
      vertex -4 22.1275 2
    endloop
  endfacet
  facet normal 0 1 -0
    outer loop
      vertex 4 40.35 0
      vertex -4 40.35 2
      vertex 4 40.35 2
    endloop
  endfacet
  facet normal 0 1 0
    outer loop
      vertex -4 40.35 2
      vertex 4 40.35 0
      vertex -4 40.35 0
    endloop
  endfacet
  facet normal 0 -1 0
    outer loop
      vertex -4 -40.35 0
      vertex 4 -40.35 2
      vertex -4 -40.35 2
    endloop
  endfacet
  facet normal 0 -1 -0
    outer loop
      vertex 4 -40.35 2
      vertex -4 -40.35 0
      vertex 4 -40.35 0
    endloop
  endfacet
  facet normal -0.972373 -0.233433 0
    outer loop
      vertex 3.95075 0.625737 0
      vertex 3.80423 1.23607 2
      vertex 3.80423 1.23607 0
    endloop
  endfacet
  facet normal -0.972373 -0.233433 0
    outer loop
      vertex 3.80423 1.23607 2
      vertex 3.95075 0.625737 0
      vertex 3.95075 0.625737 2
    endloop
  endfacet
  facet normal -0.0784645 -0.996917 0
    outer loop
      vertex 0 4 0
      vertex 0.625737 3.95075 2
      vertex 0 4 2
    endloop
  endfacet
  facet normal -0.0784645 -0.996917 -0
    outer loop
      vertex 0.625737 3.95075 2
      vertex 0 4 0
      vertex 0.625737 3.95075 0
    endloop
  endfacet
  facet normal 0.649444 -0.760409 0
    outer loop
      vertex -2.82843 2.82843 0
      vertex -2.35114 3.23607 2
      vertex -2.82843 2.82843 2
    endloop
  endfacet
  facet normal 0.649444 -0.760409 0
    outer loop
      vertex -2.35114 3.23607 2
      vertex -2.82843 2.82843 0
      vertex -2.35114 3.23607 0
    endloop
  endfacet
  facet normal -0.852639 -0.5225 0
    outer loop
      vertex 3.56403 1.81596 0
      vertex 3.23607 2.35114 2
      vertex 3.23607 2.35114 0
    endloop
  endfacet
  facet normal -0.852639 -0.5225 0
    outer loop
      vertex 3.23607 2.35114 2
      vertex 3.56403 1.81596 0
      vertex 3.56403 1.81596 2
    endloop
  endfacet
  facet normal -0.852639 0.5225 0
    outer loop
      vertex 3.23607 -2.35114 0
      vertex 3.56403 -1.81596 2
      vertex 3.56403 -1.81596 0
    endloop
  endfacet
  facet normal -0.852639 0.5225 0
    outer loop
      vertex 3.56403 -1.81596 2
      vertex 3.23607 -2.35114 0
      vertex 3.23607 -2.35114 2
    endloop
  endfacet
  facet normal -0.0784645 0.996917 0
    outer loop
      vertex 0.625737 -3.95075 0
      vertex 0 -4 2
      vertex 0.625737 -3.95075 2
    endloop
  endfacet
  facet normal -0.0784645 0.996917 0
    outer loop
      vertex 0 -4 2
      vertex 0.625737 -3.95075 0
      vertex 0 -4 0
    endloop
  endfacet
  facet normal -0.996917 -0.0784645 0
    outer loop
      vertex 4 0 0
      vertex 3.95075 0.625737 2
      vertex 3.95075 0.625737 0
    endloop
  endfacet
  facet normal -0.996917 -0.0784645 0
    outer loop
      vertex 3.95075 0.625737 2
      vertex 4 0 0
      vertex 4 0 2
    endloop
  endfacet
  facet normal 0.923879 -0.382686 0
    outer loop
      vertex -3.80423 1.23607 2
      vertex -3.56403 1.81596 0
      vertex -3.56403 1.81596 2
    endloop
  endfacet
  facet normal 0.923879 -0.382686 0
    outer loop
      vertex -3.56403 1.81596 0
      vertex -3.80423 1.23607 2
      vertex -3.80423 1.23607 0
    endloop
  endfacet
  facet normal 0.0784645 0.996917 -0
    outer loop
      vertex 0 -4 0
      vertex -0.625737 -3.95075 2
      vertex 0 -4 2
    endloop
  endfacet
  facet normal 0.0784645 0.996917 0
    outer loop
      vertex -0.625737 -3.95075 2
      vertex 0 -4 0
      vertex -0.625737 -3.95075 0
    endloop
  endfacet
  facet normal 0.760409 -0.649444 0
    outer loop
      vertex -3.23607 2.35114 2
      vertex -2.82843 2.82843 0
      vertex -2.82843 2.82843 2
    endloop
  endfacet
  facet normal 0.760409 -0.649444 0
    outer loop
      vertex -2.82843 2.82843 0
      vertex -3.23607 2.35114 2
      vertex -3.23607 2.35114 0
    endloop
  endfacet
  facet normal -0.382686 -0.923879 0
    outer loop
      vertex 1.23607 3.80423 0
      vertex 1.81596 3.56403 2
      vertex 1.23607 3.80423 2
    endloop
  endfacet
  facet normal -0.382686 -0.923879 -0
    outer loop
      vertex 1.81596 3.56403 2
      vertex 1.23607 3.80423 0
      vertex 1.81596 3.56403 0
    endloop
  endfacet
  facet normal 0.5225 0.852639 -0
    outer loop
      vertex -1.81596 -3.56403 0
      vertex -2.35114 -3.23607 2
      vertex -1.81596 -3.56403 2
    endloop
  endfacet
  facet normal 0.5225 0.852639 0
    outer loop
      vertex -2.35114 -3.23607 2
      vertex -1.81596 -3.56403 0
      vertex -2.35114 -3.23607 0
    endloop
  endfacet
  facet normal 0.923879 0.382686 0
    outer loop
      vertex -3.56403 -1.81596 2
      vertex -3.80423 -1.23607 0
      vertex -3.80423 -1.23607 2
    endloop
  endfacet
  facet normal 0.923879 0.382686 0
    outer loop
      vertex -3.80423 -1.23607 0
      vertex -3.56403 -1.81596 2
      vertex -3.56403 -1.81596 0
    endloop
  endfacet
  facet normal 0.382686 -0.923879 0
    outer loop
      vertex -1.81596 3.56403 0
      vertex -1.23607 3.80423 2
      vertex -1.81596 3.56403 2
    endloop
  endfacet
  facet normal 0.382686 -0.923879 0
    outer loop
      vertex -1.23607 3.80423 2
      vertex -1.81596 3.56403 0
      vertex -1.23607 3.80423 0
    endloop
  endfacet
  facet normal -0.923879 0.382686 0
    outer loop
      vertex 3.56403 -1.81596 0
      vertex 3.80423 -1.23607 2
      vertex 3.80423 -1.23607 0
    endloop
  endfacet
  facet normal -0.923879 0.382686 0
    outer loop
      vertex 3.80423 -1.23607 2
      vertex 3.56403 -1.81596 0
      vertex 3.56403 -1.81596 2
    endloop
  endfacet
  facet normal 0.0784645 -0.996917 0
    outer loop
      vertex -0.625737 3.95075 0
      vertex 0 4 2
      vertex -0.625737 3.95075 2
    endloop
  endfacet
  facet normal 0.0784645 -0.996917 0
    outer loop
      vertex 0 4 2
      vertex -0.625737 3.95075 0
      vertex 0 4 0
    endloop
  endfacet
  facet normal -0.760409 0.649444 0
    outer loop
      vertex 2.82843 -2.82843 0
      vertex 3.23607 -2.35114 2
      vertex 3.23607 -2.35114 0
    endloop
  endfacet
  facet normal -0.760409 0.649444 0
    outer loop
      vertex 3.23607 -2.35114 2
      vertex 2.82843 -2.82843 0
      vertex 2.82843 -2.82843 2
    endloop
  endfacet
  facet normal -0.996917 0.0784645 0
    outer loop
      vertex 3.95075 -0.625737 0
      vertex 4 0 2
      vertex 4 0 0
    endloop
  endfacet
  facet normal -0.996917 0.0784645 0
    outer loop
      vertex 4 0 2
      vertex 3.95075 -0.625737 0
      vertex 3.95075 -0.625737 2
    endloop
  endfacet
  facet normal 0.972373 -0.233433 0
    outer loop
      vertex -3.95075 0.625737 2
      vertex -3.80423 1.23607 0
      vertex -3.80423 1.23607 2
    endloop
  endfacet
  facet normal 0.972373 -0.233433 0
    outer loop
      vertex -3.80423 1.23607 0
      vertex -3.95075 0.625737 2
      vertex -3.95075 0.625737 0
    endloop
  endfacet
  facet normal -0.649444 -0.760409 0
    outer loop
      vertex 2.35114 3.23607 0
      vertex 2.82843 2.82843 2
      vertex 2.35114 3.23607 2
    endloop
  endfacet
  facet normal -0.649444 -0.760409 -0
    outer loop
      vertex 2.82843 2.82843 2
      vertex 2.35114 3.23607 0
      vertex 2.82843 2.82843 0
    endloop
  endfacet
  facet normal 0.233433 0.972373 -0
    outer loop
      vertex -0.625737 -3.95075 0
      vertex -1.23607 -3.80423 2
      vertex -0.625737 -3.95075 2
    endloop
  endfacet
  facet normal 0.233433 0.972373 0
    outer loop
      vertex -1.23607 -3.80423 2
      vertex -0.625737 -3.95075 0
      vertex -1.23607 -3.80423 0
    endloop
  endfacet
  facet normal 0.649444 0.760409 -0
    outer loop
      vertex -2.35114 -3.23607 0
      vertex -2.82843 -2.82843 2
      vertex -2.35114 -3.23607 2
    endloop
  endfacet
  facet normal 0.649444 0.760409 0
    outer loop
      vertex -2.82843 -2.82843 2
      vertex -2.35114 -3.23607 0
      vertex -2.82843 -2.82843 0
    endloop
  endfacet
  facet normal -0.382686 0.923879 0
    outer loop
      vertex 1.81596 -3.56403 0
      vertex 1.23607 -3.80423 2
      vertex 1.81596 -3.56403 2
    endloop
  endfacet
  facet normal -0.382686 0.923879 0
    outer loop
      vertex 1.23607 -3.80423 2
      vertex 1.81596 -3.56403 0
      vertex 1.23607 -3.80423 0
    endloop
  endfacet
  facet normal -0.760409 -0.649444 0
    outer loop
      vertex 3.23607 2.35114 0
      vertex 2.82843 2.82843 2
      vertex 2.82843 2.82843 0
    endloop
  endfacet
  facet normal -0.760409 -0.649444 0
    outer loop
      vertex 2.82843 2.82843 2
      vertex 3.23607 2.35114 0
      vertex 3.23607 2.35114 2
    endloop
  endfacet
  facet normal -0.5225 -0.852639 0
    outer loop
      vertex 1.81596 3.56403 0
      vertex 2.35114 3.23607 2
      vertex 1.81596 3.56403 2
    endloop
  endfacet
  facet normal -0.5225 -0.852639 -0
    outer loop
      vertex 2.35114 3.23607 2
      vertex 1.81596 3.56403 0
      vertex 2.35114 3.23607 0
    endloop
  endfacet
  facet normal 0.996917 -0.0784645 0
    outer loop
      vertex -4 0 2
      vertex -3.95075 0.625737 0
      vertex -3.95075 0.625737 2
    endloop
  endfacet
  facet normal 0.996917 -0.0784645 0
    outer loop
      vertex -3.95075 0.625737 0
      vertex -4 0 2
      vertex -4 0 0
    endloop
  endfacet
  facet normal 0.233433 -0.972373 0
    outer loop
      vertex -1.23607 3.80423 0
      vertex -0.625737 3.95075 2
      vertex -1.23607 3.80423 2
    endloop
  endfacet
  facet normal 0.233433 -0.972373 0
    outer loop
      vertex -0.625737 3.95075 2
      vertex -1.23607 3.80423 0
      vertex -0.625737 3.95075 0
    endloop
  endfacet
  facet normal 0.996917 0.0784645 0
    outer loop
      vertex -3.95075 -0.625737 2
      vertex -4 0 0
      vertex -4 0 2
    endloop
  endfacet
  facet normal 0.996917 0.0784645 0
    outer loop
      vertex -4 0 0
      vertex -3.95075 -0.625737 2
      vertex -3.95075 -0.625737 0
    endloop
  endfacet
  facet normal 0.5225 -0.852639 0
    outer loop
      vertex -2.35114 3.23607 0
      vertex -1.81596 3.56403 2
      vertex -2.35114 3.23607 2
    endloop
  endfacet
  facet normal 0.5225 -0.852639 0
    outer loop
      vertex -1.81596 3.56403 2
      vertex -2.35114 3.23607 0
      vertex -1.81596 3.56403 0
    endloop
  endfacet
  facet normal -0.923879 -0.382686 0
    outer loop
      vertex 3.80423 1.23607 0
      vertex 3.56403 1.81596 2
      vertex 3.56403 1.81596 0
    endloop
  endfacet
  facet normal -0.923879 -0.382686 0
    outer loop
      vertex 3.56403 1.81596 2
      vertex 3.80423 1.23607 0
      vertex 3.80423 1.23607 2
    endloop
  endfacet
  facet normal 0.852639 0.5225 0
    outer loop
      vertex -3.23607 -2.35114 2
      vertex -3.56403 -1.81596 0
      vertex -3.56403 -1.81596 2
    endloop
  endfacet
  facet normal 0.852639 0.5225 0
    outer loop
      vertex -3.56403 -1.81596 0
      vertex -3.23607 -2.35114 2
      vertex -3.23607 -2.35114 0
    endloop
  endfacet
  facet normal 0.760409 0.649444 0
    outer loop
      vertex -2.82843 -2.82843 2
      vertex -3.23607 -2.35114 0
      vertex -3.23607 -2.35114 2
    endloop
  endfacet
  facet normal 0.760409 0.649444 0
    outer loop
      vertex -3.23607 -2.35114 0
      vertex -2.82843 -2.82843 2
      vertex -2.82843 -2.82843 0
    endloop
  endfacet
  facet normal -0.233433 0.972373 0
    outer loop
      vertex 1.23607 -3.80423 0
      vertex 0.625737 -3.95075 2
      vertex 1.23607 -3.80423 2
    endloop
  endfacet
  facet normal -0.233433 0.972373 0
    outer loop
      vertex 0.625737 -3.95075 2
      vertex 1.23607 -3.80423 0
      vertex 0.625737 -3.95075 0
    endloop
  endfacet
  facet normal -0.233433 -0.972373 0
    outer loop
      vertex 0.625737 3.95075 0
      vertex 1.23607 3.80423 2
      vertex 0.625737 3.95075 2
    endloop
  endfacet
  facet normal -0.233433 -0.972373 -0
    outer loop
      vertex 1.23607 3.80423 2
      vertex 0.625737 3.95075 0
      vertex 1.23607 3.80423 0
    endloop
  endfacet
  facet normal 0.852639 -0.5225 0
    outer loop
      vertex -3.56403 1.81596 2
      vertex -3.23607 2.35114 0
      vertex -3.23607 2.35114 2
    endloop
  endfacet
  facet normal 0.852639 -0.5225 0
    outer loop
      vertex -3.23607 2.35114 0
      vertex -3.56403 1.81596 2
      vertex -3.56403 1.81596 0
    endloop
  endfacet
  facet normal -0.5225 0.852639 0
    outer loop
      vertex 2.35114 -3.23607 0
      vertex 1.81596 -3.56403 2
      vertex 2.35114 -3.23607 2
    endloop
  endfacet
  facet normal -0.5225 0.852639 0
    outer loop
      vertex 1.81596 -3.56403 2
      vertex 2.35114 -3.23607 0
      vertex 1.81596 -3.56403 0
    endloop
  endfacet
  facet normal -0.972373 0.233433 0
    outer loop
      vertex 3.80423 -1.23607 0
      vertex 3.95075 -0.625737 2
      vertex 3.95075 -0.625737 0
    endloop
  endfacet
  facet normal -0.972373 0.233433 0
    outer loop
      vertex 3.95075 -0.625737 2
      vertex 3.80423 -1.23607 0
      vertex 3.80423 -1.23607 2
    endloop
  endfacet
  facet normal 0.382686 0.923879 -0
    outer loop
      vertex -1.23607 -3.80423 0
      vertex -1.81596 -3.56403 2
      vertex -1.23607 -3.80423 2
    endloop
  endfacet
  facet normal 0.382686 0.923879 0
    outer loop
      vertex -1.81596 -3.56403 2
      vertex -1.23607 -3.80423 0
      vertex -1.81596 -3.56403 0
    endloop
  endfacet
  facet normal 0.972373 0.233433 0
    outer loop
      vertex -3.80423 -1.23607 2
      vertex -3.95075 -0.625737 0
      vertex -3.95075 -0.625737 2
    endloop
  endfacet
  facet normal 0.972373 0.233433 0
    outer loop
      vertex -3.95075 -0.625737 0
      vertex -3.80423 -1.23607 2
      vertex -3.80423 -1.23607 0
    endloop
  endfacet
  facet normal -0.649444 0.760409 0
    outer loop
      vertex 2.82843 -2.82843 0
      vertex 2.35114 -3.23607 2
      vertex 2.82843 -2.82843 2
    endloop
  endfacet
  facet normal -0.649444 0.760409 0
    outer loop
      vertex 2.35114 -3.23607 2
      vertex 2.82843 -2.82843 0
      vertex 2.35114 -3.23607 0
    endloop
  endfacet
endsolid OpenSCAD_Model
