solid OpenSCAD_Model
  facet normal 0.156456 0.987685 -0
    outer loop
      vertex 8.43216 44.2029 2.5
      vertex 5.63999 44.6452 20
      vertex 8.43216 44.2029 20
    endloop
  endfacet
  facet normal 0.156456 0.987685 0
    outer loop
      vertex 5.63999 44.6452 20
      vertex 8.43216 44.2029 2.5
      vertex 5.63999 44.6452 2.5
    endloop
  endfacet
  facet normal 0.995563 0.0940939 0
    outer loop
      vertex 44.9112 2.82557 20
      vertex 44.6452 5.63999 2.5
      vertex 44.6452 5.63999 20
    endloop
  endfacet
  facet normal 0.995563 0.0940939 0
    outer loop
      vertex 44.6452 5.63999 2.5
      vertex 44.9112 2.82557 20
      vertex 44.9112 2.82557 2.5
    endloop
  endfacet
  facet normal 0.999506 0.0314426 0
    outer loop
      vertex 44.9112 2.82557 20
      vertex 44.9529 1.5 10
      vertex 44.9112 2.82557 2.5
    endloop
  endfacet
  facet normal 0.999508 0.0313711 9.48886e-06
    outer loop
      vertex 44.9112 2.82557 20
      vertex 44.9552 1.42658 10.4635
      vertex 44.9529 1.5 10
    endloop
  endfacet
  facet normal 0.999506 0.0314321 5.37393e-07
    outer loop
      vertex 44.9112 2.82557 20
      vertex 44.9619 1.21352 10.8817
      vertex 44.9552 1.42658 10.4635
    endloop
  endfacet
  facet normal 0.999509 0.0313414 1.65811e-05
    outer loop
      vertex 44.9112 2.82557 20
      vertex 44.9723 0.881678 11.2135
      vertex 44.9619 1.21352 10.8817
    endloop
  endfacet
  facet normal 0.999509 0.0313234 2.0576e-05
    outer loop
      vertex 44.9112 2.82557 20
      vertex 44.9854 0.463525 11.4266
      vertex 44.9723 0.881678 11.2135
    endloop
  endfacet
  facet normal 0.999507 0.0314118 -3.80836e-06
    outer loop
      vertex 45 0 20
      vertex 44.9854 0.463525 11.4266
      vertex 44.9112 2.82557 20
    endloop
  endfacet
  facet normal 0.999504 0.0314821 0
    outer loop
      vertex 44.9854 0.463525 11.4266
      vertex 45 0 20
      vertex 45 0 11.5
    endloop
  endfacet
  facet normal 0.999508 0.0313805 -1.09834e-05
    outer loop
      vertex 44.9552 1.42658 9.53647
      vertex 44.9112 2.82557 2.5
      vertex 44.9529 1.5 10
    endloop
  endfacet
  facet normal 0.999506 0.0314323 -6.74753e-07
    outer loop
      vertex 44.9619 1.21352 9.11832
      vertex 44.9112 2.82557 2.5
      vertex 44.9552 1.42658 9.53647
    endloop
  endfacet
  facet normal 0.999509 0.0313464 -2.1617e-05
    outer loop
      vertex 44.9723 0.881678 8.78647
      vertex 44.9112 2.82557 2.5
      vertex 44.9619 1.21352 9.11832
    endloop
  endfacet
  facet normal 0.999509 0.031327 -2.76455e-05
    outer loop
      vertex 44.9854 0.463525 8.57341
      vertex 44.9112 2.82557 2.5
      vertex 44.9723 0.881678 8.78647
    endloop
  endfacet
  facet normal 0.999504 0.0314821 -0
    outer loop
      vertex 45 0 2.5
      vertex 44.9854 0.463525 8.57341
      vertex 45 0 8.5
    endloop
  endfacet
  facet normal 0.999507 0.0314118 5.37599e-06
    outer loop
      vertex 44.9854 0.463525 8.57341
      vertex 45 0 2.5
      vertex 44.9112 2.82557 2.5
    endloop
  endfacet
  facet normal 0.987685 0.156456 0
    outer loop
      vertex 44.6452 5.63999 20
      vertex 44.2029 8.43216 2.5
      vertex 44.2029 8.43216 20
    endloop
  endfacet
  facet normal 0.987685 0.156456 0
    outer loop
      vertex 44.2029 8.43216 2.5
      vertex 44.6452 5.63999 20
      vertex 44.6452 5.63999 2.5
    endloop
  endfacet
  facet normal 0.975915 0.218152 0
    outer loop
      vertex 44.2029 8.43216 20
      vertex 43.5862 11.191 2.5
      vertex 43.5862 11.191 20
    endloop
  endfacet
  facet normal 0.975915 0.218152 0
    outer loop
      vertex 43.5862 11.191 2.5
      vertex 44.2029 8.43216 20
      vertex 44.2029 8.43216 2.5
    endloop
  endfacet
  facet normal -0.156456 0.987685 0
    outer loop
      vertex -5.63999 44.6452 2.5
      vertex -8.43216 44.2029 20
      vertex -5.63999 44.6452 20
    endloop
  endfacet
  facet normal -0.156456 0.987685 0
    outer loop
      vertex -8.43216 44.2029 20
      vertex -5.63999 44.6452 2.5
      vertex -8.43216 44.2029 2.5
    endloop
  endfacet
  facet normal -0.0314118 -0.999507 0
    outer loop
      vertex -2.82557 -44.9112 2.5
      vertex 0 -45 20
      vertex -2.82557 -44.9112 20
    endloop
  endfacet
  facet normal -0.0314118 -0.999507 -0
    outer loop
      vertex 0 -45 20
      vertex -2.82557 -44.9112 2.5
      vertex 0 -45 2.5
    endloop
  endfacet
  facet normal -0.156456 -0.987685 0
    outer loop
      vertex -8.43216 -44.2029 2.5
      vertex -5.63999 -44.6452 20
      vertex -8.43216 -44.2029 20
    endloop
  endfacet
  facet normal -0.156456 -0.987685 -0
    outer loop
      vertex -5.63999 -44.6452 20
      vertex -8.43216 -44.2029 2.5
      vertex -5.63999 -44.6452 2.5
    endloop
  endfacet
  facet normal -0.338742 0.940879 0
    outer loop
      vertex -13.9058 42.7975 2.5
      vertex -16.5656 41.8399 20
      vertex -13.9058 42.7975 20
    endloop
  endfacet
  facet normal -0.338742 0.940879 0
    outer loop
      vertex -16.5656 41.8399 20
      vertex -13.9058 42.7975 2.5
      vertex -16.5656 41.8399 2.5
    endloop
  endfacet
  facet normal 0.453993 -0.891005 0
    outer loop
      vertex 19.1601 -40.7172 20
      vertex 21.6789 -39.4338 11.1528
      vertex 21.6789 -39.4338 20
    endloop
  endfacet
  facet normal 0.45542 -0.890276 0.00051229
    outer loop
      vertex 19.1601 -40.7172 20
      vertex 21.6666 -39.4401 11.139
      vertex 21.6789 -39.4338 11.1528
    endloop
  endfacet
  facet normal 0.454019 -0.890992 1.27493e-05
    outer loop
      vertex 19.1601 -40.7172 20
      vertex 21.437 -39.5571 10.8817
      vertex 21.6666 -39.4401 11.139
    endloop
  endfacet
  facet normal 0.453844 -0.891081 -4.21589e-05
    outer loop
      vertex 19.1601 -40.7172 20
      vertex 21.2905 -39.6317 10.5595
      vertex 21.437 -39.5571 10.8817
    endloop
  endfacet
  facet normal 0.453825 -0.891091 -4.76117e-05
    outer loop
      vertex 19.1601 -40.7172 20
      vertex 21.2469 -39.6539 10.4635
      vertex 21.2905 -39.6317 10.5595
    endloop
  endfacet
  facet normal 0.454109 -0.890946 3.04464e-05
    outer loop
      vertex 19.1601 -40.7172 20
      vertex 21.2318 -39.6616 10.3568
      vertex 21.2469 -39.6539 10.4635
    endloop
  endfacet
  facet normal 0.454105 -0.890948 2.94147e-05
    outer loop
      vertex 19.1601 -40.7172 20
      vertex 21.1814 -39.6873 10
      vertex 21.2318 -39.6616 10.3568
    endloop
  endfacet
  facet normal 0.453989 -0.891007 0
    outer loop
      vertex 19.1601 -40.7172 2.5
      vertex 21.1814 -39.6873 10
      vertex 19.1601 -40.7172 20
    endloop
  endfacet
  facet normal 0.454086 -0.890958 -3.27868e-05
    outer loop
      vertex 21.1814 -39.6873 10
      vertex 19.1601 -40.7172 2.5
      vertex 21.2318 -39.6616 9.6432
    endloop
  endfacet
  facet normal 0.454089 -0.890956 -3.39348e-05
    outer loop
      vertex 21.2318 -39.6616 9.6432
      vertex 19.1601 -40.7172 2.5
      vertex 21.2469 -39.6539 9.53647
    endloop
  endfacet
  facet normal 0.453843 -0.891082 5.78543e-05
    outer loop
      vertex 19.1601 -40.7172 2.5
      vertex 21.2905 -39.6317 9.44051
      vertex 21.2469 -39.6539 9.53647
    endloop
  endfacet
  facet normal 0.45386 -0.891073 5.12248e-05
    outer loop
      vertex 19.1601 -40.7172 2.5
      vertex 21.437 -39.5571 9.11832
      vertex 21.2905 -39.6317 9.44051
    endloop
  endfacet
  facet normal 0.454016 -0.890994 -1.62248e-05
    outer loop
      vertex 19.1601 -40.7172 2.5
      vertex 21.6666 -39.4401 8.861
      vertex 21.437 -39.5571 9.11832
    endloop
  endfacet
  facet normal 0.455297 -0.89034 -0.000652098
    outer loop
      vertex 19.1601 -40.7172 2.5
      vertex 21.6789 -39.4338 8.84721
      vertex 21.6666 -39.4401 8.861
    endloop
  endfacet
  facet normal 0.453993 -0.891005 0
    outer loop
      vertex 21.6789 -39.4338 8.84721
      vertex 19.1601 -40.7172 2.5
      vertex 21.6789 -39.4338 2.5
    endloop
  endfacet
  facet normal -0.995563 0.0940939 0
    outer loop
      vertex -44.9112 2.82557 2.5
      vertex -44.6452 5.63999 20
      vertex -44.6452 5.63999 2.5
    endloop
  endfacet
  facet normal -0.995563 0.0940939 0
    outer loop
      vertex -44.6452 5.63999 20
      vertex -44.9112 2.82557 2.5
      vertex -44.9112 2.82557 20
    endloop
  endfacet
  facet normal -0.827076 0.56209 0
    outer loop
      vertex -37.9948 24.1122 2.5
      vertex -36.4058 26.4503 20
      vertex -36.4058 26.4503 2.5
    endloop
  endfacet
  facet normal -0.827076 0.56209 0
    outer loop
      vertex -36.4058 26.4503 20
      vertex -37.9948 24.1122 2.5
      vertex -37.9948 24.1122 20
    endloop
  endfacet
  facet normal -0.0940939 0.995563 0
    outer loop
      vertex -2.82557 44.9112 2.5
      vertex -5.63999 44.6452 20
      vertex -2.82557 44.9112 20
    endloop
  endfacet
  facet normal -0.0940939 0.995563 0
    outer loop
      vertex -5.63999 44.6452 20
      vertex -2.82557 44.9112 2.5
      vertex -5.63999 44.6452 2.5
    endloop
  endfacet
  facet normal -0.397136 0.91776 0
    outer loop
      vertex -16.5656 41.8399 2.5
      vertex -19.1601 40.7172 20
      vertex -16.5656 41.8399 20
    endloop
  endfacet
  facet normal -0.397136 0.91776 0
    outer loop
      vertex -19.1601 40.7172 20
      vertex -16.5656 41.8399 2.5
      vertex -19.1601 40.7172 2.5
    endloop
  endfacet
  facet normal -0.661317 0.750106 0
    outer loop
      vertex -28.6841 34.6731 2.5
      vertex -30.8046 32.8036 20
      vertex -28.6841 34.6731 20
    endloop
  endfacet
  facet normal -0.661317 0.750106 0
    outer loop
      vertex -30.8046 32.8036 20
      vertex -28.6841 34.6731 2.5
      vertex -30.8046 32.8036 2.5
    endloop
  endfacet
  facet normal 0.56209 -0.827076 0
    outer loop
      vertex 24.1122 -37.9948 2.5
      vertex 26.4503 -36.4058 20
      vertex 24.1122 -37.9948 20
    endloop
  endfacet
  facet normal 0.56209 -0.827076 0
    outer loop
      vertex 26.4503 -36.4058 20
      vertex 24.1122 -37.9948 2.5
      vertex 26.4503 -36.4058 2.5
    endloop
  endfacet
  facet normal -0.940879 0.338742 0
    outer loop
      vertex -42.7975 13.9058 2.5
      vertex -41.8399 16.5656 20
      vertex -41.8399 16.5656 2.5
    endloop
  endfacet
  facet normal -0.940879 0.338742 0
    outer loop
      vertex -41.8399 16.5656 20
      vertex -42.7975 13.9058 2.5
      vertex -42.7975 13.9058 20
    endloop
  endfacet
  facet normal 0.338742 0.940879 -0
    outer loop
      vertex 16.5656 41.8399 2.5
      vertex 13.9058 42.7975 20
      vertex 16.5656 41.8399 20
    endloop
  endfacet
  facet normal 0.338742 0.940879 0
    outer loop
      vertex 13.9058 42.7975 20
      vertex 16.5656 41.8399 2.5
      vertex 13.9058 42.7975 2.5
    endloop
  endfacet
  facet normal 0.397136 -0.91776 0
    outer loop
      vertex 16.5656 -41.8399 2.5
      vertex 19.1601 -40.7172 20
      vertex 16.5656 -41.8399 20
    endloop
  endfacet
  facet normal 0.397136 -0.91776 0
    outer loop
      vertex 19.1601 -40.7172 20
      vertex 16.5656 -41.8399 2.5
      vertex 19.1601 -40.7172 2.5
    endloop
  endfacet
  facet normal -0.975915 0.218152 0
    outer loop
      vertex -44.2029 8.43216 2.5
      vertex -43.5862 11.191 20
      vertex -43.5862 11.191 2.5
    endloop
  endfacet
  facet normal -0.975915 0.218152 0
    outer loop
      vertex -43.5862 11.191 20
      vertex -44.2029 8.43216 2.5
      vertex -44.2029 8.43216 20
    endloop
  endfacet
  facet normal 0.790157 0.612904 0
    outer loop
      vertex 36.4058 26.4503 20
      vertex 34.6731 28.6841 2.5
      vertex 34.6731 28.6841 20
    endloop
  endfacet
  facet normal 0.790157 0.612904 0
    outer loop
      vertex 34.6731 28.6841 2.5
      vertex 36.4058 26.4503 20
      vertex 36.4058 26.4503 2.5
    endloop
  endfacet
  facet normal 0.86075 0.509028 0
    outer loop
      vertex 39.4338 21.6789 20
      vertex 37.9948 24.1122 2.5
      vertex 37.9948 24.1122 20
    endloop
  endfacet
  facet normal 0.86075 0.509028 0
    outer loop
      vertex 37.9948 24.1122 2.5
      vertex 39.4338 21.6789 20
      vertex 39.4338 21.6789 2.5
    endloop
  endfacet
  facet normal 0.0314118 -0.999507 0
    outer loop
      vertex 0 -45 2.5
      vertex 2.82557 -44.9112 20
      vertex 0 -45 20
    endloop
  endfacet
  facet normal 0.0314118 -0.999507 0
    outer loop
      vertex 2.82557 -44.9112 20
      vertex 0 -45 2.5
      vertex 2.82557 -44.9112 2.5
    endloop
  endfacet
  facet normal -0.891005 0.453993 0
    outer loop
      vertex -40.7172 19.1601 2.5
      vertex -39.4338 21.6789 20
      vertex -39.4338 21.6789 2.5
    endloop
  endfacet
  facet normal -0.891005 0.453993 0
    outer loop
      vertex -39.4338 21.6789 20
      vertex -40.7172 19.1601 2.5
      vertex -40.7172 19.1601 20
    endloop
  endfacet
  facet normal -0.278984 0.960296 0
    outer loop
      vertex -11.191 43.5862 2.5
      vertex -13.9058 42.7975 20
      vertex -11.191 43.5862 20
    endloop
  endfacet
  facet normal -0.278984 0.960296 0
    outer loop
      vertex -13.9058 42.7975 20
      vertex -11.191 43.5862 2.5
      vertex -13.9058 42.7975 2.5
    endloop
  endfacet
  facet normal -0.612904 0.790157 0
    outer loop
      vertex -26.4503 36.4058 2.5
      vertex -28.6841 34.6731 20
      vertex -26.4503 36.4058 20
    endloop
  endfacet
  facet normal -0.612904 0.790157 0
    outer loop
      vertex -28.6841 34.6731 20
      vertex -26.4503 36.4058 2.5
      vertex -28.6841 34.6731 2.5
    endloop
  endfacet
  facet normal -0.827076 -0.56209 0
    outer loop
      vertex -36.4058 -26.4503 2.5
      vertex -37.9948 -24.1122 20
      vertex -37.9948 -24.1122 2.5
    endloop
  endfacet
  facet normal -0.827076 -0.56209 0
    outer loop
      vertex -37.9948 -24.1122 20
      vertex -36.4058 -26.4503 2.5
      vertex -36.4058 -26.4503 20
    endloop
  endfacet
  facet normal 0.707107 -0.707107 0
    outer loop
      vertex 30.8046 -32.8036 20
      vertex 32.8036 -30.8046 2.5
      vertex 32.8036 -30.8046 20
    endloop
  endfacet
  facet normal 0.707107 -0.707107 0
    outer loop
      vertex 32.8036 -30.8046 2.5
      vertex 30.8046 -32.8036 20
      vertex 30.8046 -32.8036 2.5
    endloop
  endfacet
  facet normal -0.960296 0.278984 0
    outer loop
      vertex -43.5862 11.191 2.5
      vertex -42.7975 13.9058 20
      vertex -42.7975 13.9058 2.5
    endloop
  endfacet
  facet normal -0.960296 0.278984 0
    outer loop
      vertex -42.7975 13.9058 20
      vertex -43.5862 11.191 2.5
      vertex -43.5862 11.191 20
    endloop
  endfacet
  facet normal 0.960296 0.278984 0
    outer loop
      vertex 43.5862 11.191 20
      vertex 42.7975 13.9058 2.5
      vertex 42.7975 13.9058 20
    endloop
  endfacet
  facet normal 0.960296 0.278984 0
    outer loop
      vertex 42.7975 13.9058 2.5
      vertex 43.5862 11.191 20
      vertex 43.5862 11.191 2.5
    endloop
  endfacet
  facet normal -0.612904 -0.790157 0
    outer loop
      vertex -28.6841 -34.6731 2.5
      vertex -26.4503 -36.4058 20
      vertex -28.6841 -34.6731 20
    endloop
  endfacet
  facet normal -0.612904 -0.790157 -0
    outer loop
      vertex -26.4503 -36.4058 20
      vertex -28.6841 -34.6731 2.5
      vertex -26.4503 -36.4058 2.5
    endloop
  endfacet
  facet normal 0.509028 0.86075 -7.51339e-06
    outer loop
      vertex 24.1122 37.9948 20
      vertex 22.4901 38.954 11.5
      vertex 21.6789 39.4338 20
    endloop
  endfacet
  facet normal 0.508893 0.86083 2.72948e-05
    outer loop
      vertex 24.1122 37.9948 20
      vertex 22.5806 38.9005 11.4833
      vertex 22.4901 38.954 11.5
    endloop
  endfacet
  facet normal 0.508947 0.860798 1.41477e-05
    outer loop
      vertex 24.1122 37.9948 20
      vertex 22.8891 38.7181 11.4266
      vertex 22.5806 38.9005 11.4833
    endloop
  endfacet
  facet normal 0.509185 0.860657 -3.16407e-05
    outer loop
      vertex 24.1122 37.9948 20
      vertex 23.1668 38.5538 11.2622
      vertex 22.8891 38.7181 11.4266
    endloop
  endfacet
  facet normal 0.508512 0.861055 6.66867e-05
    outer loop
      vertex 24.1122 37.9948 20
      vertex 23.2491 38.5052 11.2135
      vertex 23.1668 38.5538 11.2622
    endloop
  endfacet
  facet normal 0.508878 0.860839 1.81252e-05
    outer loop
      vertex 24.1122 37.9948 20
      vertex 23.3144 38.4666 11.1376
      vertex 23.2491 38.5052 11.2135
    endloop
  endfacet
  facet normal 0.509079 0.86072 -6.3061e-06
    outer loop
      vertex 24.1122 37.9948 20
      vertex 23.5347 38.3363 10.8817
      vertex 23.3144 38.4666 11.1376
    endloop
  endfacet
  facet normal 0.509177 0.860662 -1.46223e-05
    outer loop
      vertex 24.1122 37.9948 20
      vertex 23.676 38.2527 10.5596
      vertex 23.5347 38.3363 10.8817
    endloop
  endfacet
  facet normal 0.509061 0.86073 -7.42482e-06
    outer loop
      vertex 24.1122 37.9948 20
      vertex 23.7181 38.2278 10.4635
      vertex 23.676 38.2527 10.5596
    endloop
  endfacet
  facet normal 0.509198 0.860649 -1.5057e-05
    outer loop
      vertex 24.1122 37.9948 20
      vertex 23.7813 38.1904 10
      vertex 23.7181 38.2278 10.4635
    endloop
  endfacet
  facet normal 0.509077 0.860721 8.4689e-06
    outer loop
      vertex 24.1122 37.9948 2.5
      vertex 23.3144 38.4666 8.86241
      vertex 23.5347 38.3363 9.11832
    endloop
  endfacet
  facet normal 0.508895 0.860829 -3.81327e-05
    outer loop
      vertex 22.5806 38.9005 8.51665
      vertex 24.1122 37.9948 2.5
      vertex 22.4901 38.954 8.5
    endloop
  endfacet
  facet normal 0.508948 0.860797 -1.97626e-05
    outer loop
      vertex 22.8891 38.7181 8.57341
      vertex 24.1122 37.9948 2.5
      vertex 22.5806 38.9005 8.51665
    endloop
  endfacet
  facet normal 0.50918 0.86066 4.3278e-05
    outer loop
      vertex 23.1668 38.5538 8.7378
      vertex 24.1122 37.9948 2.5
      vertex 22.8891 38.7181 8.57341
    endloop
  endfacet
  facet normal 0.508523 0.861049 -9.12178e-05
    outer loop
      vertex 23.2491 38.5052 8.78647
      vertex 24.1122 37.9948 2.5
      vertex 23.1668 38.5538 8.7378
    endloop
  endfacet
  facet normal 0.508884 0.860835 -2.43395e-05
    outer loop
      vertex 23.3144 38.4666 8.86241
      vertex 24.1122 37.9948 2.5
      vertex 23.2491 38.5052 8.78647
    endloop
  endfacet
  facet normal 0.509169 0.860667 1.92298e-05
    outer loop
      vertex 23.676 38.2527 9.44038
      vertex 24.1122 37.9948 2.5
      vertex 23.5347 38.3363 9.11832
    endloop
  endfacet
  facet normal 0.509057 0.860733 9.76394e-06
    outer loop
      vertex 23.7181 38.2278 9.53647
      vertex 24.1122 37.9948 2.5
      vertex 23.676 38.2527 9.44038
    endloop
  endfacet
  facet normal 0.509177 0.860662 1.88489e-05
    outer loop
      vertex 23.7813 38.1904 10
      vertex 24.1122 37.9948 2.5
      vertex 23.7181 38.2278 9.53647
    endloop
  endfacet
  facet normal 0.508861 0.860849 -0
    outer loop
      vertex 24.1122 37.9948 2.5
      vertex 23.7813 38.1904 10
      vertex 24.1122 37.9948 20
    endloop
  endfacet
  facet normal 0.509093 0.860712 7.48219e-07
    outer loop
      vertex 22.0911 39.19 11.4266
      vertex 21.6789 39.4338 20
      vertex 22.4901 38.954 11.5
    endloop
  endfacet
  facet normal 0.509042 0.860742 -2.51917e-06
    outer loop
      vertex 21.8121 39.355 11.2614
      vertex 21.6789 39.4338 20
      vertex 22.0911 39.19 11.4266
    endloop
  endfacet
  facet normal 0.509479 0.860483 6.46569e-06
    outer loop
      vertex 21.7312 39.4029 11.2135
      vertex 21.6789 39.4338 20
      vertex 21.8121 39.355 11.2614
    endloop
  endfacet
  facet normal 0.508674 0.860959 0
    outer loop
      vertex 21.6789 39.4338 20
      vertex 21.7312 39.4029 11.2135
      vertex 21.6789 39.4338 11.1528
    endloop
  endfacet
  facet normal 0.509028 0.86075 1.0644e-05
    outer loop
      vertex 21.6789 39.4338 2.5
      vertex 22.4901 38.954 8.5
      vertex 24.1122 37.9948 2.5
    endloop
  endfacet
  facet normal 0.509093 0.860712 -1.05241e-06
    outer loop
      vertex 22.4901 38.954 8.5
      vertex 21.6789 39.4338 2.5
      vertex 22.0911 39.19 8.57341
    endloop
  endfacet
  facet normal 0.509043 0.860741 3.51609e-06
    outer loop
      vertex 22.0911 39.19 8.57341
      vertex 21.6789 39.4338 2.5
      vertex 21.8121 39.355 8.73858
    endloop
  endfacet
  facet normal 0.509478 0.860484 -9.0244e-06
    outer loop
      vertex 21.8121 39.355 8.73858
      vertex 21.6789 39.4338 2.5
      vertex 21.7312 39.4029 8.78647
    endloop
  endfacet
  facet normal 0.508674 0.860959 0
    outer loop
      vertex 21.7312 39.4029 8.78647
      vertex 21.6789 39.4338 2.5
      vertex 21.6789 39.4338 8.84721
    endloop
  endfacet
  facet normal 0.960296 -0.278984 0
    outer loop
      vertex 42.7975 -13.9058 20
      vertex 43.5862 -11.191 2.5
      vertex 43.5862 -11.191 20
    endloop
  endfacet
  facet normal 0.960296 -0.278984 0
    outer loop
      vertex 43.5862 -11.191 2.5
      vertex 42.7975 -13.9058 20
      vertex 42.7975 -13.9058 2.5
    endloop
  endfacet
  facet normal -0.987685 -0.156456 0
    outer loop
      vertex -44.2029 -8.43216 2.5
      vertex -44.6452 -5.63999 20
      vertex -44.6452 -5.63999 2.5
    endloop
  endfacet
  facet normal -0.987685 -0.156456 0
    outer loop
      vertex -44.6452 -5.63999 20
      vertex -44.2029 -8.43216 2.5
      vertex -44.2029 -8.43216 20
    endloop
  endfacet
  facet normal -0.91776 0.397136 0
    outer loop
      vertex -41.8399 16.5656 2.5
      vertex -40.7172 19.1601 20
      vertex -40.7172 19.1601 2.5
    endloop
  endfacet
  facet normal -0.91776 0.397136 0
    outer loop
      vertex -40.7172 19.1601 20
      vertex -41.8399 16.5656 2.5
      vertex -41.8399 16.5656 20
    endloop
  endfacet
  facet normal -0.987685 0.156456 0
    outer loop
      vertex -44.6452 5.63999 2.5
      vertex -44.2029 8.43216 20
      vertex -44.2029 8.43216 2.5
    endloop
  endfacet
  facet normal -0.987685 0.156456 0
    outer loop
      vertex -44.2029 8.43216 20
      vertex -44.6452 5.63999 2.5
      vertex -44.6452 5.63999 20
    endloop
  endfacet
  facet normal -0.218152 0.975915 0
    outer loop
      vertex -8.43216 44.2029 2.5
      vertex -11.191 43.5862 20
      vertex -8.43216 44.2029 20
    endloop
  endfacet
  facet normal -0.218152 0.975915 0
    outer loop
      vertex -11.191 43.5862 20
      vertex -8.43216 44.2029 2.5
      vertex -11.191 43.5862 2.5
    endloop
  endfacet
  facet normal 0.218152 0.975915 -0
    outer loop
      vertex 11.191 43.5862 2.5
      vertex 8.43216 44.2029 20
      vertex 11.191 43.5862 20
    endloop
  endfacet
  facet normal 0.218152 0.975915 0
    outer loop
      vertex 8.43216 44.2029 20
      vertex 11.191 43.5862 2.5
      vertex 8.43216 44.2029 2.5
    endloop
  endfacet
  facet normal -0.453993 -0.891005 0
    outer loop
      vertex -21.6789 -39.4338 11.1528
      vertex -19.1601 -40.7172 20
      vertex -21.6789 -39.4338 20
    endloop
  endfacet
  facet normal -0.45542 -0.890276 0.00051229
    outer loop
      vertex -21.6666 -39.4401 11.139
      vertex -19.1601 -40.7172 20
      vertex -21.6789 -39.4338 11.1528
    endloop
  endfacet
  facet normal -0.454019 -0.890992 1.27493e-05
    outer loop
      vertex -21.437 -39.5571 10.8817
      vertex -19.1601 -40.7172 20
      vertex -21.6666 -39.4401 11.139
    endloop
  endfacet
  facet normal -0.453844 -0.891081 -4.21589e-05
    outer loop
      vertex -21.2905 -39.6317 10.5595
      vertex -19.1601 -40.7172 20
      vertex -21.437 -39.5571 10.8817
    endloop
  endfacet
  facet normal -0.453825 -0.891091 -4.76117e-05
    outer loop
      vertex -21.2469 -39.6539 10.4635
      vertex -19.1601 -40.7172 20
      vertex -21.2905 -39.6317 10.5595
    endloop
  endfacet
  facet normal -0.454109 -0.890946 3.04464e-05
    outer loop
      vertex -21.2318 -39.6616 10.3568
      vertex -19.1601 -40.7172 20
      vertex -21.2469 -39.6539 10.4635
    endloop
  endfacet
  facet normal -0.454105 -0.890948 2.94147e-05
    outer loop
      vertex -21.1814 -39.6873 10
      vertex -19.1601 -40.7172 20
      vertex -21.2318 -39.6616 10.3568
    endloop
  endfacet
  facet normal -0.454086 -0.890958 -3.27868e-05
    outer loop
      vertex -19.1601 -40.7172 2.5
      vertex -21.1814 -39.6873 10
      vertex -21.2318 -39.6616 9.6432
    endloop
  endfacet
  facet normal -0.454089 -0.890956 -3.39348e-05
    outer loop
      vertex -19.1601 -40.7172 2.5
      vertex -21.2318 -39.6616 9.6432
      vertex -21.2469 -39.6539 9.53647
    endloop
  endfacet
  facet normal -0.453993 -0.891005 0
    outer loop
      vertex -19.1601 -40.7172 2.5
      vertex -21.6789 -39.4338 8.84721
      vertex -21.6789 -39.4338 2.5
    endloop
  endfacet
  facet normal -0.455297 -0.89034 -0.000652098
    outer loop
      vertex -21.6789 -39.4338 8.84721
      vertex -19.1601 -40.7172 2.5
      vertex -21.6666 -39.4401 8.861
    endloop
  endfacet
  facet normal -0.454016 -0.890994 -1.62248e-05
    outer loop
      vertex -21.6666 -39.4401 8.861
      vertex -19.1601 -40.7172 2.5
      vertex -21.437 -39.5571 9.11832
    endloop
  endfacet
  facet normal -0.45386 -0.891073 5.12248e-05
    outer loop
      vertex -21.437 -39.5571 9.11832
      vertex -19.1601 -40.7172 2.5
      vertex -21.2905 -39.6317 9.44051
    endloop
  endfacet
  facet normal -0.453843 -0.891082 5.78543e-05
    outer loop
      vertex -21.2905 -39.6317 9.44051
      vertex -19.1601 -40.7172 2.5
      vertex -21.2469 -39.6539 9.53647
    endloop
  endfacet
  facet normal -0.453989 -0.891007 0
    outer loop
      vertex -21.1814 -39.6873 10
      vertex -19.1601 -40.7172 2.5
      vertex -19.1601 -40.7172 20
    endloop
  endfacet
  facet normal 0.891005 0.453993 0
    outer loop
      vertex 40.7172 19.1601 20
      vertex 39.4338 21.6789 2.5
      vertex 39.4338 21.6789 20
    endloop
  endfacet
  facet normal 0.891005 0.453993 0
    outer loop
      vertex 39.4338 21.6789 2.5
      vertex 40.7172 19.1601 20
      vertex 40.7172 19.1601 2.5
    endloop
  endfacet
  facet normal 0.278984 -0.960296 0
    outer loop
      vertex 11.191 -43.5862 2.5
      vertex 13.9058 -42.7975 20
      vertex 11.191 -43.5862 20
    endloop
  endfacet
  facet normal 0.278984 -0.960296 0
    outer loop
      vertex 13.9058 -42.7975 20
      vertex 11.191 -43.5862 2.5
      vertex 13.9058 -42.7975 2.5
    endloop
  endfacet
  facet normal 0.987685 -0.156456 0
    outer loop
      vertex 44.2029 -8.43216 20
      vertex 44.6452 -5.63999 2.5
      vertex 44.6452 -5.63999 20
    endloop
  endfacet
  facet normal 0.987685 -0.156456 0
    outer loop
      vertex 44.6452 -5.63999 2.5
      vertex 44.2029 -8.43216 20
      vertex 44.2029 -8.43216 2.5
    endloop
  endfacet
  facet normal -0.0314118 0.999507 0
    outer loop
      vertex 0 45 2.5
      vertex -2.82557 44.9112 20
      vertex 0 45 20
    endloop
  endfacet
  facet normal -0.0314118 0.999507 0
    outer loop
      vertex -2.82557 44.9112 20
      vertex 0 45 2.5
      vertex -2.82557 44.9112 2.5
    endloop
  endfacet
  facet normal -0.790157 -0.612904 0
    outer loop
      vertex -34.6731 -28.6841 2.5
      vertex -36.4058 -26.4503 20
      vertex -36.4058 -26.4503 2.5
    endloop
  endfacet
  facet normal -0.790157 -0.612904 0
    outer loop
      vertex -36.4058 -26.4503 20
      vertex -34.6731 -28.6841 2.5
      vertex -34.6731 -28.6841 20
    endloop
  endfacet
  facet normal -0.891005 -0.453993 0
    outer loop
      vertex -39.4338 -21.6789 2.5
      vertex -40.7172 -19.1601 20
      vertex -40.7172 -19.1601 2.5
    endloop
  endfacet
  facet normal -0.891005 -0.453993 0
    outer loop
      vertex -40.7172 -19.1601 20
      vertex -39.4338 -21.6789 2.5
      vertex -39.4338 -21.6789 20
    endloop
  endfacet
  facet normal 0.0940939 -0.995563 0
    outer loop
      vertex 2.82557 -44.9112 2.5
      vertex 5.63999 -44.6452 20
      vertex 2.82557 -44.9112 20
    endloop
  endfacet
  facet normal 0.0940939 -0.995563 0
    outer loop
      vertex 5.63999 -44.6452 20
      vertex 2.82557 -44.9112 2.5
      vertex 5.63999 -44.6452 2.5
    endloop
  endfacet
  facet normal 0.661317 0.750106 -0
    outer loop
      vertex 30.8046 32.8036 2.5
      vertex 28.6841 34.6731 20
      vertex 30.8046 32.8036 20
    endloop
  endfacet
  facet normal 0.661317 0.750106 0
    outer loop
      vertex 28.6841 34.6731 20
      vertex 30.8046 32.8036 2.5
      vertex 28.6841 34.6731 2.5
    endloop
  endfacet
  facet normal 0.56209 0.827076 -0
    outer loop
      vertex 26.4503 36.4058 2.5
      vertex 24.1122 37.9948 20
      vertex 26.4503 36.4058 20
    endloop
  endfacet
  facet normal 0.56209 0.827076 0
    outer loop
      vertex 24.1122 37.9948 20
      vertex 26.4503 36.4058 2.5
      vertex 24.1122 37.9948 2.5
    endloop
  endfacet
  facet normal 0.827076 0.56209 0
    outer loop
      vertex 37.9948 24.1122 20
      vertex 36.4058 26.4503 2.5
      vertex 36.4058 26.4503 20
    endloop
  endfacet
  facet normal 0.827076 0.56209 0
    outer loop
      vertex 36.4058 26.4503 2.5
      vertex 37.9948 24.1122 20
      vertex 37.9948 24.1122 2.5
    endloop
  endfacet
  facet normal 0.999504 -0.0314821 0
    outer loop
      vertex 45 0 20
      vertex 44.9854 -0.463525 11.4266
      vertex 45 0 11.5
    endloop
  endfacet
  facet normal 0.999507 -0.0314118 -3.80836e-06
    outer loop
      vertex 44.9112 -2.82557 20
      vertex 44.9854 -0.463525 11.4266
      vertex 45 0 20
    endloop
  endfacet
  facet normal 0.999509 -0.0313234 2.0576e-05
    outer loop
      vertex 44.9854 -0.463525 11.4266
      vertex 44.9112 -2.82557 20
      vertex 44.9723 -0.881678 11.2135
    endloop
  endfacet
  facet normal 0.999509 -0.0313414 1.65811e-05
    outer loop
      vertex 44.9723 -0.881678 11.2135
      vertex 44.9112 -2.82557 20
      vertex 44.9619 -1.21352 10.8817
    endloop
  endfacet
  facet normal 0.999506 -0.0314321 5.37393e-07
    outer loop
      vertex 44.9619 -1.21352 10.8817
      vertex 44.9112 -2.82557 20
      vertex 44.9552 -1.42658 10.4635
    endloop
  endfacet
  facet normal 0.999508 -0.0313711 9.48886e-06
    outer loop
      vertex 44.9552 -1.42658 10.4635
      vertex 44.9112 -2.82557 20
      vertex 44.9529 -1.5 10
    endloop
  endfacet
  facet normal 0.999504 -0.0314821 0
    outer loop
      vertex 44.9854 -0.463525 8.57341
      vertex 45 0 2.5
      vertex 45 0 8.5
    endloop
  endfacet
  facet normal 0.999509 -0.031327 -2.76455e-05
    outer loop
      vertex 44.9112 -2.82557 2.5
      vertex 44.9854 -0.463525 8.57341
      vertex 44.9723 -0.881678 8.78647
    endloop
  endfacet
  facet normal 0.999509 -0.0313464 -2.1617e-05
    outer loop
      vertex 44.9112 -2.82557 2.5
      vertex 44.9723 -0.881678 8.78647
      vertex 44.9619 -1.21352 9.11832
    endloop
  endfacet
  facet normal 0.999506 -0.0314323 -6.74753e-07
    outer loop
      vertex 44.9112 -2.82557 2.5
      vertex 44.9619 -1.21352 9.11832
      vertex 44.9552 -1.42658 9.53647
    endloop
  endfacet
  facet normal 0.999507 -0.0314118 5.37599e-06
    outer loop
      vertex 44.9854 -0.463525 8.57341
      vertex 44.9112 -2.82557 2.5
      vertex 45 0 2.5
    endloop
  endfacet
  facet normal 0.999508 -0.0313805 -1.09834e-05
    outer loop
      vertex 44.9529 -1.5 10
      vertex 44.9112 -2.82557 2.5
      vertex 44.9552 -1.42658 9.53647
    endloop
  endfacet
  facet normal 0.999506 -0.0314426 0
    outer loop
      vertex 44.9112 -2.82557 2.5
      vertex 44.9529 -1.5 10
      vertex 44.9112 -2.82557 20
    endloop
  endfacet
  facet normal -0.509028 -0.86075 -7.51339e-06
    outer loop
      vertex -24.1122 -37.9948 20
      vertex -22.4901 -38.954 11.5
      vertex -21.6789 -39.4338 20
    endloop
  endfacet
  facet normal -0.508893 -0.86083 2.72948e-05
    outer loop
      vertex -24.1122 -37.9948 20
      vertex -22.5806 -38.9005 11.4833
      vertex -22.4901 -38.954 11.5
    endloop
  endfacet
  facet normal -0.508947 -0.860798 1.41477e-05
    outer loop
      vertex -24.1122 -37.9948 20
      vertex -22.8891 -38.7181 11.4266
      vertex -22.5806 -38.9005 11.4833
    endloop
  endfacet
  facet normal -0.509185 -0.860657 -3.16407e-05
    outer loop
      vertex -24.1122 -37.9948 20
      vertex -23.1668 -38.5538 11.2622
      vertex -22.8891 -38.7181 11.4266
    endloop
  endfacet
  facet normal -0.508512 -0.861055 6.66867e-05
    outer loop
      vertex -24.1122 -37.9948 20
      vertex -23.2491 -38.5052 11.2135
      vertex -23.1668 -38.5538 11.2622
    endloop
  endfacet
  facet normal -0.508878 -0.860839 1.81252e-05
    outer loop
      vertex -24.1122 -37.9948 20
      vertex -23.3144 -38.4666 11.1376
      vertex -23.2491 -38.5052 11.2135
    endloop
  endfacet
  facet normal -0.509079 -0.86072 -6.3061e-06
    outer loop
      vertex -24.1122 -37.9948 20
      vertex -23.5347 -38.3363 10.8817
      vertex -23.3144 -38.4666 11.1376
    endloop
  endfacet
  facet normal -0.509177 -0.860662 -1.46223e-05
    outer loop
      vertex -24.1122 -37.9948 20
      vertex -23.676 -38.2527 10.5596
      vertex -23.5347 -38.3363 10.8817
    endloop
  endfacet
  facet normal -0.509061 -0.86073 -7.42482e-06
    outer loop
      vertex -24.1122 -37.9948 20
      vertex -23.7181 -38.2278 10.4635
      vertex -23.676 -38.2527 10.5596
    endloop
  endfacet
  facet normal -0.509198 -0.860649 -1.5057e-05
    outer loop
      vertex -24.1122 -37.9948 20
      vertex -23.7813 -38.1904 10
      vertex -23.7181 -38.2278 10.4635
    endloop
  endfacet
  facet normal -0.509077 -0.860721 8.4689e-06
    outer loop
      vertex -24.1122 -37.9948 2.5
      vertex -23.3144 -38.4666 8.86241
      vertex -23.5347 -38.3363 9.11832
    endloop
  endfacet
  facet normal -0.508895 -0.860829 -3.81327e-05
    outer loop
      vertex -22.5806 -38.9005 8.51665
      vertex -24.1122 -37.9948 2.5
      vertex -22.4901 -38.954 8.5
    endloop
  endfacet
  facet normal -0.508948 -0.860797 -1.97626e-05
    outer loop
      vertex -22.8891 -38.7181 8.57341
      vertex -24.1122 -37.9948 2.5
      vertex -22.5806 -38.9005 8.51665
    endloop
  endfacet
  facet normal -0.50918 -0.86066 4.3278e-05
    outer loop
      vertex -23.1668 -38.5538 8.7378
      vertex -24.1122 -37.9948 2.5
      vertex -22.8891 -38.7181 8.57341
    endloop
  endfacet
  facet normal -0.508523 -0.861049 -9.12178e-05
    outer loop
      vertex -23.2491 -38.5052 8.78647
      vertex -24.1122 -37.9948 2.5
      vertex -23.1668 -38.5538 8.7378
    endloop
  endfacet
  facet normal -0.508884 -0.860835 -2.43395e-05
    outer loop
      vertex -23.3144 -38.4666 8.86241
      vertex -24.1122 -37.9948 2.5
      vertex -23.2491 -38.5052 8.78647
    endloop
  endfacet
  facet normal -0.509169 -0.860667 1.92298e-05
    outer loop
      vertex -23.676 -38.2527 9.44038
      vertex -24.1122 -37.9948 2.5
      vertex -23.5347 -38.3363 9.11832
    endloop
  endfacet
  facet normal -0.509057 -0.860733 9.76394e-06
    outer loop
      vertex -23.7181 -38.2278 9.53647
      vertex -24.1122 -37.9948 2.5
      vertex -23.676 -38.2527 9.44038
    endloop
  endfacet
  facet normal -0.509177 -0.860662 1.88489e-05
    outer loop
      vertex -23.7813 -38.1904 10
      vertex -24.1122 -37.9948 2.5
      vertex -23.7181 -38.2278 9.53647
    endloop
  endfacet
  facet normal -0.508861 -0.860849 0
    outer loop
      vertex -24.1122 -37.9948 2.5
      vertex -23.7813 -38.1904 10
      vertex -24.1122 -37.9948 20
    endloop
  endfacet
  facet normal -0.509093 -0.860712 7.48219e-07
    outer loop
      vertex -22.0911 -39.19 11.4266
      vertex -21.6789 -39.4338 20
      vertex -22.4901 -38.954 11.5
    endloop
  endfacet
  facet normal -0.509042 -0.860742 -2.51917e-06
    outer loop
      vertex -21.8121 -39.355 11.2614
      vertex -21.6789 -39.4338 20
      vertex -22.0911 -39.19 11.4266
    endloop
  endfacet
  facet normal -0.509479 -0.860483 6.46569e-06
    outer loop
      vertex -21.7312 -39.4029 11.2135
      vertex -21.6789 -39.4338 20
      vertex -21.8121 -39.355 11.2614
    endloop
  endfacet
  facet normal -0.508674 -0.860959 -0
    outer loop
      vertex -21.6789 -39.4338 20
      vertex -21.7312 -39.4029 11.2135
      vertex -21.6789 -39.4338 11.1528
    endloop
  endfacet
  facet normal -0.509028 -0.86075 1.0644e-05
    outer loop
      vertex -21.6789 -39.4338 2.5
      vertex -22.4901 -38.954 8.5
      vertex -24.1122 -37.9948 2.5
    endloop
  endfacet
  facet normal -0.509093 -0.860712 -1.05241e-06
    outer loop
      vertex -22.4901 -38.954 8.5
      vertex -21.6789 -39.4338 2.5
      vertex -22.0911 -39.19 8.57341
    endloop
  endfacet
  facet normal -0.509043 -0.860741 3.51609e-06
    outer loop
      vertex -22.0911 -39.19 8.57341
      vertex -21.6789 -39.4338 2.5
      vertex -21.8121 -39.355 8.73858
    endloop
  endfacet
  facet normal -0.509478 -0.860484 -9.0244e-06
    outer loop
      vertex -21.8121 -39.355 8.73858
      vertex -21.6789 -39.4338 2.5
      vertex -21.7312 -39.4029 8.78647
    endloop
  endfacet
  facet normal -0.508674 -0.860959 0
    outer loop
      vertex -21.7312 -39.4029 8.78647
      vertex -21.6789 -39.4338 2.5
      vertex -21.6789 -39.4338 8.84721
    endloop
  endfacet
  facet normal 0.707107 0.707107 0
    outer loop
      vertex 32.8036 30.8046 20
      vertex 30.8046 32.8036 2.5
      vertex 30.8046 32.8036 20
    endloop
  endfacet
  facet normal 0.707107 0.707107 0
    outer loop
      vertex 30.8046 32.8036 2.5
      vertex 32.8036 30.8046 20
      vertex 32.8036 30.8046 2.5
    endloop
  endfacet
  facet normal -0.960296 -0.278984 0
    outer loop
      vertex -42.7975 -13.9058 2.5
      vertex -43.5862 -11.191 20
      vertex -43.5862 -11.191 2.5
    endloop
  endfacet
  facet normal -0.960296 -0.278984 0
    outer loop
      vertex -43.5862 -11.191 20
      vertex -42.7975 -13.9058 2.5
      vertex -42.7975 -13.9058 20
    endloop
  endfacet
  facet normal -0.790157 0.612904 0
    outer loop
      vertex -36.4058 26.4503 2.5
      vertex -34.6731 28.6841 20
      vertex -34.6731 28.6841 2.5
    endloop
  endfacet
  facet normal -0.790157 0.612904 0
    outer loop
      vertex -34.6731 28.6841 20
      vertex -36.4058 26.4503 2.5
      vertex -36.4058 26.4503 20
    endloop
  endfacet
  facet normal -0.218152 -0.975915 0
    outer loop
      vertex -11.191 -43.5862 2.5
      vertex -8.43216 -44.2029 20
      vertex -11.191 -43.5862 20
    endloop
  endfacet
  facet normal -0.218152 -0.975915 -0
    outer loop
      vertex -8.43216 -44.2029 20
      vertex -11.191 -43.5862 2.5
      vertex -8.43216 -44.2029 2.5
    endloop
  endfacet
  facet normal -0.453993 0.891005 0
    outer loop
      vertex -19.1601 40.7172 20
      vertex -21.6789 39.4338 11.1528
      vertex -21.6789 39.4338 20
    endloop
  endfacet
  facet normal -0.45542 0.890276 0.00051229
    outer loop
      vertex -19.1601 40.7172 20
      vertex -21.6666 39.4401 11.139
      vertex -21.6789 39.4338 11.1528
    endloop
  endfacet
  facet normal -0.454019 0.890992 1.27493e-05
    outer loop
      vertex -19.1601 40.7172 20
      vertex -21.437 39.5571 10.8817
      vertex -21.6666 39.4401 11.139
    endloop
  endfacet
  facet normal -0.453844 0.891081 -4.21589e-05
    outer loop
      vertex -19.1601 40.7172 20
      vertex -21.2905 39.6317 10.5595
      vertex -21.437 39.5571 10.8817
    endloop
  endfacet
  facet normal -0.453825 0.891091 -4.76117e-05
    outer loop
      vertex -19.1601 40.7172 20
      vertex -21.2469 39.6539 10.4635
      vertex -21.2905 39.6317 10.5595
    endloop
  endfacet
  facet normal -0.454109 0.890946 3.04464e-05
    outer loop
      vertex -19.1601 40.7172 20
      vertex -21.2318 39.6616 10.3568
      vertex -21.2469 39.6539 10.4635
    endloop
  endfacet
  facet normal -0.454105 0.890948 2.94147e-05
    outer loop
      vertex -19.1601 40.7172 20
      vertex -21.1814 39.6873 10
      vertex -21.2318 39.6616 10.3568
    endloop
  endfacet
  facet normal -0.453989 0.891007 0
    outer loop
      vertex -19.1601 40.7172 2.5
      vertex -21.1814 39.6873 10
      vertex -19.1601 40.7172 20
    endloop
  endfacet
  facet normal -0.454086 0.890958 -3.27868e-05
    outer loop
      vertex -21.1814 39.6873 10
      vertex -19.1601 40.7172 2.5
      vertex -21.2318 39.6616 9.6432
    endloop
  endfacet
  facet normal -0.454089 0.890956 -3.39348e-05
    outer loop
      vertex -21.2318 39.6616 9.6432
      vertex -19.1601 40.7172 2.5
      vertex -21.2469 39.6539 9.53647
    endloop
  endfacet
  facet normal -0.453843 0.891082 5.78543e-05
    outer loop
      vertex -19.1601 40.7172 2.5
      vertex -21.2905 39.6317 9.44051
      vertex -21.2469 39.6539 9.53647
    endloop
  endfacet
  facet normal -0.45386 0.891073 5.12248e-05
    outer loop
      vertex -19.1601 40.7172 2.5
      vertex -21.437 39.5571 9.11832
      vertex -21.2905 39.6317 9.44051
    endloop
  endfacet
  facet normal -0.454016 0.890994 -1.62248e-05
    outer loop
      vertex -19.1601 40.7172 2.5
      vertex -21.6666 39.4401 8.861
      vertex -21.437 39.5571 9.11832
    endloop
  endfacet
  facet normal -0.455297 0.89034 -0.000652098
    outer loop
      vertex -19.1601 40.7172 2.5
      vertex -21.6789 39.4338 8.84721
      vertex -21.6666 39.4401 8.861
    endloop
  endfacet
  facet normal -0.453993 0.891005 0
    outer loop
      vertex -21.6789 39.4338 8.84721
      vertex -19.1601 40.7172 2.5
      vertex -21.6789 39.4338 2.5
    endloop
  endfacet
  facet normal 0.790157 -0.612904 0
    outer loop
      vertex 34.6731 -28.6841 20
      vertex 36.4058 -26.4503 2.5
      vertex 36.4058 -26.4503 20
    endloop
  endfacet
  facet normal 0.790157 -0.612904 0
    outer loop
      vertex 36.4058 -26.4503 2.5
      vertex 34.6731 -28.6841 20
      vertex 34.6731 -28.6841 2.5
    endloop
  endfacet
  facet normal -0.56209 -0.827076 0
    outer loop
      vertex -26.4503 -36.4058 2.5
      vertex -24.1122 -37.9948 20
      vertex -26.4503 -36.4058 20
    endloop
  endfacet
  facet normal -0.56209 -0.827076 -0
    outer loop
      vertex -24.1122 -37.9948 20
      vertex -26.4503 -36.4058 2.5
      vertex -24.1122 -37.9948 2.5
    endloop
  endfacet
  facet normal 0.156456 -0.987685 0
    outer loop
      vertex 5.63999 -44.6452 2.5
      vertex 8.43216 -44.2029 20
      vertex 5.63999 -44.6452 20
    endloop
  endfacet
  facet normal 0.156456 -0.987685 0
    outer loop
      vertex 8.43216 -44.2029 20
      vertex 5.63999 -44.6452 2.5
      vertex 8.43216 -44.2029 2.5
    endloop
  endfacet
  facet normal 0.940879 0.338742 0
    outer loop
      vertex 42.7975 13.9058 20
      vertex 41.8399 16.5656 2.5
      vertex 41.8399 16.5656 20
    endloop
  endfacet
  facet normal 0.940879 0.338742 0
    outer loop
      vertex 41.8399 16.5656 2.5
      vertex 42.7975 13.9058 20
      vertex 42.7975 13.9058 2.5
    endloop
  endfacet
  facet normal -0.86075 0.509028 0
    outer loop
      vertex -39.4338 21.6789 2.5
      vertex -37.9948 24.1122 20
      vertex -37.9948 24.1122 2.5
    endloop
  endfacet
  facet normal -0.86075 0.509028 0
    outer loop
      vertex -37.9948 24.1122 20
      vertex -39.4338 21.6789 2.5
      vertex -39.4338 21.6789 20
    endloop
  endfacet
  facet normal -0.750106 -0.661317 0
    outer loop
      vertex -32.8036 -30.8046 2.5
      vertex -34.6731 -28.6841 20
      vertex -34.6731 -28.6841 2.5
    endloop
  endfacet
  facet normal -0.750106 -0.661317 0
    outer loop
      vertex -34.6731 -28.6841 20
      vertex -32.8036 -30.8046 2.5
      vertex -32.8036 -30.8046 20
    endloop
  endfacet
  facet normal -0.509093 0.860712 -1.05241e-06
    outer loop
      vertex -22.0911 39.19 8.57341
      vertex -21.6789 39.4338 2.5
      vertex -22.4901 38.954 8.5
    endloop
  endfacet
  facet normal -0.509043 0.860741 3.51609e-06
    outer loop
      vertex -21.8121 39.355 8.73858
      vertex -21.6789 39.4338 2.5
      vertex -22.0911 39.19 8.57341
    endloop
  endfacet
  facet normal -0.509478 0.860484 -9.0244e-06
    outer loop
      vertex -21.7312 39.4029 8.78647
      vertex -21.6789 39.4338 2.5
      vertex -21.8121 39.355 8.73858
    endloop
  endfacet
  facet normal -0.508674 0.860959 0
    outer loop
      vertex -21.6789 39.4338 2.5
      vertex -21.7312 39.4029 8.78647
      vertex -21.6789 39.4338 8.84721
    endloop
  endfacet
  facet normal -0.509028 0.86075 -7.51339e-06
    outer loop
      vertex -21.6789 39.4338 20
      vertex -22.4901 38.954 11.5
      vertex -24.1122 37.9948 20
    endloop
  endfacet
  facet normal -0.509093 0.860712 7.48219e-07
    outer loop
      vertex -21.6789 39.4338 20
      vertex -22.0911 39.19 11.4266
      vertex -22.4901 38.954 11.5
    endloop
  endfacet
  facet normal -0.509042 0.860742 -2.51917e-06
    outer loop
      vertex -21.6789 39.4338 20
      vertex -21.8121 39.355 11.2614
      vertex -22.0911 39.19 11.4266
    endloop
  endfacet
  facet normal -0.509479 0.860483 6.46569e-06
    outer loop
      vertex -21.6789 39.4338 20
      vertex -21.7312 39.4029 11.2135
      vertex -21.8121 39.355 11.2614
    endloop
  endfacet
  facet normal -0.508674 0.860959 0
    outer loop
      vertex -21.7312 39.4029 11.2135
      vertex -21.6789 39.4338 20
      vertex -21.6789 39.4338 11.1528
    endloop
  endfacet
  facet normal -0.508893 0.86083 2.72948e-05
    outer loop
      vertex -22.5806 38.9005 11.4833
      vertex -24.1122 37.9948 20
      vertex -22.4901 38.954 11.5
    endloop
  endfacet
  facet normal -0.508947 0.860798 1.41477e-05
    outer loop
      vertex -22.8891 38.7181 11.4266
      vertex -24.1122 37.9948 20
      vertex -22.5806 38.9005 11.4833
    endloop
  endfacet
  facet normal -0.509185 0.860657 -3.16407e-05
    outer loop
      vertex -23.1668 38.5538 11.2622
      vertex -24.1122 37.9948 20
      vertex -22.8891 38.7181 11.4266
    endloop
  endfacet
  facet normal -0.508512 0.861055 6.66867e-05
    outer loop
      vertex -23.2491 38.5052 11.2135
      vertex -24.1122 37.9948 20
      vertex -23.1668 38.5538 11.2622
    endloop
  endfacet
  facet normal -0.508878 0.860839 1.81252e-05
    outer loop
      vertex -23.3144 38.4666 11.1376
      vertex -24.1122 37.9948 20
      vertex -23.2491 38.5052 11.2135
    endloop
  endfacet
  facet normal -0.509079 0.86072 -6.3061e-06
    outer loop
      vertex -23.5347 38.3363 10.8817
      vertex -24.1122 37.9948 20
      vertex -23.3144 38.4666 11.1376
    endloop
  endfacet
  facet normal -0.509177 0.860662 -1.46223e-05
    outer loop
      vertex -23.676 38.2527 10.5596
      vertex -24.1122 37.9948 20
      vertex -23.5347 38.3363 10.8817
    endloop
  endfacet
  facet normal -0.509061 0.86073 -7.42482e-06
    outer loop
      vertex -23.7181 38.2278 10.4635
      vertex -24.1122 37.9948 20
      vertex -23.676 38.2527 10.5596
    endloop
  endfacet
  facet normal -0.509198 0.860649 -1.5057e-05
    outer loop
      vertex -23.7813 38.1904 10
      vertex -24.1122 37.9948 20
      vertex -23.7181 38.2278 10.4635
    endloop
  endfacet
  facet normal -0.508884 0.860835 -2.43395e-05
    outer loop
      vertex -24.1122 37.9948 2.5
      vertex -23.3144 38.4666 8.86241
      vertex -23.2491 38.5052 8.78647
    endloop
  endfacet
  facet normal -0.509028 0.86075 1.0644e-05
    outer loop
      vertex -24.1122 37.9948 2.5
      vertex -22.4901 38.954 8.5
      vertex -21.6789 39.4338 2.5
    endloop
  endfacet
  facet normal -0.508895 0.860829 -3.81327e-05
    outer loop
      vertex -22.4901 38.954 8.5
      vertex -24.1122 37.9948 2.5
      vertex -22.5806 38.9005 8.51665
    endloop
  endfacet
  facet normal -0.508948 0.860797 -1.97626e-05
    outer loop
      vertex -22.5806 38.9005 8.51665
      vertex -24.1122 37.9948 2.5
      vertex -22.8891 38.7181 8.57341
    endloop
  endfacet
  facet normal -0.50918 0.86066 4.3278e-05
    outer loop
      vertex -22.8891 38.7181 8.57341
      vertex -24.1122 37.9948 2.5
      vertex -23.1668 38.5538 8.7378
    endloop
  endfacet
  facet normal -0.508523 0.861049 -9.12178e-05
    outer loop
      vertex -23.1668 38.5538 8.7378
      vertex -24.1122 37.9948 2.5
      vertex -23.2491 38.5052 8.78647
    endloop
  endfacet
  facet normal -0.509077 0.860721 8.4689e-06
    outer loop
      vertex -23.3144 38.4666 8.86241
      vertex -24.1122 37.9948 2.5
      vertex -23.5347 38.3363 9.11832
    endloop
  endfacet
  facet normal -0.509169 0.860667 1.92298e-05
    outer loop
      vertex -23.5347 38.3363 9.11832
      vertex -24.1122 37.9948 2.5
      vertex -23.676 38.2527 9.44038
    endloop
  endfacet
  facet normal -0.508861 0.860849 0
    outer loop
      vertex -23.7813 38.1904 10
      vertex -24.1122 37.9948 2.5
      vertex -24.1122 37.9948 20
    endloop
  endfacet
  facet normal -0.509177 0.860662 1.88489e-05
    outer loop
      vertex -23.7181 38.2278 9.53647
      vertex -24.1122 37.9948 2.5
      vertex -23.7813 38.1904 10
    endloop
  endfacet
  facet normal -0.509057 0.860733 9.76394e-06
    outer loop
      vertex -23.676 38.2527 9.44038
      vertex -24.1122 37.9948 2.5
      vertex -23.7181 38.2278 9.53647
    endloop
  endfacet
  facet normal 0.750106 -0.661317 0
    outer loop
      vertex 32.8036 -30.8046 20
      vertex 34.6731 -28.6841 2.5
      vertex 34.6731 -28.6841 20
    endloop
  endfacet
  facet normal 0.750106 -0.661317 0
    outer loop
      vertex 34.6731 -28.6841 2.5
      vertex 32.8036 -30.8046 20
      vertex 32.8036 -30.8046 2.5
    endloop
  endfacet
  facet normal -0.999504 -0.0314821 0
    outer loop
      vertex -45 0 2.5
      vertex -44.9854 -0.463525 8.57341
      vertex -45 0 8.5
    endloop
  endfacet
  facet normal -0.999507 -0.0314118 5.37599e-06
    outer loop
      vertex -44.9112 -2.82557 2.5
      vertex -44.9854 -0.463525 8.57341
      vertex -45 0 2.5
    endloop
  endfacet
  facet normal -0.999509 -0.031327 -2.76455e-05
    outer loop
      vertex -44.9854 -0.463525 8.57341
      vertex -44.9112 -2.82557 2.5
      vertex -44.9723 -0.881678 8.78647
    endloop
  endfacet
  facet normal -0.999509 -0.0313464 -2.1617e-05
    outer loop
      vertex -44.9723 -0.881678 8.78647
      vertex -44.9112 -2.82557 2.5
      vertex -44.9619 -1.21352 9.11832
    endloop
  endfacet
  facet normal -0.999508 -0.0313805 -1.09834e-05
    outer loop
      vertex -44.9552 -1.42658 9.53647
      vertex -44.9112 -2.82557 2.5
      vertex -44.9529 -1.5 10
    endloop
  endfacet
  facet normal -0.999506 -0.0314323 -6.74753e-07
    outer loop
      vertex -44.9619 -1.21352 9.11832
      vertex -44.9112 -2.82557 2.5
      vertex -44.9552 -1.42658 9.53647
    endloop
  endfacet
  facet normal -0.999504 -0.0314821 0
    outer loop
      vertex -44.9854 -0.463525 11.4266
      vertex -45 0 20
      vertex -45 0 11.5
    endloop
  endfacet
  facet normal -0.999509 -0.0313234 2.0576e-05
    outer loop
      vertex -44.9112 -2.82557 20
      vertex -44.9854 -0.463525 11.4266
      vertex -44.9723 -0.881678 11.2135
    endloop
  endfacet
  facet normal -0.999509 -0.0313414 1.65811e-05
    outer loop
      vertex -44.9112 -2.82557 20
      vertex -44.9723 -0.881678 11.2135
      vertex -44.9619 -1.21352 10.8817
    endloop
  endfacet
  facet normal -0.999506 -0.0314321 5.37393e-07
    outer loop
      vertex -44.9112 -2.82557 20
      vertex -44.9619 -1.21352 10.8817
      vertex -44.9552 -1.42658 10.4635
    endloop
  endfacet
  facet normal -0.999508 -0.0313711 9.48886e-06
    outer loop
      vertex -44.9112 -2.82557 20
      vertex -44.9552 -1.42658 10.4635
      vertex -44.9529 -1.5 10
    endloop
  endfacet
  facet normal -0.999506 -0.0314426 -0
    outer loop
      vertex -44.9112 -2.82557 20
      vertex -44.9529 -1.5 10
      vertex -44.9112 -2.82557 2.5
    endloop
  endfacet
  facet normal -0.999507 -0.0314118 -3.80836e-06
    outer loop
      vertex -44.9854 -0.463525 11.4266
      vertex -44.9112 -2.82557 20
      vertex -45 0 20
    endloop
  endfacet
  facet normal -0.975915 -0.218152 0
    outer loop
      vertex -43.5862 -11.191 2.5
      vertex -44.2029 -8.43216 20
      vertex -44.2029 -8.43216 2.5
    endloop
  endfacet
  facet normal -0.975915 -0.218152 0
    outer loop
      vertex -44.2029 -8.43216 20
      vertex -43.5862 -11.191 2.5
      vertex -43.5862 -11.191 20
    endloop
  endfacet
  facet normal 0.827076 -0.56209 0
    outer loop
      vertex 36.4058 -26.4503 20
      vertex 37.9948 -24.1122 2.5
      vertex 37.9948 -24.1122 20
    endloop
  endfacet
  facet normal 0.827076 -0.56209 0
    outer loop
      vertex 37.9948 -24.1122 2.5
      vertex 36.4058 -26.4503 20
      vertex 36.4058 -26.4503 2.5
    endloop
  endfacet
  facet normal 0.91776 0.397136 0
    outer loop
      vertex 41.8399 16.5656 20
      vertex 40.7172 19.1601 2.5
      vertex 40.7172 19.1601 20
    endloop
  endfacet
  facet normal 0.91776 0.397136 0
    outer loop
      vertex 40.7172 19.1601 2.5
      vertex 41.8399 16.5656 20
      vertex 41.8399 16.5656 2.5
    endloop
  endfacet
  facet normal 0.397136 0.91776 -0
    outer loop
      vertex 19.1601 40.7172 2.5
      vertex 16.5656 41.8399 20
      vertex 19.1601 40.7172 20
    endloop
  endfacet
  facet normal 0.397136 0.91776 0
    outer loop
      vertex 16.5656 41.8399 20
      vertex 19.1601 40.7172 2.5
      vertex 16.5656 41.8399 2.5
    endloop
  endfacet
  facet normal 0.0314118 0.999507 -0
    outer loop
      vertex 2.82557 44.9112 2.5
      vertex 0 45 20
      vertex 2.82557 44.9112 20
    endloop
  endfacet
  facet normal 0.0314118 0.999507 0
    outer loop
      vertex 0 45 20
      vertex 2.82557 44.9112 2.5
      vertex 0 45 2.5
    endloop
  endfacet
  facet normal 0.338742 -0.940879 0
    outer loop
      vertex 13.9058 -42.7975 2.5
      vertex 16.5656 -41.8399 20
      vertex 13.9058 -42.7975 20
    endloop
  endfacet
  facet normal 0.338742 -0.940879 0
    outer loop
      vertex 16.5656 -41.8399 20
      vertex 13.9058 -42.7975 2.5
      vertex 16.5656 -41.8399 2.5
    endloop
  endfacet
  facet normal 0.975915 -0.218152 0
    outer loop
      vertex 43.5862 -11.191 20
      vertex 44.2029 -8.43216 2.5
      vertex 44.2029 -8.43216 20
    endloop
  endfacet
  facet normal 0.975915 -0.218152 0
    outer loop
      vertex 44.2029 -8.43216 2.5
      vertex 43.5862 -11.191 20
      vertex 43.5862 -11.191 2.5
    endloop
  endfacet
  facet normal 0.891005 -0.453993 0
    outer loop
      vertex 39.4338 -21.6789 20
      vertex 40.7172 -19.1601 2.5
      vertex 40.7172 -19.1601 20
    endloop
  endfacet
  facet normal 0.891005 -0.453993 0
    outer loop
      vertex 40.7172 -19.1601 2.5
      vertex 39.4338 -21.6789 20
      vertex 39.4338 -21.6789 2.5
    endloop
  endfacet
  facet normal 0.750106 0.661317 0
    outer loop
      vertex 34.6731 28.6841 20
      vertex 32.8036 30.8046 2.5
      vertex 32.8036 30.8046 20
    endloop
  endfacet
  facet normal 0.750106 0.661317 0
    outer loop
      vertex 32.8036 30.8046 2.5
      vertex 34.6731 28.6841 20
      vertex 34.6731 28.6841 2.5
    endloop
  endfacet
  facet normal 0.612904 0.790157 -0
    outer loop
      vertex 28.6841 34.6731 2.5
      vertex 26.4503 36.4058 20
      vertex 28.6841 34.6731 20
    endloop
  endfacet
  facet normal 0.612904 0.790157 0
    outer loop
      vertex 26.4503 36.4058 20
      vertex 28.6841 34.6731 2.5
      vertex 26.4503 36.4058 2.5
    endloop
  endfacet
  facet normal 0.995563 -0.0940939 0
    outer loop
      vertex 44.6452 -5.63999 20
      vertex 44.9112 -2.82557 2.5
      vertex 44.9112 -2.82557 20
    endloop
  endfacet
  facet normal 0.995563 -0.0940939 0
    outer loop
      vertex 44.9112 -2.82557 2.5
      vertex 44.6452 -5.63999 20
      vertex 44.6452 -5.63999 2.5
    endloop
  endfacet
  facet normal 0.453993 0.891005 -0
    outer loop
      vertex 21.6789 39.4338 11.1528
      vertex 19.1601 40.7172 20
      vertex 21.6789 39.4338 20
    endloop
  endfacet
  facet normal 0.45542 0.890276 0.00051229
    outer loop
      vertex 21.6666 39.4401 11.139
      vertex 19.1601 40.7172 20
      vertex 21.6789 39.4338 11.1528
    endloop
  endfacet
  facet normal 0.454019 0.890992 1.27493e-05
    outer loop
      vertex 21.437 39.5571 10.8817
      vertex 19.1601 40.7172 20
      vertex 21.6666 39.4401 11.139
    endloop
  endfacet
  facet normal 0.453844 0.891081 -4.21589e-05
    outer loop
      vertex 21.2905 39.6317 10.5595
      vertex 19.1601 40.7172 20
      vertex 21.437 39.5571 10.8817
    endloop
  endfacet
  facet normal 0.453825 0.891091 -4.76117e-05
    outer loop
      vertex 21.2469 39.6539 10.4635
      vertex 19.1601 40.7172 20
      vertex 21.2905 39.6317 10.5595
    endloop
  endfacet
  facet normal 0.454109 0.890946 3.04464e-05
    outer loop
      vertex 21.2318 39.6616 10.3568
      vertex 19.1601 40.7172 20
      vertex 21.2469 39.6539 10.4635
    endloop
  endfacet
  facet normal 0.454105 0.890948 2.94147e-05
    outer loop
      vertex 21.1814 39.6873 10
      vertex 19.1601 40.7172 20
      vertex 21.2318 39.6616 10.3568
    endloop
  endfacet
  facet normal 0.454086 0.890958 -3.27868e-05
    outer loop
      vertex 19.1601 40.7172 2.5
      vertex 21.1814 39.6873 10
      vertex 21.2318 39.6616 9.6432
    endloop
  endfacet
  facet normal 0.454089 0.890956 -3.39348e-05
    outer loop
      vertex 19.1601 40.7172 2.5
      vertex 21.2318 39.6616 9.6432
      vertex 21.2469 39.6539 9.53647
    endloop
  endfacet
  facet normal 0.453993 0.891005 0
    outer loop
      vertex 19.1601 40.7172 2.5
      vertex 21.6789 39.4338 8.84721
      vertex 21.6789 39.4338 2.5
    endloop
  endfacet
  facet normal 0.455297 0.89034 -0.000652098
    outer loop
      vertex 21.6789 39.4338 8.84721
      vertex 19.1601 40.7172 2.5
      vertex 21.6666 39.4401 8.861
    endloop
  endfacet
  facet normal 0.454016 0.890994 -1.62248e-05
    outer loop
      vertex 21.6666 39.4401 8.861
      vertex 19.1601 40.7172 2.5
      vertex 21.437 39.5571 9.11832
    endloop
  endfacet
  facet normal 0.45386 0.891073 5.12248e-05
    outer loop
      vertex 21.437 39.5571 9.11832
      vertex 19.1601 40.7172 2.5
      vertex 21.2905 39.6317 9.44051
    endloop
  endfacet
  facet normal 0.453843 0.891082 5.78543e-05
    outer loop
      vertex 21.2905 39.6317 9.44051
      vertex 19.1601 40.7172 2.5
      vertex 21.2469 39.6539 9.53647
    endloop
  endfacet
  facet normal 0.453989 0.891007 0
    outer loop
      vertex 21.1814 39.6873 10
      vertex 19.1601 40.7172 2.5
      vertex 19.1601 40.7172 20
    endloop
  endfacet
  facet normal -0.940879 -0.338742 0
    outer loop
      vertex -41.8399 -16.5656 2.5
      vertex -42.7975 -13.9058 20
      vertex -42.7975 -13.9058 2.5
    endloop
  endfacet
  facet normal -0.940879 -0.338742 0
    outer loop
      vertex -42.7975 -13.9058 20
      vertex -41.8399 -16.5656 2.5
      vertex -41.8399 -16.5656 20
    endloop
  endfacet
  facet normal 0.218152 -0.975915 0
    outer loop
      vertex 8.43216 -44.2029 2.5
      vertex 11.191 -43.5862 20
      vertex 8.43216 -44.2029 20
    endloop
  endfacet
  facet normal 0.218152 -0.975915 0
    outer loop
      vertex 11.191 -43.5862 20
      vertex 8.43216 -44.2029 2.5
      vertex 11.191 -43.5862 2.5
    endloop
  endfacet
  facet normal 0.0940939 0.995563 -0
    outer loop
      vertex 5.63999 44.6452 2.5
      vertex 2.82557 44.9112 20
      vertex 5.63999 44.6452 20
    endloop
  endfacet
  facet normal 0.0940939 0.995563 0
    outer loop
      vertex 2.82557 44.9112 20
      vertex 5.63999 44.6452 2.5
      vertex 2.82557 44.9112 2.5
    endloop
  endfacet
  facet normal -0.999506 0.0314426 0
    outer loop
      vertex -44.9112 2.82557 2.5
      vertex -44.9529 1.5 10
      vertex -44.9112 2.82557 20
    endloop
  endfacet
  facet normal -0.999508 0.0313805 -1.09834e-05
    outer loop
      vertex -44.9112 2.82557 2.5
      vertex -44.9552 1.42658 9.53647
      vertex -44.9529 1.5 10
    endloop
  endfacet
  facet normal -0.999506 0.0314323 -6.74753e-07
    outer loop
      vertex -44.9112 2.82557 2.5
      vertex -44.9619 1.21352 9.11832
      vertex -44.9552 1.42658 9.53647
    endloop
  endfacet
  facet normal -0.999509 0.0313464 -2.1617e-05
    outer loop
      vertex -44.9112 2.82557 2.5
      vertex -44.9723 0.881678 8.78647
      vertex -44.9619 1.21352 9.11832
    endloop
  endfacet
  facet normal -0.999509 0.031327 -2.76455e-05
    outer loop
      vertex -44.9112 2.82557 2.5
      vertex -44.9854 0.463525 8.57341
      vertex -44.9723 0.881678 8.78647
    endloop
  endfacet
  facet normal -0.999507 0.0314118 5.37599e-06
    outer loop
      vertex -45 0 2.5
      vertex -44.9854 0.463525 8.57341
      vertex -44.9112 2.82557 2.5
    endloop
  endfacet
  facet normal -0.999504 0.0314821 0
    outer loop
      vertex -44.9854 0.463525 8.57341
      vertex -45 0 2.5
      vertex -45 0 8.5
    endloop
  endfacet
  facet normal -0.999508 0.0313711 9.48886e-06
    outer loop
      vertex -44.9552 1.42658 10.4635
      vertex -44.9112 2.82557 20
      vertex -44.9529 1.5 10
    endloop
  endfacet
  facet normal -0.999506 0.0314321 5.37393e-07
    outer loop
      vertex -44.9619 1.21352 10.8817
      vertex -44.9112 2.82557 20
      vertex -44.9552 1.42658 10.4635
    endloop
  endfacet
  facet normal -0.999509 0.0313414 1.65811e-05
    outer loop
      vertex -44.9723 0.881678 11.2135
      vertex -44.9112 2.82557 20
      vertex -44.9619 1.21352 10.8817
    endloop
  endfacet
  facet normal -0.999509 0.0313234 2.0576e-05
    outer loop
      vertex -44.9854 0.463525 11.4266
      vertex -44.9112 2.82557 20
      vertex -44.9723 0.881678 11.2135
    endloop
  endfacet
  facet normal -0.999504 0.0314821 0
    outer loop
      vertex -45 0 20
      vertex -44.9854 0.463525 11.4266
      vertex -45 0 11.5
    endloop
  endfacet
  facet normal -0.999507 0.0314118 -3.80836e-06
    outer loop
      vertex -44.9854 0.463525 11.4266
      vertex -45 0 20
      vertex -44.9112 2.82557 20
    endloop
  endfacet
  facet normal -0.86075 -0.509028 0
    outer loop
      vertex -37.9948 -24.1122 2.5
      vertex -39.4338 -21.6789 20
      vertex -39.4338 -21.6789 2.5
    endloop
  endfacet
  facet normal -0.86075 -0.509028 0
    outer loop
      vertex -39.4338 -21.6789 20
      vertex -37.9948 -24.1122 2.5
      vertex -37.9948 -24.1122 20
    endloop
  endfacet
  facet normal -0.397136 -0.91776 0
    outer loop
      vertex -19.1601 -40.7172 2.5
      vertex -16.5656 -41.8399 20
      vertex -19.1601 -40.7172 20
    endloop
  endfacet
  facet normal -0.397136 -0.91776 -0
    outer loop
      vertex -16.5656 -41.8399 20
      vertex -19.1601 -40.7172 2.5
      vertex -16.5656 -41.8399 2.5
    endloop
  endfacet
  facet normal -0.338742 -0.940879 0
    outer loop
      vertex -16.5656 -41.8399 2.5
      vertex -13.9058 -42.7975 20
      vertex -16.5656 -41.8399 20
    endloop
  endfacet
  facet normal -0.338742 -0.940879 -0
    outer loop
      vertex -13.9058 -42.7975 20
      vertex -16.5656 -41.8399 2.5
      vertex -13.9058 -42.7975 2.5
    endloop
  endfacet
  facet normal -0.995563 -0.0940939 0
    outer loop
      vertex -44.6452 -5.63999 2.5
      vertex -44.9112 -2.82557 20
      vertex -44.9112 -2.82557 2.5
    endloop
  endfacet
  facet normal -0.995563 -0.0940939 0
    outer loop
      vertex -44.9112 -2.82557 20
      vertex -44.6452 -5.63999 2.5
      vertex -44.6452 -5.63999 20
    endloop
  endfacet
  facet normal -0.56209 0.827076 0
    outer loop
      vertex -24.1122 37.9948 2.5
      vertex -26.4503 36.4058 20
      vertex -24.1122 37.9948 20
    endloop
  endfacet
  facet normal -0.56209 0.827076 0
    outer loop
      vertex -26.4503 36.4058 20
      vertex -24.1122 37.9948 2.5
      vertex -26.4503 36.4058 2.5
    endloop
  endfacet
  facet normal -0.661317 -0.750106 0
    outer loop
      vertex -30.8046 -32.8036 2.5
      vertex -28.6841 -34.6731 20
      vertex -30.8046 -32.8036 20
    endloop
  endfacet
  facet normal -0.661317 -0.750106 -0
    outer loop
      vertex -28.6841 -34.6731 20
      vertex -30.8046 -32.8036 2.5
      vertex -28.6841 -34.6731 2.5
    endloop
  endfacet
  facet normal 0.86075 -0.509028 0
    outer loop
      vertex 37.9948 -24.1122 20
      vertex 39.4338 -21.6789 2.5
      vertex 39.4338 -21.6789 20
    endloop
  endfacet
  facet normal 0.86075 -0.509028 0
    outer loop
      vertex 39.4338 -21.6789 2.5
      vertex 37.9948 -24.1122 20
      vertex 37.9948 -24.1122 2.5
    endloop
  endfacet
  facet normal -0.91776 -0.397136 0
    outer loop
      vertex -40.7172 -19.1601 2.5
      vertex -41.8399 -16.5656 20
      vertex -41.8399 -16.5656 2.5
    endloop
  endfacet
  facet normal -0.91776 -0.397136 0
    outer loop
      vertex -41.8399 -16.5656 20
      vertex -40.7172 -19.1601 2.5
      vertex -40.7172 -19.1601 20
    endloop
  endfacet
  facet normal -0.278984 -0.960296 0
    outer loop
      vertex -13.9058 -42.7975 2.5
      vertex -11.191 -43.5862 20
      vertex -13.9058 -42.7975 20
    endloop
  endfacet
  facet normal -0.278984 -0.960296 -0
    outer loop
      vertex -11.191 -43.5862 20
      vertex -13.9058 -42.7975 2.5
      vertex -11.191 -43.5862 2.5
    endloop
  endfacet
  facet normal 0.509093 -0.860712 -1.05241e-06
    outer loop
      vertex 22.0911 -39.19 8.57341
      vertex 21.6789 -39.4338 2.5
      vertex 22.4901 -38.954 8.5
    endloop
  endfacet
  facet normal 0.509043 -0.860741 3.51609e-06
    outer loop
      vertex 21.8121 -39.355 8.73858
      vertex 21.6789 -39.4338 2.5
      vertex 22.0911 -39.19 8.57341
    endloop
  endfacet
  facet normal 0.509478 -0.860484 -9.0244e-06
    outer loop
      vertex 21.7312 -39.4029 8.78647
      vertex 21.6789 -39.4338 2.5
      vertex 21.8121 -39.355 8.73858
    endloop
  endfacet
  facet normal 0.508674 -0.860959 0
    outer loop
      vertex 21.6789 -39.4338 2.5
      vertex 21.7312 -39.4029 8.78647
      vertex 21.6789 -39.4338 8.84721
    endloop
  endfacet
  facet normal 0.509028 -0.86075 -7.51339e-06
    outer loop
      vertex 21.6789 -39.4338 20
      vertex 22.4901 -38.954 11.5
      vertex 24.1122 -37.9948 20
    endloop
  endfacet
  facet normal 0.509093 -0.860712 7.48219e-07
    outer loop
      vertex 21.6789 -39.4338 20
      vertex 22.0911 -39.19 11.4266
      vertex 22.4901 -38.954 11.5
    endloop
  endfacet
  facet normal 0.509042 -0.860742 -2.51917e-06
    outer loop
      vertex 21.6789 -39.4338 20
      vertex 21.8121 -39.355 11.2614
      vertex 22.0911 -39.19 11.4266
    endloop
  endfacet
  facet normal 0.509479 -0.860483 6.46569e-06
    outer loop
      vertex 21.6789 -39.4338 20
      vertex 21.7312 -39.4029 11.2135
      vertex 21.8121 -39.355 11.2614
    endloop
  endfacet
  facet normal 0.508674 -0.860959 0
    outer loop
      vertex 21.7312 -39.4029 11.2135
      vertex 21.6789 -39.4338 20
      vertex 21.6789 -39.4338 11.1528
    endloop
  endfacet
  facet normal 0.508893 -0.86083 2.72948e-05
    outer loop
      vertex 22.5806 -38.9005 11.4833
      vertex 24.1122 -37.9948 20
      vertex 22.4901 -38.954 11.5
    endloop
  endfacet
  facet normal 0.508947 -0.860798 1.41477e-05
    outer loop
      vertex 22.8891 -38.7181 11.4266
      vertex 24.1122 -37.9948 20
      vertex 22.5806 -38.9005 11.4833
    endloop
  endfacet
  facet normal 0.509185 -0.860657 -3.16407e-05
    outer loop
      vertex 23.1668 -38.5538 11.2622
      vertex 24.1122 -37.9948 20
      vertex 22.8891 -38.7181 11.4266
    endloop
  endfacet
  facet normal 0.508512 -0.861055 6.66867e-05
    outer loop
      vertex 23.2491 -38.5052 11.2135
      vertex 24.1122 -37.9948 20
      vertex 23.1668 -38.5538 11.2622
    endloop
  endfacet
  facet normal 0.508878 -0.860839 1.81252e-05
    outer loop
      vertex 23.3144 -38.4666 11.1376
      vertex 24.1122 -37.9948 20
      vertex 23.2491 -38.5052 11.2135
    endloop
  endfacet
  facet normal 0.509079 -0.86072 -6.3061e-06
    outer loop
      vertex 23.5347 -38.3363 10.8817
      vertex 24.1122 -37.9948 20
      vertex 23.3144 -38.4666 11.1376
    endloop
  endfacet
  facet normal 0.509177 -0.860662 -1.46223e-05
    outer loop
      vertex 23.676 -38.2527 10.5596
      vertex 24.1122 -37.9948 20
      vertex 23.5347 -38.3363 10.8817
    endloop
  endfacet
  facet normal 0.509061 -0.86073 -7.42482e-06
    outer loop
      vertex 23.7181 -38.2278 10.4635
      vertex 24.1122 -37.9948 20
      vertex 23.676 -38.2527 10.5596
    endloop
  endfacet
  facet normal 0.509198 -0.860649 -1.5057e-05
    outer loop
      vertex 23.7813 -38.1904 10
      vertex 24.1122 -37.9948 20
      vertex 23.7181 -38.2278 10.4635
    endloop
  endfacet
  facet normal 0.508884 -0.860835 -2.43395e-05
    outer loop
      vertex 24.1122 -37.9948 2.5
      vertex 23.3144 -38.4666 8.86241
      vertex 23.2491 -38.5052 8.78647
    endloop
  endfacet
  facet normal 0.509028 -0.86075 1.0644e-05
    outer loop
      vertex 24.1122 -37.9948 2.5
      vertex 22.4901 -38.954 8.5
      vertex 21.6789 -39.4338 2.5
    endloop
  endfacet
  facet normal 0.508895 -0.860829 -3.81327e-05
    outer loop
      vertex 22.4901 -38.954 8.5
      vertex 24.1122 -37.9948 2.5
      vertex 22.5806 -38.9005 8.51665
    endloop
  endfacet
  facet normal 0.508948 -0.860797 -1.97626e-05
    outer loop
      vertex 22.5806 -38.9005 8.51665
      vertex 24.1122 -37.9948 2.5
      vertex 22.8891 -38.7181 8.57341
    endloop
  endfacet
  facet normal 0.50918 -0.86066 4.3278e-05
    outer loop
      vertex 22.8891 -38.7181 8.57341
      vertex 24.1122 -37.9948 2.5
      vertex 23.1668 -38.5538 8.7378
    endloop
  endfacet
  facet normal 0.508523 -0.861049 -9.12178e-05
    outer loop
      vertex 23.1668 -38.5538 8.7378
      vertex 24.1122 -37.9948 2.5
      vertex 23.2491 -38.5052 8.78647
    endloop
  endfacet
  facet normal 0.509077 -0.860721 8.4689e-06
    outer loop
      vertex 23.3144 -38.4666 8.86241
      vertex 24.1122 -37.9948 2.5
      vertex 23.5347 -38.3363 9.11832
    endloop
  endfacet
  facet normal 0.509169 -0.860667 1.92298e-05
    outer loop
      vertex 23.5347 -38.3363 9.11832
      vertex 24.1122 -37.9948 2.5
      vertex 23.676 -38.2527 9.44038
    endloop
  endfacet
  facet normal 0.508861 -0.860849 0
    outer loop
      vertex 23.7813 -38.1904 10
      vertex 24.1122 -37.9948 2.5
      vertex 24.1122 -37.9948 20
    endloop
  endfacet
  facet normal 0.509177 -0.860662 1.88489e-05
    outer loop
      vertex 23.7181 -38.2278 9.53647
      vertex 24.1122 -37.9948 2.5
      vertex 23.7813 -38.1904 10
    endloop
  endfacet
  facet normal 0.509057 -0.860733 9.76394e-06
    outer loop
      vertex 23.676 -38.2527 9.44038
      vertex 24.1122 -37.9948 2.5
      vertex 23.7181 -38.2278 9.53647
    endloop
  endfacet
  facet normal 0.612904 -0.790157 0
    outer loop
      vertex 26.4503 -36.4058 2.5
      vertex 28.6841 -34.6731 20
      vertex 26.4503 -36.4058 20
    endloop
  endfacet
  facet normal 0.612904 -0.790157 0
    outer loop
      vertex 28.6841 -34.6731 20
      vertex 26.4503 -36.4058 2.5
      vertex 28.6841 -34.6731 2.5
    endloop
  endfacet
  facet normal 0.278984 0.960296 -0
    outer loop
      vertex 13.9058 42.7975 2.5
      vertex 11.191 43.5862 20
      vertex 13.9058 42.7975 20
    endloop
  endfacet
  facet normal 0.278984 0.960296 0
    outer loop
      vertex 11.191 43.5862 20
      vertex 13.9058 42.7975 2.5
      vertex 11.191 43.5862 2.5
    endloop
  endfacet
  facet normal -0.707107 0.707107 0
    outer loop
      vertex -32.8036 30.8046 2.5
      vertex -30.8046 32.8036 20
      vertex -30.8046 32.8036 2.5
    endloop
  endfacet
  facet normal -0.707107 0.707107 0
    outer loop
      vertex -30.8046 32.8036 20
      vertex -32.8036 30.8046 2.5
      vertex -32.8036 30.8046 20
    endloop
  endfacet
  facet normal -0.750106 0.661317 0
    outer loop
      vertex -34.6731 28.6841 2.5
      vertex -32.8036 30.8046 20
      vertex -32.8036 30.8046 2.5
    endloop
  endfacet
  facet normal -0.750106 0.661317 0
    outer loop
      vertex -32.8036 30.8046 20
      vertex -34.6731 28.6841 2.5
      vertex -34.6731 28.6841 20
    endloop
  endfacet
  facet normal 0.661317 -0.750106 0
    outer loop
      vertex 28.6841 -34.6731 2.5
      vertex 30.8046 -32.8036 20
      vertex 28.6841 -34.6731 20
    endloop
  endfacet
  facet normal 0.661317 -0.750106 0
    outer loop
      vertex 30.8046 -32.8036 20
      vertex 28.6841 -34.6731 2.5
      vertex 30.8046 -32.8036 2.5
    endloop
  endfacet
  facet normal -0.0940939 -0.995563 0
    outer loop
      vertex -5.63999 -44.6452 2.5
      vertex -2.82557 -44.9112 20
      vertex -5.63999 -44.6452 20
    endloop
  endfacet
  facet normal -0.0940939 -0.995563 -0
    outer loop
      vertex -2.82557 -44.9112 20
      vertex -5.63999 -44.6452 2.5
      vertex -2.82557 -44.9112 2.5
    endloop
  endfacet
  facet normal 0.91776 -0.397136 0
    outer loop
      vertex 40.7172 -19.1601 20
      vertex 41.8399 -16.5656 2.5
      vertex 41.8399 -16.5656 20
    endloop
  endfacet
  facet normal 0.91776 -0.397136 0
    outer loop
      vertex 41.8399 -16.5656 2.5
      vertex 40.7172 -19.1601 20
      vertex 40.7172 -19.1601 2.5
    endloop
  endfacet
  facet normal 0.940879 -0.338742 0
    outer loop
      vertex 41.8399 -16.5656 20
      vertex 42.7975 -13.9058 2.5
      vertex 42.7975 -13.9058 20
    endloop
  endfacet
  facet normal 0.940879 -0.338742 0
    outer loop
      vertex 42.7975 -13.9058 2.5
      vertex 41.8399 -16.5656 20
      vertex 41.8399 -16.5656 2.5
    endloop
  endfacet
  facet normal 0 0 1
    outer loop
      vertex 42.5 0 20
      vertex 45 0 20
      vertex 44.9112 2.82557 20
    endloop
  endfacet
  facet normal 0 0 1
    outer loop
      vertex 42.4161 2.6686 20
      vertex 44.9112 2.82557 20
      vertex 44.6452 5.63999 20
    endloop
  endfacet
  facet normal 0 0 1
    outer loop
      vertex 45 0 20
      vertex 42.5 0 20
      vertex 44.9112 -2.82557 20
    endloop
  endfacet
  facet normal 0 0 1
    outer loop
      vertex 42.1649 5.32666 20
      vertex 44.6452 5.63999 20
      vertex 44.2029 8.43216 20
    endloop
  endfacet
  facet normal -0 0 1
    outer loop
      vertex 42.4161 -2.6686 20
      vertex 44.9112 -2.82557 20
      vertex 42.5 0 20
    endloop
  endfacet
  facet normal 0 0 1
    outer loop
      vertex 41.7472 7.96371 20
      vertex 44.2029 8.43216 20
      vertex 43.5862 11.191 20
    endloop
  endfacet
  facet normal 0 0 1
    outer loop
      vertex 44.9112 -2.82557 20
      vertex 42.4161 -2.6686 20
      vertex 44.6452 -5.63999 20
    endloop
  endfacet
  facet normal 0 0 1
    outer loop
      vertex 41.1648 10.5693 20
      vertex 43.5862 11.191 20
      vertex 42.7975 13.9058 20
    endloop
  endfacet
  facet normal -0 0 1
    outer loop
      vertex 42.1649 -5.32666 20
      vertex 44.6452 -5.63999 20
      vertex 42.4161 -2.6686 20
    endloop
  endfacet
  facet normal 0 0 1
    outer loop
      vertex 44.6452 -5.63999 20
      vertex 42.1649 -5.32666 20
      vertex 44.2029 -8.43216 20
    endloop
  endfacet
  facet normal 0 0 1
    outer loop
      vertex 44.9112 2.82557 20
      vertex 42.4161 2.6686 20
      vertex 42.5 0 20
    endloop
  endfacet
  facet normal 0 0 1
    outer loop
      vertex 44.6452 5.63999 20
      vertex 42.1649 5.32666 20
      vertex 42.4161 2.6686 20
    endloop
  endfacet
  facet normal 0 0 1
    outer loop
      vertex 40.4199 13.1332 20
      vertex 42.7975 13.9058 20
      vertex 41.8399 16.5656 20
    endloop
  endfacet
  facet normal 0 0 1
    outer loop
      vertex 44.2029 8.43216 20
      vertex 41.7472 7.96371 20
      vertex 42.1649 5.32666 20
    endloop
  endfacet
  facet normal 0 0 1
    outer loop
      vertex 43.5862 11.191 20
      vertex 41.1648 10.5693 20
      vertex 41.7472 7.96371 20
    endloop
  endfacet
  facet normal 0 0 1
    outer loop
      vertex 39.5155 15.6453 20
      vertex 41.8399 16.5656 20
      vertex 40.7172 19.1601 20
    endloop
  endfacet
  facet normal 0 0 1
    outer loop
      vertex 42.7975 13.9058 20
      vertex 40.4199 13.1332 20
      vertex 41.1648 10.5693 20
    endloop
  endfacet
  facet normal 0 0 1
    outer loop
      vertex 41.8399 16.5656 20
      vertex 39.5155 15.6453 20
      vertex 40.4199 13.1332 20
    endloop
  endfacet
  facet normal 0 0 1
    outer loop
      vertex 38.4552 18.0956 20
      vertex 40.7172 19.1601 20
      vertex 39.4338 21.6789 20
    endloop
  endfacet
  facet normal 0 0 1
    outer loop
      vertex 40.7172 19.1601 20
      vertex 38.4552 18.0956 20
      vertex 39.5155 15.6453 20
    endloop
  endfacet
  facet normal 0 0 1
    outer loop
      vertex 37.243 20.4745 20
      vertex 39.4338 21.6789 20
      vertex 37.9948 24.1122 20
    endloop
  endfacet
  facet normal 0 0 1
    outer loop
      vertex 39.4338 21.6789 20
      vertex 37.243 20.4745 20
      vertex 38.4552 18.0956 20
    endloop
  endfacet
  facet normal 0 0 1
    outer loop
      vertex 35.8839 22.7726 20
      vertex 37.9948 24.1122 20
      vertex 36.4058 26.4503 20
    endloop
  endfacet
  facet normal 0 0 1
    outer loop
      vertex 37.9948 24.1122 20
      vertex 35.8839 22.7726 20
      vertex 37.243 20.4745 20
    endloop
  endfacet
  facet normal 0 0 1
    outer loop
      vertex 34.3832 24.9809 20
      vertex 36.4058 26.4503 20
      vertex 34.6731 28.6841 20
    endloop
  endfacet
  facet normal 0 0 1
    outer loop
      vertex 36.4058 26.4503 20
      vertex 34.3832 24.9809 20
      vertex 35.8839 22.7726 20
    endloop
  endfacet
  facet normal 0 0 1
    outer loop
      vertex 32.7468 27.0905 20
      vertex 34.6731 28.6841 20
      vertex 32.8036 30.8046 20
    endloop
  endfacet
  facet normal 0 0 1
    outer loop
      vertex 34.6731 28.6841 20
      vertex 32.7468 27.0905 20
      vertex 34.3832 24.9809 20
    endloop
  endfacet
  facet normal 0 0 1
    outer loop
      vertex 32.8036 30.8046 20
      vertex 30.9812 29.0933 20
      vertex 32.7468 27.0905 20
    endloop
  endfacet
  facet normal 0 0 1
    outer loop
      vertex 30.8046 32.8036 20
      vertex 30.9812 29.0933 20
      vertex 32.8036 30.8046 20
    endloop
  endfacet
  facet normal 0 0 1
    outer loop
      vertex 30.8046 32.8036 20
      vertex 29.0933 30.9812 20
      vertex 30.9812 29.0933 20
    endloop
  endfacet
  facet normal 0 0 1
    outer loop
      vertex 28.6841 34.6731 20
      vertex 29.0933 30.9812 20
      vertex 30.8046 32.8036 20
    endloop
  endfacet
  facet normal 0 0 1
    outer loop
      vertex 28.6841 34.6731 20
      vertex 27.0905 32.7468 20
      vertex 29.0933 30.9812 20
    endloop
  endfacet
  facet normal 0 0 1
    outer loop
      vertex 26.4503 36.4058 20
      vertex 27.0905 32.7468 20
      vertex 28.6841 34.6731 20
    endloop
  endfacet
  facet normal 0 0 1
    outer loop
      vertex 26.4503 36.4058 20
      vertex 24.9809 34.3832 20
      vertex 27.0905 32.7468 20
    endloop
  endfacet
  facet normal 0 0 1
    outer loop
      vertex 24.1122 37.9948 20
      vertex 24.9809 34.3832 20
      vertex 26.4503 36.4058 20
    endloop
  endfacet
  facet normal 0 0 1
    outer loop
      vertex 24.1122 37.9948 20
      vertex 22.7726 35.8839 20
      vertex 24.9809 34.3832 20
    endloop
  endfacet
  facet normal 0 0 1
    outer loop
      vertex 21.6789 39.4338 20
      vertex 22.7726 35.8839 20
      vertex 24.1122 37.9948 20
    endloop
  endfacet
  facet normal 0 0 1
    outer loop
      vertex 21.6789 39.4338 20
      vertex 20.4745 37.243 20
      vertex 22.7726 35.8839 20
    endloop
  endfacet
  facet normal 0 0 1
    outer loop
      vertex 19.1601 40.7172 20
      vertex 20.4745 37.243 20
      vertex 21.6789 39.4338 20
    endloop
  endfacet
  facet normal 0 0 1
    outer loop
      vertex 19.1601 40.7172 20
      vertex 18.0956 38.4552 20
      vertex 20.4745 37.243 20
    endloop
  endfacet
  facet normal 0 0 1
    outer loop
      vertex 16.5656 41.8399 20
      vertex 18.0956 38.4552 20
      vertex 19.1601 40.7172 20
    endloop
  endfacet
  facet normal 0 0 1
    outer loop
      vertex 16.5656 41.8399 20
      vertex 15.6453 39.5155 20
      vertex 18.0956 38.4552 20
    endloop
  endfacet
  facet normal 0 0 1
    outer loop
      vertex 13.9058 42.7975 20
      vertex 15.6453 39.5155 20
      vertex 16.5656 41.8399 20
    endloop
  endfacet
  facet normal 0 0 1
    outer loop
      vertex 13.9058 42.7975 20
      vertex 13.1332 40.4199 20
      vertex 15.6453 39.5155 20
    endloop
  endfacet
  facet normal 0 0 1
    outer loop
      vertex 11.191 43.5862 20
      vertex 13.1332 40.4199 20
      vertex 13.9058 42.7975 20
    endloop
  endfacet
  facet normal 0 0 1
    outer loop
      vertex 11.191 43.5862 20
      vertex 10.5693 41.1648 20
      vertex 13.1332 40.4199 20
    endloop
  endfacet
  facet normal 0 0 1
    outer loop
      vertex 8.43216 44.2029 20
      vertex 10.5693 41.1648 20
      vertex 11.191 43.5862 20
    endloop
  endfacet
  facet normal 0 0 1
    outer loop
      vertex 8.43216 44.2029 20
      vertex 7.96371 41.7472 20
      vertex 10.5693 41.1648 20
    endloop
  endfacet
  facet normal 0 0 1
    outer loop
      vertex 5.63999 44.6452 20
      vertex 7.96371 41.7472 20
      vertex 8.43216 44.2029 20
    endloop
  endfacet
  facet normal 0 0 1
    outer loop
      vertex 5.63999 44.6452 20
      vertex 5.32666 42.1649 20
      vertex 7.96371 41.7472 20
    endloop
  endfacet
  facet normal 0 0 1
    outer loop
      vertex 2.82557 44.9112 20
      vertex 5.32666 42.1649 20
      vertex 5.63999 44.6452 20
    endloop
  endfacet
  facet normal 0 0 1
    outer loop
      vertex 2.82557 44.9112 20
      vertex 2.6686 42.4161 20
      vertex 5.32666 42.1649 20
    endloop
  endfacet
  facet normal 0 0 1
    outer loop
      vertex 0 45 20
      vertex 2.6686 42.4161 20
      vertex 2.82557 44.9112 20
    endloop
  endfacet
  facet normal 0 0 1
    outer loop
      vertex 0 45 20
      vertex 0 42.5 20
      vertex 2.6686 42.4161 20
    endloop
  endfacet
  facet normal 0 0 1
    outer loop
      vertex 0 45 20
      vertex -2.6686 42.4161 20
      vertex 0 42.5 20
    endloop
  endfacet
  facet normal -0 0 1
    outer loop
      vertex -2.82557 44.9112 20
      vertex -2.6686 42.4161 20
      vertex 0 45 20
    endloop
  endfacet
  facet normal 0 0 1
    outer loop
      vertex -2.82557 44.9112 20
      vertex -5.32666 42.1649 20
      vertex -2.6686 42.4161 20
    endloop
  endfacet
  facet normal -0 0 1
    outer loop
      vertex -5.63999 44.6452 20
      vertex -5.32666 42.1649 20
      vertex -2.82557 44.9112 20
    endloop
  endfacet
  facet normal 0 0 1
    outer loop
      vertex -5.63999 44.6452 20
      vertex -7.96371 41.7472 20
      vertex -5.32666 42.1649 20
    endloop
  endfacet
  facet normal -0 0 1
    outer loop
      vertex -8.43216 44.2029 20
      vertex -7.96371 41.7472 20
      vertex -5.63999 44.6452 20
    endloop
  endfacet
  facet normal 0 0 1
    outer loop
      vertex -8.43216 44.2029 20
      vertex -10.5693 41.1648 20
      vertex -7.96371 41.7472 20
    endloop
  endfacet
  facet normal -0 0 1
    outer loop
      vertex -11.191 43.5862 20
      vertex -10.5693 41.1648 20
      vertex -8.43216 44.2029 20
    endloop
  endfacet
  facet normal 0 0 1
    outer loop
      vertex -11.191 43.5862 20
      vertex -13.1332 40.4199 20
      vertex -10.5693 41.1648 20
    endloop
  endfacet
  facet normal -0 0 1
    outer loop
      vertex -13.9058 42.7975 20
      vertex -13.1332 40.4199 20
      vertex -11.191 43.5862 20
    endloop
  endfacet
  facet normal 0 0 1
    outer loop
      vertex -13.9058 42.7975 20
      vertex -15.6453 39.5155 20
      vertex -13.1332 40.4199 20
    endloop
  endfacet
  facet normal -0 0 1
    outer loop
      vertex -16.5656 41.8399 20
      vertex -15.6453 39.5155 20
      vertex -13.9058 42.7975 20
    endloop
  endfacet
  facet normal 0 0 1
    outer loop
      vertex -16.5656 41.8399 20
      vertex -18.0956 38.4552 20
      vertex -15.6453 39.5155 20
    endloop
  endfacet
  facet normal -0 0 1
    outer loop
      vertex -19.1601 40.7172 20
      vertex -18.0956 38.4552 20
      vertex -16.5656 41.8399 20
    endloop
  endfacet
  facet normal 0 0 1
    outer loop
      vertex -19.1601 40.7172 20
      vertex -20.4745 37.243 20
      vertex -18.0956 38.4552 20
    endloop
  endfacet
  facet normal -0 0 1
    outer loop
      vertex -21.6789 39.4338 20
      vertex -20.4745 37.243 20
      vertex -19.1601 40.7172 20
    endloop
  endfacet
  facet normal 0 0 1
    outer loop
      vertex -21.6789 39.4338 20
      vertex -22.7726 35.8839 20
      vertex -20.4745 37.243 20
    endloop
  endfacet
  facet normal -0 0 1
    outer loop
      vertex -24.1122 37.9948 20
      vertex -22.7726 35.8839 20
      vertex -21.6789 39.4338 20
    endloop
  endfacet
  facet normal 0 0 1
    outer loop
      vertex -24.1122 37.9948 20
      vertex -24.9809 34.3832 20
      vertex -22.7726 35.8839 20
    endloop
  endfacet
  facet normal -0 0 1
    outer loop
      vertex -26.4503 36.4058 20
      vertex -24.9809 34.3832 20
      vertex -24.1122 37.9948 20
    endloop
  endfacet
  facet normal 0 0 1
    outer loop
      vertex -26.4503 36.4058 20
      vertex -27.0905 32.7468 20
      vertex -24.9809 34.3832 20
    endloop
  endfacet
  facet normal -0 0 1
    outer loop
      vertex -28.6841 34.6731 20
      vertex -27.0905 32.7468 20
      vertex -26.4503 36.4058 20
    endloop
  endfacet
  facet normal 0 0 1
    outer loop
      vertex -28.6841 34.6731 20
      vertex -29.0933 30.9812 20
      vertex -27.0905 32.7468 20
    endloop
  endfacet
  facet normal -0 0 1
    outer loop
      vertex -30.8046 32.8036 20
      vertex -29.0933 30.9812 20
      vertex -28.6841 34.6731 20
    endloop
  endfacet
  facet normal 0 0 1
    outer loop
      vertex -30.8046 32.8036 20
      vertex -30.9812 29.0933 20
      vertex -29.0933 30.9812 20
    endloop
  endfacet
  facet normal -0 0 1
    outer loop
      vertex -32.8036 30.8046 20
      vertex -30.9812 29.0933 20
      vertex -30.8046 32.8036 20
    endloop
  endfacet
  facet normal 0 0 1
    outer loop
      vertex -30.9812 29.0933 20
      vertex -32.8036 30.8046 20
      vertex -32.7468 27.0905 20
    endloop
  endfacet
  facet normal -0 0 1
    outer loop
      vertex -34.6731 28.6841 20
      vertex -32.7468 27.0905 20
      vertex -32.8036 30.8046 20
    endloop
  endfacet
  facet normal 0 0 1
    outer loop
      vertex -32.7468 27.0905 20
      vertex -34.6731 28.6841 20
      vertex -34.3832 24.9809 20
    endloop
  endfacet
  facet normal -0 0 1
    outer loop
      vertex -36.4058 26.4503 20
      vertex -34.3832 24.9809 20
      vertex -34.6731 28.6841 20
    endloop
  endfacet
  facet normal 0 0 1
    outer loop
      vertex -34.3832 24.9809 20
      vertex -36.4058 26.4503 20
      vertex -35.8839 22.7726 20
    endloop
  endfacet
  facet normal -0 0 1
    outer loop
      vertex -37.9948 24.1122 20
      vertex -35.8839 22.7726 20
      vertex -36.4058 26.4503 20
    endloop
  endfacet
  facet normal 0 0 1
    outer loop
      vertex -35.8839 22.7726 20
      vertex -37.9948 24.1122 20
      vertex -37.243 20.4745 20
    endloop
  endfacet
  facet normal -0 0 1
    outer loop
      vertex -39.4338 21.6789 20
      vertex -37.243 20.4745 20
      vertex -37.9948 24.1122 20
    endloop
  endfacet
  facet normal 0 0 1
    outer loop
      vertex -37.243 20.4745 20
      vertex -39.4338 21.6789 20
      vertex -38.4552 18.0956 20
    endloop
  endfacet
  facet normal -0 0 1
    outer loop
      vertex -40.7172 19.1601 20
      vertex -38.4552 18.0956 20
      vertex -39.4338 21.6789 20
    endloop
  endfacet
  facet normal 0 0 1
    outer loop
      vertex -38.4552 18.0956 20
      vertex -40.7172 19.1601 20
      vertex -39.5155 15.6453 20
    endloop
  endfacet
  facet normal -0 0 1
    outer loop
      vertex -41.8399 16.5656 20
      vertex -39.5155 15.6453 20
      vertex -40.7172 19.1601 20
    endloop
  endfacet
  facet normal 0 0 1
    outer loop
      vertex -39.5155 15.6453 20
      vertex -41.8399 16.5656 20
      vertex -40.4199 13.1332 20
    endloop
  endfacet
  facet normal -0 0 1
    outer loop
      vertex -42.7975 13.9058 20
      vertex -40.4199 13.1332 20
      vertex -41.8399 16.5656 20
    endloop
  endfacet
  facet normal 0 0 1
    outer loop
      vertex -40.4199 13.1332 20
      vertex -42.7975 13.9058 20
      vertex -41.1648 10.5693 20
    endloop
  endfacet
  facet normal -0 0 1
    outer loop
      vertex -43.5862 11.191 20
      vertex -41.1648 10.5693 20
      vertex -42.7975 13.9058 20
    endloop
  endfacet
  facet normal 0 0 1
    outer loop
      vertex -41.1648 10.5693 20
      vertex -43.5862 11.191 20
      vertex -41.7472 7.96371 20
    endloop
  endfacet
  facet normal 0 0 1
    outer loop
      vertex -41.7472 7.96371 20
      vertex -44.2029 8.43216 20
      vertex -42.1649 5.32666 20
    endloop
  endfacet
  facet normal -0 0 1
    outer loop
      vertex -44.2029 8.43216 20
      vertex -41.7472 7.96371 20
      vertex -43.5862 11.191 20
    endloop
  endfacet
  facet normal -0 0 1
    outer loop
      vertex 41.7472 -7.96371 20
      vertex 44.2029 -8.43216 20
      vertex 42.1649 -5.32666 20
    endloop
  endfacet
  facet normal 0 0 1
    outer loop
      vertex 44.2029 -8.43216 20
      vertex 41.7472 -7.96371 20
      vertex 43.5862 -11.191 20
    endloop
  endfacet
  facet normal -0 0 1
    outer loop
      vertex 41.1648 -10.5693 20
      vertex 43.5862 -11.191 20
      vertex 41.7472 -7.96371 20
    endloop
  endfacet
  facet normal 0 0 1
    outer loop
      vertex 43.5862 -11.191 20
      vertex 41.1648 -10.5693 20
      vertex 42.7975 -13.9058 20
    endloop
  endfacet
  facet normal -0 0 1
    outer loop
      vertex 40.4199 -13.1332 20
      vertex 42.7975 -13.9058 20
      vertex 41.1648 -10.5693 20
    endloop
  endfacet
  facet normal 0 0 1
    outer loop
      vertex 42.7975 -13.9058 20
      vertex 40.4199 -13.1332 20
      vertex 41.8399 -16.5656 20
    endloop
  endfacet
  facet normal -0 0 1
    outer loop
      vertex 39.5155 -15.6453 20
      vertex 41.8399 -16.5656 20
      vertex 40.4199 -13.1332 20
    endloop
  endfacet
  facet normal 0 0 1
    outer loop
      vertex 41.8399 -16.5656 20
      vertex 39.5155 -15.6453 20
      vertex 40.7172 -19.1601 20
    endloop
  endfacet
  facet normal -0 0 1
    outer loop
      vertex 38.4552 -18.0956 20
      vertex 40.7172 -19.1601 20
      vertex 39.5155 -15.6453 20
    endloop
  endfacet
  facet normal 0 0 1
    outer loop
      vertex 40.7172 -19.1601 20
      vertex 38.4552 -18.0956 20
      vertex 39.4338 -21.6789 20
    endloop
  endfacet
  facet normal -0 0 1
    outer loop
      vertex 37.243 -20.4745 20
      vertex 39.4338 -21.6789 20
      vertex 38.4552 -18.0956 20
    endloop
  endfacet
  facet normal 0 0 1
    outer loop
      vertex 39.4338 -21.6789 20
      vertex 37.243 -20.4745 20
      vertex 37.9948 -24.1122 20
    endloop
  endfacet
  facet normal -0 0 1
    outer loop
      vertex 35.8839 -22.7726 20
      vertex 37.9948 -24.1122 20
      vertex 37.243 -20.4745 20
    endloop
  endfacet
  facet normal 0 0 1
    outer loop
      vertex 37.9948 -24.1122 20
      vertex 35.8839 -22.7726 20
      vertex 36.4058 -26.4503 20
    endloop
  endfacet
  facet normal -0 0 1
    outer loop
      vertex 34.3832 -24.9809 20
      vertex 36.4058 -26.4503 20
      vertex 35.8839 -22.7726 20
    endloop
  endfacet
  facet normal 0 0 1
    outer loop
      vertex 36.4058 -26.4503 20
      vertex 34.3832 -24.9809 20
      vertex 34.6731 -28.6841 20
    endloop
  endfacet
  facet normal -0 0 1
    outer loop
      vertex 32.7468 -27.0905 20
      vertex 34.6731 -28.6841 20
      vertex 34.3832 -24.9809 20
    endloop
  endfacet
  facet normal 0 0 1
    outer loop
      vertex 34.6731 -28.6841 20
      vertex 32.7468 -27.0905 20
      vertex 32.8036 -30.8046 20
    endloop
  endfacet
  facet normal -0 0 1
    outer loop
      vertex 30.9812 -29.0933 20
      vertex 32.8036 -30.8046 20
      vertex 32.7468 -27.0905 20
    endloop
  endfacet
  facet normal 0 0 1
    outer loop
      vertex 30.9812 -29.0933 20
      vertex 30.8046 -32.8036 20
      vertex 32.8036 -30.8046 20
    endloop
  endfacet
  facet normal -0 0 1
    outer loop
      vertex 29.0933 -30.9812 20
      vertex 30.8046 -32.8036 20
      vertex 30.9812 -29.0933 20
    endloop
  endfacet
  facet normal 0 0 1
    outer loop
      vertex 29.0933 -30.9812 20
      vertex 28.6841 -34.6731 20
      vertex 30.8046 -32.8036 20
    endloop
  endfacet
  facet normal -0 0 1
    outer loop
      vertex 27.0905 -32.7468 20
      vertex 28.6841 -34.6731 20
      vertex 29.0933 -30.9812 20
    endloop
  endfacet
  facet normal 0 0 1
    outer loop
      vertex 27.0905 -32.7468 20
      vertex 26.4503 -36.4058 20
      vertex 28.6841 -34.6731 20
    endloop
  endfacet
  facet normal -0 0 1
    outer loop
      vertex 24.9809 -34.3832 20
      vertex 26.4503 -36.4058 20
      vertex 27.0905 -32.7468 20
    endloop
  endfacet
  facet normal 0 0 1
    outer loop
      vertex 24.9809 -34.3832 20
      vertex 24.1122 -37.9948 20
      vertex 26.4503 -36.4058 20
    endloop
  endfacet
  facet normal -0 0 1
    outer loop
      vertex 22.7726 -35.8839 20
      vertex 24.1122 -37.9948 20
      vertex 24.9809 -34.3832 20
    endloop
  endfacet
  facet normal 0 0 1
    outer loop
      vertex 22.7726 -35.8839 20
      vertex 21.6789 -39.4338 20
      vertex 24.1122 -37.9948 20
    endloop
  endfacet
  facet normal -0 0 1
    outer loop
      vertex 20.4745 -37.243 20
      vertex 21.6789 -39.4338 20
      vertex 22.7726 -35.8839 20
    endloop
  endfacet
  facet normal 0 0 1
    outer loop
      vertex 20.4745 -37.243 20
      vertex 19.1601 -40.7172 20
      vertex 21.6789 -39.4338 20
    endloop
  endfacet
  facet normal -0 0 1
    outer loop
      vertex 18.0956 -38.4552 20
      vertex 19.1601 -40.7172 20
      vertex 20.4745 -37.243 20
    endloop
  endfacet
  facet normal 0 0 1
    outer loop
      vertex 18.0956 -38.4552 20
      vertex 16.5656 -41.8399 20
      vertex 19.1601 -40.7172 20
    endloop
  endfacet
  facet normal -0 0 1
    outer loop
      vertex 15.6453 -39.5155 20
      vertex 16.5656 -41.8399 20
      vertex 18.0956 -38.4552 20
    endloop
  endfacet
  facet normal 0 0 1
    outer loop
      vertex 15.6453 -39.5155 20
      vertex 13.9058 -42.7975 20
      vertex 16.5656 -41.8399 20
    endloop
  endfacet
  facet normal -0 0 1
    outer loop
      vertex 13.1332 -40.4199 20
      vertex 13.9058 -42.7975 20
      vertex 15.6453 -39.5155 20
    endloop
  endfacet
  facet normal 0 0 1
    outer loop
      vertex 13.1332 -40.4199 20
      vertex 11.191 -43.5862 20
      vertex 13.9058 -42.7975 20
    endloop
  endfacet
  facet normal -0 0 1
    outer loop
      vertex 10.5693 -41.1648 20
      vertex 11.191 -43.5862 20
      vertex 13.1332 -40.4199 20
    endloop
  endfacet
  facet normal 0 0 1
    outer loop
      vertex 10.5693 -41.1648 20
      vertex 8.43216 -44.2029 20
      vertex 11.191 -43.5862 20
    endloop
  endfacet
  facet normal -0 0 1
    outer loop
      vertex 7.96371 -41.7472 20
      vertex 8.43216 -44.2029 20
      vertex 10.5693 -41.1648 20
    endloop
  endfacet
  facet normal 0 0 1
    outer loop
      vertex 7.96371 -41.7472 20
      vertex 5.63999 -44.6452 20
      vertex 8.43216 -44.2029 20
    endloop
  endfacet
  facet normal -0 0 1
    outer loop
      vertex 5.32666 -42.1649 20
      vertex 5.63999 -44.6452 20
      vertex 7.96371 -41.7472 20
    endloop
  endfacet
  facet normal 0 0 1
    outer loop
      vertex 5.32666 -42.1649 20
      vertex 2.82557 -44.9112 20
      vertex 5.63999 -44.6452 20
    endloop
  endfacet
  facet normal -0 0 1
    outer loop
      vertex 2.6686 -42.4161 20
      vertex 2.82557 -44.9112 20
      vertex 5.32666 -42.1649 20
    endloop
  endfacet
  facet normal -0 0 1
    outer loop
      vertex 0 -42.5 20
      vertex 2.82557 -44.9112 20
      vertex 2.6686 -42.4161 20
    endloop
  endfacet
  facet normal 0 0 1
    outer loop
      vertex 0 -42.5 20
      vertex 0 -45 20
      vertex 2.82557 -44.9112 20
    endloop
  endfacet
  facet normal 0 0 1
    outer loop
      vertex -2.6686 -42.4161 20
      vertex 0 -45 20
      vertex 0 -42.5 20
    endloop
  endfacet
  facet normal 0 0 1
    outer loop
      vertex -2.6686 -42.4161 20
      vertex -2.82557 -44.9112 20
      vertex 0 -45 20
    endloop
  endfacet
  facet normal 0 0 1
    outer loop
      vertex -5.32666 -42.1649 20
      vertex -2.82557 -44.9112 20
      vertex -2.6686 -42.4161 20
    endloop
  endfacet
  facet normal 0 0 1
    outer loop
      vertex -5.32666 -42.1649 20
      vertex -5.63999 -44.6452 20
      vertex -2.82557 -44.9112 20
    endloop
  endfacet
  facet normal 0 0 1
    outer loop
      vertex -7.96371 -41.7472 20
      vertex -5.63999 -44.6452 20
      vertex -5.32666 -42.1649 20
    endloop
  endfacet
  facet normal 0 0 1
    outer loop
      vertex -7.96371 -41.7472 20
      vertex -8.43216 -44.2029 20
      vertex -5.63999 -44.6452 20
    endloop
  endfacet
  facet normal 0 0 1
    outer loop
      vertex -10.5693 -41.1648 20
      vertex -8.43216 -44.2029 20
      vertex -7.96371 -41.7472 20
    endloop
  endfacet
  facet normal 0 0 1
    outer loop
      vertex -10.5693 -41.1648 20
      vertex -11.191 -43.5862 20
      vertex -8.43216 -44.2029 20
    endloop
  endfacet
  facet normal 0 0 1
    outer loop
      vertex -13.1332 -40.4199 20
      vertex -11.191 -43.5862 20
      vertex -10.5693 -41.1648 20
    endloop
  endfacet
  facet normal 0 0 1
    outer loop
      vertex -13.1332 -40.4199 20
      vertex -13.9058 -42.7975 20
      vertex -11.191 -43.5862 20
    endloop
  endfacet
  facet normal 0 0 1
    outer loop
      vertex -15.6453 -39.5155 20
      vertex -13.9058 -42.7975 20
      vertex -13.1332 -40.4199 20
    endloop
  endfacet
  facet normal 0 0 1
    outer loop
      vertex -15.6453 -39.5155 20
      vertex -16.5656 -41.8399 20
      vertex -13.9058 -42.7975 20
    endloop
  endfacet
  facet normal 0 0 1
    outer loop
      vertex -18.0956 -38.4552 20
      vertex -16.5656 -41.8399 20
      vertex -15.6453 -39.5155 20
    endloop
  endfacet
  facet normal 0 0 1
    outer loop
      vertex -18.0956 -38.4552 20
      vertex -19.1601 -40.7172 20
      vertex -16.5656 -41.8399 20
    endloop
  endfacet
  facet normal 0 0 1
    outer loop
      vertex -20.4745 -37.243 20
      vertex -19.1601 -40.7172 20
      vertex -18.0956 -38.4552 20
    endloop
  endfacet
  facet normal 0 0 1
    outer loop
      vertex -20.4745 -37.243 20
      vertex -21.6789 -39.4338 20
      vertex -19.1601 -40.7172 20
    endloop
  endfacet
  facet normal 0 0 1
    outer loop
      vertex -22.7726 -35.8839 20
      vertex -21.6789 -39.4338 20
      vertex -20.4745 -37.243 20
    endloop
  endfacet
  facet normal 0 0 1
    outer loop
      vertex -22.7726 -35.8839 20
      vertex -24.1122 -37.9948 20
      vertex -21.6789 -39.4338 20
    endloop
  endfacet
  facet normal 0 0 1
    outer loop
      vertex -24.9809 -34.3832 20
      vertex -24.1122 -37.9948 20
      vertex -22.7726 -35.8839 20
    endloop
  endfacet
  facet normal 0 0 1
    outer loop
      vertex -24.9809 -34.3832 20
      vertex -26.4503 -36.4058 20
      vertex -24.1122 -37.9948 20
    endloop
  endfacet
  facet normal 0 0 1
    outer loop
      vertex -27.0905 -32.7468 20
      vertex -26.4503 -36.4058 20
      vertex -24.9809 -34.3832 20
    endloop
  endfacet
  facet normal 0 0 1
    outer loop
      vertex -27.0905 -32.7468 20
      vertex -28.6841 -34.6731 20
      vertex -26.4503 -36.4058 20
    endloop
  endfacet
  facet normal 0 0 1
    outer loop
      vertex -29.0933 -30.9812 20
      vertex -28.6841 -34.6731 20
      vertex -27.0905 -32.7468 20
    endloop
  endfacet
  facet normal 0 0 1
    outer loop
      vertex -29.0933 -30.9812 20
      vertex -30.8046 -32.8036 20
      vertex -28.6841 -34.6731 20
    endloop
  endfacet
  facet normal 0 0 1
    outer loop
      vertex -30.9812 -29.0933 20
      vertex -30.8046 -32.8036 20
      vertex -29.0933 -30.9812 20
    endloop
  endfacet
  facet normal 0 0 1
    outer loop
      vertex -32.8036 -30.8046 20
      vertex -30.9812 -29.0933 20
      vertex -32.7468 -27.0905 20
    endloop
  endfacet
  facet normal 0 0 1
    outer loop
      vertex -30.9812 -29.0933 20
      vertex -32.8036 -30.8046 20
      vertex -30.8046 -32.8036 20
    endloop
  endfacet
  facet normal 0 0 1
    outer loop
      vertex -34.6731 -28.6841 20
      vertex -32.7468 -27.0905 20
      vertex -34.3832 -24.9809 20
    endloop
  endfacet
  facet normal 0 0 1
    outer loop
      vertex -32.7468 -27.0905 20
      vertex -34.6731 -28.6841 20
      vertex -32.8036 -30.8046 20
    endloop
  endfacet
  facet normal 0 0 1
    outer loop
      vertex -36.4058 -26.4503 20
      vertex -34.3832 -24.9809 20
      vertex -35.8839 -22.7726 20
    endloop
  endfacet
  facet normal 0 0 1
    outer loop
      vertex -34.3832 -24.9809 20
      vertex -36.4058 -26.4503 20
      vertex -34.6731 -28.6841 20
    endloop
  endfacet
  facet normal 0 0 1
    outer loop
      vertex -37.9948 -24.1122 20
      vertex -35.8839 -22.7726 20
      vertex -37.243 -20.4745 20
    endloop
  endfacet
  facet normal 0 0 1
    outer loop
      vertex -35.8839 -22.7726 20
      vertex -37.9948 -24.1122 20
      vertex -36.4058 -26.4503 20
    endloop
  endfacet
  facet normal 0 0 1
    outer loop
      vertex -39.4338 -21.6789 20
      vertex -37.243 -20.4745 20
      vertex -38.4552 -18.0956 20
    endloop
  endfacet
  facet normal 0 0 1
    outer loop
      vertex -37.243 -20.4745 20
      vertex -39.4338 -21.6789 20
      vertex -37.9948 -24.1122 20
    endloop
  endfacet
  facet normal 0 0 1
    outer loop
      vertex -40.7172 -19.1601 20
      vertex -38.4552 -18.0956 20
      vertex -39.5155 -15.6453 20
    endloop
  endfacet
  facet normal 0 0 1
    outer loop
      vertex -41.8399 -16.5656 20
      vertex -39.5155 -15.6453 20
      vertex -40.4199 -13.1332 20
    endloop
  endfacet
  facet normal 0 0 1
    outer loop
      vertex -38.4552 -18.0956 20
      vertex -40.7172 -19.1601 20
      vertex -39.4338 -21.6789 20
    endloop
  endfacet
  facet normal 0 0 1
    outer loop
      vertex -42.7975 -13.9058 20
      vertex -40.4199 -13.1332 20
      vertex -41.1648 -10.5693 20
    endloop
  endfacet
  facet normal 0 0 1
    outer loop
      vertex -43.5862 -11.191 20
      vertex -41.1648 -10.5693 20
      vertex -41.7472 -7.96371 20
    endloop
  endfacet
  facet normal 0 0 1
    outer loop
      vertex -39.5155 -15.6453 20
      vertex -41.8399 -16.5656 20
      vertex -40.7172 -19.1601 20
    endloop
  endfacet
  facet normal 0 0 1
    outer loop
      vertex -44.2029 -8.43216 20
      vertex -41.7472 -7.96371 20
      vertex -42.1649 -5.32666 20
    endloop
  endfacet
  facet normal 0 0 1
    outer loop
      vertex -44.6452 -5.63999 20
      vertex -42.1649 -5.32666 20
      vertex -42.4161 -2.6686 20
    endloop
  endfacet
  facet normal 0 0 1
    outer loop
      vertex -40.4199 -13.1332 20
      vertex -42.7975 -13.9058 20
      vertex -41.8399 -16.5656 20
    endloop
  endfacet
  facet normal 0 0 1
    outer loop
      vertex -44.9112 -2.82557 20
      vertex -42.4161 -2.6686 20
      vertex -42.5 0 20
    endloop
  endfacet
  facet normal -0 0 1
    outer loop
      vertex -44.6452 5.63999 20
      vertex -42.1649 5.32666 20
      vertex -44.2029 8.43216 20
    endloop
  endfacet
  facet normal 0 0 1
    outer loop
      vertex -42.1649 5.32666 20
      vertex -44.6452 5.63999 20
      vertex -42.4161 2.6686 20
    endloop
  endfacet
  facet normal 0 0 1
    outer loop
      vertex -41.1648 -10.5693 20
      vertex -43.5862 -11.191 20
      vertex -42.7975 -13.9058 20
    endloop
  endfacet
  facet normal -0 0 1
    outer loop
      vertex -44.9112 2.82557 20
      vertex -42.4161 2.6686 20
      vertex -44.6452 5.63999 20
    endloop
  endfacet
  facet normal 0 0 1
    outer loop
      vertex -41.7472 -7.96371 20
      vertex -44.2029 -8.43216 20
      vertex -43.5862 -11.191 20
    endloop
  endfacet
  facet normal 0 0 1
    outer loop
      vertex -42.4161 2.6686 20
      vertex -44.9112 2.82557 20
      vertex -42.5 0 20
    endloop
  endfacet
  facet normal 0 0 1
    outer loop
      vertex -42.1649 -5.32666 20
      vertex -44.6452 -5.63999 20
      vertex -44.2029 -8.43216 20
    endloop
  endfacet
  facet normal 0 0 1
    outer loop
      vertex -45 0 20
      vertex -42.5 0 20
      vertex -44.9112 2.82557 20
    endloop
  endfacet
  facet normal 0 0 1
    outer loop
      vertex -42.4161 -2.6686 20
      vertex -44.9112 -2.82557 20
      vertex -44.6452 -5.63999 20
    endloop
  endfacet
  facet normal 0 0 1
    outer loop
      vertex -42.5 0 20
      vertex -45 0 20
      vertex -44.9112 -2.82557 20
    endloop
  endfacet
  facet normal -0.707107 -0.707107 0
    outer loop
      vertex -30.8046 -32.8036 2.5
      vertex -32.8036 -30.8046 20
      vertex -32.8036 -30.8046 2.5
    endloop
  endfacet
  facet normal -0.707107 -0.707107 0
    outer loop
      vertex -32.8036 -30.8046 20
      vertex -30.8046 -32.8036 2.5
      vertex -30.8046 -32.8036 20
    endloop
  endfacet
  facet normal 0 0 -1
    outer loop
      vertex 42.1666 -2.6529 0
      vertex 42.1666 2.6529 0
      vertex 42.25 0 0
    endloop
  endfacet
  facet normal 0 0 -1
    outer loop
      vertex 41.9168 -5.29533 0
      vertex 42.1666 2.6529 0
      vertex 42.1666 -2.6529 0
    endloop
  endfacet
  facet normal 0 0 -1
    outer loop
      vertex 41.9168 -5.29533 0
      vertex 41.9168 5.29533 0
      vertex 42.1666 2.6529 0
    endloop
  endfacet
  facet normal 0 0 -1
    outer loop
      vertex 41.5016 -7.91686 0
      vertex 41.9168 5.29533 0
      vertex 41.9168 -5.29533 0
    endloop
  endfacet
  facet normal 0 0 -1
    outer loop
      vertex 41.5016 -7.91686 0
      vertex 41.5016 7.91686 0
      vertex 41.9168 5.29533 0
    endloop
  endfacet
  facet normal 0 0 -1
    outer loop
      vertex 40.9226 -10.5071 0
      vertex 41.5016 7.91686 0
      vertex 41.5016 -7.91686 0
    endloop
  endfacet
  facet normal 0 0 -1
    outer loop
      vertex 40.9226 -10.5071 0
      vertex 40.9226 10.5071 0
      vertex 41.5016 7.91686 0
    endloop
  endfacet
  facet normal 0 0 -1
    outer loop
      vertex 40.1821 -13.056 0
      vertex 40.9226 10.5071 0
      vertex 40.9226 -10.5071 0
    endloop
  endfacet
  facet normal 0 0 -1
    outer loop
      vertex 40.1821 -13.056 0
      vertex 40.1821 13.056 0
      vertex 40.9226 10.5071 0
    endloop
  endfacet
  facet normal 0 0 -1
    outer loop
      vertex 39.2831 -15.5533 0
      vertex 40.1821 13.056 0
      vertex 40.1821 -13.056 0
    endloop
  endfacet
  facet normal 0 0 -1
    outer loop
      vertex 39.2831 -15.5533 0
      vertex 39.2831 15.5533 0
      vertex 40.1821 13.056 0
    endloop
  endfacet
  facet normal 0 0 -1
    outer loop
      vertex 38.2289 -17.9892 0
      vertex 39.2831 15.5533 0
      vertex 39.2831 -15.5533 0
    endloop
  endfacet
  facet normal 0 0 -1
    outer loop
      vertex 38.2289 -17.9892 0
      vertex 38.2289 17.9892 0
      vertex 39.2831 15.5533 0
    endloop
  endfacet
  facet normal 0 0 -1
    outer loop
      vertex 37.024 -20.3541 0
      vertex 38.2289 17.9892 0
      vertex 38.2289 -17.9892 0
    endloop
  endfacet
  facet normal 0 0 -1
    outer loop
      vertex 37.024 -20.3541 0
      vertex 37.024 20.3541 0
      vertex 38.2289 17.9892 0
    endloop
  endfacet
  facet normal 0 0 -1
    outer loop
      vertex 35.6729 -22.6387 0
      vertex 37.024 20.3541 0
      vertex 37.024 -20.3541 0
    endloop
  endfacet
  facet normal 0 0 -1
    outer loop
      vertex 35.6729 -22.6387 0
      vertex 35.6729 22.6387 0
      vertex 37.024 20.3541 0
    endloop
  endfacet
  facet normal 0 0 -1
    outer loop
      vertex 34.181 -24.8339 0
      vertex 35.6729 22.6387 0
      vertex 35.6729 -22.6387 0
    endloop
  endfacet
  facet normal 0 0 -1
    outer loop
      vertex 34.181 -24.8339 0
      vertex 34.181 24.8339 0
      vertex 35.6729 22.6387 0
    endloop
  endfacet
  facet normal 0 0 -1
    outer loop
      vertex 32.5542 -26.9312 0
      vertex 34.181 24.8339 0
      vertex 34.181 -24.8339 0
    endloop
  endfacet
  facet normal 0 0 -1
    outer loop
      vertex 32.5542 -26.9312 0
      vertex 32.5542 26.9312 0
      vertex 34.181 24.8339 0
    endloop
  endfacet
  facet normal 0 0 -1
    outer loop
      vertex 30.7989 -28.9221 0
      vertex 32.5542 26.9312 0
      vertex 32.5542 -26.9312 0
    endloop
  endfacet
  facet normal 0 0 -1
    outer loop
      vertex 30.7989 -28.9221 0
      vertex 30.7989 28.9221 0
      vertex 32.5542 26.9312 0
    endloop
  endfacet
  facet normal 0 0 -1
    outer loop
      vertex 28.9221 -30.7989 0
      vertex 30.7989 28.9221 0
      vertex 30.7989 -28.9221 0
    endloop
  endfacet
  facet normal 0 0 -1
    outer loop
      vertex 28.9221 -30.7989 0
      vertex 28.9221 30.7989 0
      vertex 30.7989 28.9221 0
    endloop
  endfacet
  facet normal 0 0 -1
    outer loop
      vertex 26.9312 -32.5542 0
      vertex 28.9221 30.7989 0
      vertex 28.9221 -30.7989 0
    endloop
  endfacet
  facet normal 0 0 -1
    outer loop
      vertex 26.9312 -32.5542 0
      vertex 26.9312 32.5542 0
      vertex 28.9221 30.7989 0
    endloop
  endfacet
  facet normal 0 0 -1
    outer loop
      vertex 24.8339 -34.181 0
      vertex 26.9312 32.5542 0
      vertex 26.9312 -32.5542 0
    endloop
  endfacet
  facet normal 0 0 -1
    outer loop
      vertex 24.8339 -34.181 0
      vertex 24.8339 34.181 0
      vertex 26.9312 32.5542 0
    endloop
  endfacet
  facet normal 0 0 -1
    outer loop
      vertex 22.6387 -35.6729 0
      vertex 24.8339 34.181 0
      vertex 24.8339 -34.181 0
    endloop
  endfacet
  facet normal 0 0 -1
    outer loop
      vertex 22.6387 -35.6729 0
      vertex 22.6387 35.6729 0
      vertex 24.8339 34.181 0
    endloop
  endfacet
  facet normal 0 0 -1
    outer loop
      vertex 20.3541 -37.024 0
      vertex 22.6387 35.6729 0
      vertex 22.6387 -35.6729 0
    endloop
  endfacet
  facet normal 0 0 -1
    outer loop
      vertex 20.3541 -37.024 0
      vertex 20.3541 37.024 0
      vertex 22.6387 35.6729 0
    endloop
  endfacet
  facet normal 0 0 -1
    outer loop
      vertex 17.9892 -38.2289 0
      vertex 20.3541 37.024 0
      vertex 20.3541 -37.024 0
    endloop
  endfacet
  facet normal 0 0 -1
    outer loop
      vertex 17.9892 -38.2289 0
      vertex 17.9892 38.2289 0
      vertex 20.3541 37.024 0
    endloop
  endfacet
  facet normal 0 0 -1
    outer loop
      vertex 15.5533 -39.2831 0
      vertex 17.9892 38.2289 0
      vertex 17.9892 -38.2289 0
    endloop
  endfacet
  facet normal 0 0 -1
    outer loop
      vertex 15.5533 -39.2831 0
      vertex 15.5533 39.2831 0
      vertex 17.9892 38.2289 0
    endloop
  endfacet
  facet normal 0 0 -1
    outer loop
      vertex 13.056 -40.1821 0
      vertex 15.5533 39.2831 0
      vertex 15.5533 -39.2831 0
    endloop
  endfacet
  facet normal 0 0 -1
    outer loop
      vertex 13.056 -40.1821 0
      vertex 13.056 40.1821 0
      vertex 15.5533 39.2831 0
    endloop
  endfacet
  facet normal 0 0 -1
    outer loop
      vertex 10.5071 -40.9226 0
      vertex 13.056 40.1821 0
      vertex 13.056 -40.1821 0
    endloop
  endfacet
  facet normal 0 0 -1
    outer loop
      vertex 10.5071 -40.9226 0
      vertex 10.5071 40.9226 0
      vertex 13.056 40.1821 0
    endloop
  endfacet
  facet normal 0 0 -1
    outer loop
      vertex 7.91686 -41.5016 0
      vertex 10.5071 40.9226 0
      vertex 10.5071 -40.9226 0
    endloop
  endfacet
  facet normal 0 0 -1
    outer loop
      vertex 7.91686 -41.5016 0
      vertex 7.91686 41.5016 0
      vertex 10.5071 40.9226 0
    endloop
  endfacet
  facet normal 0 0 -1
    outer loop
      vertex 5.29533 -41.9168 0
      vertex 7.91686 41.5016 0
      vertex 7.91686 -41.5016 0
    endloop
  endfacet
  facet normal 0 0 -1
    outer loop
      vertex 5.29533 -41.9168 0
      vertex 5.29533 41.9168 0
      vertex 7.91686 41.5016 0
    endloop
  endfacet
  facet normal 0 0 -1
    outer loop
      vertex 2.6529 -42.1666 0
      vertex 5.29533 41.9168 0
      vertex 5.29533 -41.9168 0
    endloop
  endfacet
  facet normal 0 0 -1
    outer loop
      vertex 2.6529 -42.1666 0
      vertex 2.6529 42.1666 0
      vertex 5.29533 41.9168 0
    endloop
  endfacet
  facet normal 0 0 -1
    outer loop
      vertex 0 -42.25 0
      vertex 2.6529 42.1666 0
      vertex 2.6529 -42.1666 0
    endloop
  endfacet
  facet normal 0 0 -1
    outer loop
      vertex 0 -42.25 0
      vertex 0 42.25 0
      vertex 2.6529 42.1666 0
    endloop
  endfacet
  facet normal 0 0 -1
    outer loop
      vertex -2.6529 -42.1666 0
      vertex 0 42.25 0
      vertex 0 -42.25 0
    endloop
  endfacet
  facet normal 0 0 -1
    outer loop
      vertex -2.6529 -42.1666 0
      vertex -2.6529 42.1666 0
      vertex 0 42.25 0
    endloop
  endfacet
  facet normal 0 0 -1
    outer loop
      vertex -5.29533 -41.9168 0
      vertex -2.6529 42.1666 0
      vertex -2.6529 -42.1666 0
    endloop
  endfacet
  facet normal 0 0 -1
    outer loop
      vertex -5.29533 -41.9168 0
      vertex -5.29533 41.9168 0
      vertex -2.6529 42.1666 0
    endloop
  endfacet
  facet normal 0 0 -1
    outer loop
      vertex -7.91686 -41.5016 0
      vertex -5.29533 41.9168 0
      vertex -5.29533 -41.9168 0
    endloop
  endfacet
  facet normal 0 0 -1
    outer loop
      vertex -7.91686 -41.5016 0
      vertex -7.91686 41.5016 0
      vertex -5.29533 41.9168 0
    endloop
  endfacet
  facet normal 0 0 -1
    outer loop
      vertex -10.5071 -40.9226 0
      vertex -7.91686 41.5016 0
      vertex -7.91686 -41.5016 0
    endloop
  endfacet
  facet normal 0 0 -1
    outer loop
      vertex -10.5071 -40.9226 0
      vertex -10.5071 40.9226 0
      vertex -7.91686 41.5016 0
    endloop
  endfacet
  facet normal 0 0 -1
    outer loop
      vertex -13.056 -40.1821 0
      vertex -10.5071 40.9226 0
      vertex -10.5071 -40.9226 0
    endloop
  endfacet
  facet normal 0 0 -1
    outer loop
      vertex -13.056 -40.1821 0
      vertex -13.056 40.1821 0
      vertex -10.5071 40.9226 0
    endloop
  endfacet
  facet normal 0 0 -1
    outer loop
      vertex -15.5533 -39.2831 0
      vertex -13.056 40.1821 0
      vertex -13.056 -40.1821 0
    endloop
  endfacet
  facet normal 0 0 -1
    outer loop
      vertex -15.5533 -39.2831 0
      vertex -15.5533 39.2831 0
      vertex -13.056 40.1821 0
    endloop
  endfacet
  facet normal 0 0 -1
    outer loop
      vertex -17.9892 -38.2289 0
      vertex -15.5533 39.2831 0
      vertex -15.5533 -39.2831 0
    endloop
  endfacet
  facet normal 0 0 -1
    outer loop
      vertex -17.9892 -38.2289 0
      vertex -17.9892 38.2289 0
      vertex -15.5533 39.2831 0
    endloop
  endfacet
  facet normal 0 0 -1
    outer loop
      vertex -20.3541 -37.024 0
      vertex -17.9892 38.2289 0
      vertex -17.9892 -38.2289 0
    endloop
  endfacet
  facet normal 0 0 -1
    outer loop
      vertex -20.3541 -37.024 0
      vertex -20.3541 37.024 0
      vertex -17.9892 38.2289 0
    endloop
  endfacet
  facet normal 0 0 -1
    outer loop
      vertex -22.6387 -35.6729 0
      vertex -20.3541 37.024 0
      vertex -20.3541 -37.024 0
    endloop
  endfacet
  facet normal 0 0 -1
    outer loop
      vertex -22.6387 -35.6729 0
      vertex -22.6387 35.6729 0
      vertex -20.3541 37.024 0
    endloop
  endfacet
  facet normal 0 0 -1
    outer loop
      vertex -24.8339 -34.181 0
      vertex -22.6387 35.6729 0
      vertex -22.6387 -35.6729 0
    endloop
  endfacet
  facet normal 0 0 -1
    outer loop
      vertex -24.8339 -34.181 0
      vertex -24.8339 34.181 0
      vertex -22.6387 35.6729 0
    endloop
  endfacet
  facet normal 0 0 -1
    outer loop
      vertex -26.9312 -32.5542 0
      vertex -24.8339 34.181 0
      vertex -24.8339 -34.181 0
    endloop
  endfacet
  facet normal 0 0 -1
    outer loop
      vertex -26.9312 -32.5542 0
      vertex -26.9312 32.5542 0
      vertex -24.8339 34.181 0
    endloop
  endfacet
  facet normal 0 0 -1
    outer loop
      vertex -28.9221 -30.7989 0
      vertex -26.9312 32.5542 0
      vertex -26.9312 -32.5542 0
    endloop
  endfacet
  facet normal 0 0 -1
    outer loop
      vertex -28.9221 -30.7989 0
      vertex -28.9221 30.7989 0
      vertex -26.9312 32.5542 0
    endloop
  endfacet
  facet normal 0 0 -1
    outer loop
      vertex -30.7989 -28.9221 0
      vertex -28.9221 30.7989 0
      vertex -28.9221 -30.7989 0
    endloop
  endfacet
  facet normal 0 0 -1
    outer loop
      vertex -30.7989 -28.9221 0
      vertex -30.7989 28.9221 0
      vertex -28.9221 30.7989 0
    endloop
  endfacet
  facet normal 0 0 -1
    outer loop
      vertex -32.5542 -26.9312 0
      vertex -30.7989 28.9221 0
      vertex -30.7989 -28.9221 0
    endloop
  endfacet
  facet normal 0 0 -1
    outer loop
      vertex -32.5542 -26.9312 0
      vertex -32.5542 26.9312 0
      vertex -30.7989 28.9221 0
    endloop
  endfacet
  facet normal 0 0 -1
    outer loop
      vertex -34.181 -24.8339 0
      vertex -32.5542 26.9312 0
      vertex -32.5542 -26.9312 0
    endloop
  endfacet
  facet normal 0 0 -1
    outer loop
      vertex -34.181 -24.8339 0
      vertex -34.181 24.8339 0
      vertex -32.5542 26.9312 0
    endloop
  endfacet
  facet normal 0 0 -1
    outer loop
      vertex -35.6729 -22.6387 0
      vertex -34.181 24.8339 0
      vertex -34.181 -24.8339 0
    endloop
  endfacet
  facet normal 0 0 -1
    outer loop
      vertex -35.6729 -22.6387 0
      vertex -35.6729 22.6387 0
      vertex -34.181 24.8339 0
    endloop
  endfacet
  facet normal 0 0 -1
    outer loop
      vertex -37.024 -20.3541 0
      vertex -35.6729 22.6387 0
      vertex -35.6729 -22.6387 0
    endloop
  endfacet
  facet normal 0 0 -1
    outer loop
      vertex -37.024 -20.3541 0
      vertex -37.024 20.3541 0
      vertex -35.6729 22.6387 0
    endloop
  endfacet
  facet normal 0 0 -1
    outer loop
      vertex -38.2289 -17.9892 0
      vertex -37.024 20.3541 0
      vertex -37.024 -20.3541 0
    endloop
  endfacet
  facet normal 0 0 -1
    outer loop
      vertex -38.2289 -17.9892 0
      vertex -38.2289 17.9892 0
      vertex -37.024 20.3541 0
    endloop
  endfacet
  facet normal 0 0 -1
    outer loop
      vertex -39.2831 -15.5533 0
      vertex -38.2289 17.9892 0
      vertex -38.2289 -17.9892 0
    endloop
  endfacet
  facet normal 0 0 -1
    outer loop
      vertex -39.2831 -15.5533 0
      vertex -39.2831 15.5533 0
      vertex -38.2289 17.9892 0
    endloop
  endfacet
  facet normal 0 0 -1
    outer loop
      vertex -40.1821 -13.056 0
      vertex -39.2831 15.5533 0
      vertex -39.2831 -15.5533 0
    endloop
  endfacet
  facet normal 0 0 -1
    outer loop
      vertex -40.1821 -13.056 0
      vertex -40.1821 13.056 0
      vertex -39.2831 15.5533 0
    endloop
  endfacet
  facet normal 0 0 -1
    outer loop
      vertex -40.9226 -10.5071 0
      vertex -40.1821 13.056 0
      vertex -40.1821 -13.056 0
    endloop
  endfacet
  facet normal 0 0 -1
    outer loop
      vertex -40.9226 -10.5071 0
      vertex -40.9226 10.5071 0
      vertex -40.1821 13.056 0
    endloop
  endfacet
  facet normal 0 0 -1
    outer loop
      vertex -41.5016 -7.91686 0
      vertex -40.9226 10.5071 0
      vertex -40.9226 -10.5071 0
    endloop
  endfacet
  facet normal 0 0 -1
    outer loop
      vertex -41.5016 -7.91686 0
      vertex -41.5016 7.91686 0
      vertex -40.9226 10.5071 0
    endloop
  endfacet
  facet normal 0 0 -1
    outer loop
      vertex -41.9168 -5.29533 0
      vertex -41.5016 7.91686 0
      vertex -41.5016 -7.91686 0
    endloop
  endfacet
  facet normal 0 0 -1
    outer loop
      vertex -41.9168 -5.29533 0
      vertex -41.9168 5.29533 0
      vertex -41.5016 7.91686 0
    endloop
  endfacet
  facet normal 0 0 -1
    outer loop
      vertex -42.1666 -2.6529 0
      vertex -41.9168 5.29533 0
      vertex -41.9168 -5.29533 0
    endloop
  endfacet
  facet normal 0 0 -1
    outer loop
      vertex -42.1666 -2.6529 0
      vertex -42.1666 2.6529 0
      vertex -41.9168 5.29533 0
    endloop
  endfacet
  facet normal 0 -0 -1
    outer loop
      vertex -42.1666 2.6529 0
      vertex -42.1666 -2.6529 0
      vertex -42.25 0 0
    endloop
  endfacet
  facet normal 0 0 -1
    outer loop
      vertex 42.5 0 2.5
      vertex 45 0 2.5
      vertex 44.9112 -2.82557 2.5
    endloop
  endfacet
  facet normal 0 0 -1
    outer loop
      vertex 42.4161 -2.6686 2.5
      vertex 44.9112 -2.82557 2.5
      vertex 44.6452 -5.63999 2.5
    endloop
  endfacet
  facet normal 0 0 -1
    outer loop
      vertex 45 0 2.5
      vertex 42.5 0 2.5
      vertex 44.9112 2.82557 2.5
    endloop
  endfacet
  facet normal 0 0 -1
    outer loop
      vertex 42.1649 -5.32666 2.5
      vertex 44.6452 -5.63999 2.5
      vertex 44.2029 -8.43216 2.5
    endloop
  endfacet
  facet normal 0 0 -1
    outer loop
      vertex 42.4161 2.6686 2.5
      vertex 44.9112 2.82557 2.5
      vertex 42.5 0 2.5
    endloop
  endfacet
  facet normal 0 0 -1
    outer loop
      vertex 41.7472 -7.96371 2.5
      vertex 44.2029 -8.43216 2.5
      vertex 43.5862 -11.191 2.5
    endloop
  endfacet
  facet normal -0 0 -1
    outer loop
      vertex 44.9112 2.82557 2.5
      vertex 42.4161 2.6686 2.5
      vertex 44.6452 5.63999 2.5
    endloop
  endfacet
  facet normal 0 0 -1
    outer loop
      vertex 41.1648 -10.5693 2.5
      vertex 43.5862 -11.191 2.5
      vertex 42.7975 -13.9058 2.5
    endloop
  endfacet
  facet normal 0 0 -1
    outer loop
      vertex 42.1649 5.32666 2.5
      vertex 44.6452 5.63999 2.5
      vertex 42.4161 2.6686 2.5
    endloop
  endfacet
  facet normal -0 0 -1
    outer loop
      vertex 44.6452 5.63999 2.5
      vertex 42.1649 5.32666 2.5
      vertex 44.2029 8.43216 2.5
    endloop
  endfacet
  facet normal 0 0 -1
    outer loop
      vertex 44.9112 -2.82557 2.5
      vertex 42.4161 -2.6686 2.5
      vertex 42.5 0 2.5
    endloop
  endfacet
  facet normal 0 0 -1
    outer loop
      vertex 44.6452 -5.63999 2.5
      vertex 42.1649 -5.32666 2.5
      vertex 42.4161 -2.6686 2.5
    endloop
  endfacet
  facet normal 0 0 -1
    outer loop
      vertex 40.4199 -13.1332 2.5
      vertex 42.7975 -13.9058 2.5
      vertex 41.8399 -16.5656 2.5
    endloop
  endfacet
  facet normal 0 0 -1
    outer loop
      vertex 44.2029 -8.43216 2.5
      vertex 41.7472 -7.96371 2.5
      vertex 42.1649 -5.32666 2.5
    endloop
  endfacet
  facet normal 0 0 -1
    outer loop
      vertex 43.5862 -11.191 2.5
      vertex 41.1648 -10.5693 2.5
      vertex 41.7472 -7.96371 2.5
    endloop
  endfacet
  facet normal 0 0 -1
    outer loop
      vertex 39.5155 -15.6453 2.5
      vertex 41.8399 -16.5656 2.5
      vertex 40.7172 -19.1601 2.5
    endloop
  endfacet
  facet normal 0 0 -1
    outer loop
      vertex 42.7975 -13.9058 2.5
      vertex 40.4199 -13.1332 2.5
      vertex 41.1648 -10.5693 2.5
    endloop
  endfacet
  facet normal 0 0 -1
    outer loop
      vertex 41.8399 -16.5656 2.5
      vertex 39.5155 -15.6453 2.5
      vertex 40.4199 -13.1332 2.5
    endloop
  endfacet
  facet normal 0 0 -1
    outer loop
      vertex 38.4552 -18.0956 2.5
      vertex 40.7172 -19.1601 2.5
      vertex 39.4338 -21.6789 2.5
    endloop
  endfacet
  facet normal 0 0 -1
    outer loop
      vertex 40.7172 -19.1601 2.5
      vertex 38.4552 -18.0956 2.5
      vertex 39.5155 -15.6453 2.5
    endloop
  endfacet
  facet normal 0 0 -1
    outer loop
      vertex 37.243 -20.4745 2.5
      vertex 39.4338 -21.6789 2.5
      vertex 37.9948 -24.1122 2.5
    endloop
  endfacet
  facet normal 0 0 -1
    outer loop
      vertex 39.4338 -21.6789 2.5
      vertex 37.243 -20.4745 2.5
      vertex 38.4552 -18.0956 2.5
    endloop
  endfacet
  facet normal 0 0 -1
    outer loop
      vertex 35.8839 -22.7726 2.5
      vertex 37.9948 -24.1122 2.5
      vertex 36.4058 -26.4503 2.5
    endloop
  endfacet
  facet normal 0 0 -1
    outer loop
      vertex 37.9948 -24.1122 2.5
      vertex 35.8839 -22.7726 2.5
      vertex 37.243 -20.4745 2.5
    endloop
  endfacet
  facet normal 0 0 -1
    outer loop
      vertex 34.3832 -24.9809 2.5
      vertex 36.4058 -26.4503 2.5
      vertex 34.6731 -28.6841 2.5
    endloop
  endfacet
  facet normal 0 0 -1
    outer loop
      vertex 36.4058 -26.4503 2.5
      vertex 34.3832 -24.9809 2.5
      vertex 35.8839 -22.7726 2.5
    endloop
  endfacet
  facet normal 0 0 -1
    outer loop
      vertex 32.7468 -27.0905 2.5
      vertex 34.6731 -28.6841 2.5
      vertex 32.8036 -30.8046 2.5
    endloop
  endfacet
  facet normal 0 0 -1
    outer loop
      vertex 34.6731 -28.6841 2.5
      vertex 32.7468 -27.0905 2.5
      vertex 34.3832 -24.9809 2.5
    endloop
  endfacet
  facet normal 0 0 -1
    outer loop
      vertex 32.8036 -30.8046 2.5
      vertex 30.9812 -29.0933 2.5
      vertex 32.7468 -27.0905 2.5
    endloop
  endfacet
  facet normal 0 0 -1
    outer loop
      vertex 30.8046 -32.8036 2.5
      vertex 30.9812 -29.0933 2.5
      vertex 32.8036 -30.8046 2.5
    endloop
  endfacet
  facet normal 0 0 -1
    outer loop
      vertex 30.8046 -32.8036 2.5
      vertex 29.0933 -30.9812 2.5
      vertex 30.9812 -29.0933 2.5
    endloop
  endfacet
  facet normal 0 0 -1
    outer loop
      vertex 28.6841 -34.6731 2.5
      vertex 29.0933 -30.9812 2.5
      vertex 30.8046 -32.8036 2.5
    endloop
  endfacet
  facet normal 0 0 -1
    outer loop
      vertex 28.6841 -34.6731 2.5
      vertex 27.0905 -32.7468 2.5
      vertex 29.0933 -30.9812 2.5
    endloop
  endfacet
  facet normal 0 0 -1
    outer loop
      vertex 26.4503 -36.4058 2.5
      vertex 27.0905 -32.7468 2.5
      vertex 28.6841 -34.6731 2.5
    endloop
  endfacet
  facet normal 0 0 -1
    outer loop
      vertex 26.4503 -36.4058 2.5
      vertex 24.9809 -34.3832 2.5
      vertex 27.0905 -32.7468 2.5
    endloop
  endfacet
  facet normal 0 0 -1
    outer loop
      vertex 24.1122 -37.9948 2.5
      vertex 24.9809 -34.3832 2.5
      vertex 26.4503 -36.4058 2.5
    endloop
  endfacet
  facet normal 0 0 -1
    outer loop
      vertex 24.1122 -37.9948 2.5
      vertex 22.7726 -35.8839 2.5
      vertex 24.9809 -34.3832 2.5
    endloop
  endfacet
  facet normal 0 0 -1
    outer loop
      vertex 21.6789 -39.4338 2.5
      vertex 22.7726 -35.8839 2.5
      vertex 24.1122 -37.9948 2.5
    endloop
  endfacet
  facet normal 0 0 -1
    outer loop
      vertex 21.6789 -39.4338 2.5
      vertex 20.4745 -37.243 2.5
      vertex 22.7726 -35.8839 2.5
    endloop
  endfacet
  facet normal 0 0 -1
    outer loop
      vertex 19.1601 -40.7172 2.5
      vertex 20.4745 -37.243 2.5
      vertex 21.6789 -39.4338 2.5
    endloop
  endfacet
  facet normal 0 0 -1
    outer loop
      vertex 19.1601 -40.7172 2.5
      vertex 18.0956 -38.4552 2.5
      vertex 20.4745 -37.243 2.5
    endloop
  endfacet
  facet normal 0 0 -1
    outer loop
      vertex 16.5656 -41.8399 2.5
      vertex 18.0956 -38.4552 2.5
      vertex 19.1601 -40.7172 2.5
    endloop
  endfacet
  facet normal 0 0 -1
    outer loop
      vertex 16.5656 -41.8399 2.5
      vertex 15.6453 -39.5155 2.5
      vertex 18.0956 -38.4552 2.5
    endloop
  endfacet
  facet normal 0 0 -1
    outer loop
      vertex 13.9058 -42.7975 2.5
      vertex 15.6453 -39.5155 2.5
      vertex 16.5656 -41.8399 2.5
    endloop
  endfacet
  facet normal 0 0 -1
    outer loop
      vertex 13.9058 -42.7975 2.5
      vertex 13.1332 -40.4199 2.5
      vertex 15.6453 -39.5155 2.5
    endloop
  endfacet
  facet normal 0 0 -1
    outer loop
      vertex 11.191 -43.5862 2.5
      vertex 13.1332 -40.4199 2.5
      vertex 13.9058 -42.7975 2.5
    endloop
  endfacet
  facet normal 0 0 -1
    outer loop
      vertex 11.191 -43.5862 2.5
      vertex 10.5693 -41.1648 2.5
      vertex 13.1332 -40.4199 2.5
    endloop
  endfacet
  facet normal 0 0 -1
    outer loop
      vertex 8.43216 -44.2029 2.5
      vertex 10.5693 -41.1648 2.5
      vertex 11.191 -43.5862 2.5
    endloop
  endfacet
  facet normal 0 0 -1
    outer loop
      vertex 8.43216 -44.2029 2.5
      vertex 7.96371 -41.7472 2.5
      vertex 10.5693 -41.1648 2.5
    endloop
  endfacet
  facet normal 0 0 -1
    outer loop
      vertex 5.63999 -44.6452 2.5
      vertex 7.96371 -41.7472 2.5
      vertex 8.43216 -44.2029 2.5
    endloop
  endfacet
  facet normal 0 0 -1
    outer loop
      vertex 5.63999 -44.6452 2.5
      vertex 5.32666 -42.1649 2.5
      vertex 7.96371 -41.7472 2.5
    endloop
  endfacet
  facet normal 0 0 -1
    outer loop
      vertex 2.82557 -44.9112 2.5
      vertex 5.32666 -42.1649 2.5
      vertex 5.63999 -44.6452 2.5
    endloop
  endfacet
  facet normal 0 0 -1
    outer loop
      vertex 2.82557 -44.9112 2.5
      vertex 2.6686 -42.4161 2.5
      vertex 5.32666 -42.1649 2.5
    endloop
  endfacet
  facet normal 0 0 -1
    outer loop
      vertex 0 -45 2.5
      vertex 2.6686 -42.4161 2.5
      vertex 2.82557 -44.9112 2.5
    endloop
  endfacet
  facet normal 0 0 -1
    outer loop
      vertex 0 -45 2.5
      vertex 0 -42.5 2.5
      vertex 2.6686 -42.4161 2.5
    endloop
  endfacet
  facet normal 0 0 -1
    outer loop
      vertex 0 -45 2.5
      vertex -2.6686 -42.4161 2.5
      vertex 0 -42.5 2.5
    endloop
  endfacet
  facet normal 0 0 -1
    outer loop
      vertex -2.82557 -44.9112 2.5
      vertex -2.6686 -42.4161 2.5
      vertex 0 -45 2.5
    endloop
  endfacet
  facet normal 0 0 -1
    outer loop
      vertex -2.82557 -44.9112 2.5
      vertex -5.32666 -42.1649 2.5
      vertex -2.6686 -42.4161 2.5
    endloop
  endfacet
  facet normal 0 0 -1
    outer loop
      vertex -5.63999 -44.6452 2.5
      vertex -5.32666 -42.1649 2.5
      vertex -2.82557 -44.9112 2.5
    endloop
  endfacet
  facet normal 0 0 -1
    outer loop
      vertex -5.63999 -44.6452 2.5
      vertex -7.96371 -41.7472 2.5
      vertex -5.32666 -42.1649 2.5
    endloop
  endfacet
  facet normal 0 0 -1
    outer loop
      vertex -8.43216 -44.2029 2.5
      vertex -7.96371 -41.7472 2.5
      vertex -5.63999 -44.6452 2.5
    endloop
  endfacet
  facet normal 0 0 -1
    outer loop
      vertex -8.43216 -44.2029 2.5
      vertex -10.5693 -41.1648 2.5
      vertex -7.96371 -41.7472 2.5
    endloop
  endfacet
  facet normal 0 0 -1
    outer loop
      vertex -11.191 -43.5862 2.5
      vertex -10.5693 -41.1648 2.5
      vertex -8.43216 -44.2029 2.5
    endloop
  endfacet
  facet normal 0 0 -1
    outer loop
      vertex -11.191 -43.5862 2.5
      vertex -13.1332 -40.4199 2.5
      vertex -10.5693 -41.1648 2.5
    endloop
  endfacet
  facet normal 0 0 -1
    outer loop
      vertex -13.9058 -42.7975 2.5
      vertex -13.1332 -40.4199 2.5
      vertex -11.191 -43.5862 2.5
    endloop
  endfacet
  facet normal 0 0 -1
    outer loop
      vertex -13.9058 -42.7975 2.5
      vertex -15.6453 -39.5155 2.5
      vertex -13.1332 -40.4199 2.5
    endloop
  endfacet
  facet normal 0 0 -1
    outer loop
      vertex -16.5656 -41.8399 2.5
      vertex -15.6453 -39.5155 2.5
      vertex -13.9058 -42.7975 2.5
    endloop
  endfacet
  facet normal 0 0 -1
    outer loop
      vertex -16.5656 -41.8399 2.5
      vertex -18.0956 -38.4552 2.5
      vertex -15.6453 -39.5155 2.5
    endloop
  endfacet
  facet normal 0 0 -1
    outer loop
      vertex -19.1601 -40.7172 2.5
      vertex -18.0956 -38.4552 2.5
      vertex -16.5656 -41.8399 2.5
    endloop
  endfacet
  facet normal 0 0 -1
    outer loop
      vertex -19.1601 -40.7172 2.5
      vertex -20.4745 -37.243 2.5
      vertex -18.0956 -38.4552 2.5
    endloop
  endfacet
  facet normal 0 0 -1
    outer loop
      vertex -21.6789 -39.4338 2.5
      vertex -20.4745 -37.243 2.5
      vertex -19.1601 -40.7172 2.5
    endloop
  endfacet
  facet normal 0 0 -1
    outer loop
      vertex -21.6789 -39.4338 2.5
      vertex -22.7726 -35.8839 2.5
      vertex -20.4745 -37.243 2.5
    endloop
  endfacet
  facet normal 0 0 -1
    outer loop
      vertex -24.1122 -37.9948 2.5
      vertex -22.7726 -35.8839 2.5
      vertex -21.6789 -39.4338 2.5
    endloop
  endfacet
  facet normal 0 0 -1
    outer loop
      vertex -24.1122 -37.9948 2.5
      vertex -24.9809 -34.3832 2.5
      vertex -22.7726 -35.8839 2.5
    endloop
  endfacet
  facet normal 0 0 -1
    outer loop
      vertex -26.4503 -36.4058 2.5
      vertex -24.9809 -34.3832 2.5
      vertex -24.1122 -37.9948 2.5
    endloop
  endfacet
  facet normal 0 0 -1
    outer loop
      vertex -26.4503 -36.4058 2.5
      vertex -27.0905 -32.7468 2.5
      vertex -24.9809 -34.3832 2.5
    endloop
  endfacet
  facet normal 0 0 -1
    outer loop
      vertex -28.6841 -34.6731 2.5
      vertex -27.0905 -32.7468 2.5
      vertex -26.4503 -36.4058 2.5
    endloop
  endfacet
  facet normal 0 0 -1
    outer loop
      vertex -28.6841 -34.6731 2.5
      vertex -29.0933 -30.9812 2.5
      vertex -27.0905 -32.7468 2.5
    endloop
  endfacet
  facet normal 0 0 -1
    outer loop
      vertex -30.8046 -32.8036 2.5
      vertex -29.0933 -30.9812 2.5
      vertex -28.6841 -34.6731 2.5
    endloop
  endfacet
  facet normal 0 0 -1
    outer loop
      vertex -30.8046 -32.8036 2.5
      vertex -30.9812 -29.0933 2.5
      vertex -29.0933 -30.9812 2.5
    endloop
  endfacet
  facet normal 0 0 -1
    outer loop
      vertex -32.8036 -30.8046 2.5
      vertex -30.9812 -29.0933 2.5
      vertex -30.8046 -32.8036 2.5
    endloop
  endfacet
  facet normal -0 0 -1
    outer loop
      vertex -30.9812 -29.0933 2.5
      vertex -32.8036 -30.8046 2.5
      vertex -32.7468 -27.0905 2.5
    endloop
  endfacet
  facet normal 0 0 -1
    outer loop
      vertex -34.6731 -28.6841 2.5
      vertex -32.7468 -27.0905 2.5
      vertex -32.8036 -30.8046 2.5
    endloop
  endfacet
  facet normal -0 0 -1
    outer loop
      vertex -32.7468 -27.0905 2.5
      vertex -34.6731 -28.6841 2.5
      vertex -34.3832 -24.9809 2.5
    endloop
  endfacet
  facet normal 0 0 -1
    outer loop
      vertex -36.4058 -26.4503 2.5
      vertex -34.3832 -24.9809 2.5
      vertex -34.6731 -28.6841 2.5
    endloop
  endfacet
  facet normal -0 0 -1
    outer loop
      vertex -34.3832 -24.9809 2.5
      vertex -36.4058 -26.4503 2.5
      vertex -35.8839 -22.7726 2.5
    endloop
  endfacet
  facet normal 0 0 -1
    outer loop
      vertex -37.9948 -24.1122 2.5
      vertex -35.8839 -22.7726 2.5
      vertex -36.4058 -26.4503 2.5
    endloop
  endfacet
  facet normal -0 0 -1
    outer loop
      vertex -35.8839 -22.7726 2.5
      vertex -37.9948 -24.1122 2.5
      vertex -37.243 -20.4745 2.5
    endloop
  endfacet
  facet normal 0 0 -1
    outer loop
      vertex -39.4338 -21.6789 2.5
      vertex -37.243 -20.4745 2.5
      vertex -37.9948 -24.1122 2.5
    endloop
  endfacet
  facet normal -0 0 -1
    outer loop
      vertex -37.243 -20.4745 2.5
      vertex -39.4338 -21.6789 2.5
      vertex -38.4552 -18.0956 2.5
    endloop
  endfacet
  facet normal 0 0 -1
    outer loop
      vertex -40.7172 -19.1601 2.5
      vertex -38.4552 -18.0956 2.5
      vertex -39.4338 -21.6789 2.5
    endloop
  endfacet
  facet normal -0 0 -1
    outer loop
      vertex -38.4552 -18.0956 2.5
      vertex -40.7172 -19.1601 2.5
      vertex -39.5155 -15.6453 2.5
    endloop
  endfacet
  facet normal 0 0 -1
    outer loop
      vertex -41.8399 -16.5656 2.5
      vertex -39.5155 -15.6453 2.5
      vertex -40.7172 -19.1601 2.5
    endloop
  endfacet
  facet normal -0 0 -1
    outer loop
      vertex -39.5155 -15.6453 2.5
      vertex -41.8399 -16.5656 2.5
      vertex -40.4199 -13.1332 2.5
    endloop
  endfacet
  facet normal 0 0 -1
    outer loop
      vertex -42.7975 -13.9058 2.5
      vertex -40.4199 -13.1332 2.5
      vertex -41.8399 -16.5656 2.5
    endloop
  endfacet
  facet normal -0 0 -1
    outer loop
      vertex -40.4199 -13.1332 2.5
      vertex -42.7975 -13.9058 2.5
      vertex -41.1648 -10.5693 2.5
    endloop
  endfacet
  facet normal 0 0 -1
    outer loop
      vertex -43.5862 -11.191 2.5
      vertex -41.1648 -10.5693 2.5
      vertex -42.7975 -13.9058 2.5
    endloop
  endfacet
  facet normal -0 0 -1
    outer loop
      vertex -41.1648 -10.5693 2.5
      vertex -43.5862 -11.191 2.5
      vertex -41.7472 -7.96371 2.5
    endloop
  endfacet
  facet normal -0 0 -1
    outer loop
      vertex -41.7472 -7.96371 2.5
      vertex -44.2029 -8.43216 2.5
      vertex -42.1649 -5.32666 2.5
    endloop
  endfacet
  facet normal 0 0 -1
    outer loop
      vertex -44.2029 -8.43216 2.5
      vertex -41.7472 -7.96371 2.5
      vertex -43.5862 -11.191 2.5
    endloop
  endfacet
  facet normal 0 0 -1
    outer loop
      vertex 41.7472 7.96371 2.5
      vertex 44.2029 8.43216 2.5
      vertex 42.1649 5.32666 2.5
    endloop
  endfacet
  facet normal -0 0 -1
    outer loop
      vertex 44.2029 8.43216 2.5
      vertex 41.7472 7.96371 2.5
      vertex 43.5862 11.191 2.5
    endloop
  endfacet
  facet normal 0 0 -1
    outer loop
      vertex 41.1648 10.5693 2.5
      vertex 43.5862 11.191 2.5
      vertex 41.7472 7.96371 2.5
    endloop
  endfacet
  facet normal -0 0 -1
    outer loop
      vertex 43.5862 11.191 2.5
      vertex 41.1648 10.5693 2.5
      vertex 42.7975 13.9058 2.5
    endloop
  endfacet
  facet normal 0 0 -1
    outer loop
      vertex 40.4199 13.1332 2.5
      vertex 42.7975 13.9058 2.5
      vertex 41.1648 10.5693 2.5
    endloop
  endfacet
  facet normal -0 0 -1
    outer loop
      vertex 42.7975 13.9058 2.5
      vertex 40.4199 13.1332 2.5
      vertex 41.8399 16.5656 2.5
    endloop
  endfacet
  facet normal 0 0 -1
    outer loop
      vertex 39.5155 15.6453 2.5
      vertex 41.8399 16.5656 2.5
      vertex 40.4199 13.1332 2.5
    endloop
  endfacet
  facet normal -0 0 -1
    outer loop
      vertex 41.8399 16.5656 2.5
      vertex 39.5155 15.6453 2.5
      vertex 40.7172 19.1601 2.5
    endloop
  endfacet
  facet normal 0 0 -1
    outer loop
      vertex 38.4552 18.0956 2.5
      vertex 40.7172 19.1601 2.5
      vertex 39.5155 15.6453 2.5
    endloop
  endfacet
  facet normal -0 0 -1
    outer loop
      vertex 40.7172 19.1601 2.5
      vertex 38.4552 18.0956 2.5
      vertex 39.4338 21.6789 2.5
    endloop
  endfacet
  facet normal 0 0 -1
    outer loop
      vertex 37.243 20.4745 2.5
      vertex 39.4338 21.6789 2.5
      vertex 38.4552 18.0956 2.5
    endloop
  endfacet
  facet normal -0 0 -1
    outer loop
      vertex 39.4338 21.6789 2.5
      vertex 37.243 20.4745 2.5
      vertex 37.9948 24.1122 2.5
    endloop
  endfacet
  facet normal 0 0 -1
    outer loop
      vertex 35.8839 22.7726 2.5
      vertex 37.9948 24.1122 2.5
      vertex 37.243 20.4745 2.5
    endloop
  endfacet
  facet normal -0 0 -1
    outer loop
      vertex 37.9948 24.1122 2.5
      vertex 35.8839 22.7726 2.5
      vertex 36.4058 26.4503 2.5
    endloop
  endfacet
  facet normal 0 0 -1
    outer loop
      vertex 34.3832 24.9809 2.5
      vertex 36.4058 26.4503 2.5
      vertex 35.8839 22.7726 2.5
    endloop
  endfacet
  facet normal -0 0 -1
    outer loop
      vertex 36.4058 26.4503 2.5
      vertex 34.3832 24.9809 2.5
      vertex 34.6731 28.6841 2.5
    endloop
  endfacet
  facet normal 0 0 -1
    outer loop
      vertex 32.7468 27.0905 2.5
      vertex 34.6731 28.6841 2.5
      vertex 34.3832 24.9809 2.5
    endloop
  endfacet
  facet normal -0 0 -1
    outer loop
      vertex 34.6731 28.6841 2.5
      vertex 32.7468 27.0905 2.5
      vertex 32.8036 30.8046 2.5
    endloop
  endfacet
  facet normal 0 0 -1
    outer loop
      vertex 30.9812 29.0933 2.5
      vertex 32.8036 30.8046 2.5
      vertex 32.7468 27.0905 2.5
    endloop
  endfacet
  facet normal 0 0 -1
    outer loop
      vertex 30.9812 29.0933 2.5
      vertex 30.8046 32.8036 2.5
      vertex 32.8036 30.8046 2.5
    endloop
  endfacet
  facet normal 0 0 -1
    outer loop
      vertex 29.0933 30.9812 2.5
      vertex 30.8046 32.8036 2.5
      vertex 30.9812 29.0933 2.5
    endloop
  endfacet
  facet normal 0 0 -1
    outer loop
      vertex 29.0933 30.9812 2.5
      vertex 28.6841 34.6731 2.5
      vertex 30.8046 32.8036 2.5
    endloop
  endfacet
  facet normal 0 0 -1
    outer loop
      vertex 27.0905 32.7468 2.5
      vertex 28.6841 34.6731 2.5
      vertex 29.0933 30.9812 2.5
    endloop
  endfacet
  facet normal 0 0 -1
    outer loop
      vertex 27.0905 32.7468 2.5
      vertex 26.4503 36.4058 2.5
      vertex 28.6841 34.6731 2.5
    endloop
  endfacet
  facet normal 0 0 -1
    outer loop
      vertex 24.9809 34.3832 2.5
      vertex 26.4503 36.4058 2.5
      vertex 27.0905 32.7468 2.5
    endloop
  endfacet
  facet normal 0 0 -1
    outer loop
      vertex 24.9809 34.3832 2.5
      vertex 24.1122 37.9948 2.5
      vertex 26.4503 36.4058 2.5
    endloop
  endfacet
  facet normal 0 0 -1
    outer loop
      vertex 22.7726 35.8839 2.5
      vertex 24.1122 37.9948 2.5
      vertex 24.9809 34.3832 2.5
    endloop
  endfacet
  facet normal 0 0 -1
    outer loop
      vertex 22.7726 35.8839 2.5
      vertex 21.6789 39.4338 2.5
      vertex 24.1122 37.9948 2.5
    endloop
  endfacet
  facet normal 0 0 -1
    outer loop
      vertex 20.4745 37.243 2.5
      vertex 21.6789 39.4338 2.5
      vertex 22.7726 35.8839 2.5
    endloop
  endfacet
  facet normal 0 0 -1
    outer loop
      vertex 20.4745 37.243 2.5
      vertex 19.1601 40.7172 2.5
      vertex 21.6789 39.4338 2.5
    endloop
  endfacet
  facet normal 0 0 -1
    outer loop
      vertex 18.0956 38.4552 2.5
      vertex 19.1601 40.7172 2.5
      vertex 20.4745 37.243 2.5
    endloop
  endfacet
  facet normal 0 0 -1
    outer loop
      vertex 18.0956 38.4552 2.5
      vertex 16.5656 41.8399 2.5
      vertex 19.1601 40.7172 2.5
    endloop
  endfacet
  facet normal 0 0 -1
    outer loop
      vertex 15.6453 39.5155 2.5
      vertex 16.5656 41.8399 2.5
      vertex 18.0956 38.4552 2.5
    endloop
  endfacet
  facet normal 0 0 -1
    outer loop
      vertex 15.6453 39.5155 2.5
      vertex 13.9058 42.7975 2.5
      vertex 16.5656 41.8399 2.5
    endloop
  endfacet
  facet normal 0 0 -1
    outer loop
      vertex 13.1332 40.4199 2.5
      vertex 13.9058 42.7975 2.5
      vertex 15.6453 39.5155 2.5
    endloop
  endfacet
  facet normal 0 0 -1
    outer loop
      vertex 13.1332 40.4199 2.5
      vertex 11.191 43.5862 2.5
      vertex 13.9058 42.7975 2.5
    endloop
  endfacet
  facet normal 0 0 -1
    outer loop
      vertex 10.5693 41.1648 2.5
      vertex 11.191 43.5862 2.5
      vertex 13.1332 40.4199 2.5
    endloop
  endfacet
  facet normal 0 0 -1
    outer loop
      vertex 10.5693 41.1648 2.5
      vertex 8.43216 44.2029 2.5
      vertex 11.191 43.5862 2.5
    endloop
  endfacet
  facet normal 0 0 -1
    outer loop
      vertex 7.96371 41.7472 2.5
      vertex 8.43216 44.2029 2.5
      vertex 10.5693 41.1648 2.5
    endloop
  endfacet
  facet normal 0 0 -1
    outer loop
      vertex 7.96371 41.7472 2.5
      vertex 5.63999 44.6452 2.5
      vertex 8.43216 44.2029 2.5
    endloop
  endfacet
  facet normal 0 0 -1
    outer loop
      vertex 5.32666 42.1649 2.5
      vertex 5.63999 44.6452 2.5
      vertex 7.96371 41.7472 2.5
    endloop
  endfacet
  facet normal 0 0 -1
    outer loop
      vertex 5.32666 42.1649 2.5
      vertex 2.82557 44.9112 2.5
      vertex 5.63999 44.6452 2.5
    endloop
  endfacet
  facet normal 0 0 -1
    outer loop
      vertex 2.6686 42.4161 2.5
      vertex 2.82557 44.9112 2.5
      vertex 5.32666 42.1649 2.5
    endloop
  endfacet
  facet normal 0 0 -1
    outer loop
      vertex 0 42.5 2.5
      vertex 2.82557 44.9112 2.5
      vertex 2.6686 42.4161 2.5
    endloop
  endfacet
  facet normal 0 0 -1
    outer loop
      vertex 0 42.5 2.5
      vertex 0 45 2.5
      vertex 2.82557 44.9112 2.5
    endloop
  endfacet
  facet normal 0 0 -1
    outer loop
      vertex -2.6686 42.4161 2.5
      vertex 0 45 2.5
      vertex 0 42.5 2.5
    endloop
  endfacet
  facet normal 0 0 -1
    outer loop
      vertex -2.6686 42.4161 2.5
      vertex -2.82557 44.9112 2.5
      vertex 0 45 2.5
    endloop
  endfacet
  facet normal 0 0 -1
    outer loop
      vertex -5.32666 42.1649 2.5
      vertex -2.82557 44.9112 2.5
      vertex -2.6686 42.4161 2.5
    endloop
  endfacet
  facet normal 0 0 -1
    outer loop
      vertex -5.32666 42.1649 2.5
      vertex -5.63999 44.6452 2.5
      vertex -2.82557 44.9112 2.5
    endloop
  endfacet
  facet normal 0 0 -1
    outer loop
      vertex -7.96371 41.7472 2.5
      vertex -5.63999 44.6452 2.5
      vertex -5.32666 42.1649 2.5
    endloop
  endfacet
  facet normal 0 0 -1
    outer loop
      vertex -7.96371 41.7472 2.5
      vertex -8.43216 44.2029 2.5
      vertex -5.63999 44.6452 2.5
    endloop
  endfacet
  facet normal 0 0 -1
    outer loop
      vertex -10.5693 41.1648 2.5
      vertex -8.43216 44.2029 2.5
      vertex -7.96371 41.7472 2.5
    endloop
  endfacet
  facet normal 0 0 -1
    outer loop
      vertex -10.5693 41.1648 2.5
      vertex -11.191 43.5862 2.5
      vertex -8.43216 44.2029 2.5
    endloop
  endfacet
  facet normal 0 0 -1
    outer loop
      vertex -13.1332 40.4199 2.5
      vertex -11.191 43.5862 2.5
      vertex -10.5693 41.1648 2.5
    endloop
  endfacet
  facet normal 0 0 -1
    outer loop
      vertex -13.1332 40.4199 2.5
      vertex -13.9058 42.7975 2.5
      vertex -11.191 43.5862 2.5
    endloop
  endfacet
  facet normal 0 0 -1
    outer loop
      vertex -15.6453 39.5155 2.5
      vertex -13.9058 42.7975 2.5
      vertex -13.1332 40.4199 2.5
    endloop
  endfacet
  facet normal 0 0 -1
    outer loop
      vertex -15.6453 39.5155 2.5
      vertex -16.5656 41.8399 2.5
      vertex -13.9058 42.7975 2.5
    endloop
  endfacet
  facet normal 0 0 -1
    outer loop
      vertex -18.0956 38.4552 2.5
      vertex -16.5656 41.8399 2.5
      vertex -15.6453 39.5155 2.5
    endloop
  endfacet
  facet normal 0 0 -1
    outer loop
      vertex -18.0956 38.4552 2.5
      vertex -19.1601 40.7172 2.5
      vertex -16.5656 41.8399 2.5
    endloop
  endfacet
  facet normal 0 0 -1
    outer loop
      vertex -20.4745 37.243 2.5
      vertex -19.1601 40.7172 2.5
      vertex -18.0956 38.4552 2.5
    endloop
  endfacet
  facet normal 0 0 -1
    outer loop
      vertex -20.4745 37.243 2.5
      vertex -21.6789 39.4338 2.5
      vertex -19.1601 40.7172 2.5
    endloop
  endfacet
  facet normal 0 0 -1
    outer loop
      vertex -22.7726 35.8839 2.5
      vertex -21.6789 39.4338 2.5
      vertex -20.4745 37.243 2.5
    endloop
  endfacet
  facet normal 0 0 -1
    outer loop
      vertex -22.7726 35.8839 2.5
      vertex -24.1122 37.9948 2.5
      vertex -21.6789 39.4338 2.5
    endloop
  endfacet
  facet normal 0 0 -1
    outer loop
      vertex -24.9809 34.3832 2.5
      vertex -24.1122 37.9948 2.5
      vertex -22.7726 35.8839 2.5
    endloop
  endfacet
  facet normal 0 0 -1
    outer loop
      vertex -24.9809 34.3832 2.5
      vertex -26.4503 36.4058 2.5
      vertex -24.1122 37.9948 2.5
    endloop
  endfacet
  facet normal 0 0 -1
    outer loop
      vertex -27.0905 32.7468 2.5
      vertex -26.4503 36.4058 2.5
      vertex -24.9809 34.3832 2.5
    endloop
  endfacet
  facet normal 0 0 -1
    outer loop
      vertex -27.0905 32.7468 2.5
      vertex -28.6841 34.6731 2.5
      vertex -26.4503 36.4058 2.5
    endloop
  endfacet
  facet normal 0 0 -1
    outer loop
      vertex -29.0933 30.9812 2.5
      vertex -28.6841 34.6731 2.5
      vertex -27.0905 32.7468 2.5
    endloop
  endfacet
  facet normal 0 0 -1
    outer loop
      vertex -29.0933 30.9812 2.5
      vertex -30.8046 32.8036 2.5
      vertex -28.6841 34.6731 2.5
    endloop
  endfacet
  facet normal 0 0 -1
    outer loop
      vertex -30.9812 29.0933 2.5
      vertex -30.8046 32.8036 2.5
      vertex -29.0933 30.9812 2.5
    endloop
  endfacet
  facet normal 0 0 -1
    outer loop
      vertex -32.8036 30.8046 2.5
      vertex -30.9812 29.0933 2.5
      vertex -32.7468 27.0905 2.5
    endloop
  endfacet
  facet normal 0 0 -1
    outer loop
      vertex -30.9812 29.0933 2.5
      vertex -32.8036 30.8046 2.5
      vertex -30.8046 32.8036 2.5
    endloop
  endfacet
  facet normal 0 0 -1
    outer loop
      vertex -34.6731 28.6841 2.5
      vertex -32.7468 27.0905 2.5
      vertex -34.3832 24.9809 2.5
    endloop
  endfacet
  facet normal 0 0 -1
    outer loop
      vertex -32.7468 27.0905 2.5
      vertex -34.6731 28.6841 2.5
      vertex -32.8036 30.8046 2.5
    endloop
  endfacet
  facet normal 0 0 -1
    outer loop
      vertex -36.4058 26.4503 2.5
      vertex -34.3832 24.9809 2.5
      vertex -35.8839 22.7726 2.5
    endloop
  endfacet
  facet normal 0 0 -1
    outer loop
      vertex -34.3832 24.9809 2.5
      vertex -36.4058 26.4503 2.5
      vertex -34.6731 28.6841 2.5
    endloop
  endfacet
  facet normal 0 0 -1
    outer loop
      vertex -37.9948 24.1122 2.5
      vertex -35.8839 22.7726 2.5
      vertex -37.243 20.4745 2.5
    endloop
  endfacet
  facet normal 0 0 -1
    outer loop
      vertex -35.8839 22.7726 2.5
      vertex -37.9948 24.1122 2.5
      vertex -36.4058 26.4503 2.5
    endloop
  endfacet
  facet normal 0 0 -1
    outer loop
      vertex -39.4338 21.6789 2.5
      vertex -37.243 20.4745 2.5
      vertex -38.4552 18.0956 2.5
    endloop
  endfacet
  facet normal 0 0 -1
    outer loop
      vertex -37.243 20.4745 2.5
      vertex -39.4338 21.6789 2.5
      vertex -37.9948 24.1122 2.5
    endloop
  endfacet
  facet normal 0 0 -1
    outer loop
      vertex -40.7172 19.1601 2.5
      vertex -38.4552 18.0956 2.5
      vertex -39.5155 15.6453 2.5
    endloop
  endfacet
  facet normal 0 0 -1
    outer loop
      vertex -41.8399 16.5656 2.5
      vertex -39.5155 15.6453 2.5
      vertex -40.4199 13.1332 2.5
    endloop
  endfacet
  facet normal 0 0 -1
    outer loop
      vertex -38.4552 18.0956 2.5
      vertex -40.7172 19.1601 2.5
      vertex -39.4338 21.6789 2.5
    endloop
  endfacet
  facet normal 0 0 -1
    outer loop
      vertex -42.7975 13.9058 2.5
      vertex -40.4199 13.1332 2.5
      vertex -41.1648 10.5693 2.5
    endloop
  endfacet
  facet normal 0 0 -1
    outer loop
      vertex -43.5862 11.191 2.5
      vertex -41.1648 10.5693 2.5
      vertex -41.7472 7.96371 2.5
    endloop
  endfacet
  facet normal 0 0 -1
    outer loop
      vertex -39.5155 15.6453 2.5
      vertex -41.8399 16.5656 2.5
      vertex -40.7172 19.1601 2.5
    endloop
  endfacet
  facet normal 0 0 -1
    outer loop
      vertex -44.2029 8.43216 2.5
      vertex -41.7472 7.96371 2.5
      vertex -42.1649 5.32666 2.5
    endloop
  endfacet
  facet normal 0 0 -1
    outer loop
      vertex -44.6452 5.63999 2.5
      vertex -42.1649 5.32666 2.5
      vertex -42.4161 2.6686 2.5
    endloop
  endfacet
  facet normal 0 0 -1
    outer loop
      vertex -40.4199 13.1332 2.5
      vertex -42.7975 13.9058 2.5
      vertex -41.8399 16.5656 2.5
    endloop
  endfacet
  facet normal 0 0 -1
    outer loop
      vertex -44.9112 2.82557 2.5
      vertex -42.4161 2.6686 2.5
      vertex -42.5 0 2.5
    endloop
  endfacet
  facet normal 0 0 -1
    outer loop
      vertex -44.6452 -5.63999 2.5
      vertex -42.1649 -5.32666 2.5
      vertex -44.2029 -8.43216 2.5
    endloop
  endfacet
  facet normal -0 0 -1
    outer loop
      vertex -42.1649 -5.32666 2.5
      vertex -44.6452 -5.63999 2.5
      vertex -42.4161 -2.6686 2.5
    endloop
  endfacet
  facet normal 0 0 -1
    outer loop
      vertex -41.1648 10.5693 2.5
      vertex -43.5862 11.191 2.5
      vertex -42.7975 13.9058 2.5
    endloop
  endfacet
  facet normal 0 0 -1
    outer loop
      vertex -44.9112 -2.82557 2.5
      vertex -42.4161 -2.6686 2.5
      vertex -44.6452 -5.63999 2.5
    endloop
  endfacet
  facet normal 0 0 -1
    outer loop
      vertex -41.7472 7.96371 2.5
      vertex -44.2029 8.43216 2.5
      vertex -43.5862 11.191 2.5
    endloop
  endfacet
  facet normal -0 0 -1
    outer loop
      vertex -42.4161 -2.6686 2.5
      vertex -44.9112 -2.82557 2.5
      vertex -42.5 0 2.5
    endloop
  endfacet
  facet normal 0 0 -1
    outer loop
      vertex -42.1649 5.32666 2.5
      vertex -44.6452 5.63999 2.5
      vertex -44.2029 8.43216 2.5
    endloop
  endfacet
  facet normal 0 0 -1
    outer loop
      vertex -45 0 2.5
      vertex -42.5 0 2.5
      vertex -44.9112 -2.82557 2.5
    endloop
  endfacet
  facet normal 0 0 -1
    outer loop
      vertex -42.4161 2.6686 2.5
      vertex -44.9112 2.82557 2.5
      vertex -44.6452 5.63999 2.5
    endloop
  endfacet
  facet normal 0 0 -1
    outer loop
      vertex -42.5 0 2.5
      vertex -45 0 2.5
      vertex -44.9112 2.82557 2.5
    endloop
  endfacet
  facet normal 0 0 1
    outer loop
      vertex 42.1666 2.6529 2.5
      vertex 42.1666 -2.6529 2.5
      vertex 42.25 0 2.5
    endloop
  endfacet
  facet normal 0 0 1
    outer loop
      vertex 41.9168 5.29533 2.5
      vertex 42.1666 -2.6529 2.5
      vertex 42.1666 2.6529 2.5
    endloop
  endfacet
  facet normal 0 0 1
    outer loop
      vertex 41.9168 5.29533 2.5
      vertex 41.9168 -5.29533 2.5
      vertex 42.1666 -2.6529 2.5
    endloop
  endfacet
  facet normal 0 0 1
    outer loop
      vertex 41.5016 7.91686 2.5
      vertex 41.9168 -5.29533 2.5
      vertex 41.9168 5.29533 2.5
    endloop
  endfacet
  facet normal 0 0 1
    outer loop
      vertex 41.5016 7.91686 2.5
      vertex 41.5016 -7.91686 2.5
      vertex 41.9168 -5.29533 2.5
    endloop
  endfacet
  facet normal 0 0 1
    outer loop
      vertex 40.9226 10.5071 2.5
      vertex 41.5016 -7.91686 2.5
      vertex 41.5016 7.91686 2.5
    endloop
  endfacet
  facet normal 0 0 1
    outer loop
      vertex 40.9226 10.5071 2.5
      vertex 40.9226 -10.5071 2.5
      vertex 41.5016 -7.91686 2.5
    endloop
  endfacet
  facet normal 0 0 1
    outer loop
      vertex 40.1821 13.056 2.5
      vertex 40.9226 -10.5071 2.5
      vertex 40.9226 10.5071 2.5
    endloop
  endfacet
  facet normal 0 0 1
    outer loop
      vertex 40.1821 13.056 2.5
      vertex 40.1821 -13.056 2.5
      vertex 40.9226 -10.5071 2.5
    endloop
  endfacet
  facet normal 0 0 1
    outer loop
      vertex 39.2831 15.5533 2.5
      vertex 40.1821 -13.056 2.5
      vertex 40.1821 13.056 2.5
    endloop
  endfacet
  facet normal 0 0 1
    outer loop
      vertex 39.2831 15.5533 2.5
      vertex 39.2831 -15.5533 2.5
      vertex 40.1821 -13.056 2.5
    endloop
  endfacet
  facet normal 0 0 1
    outer loop
      vertex 38.2289 17.9892 2.5
      vertex 39.2831 -15.5533 2.5
      vertex 39.2831 15.5533 2.5
    endloop
  endfacet
  facet normal 0 0 1
    outer loop
      vertex 38.2289 17.9892 2.5
      vertex 38.2289 -17.9892 2.5
      vertex 39.2831 -15.5533 2.5
    endloop
  endfacet
  facet normal 0 0 1
    outer loop
      vertex 37.024 20.3541 2.5
      vertex 38.2289 -17.9892 2.5
      vertex 38.2289 17.9892 2.5
    endloop
  endfacet
  facet normal 0 0 1
    outer loop
      vertex 37.024 20.3541 2.5
      vertex 37.024 -20.3541 2.5
      vertex 38.2289 -17.9892 2.5
    endloop
  endfacet
  facet normal 0 0 1
    outer loop
      vertex 35.6729 22.6387 2.5
      vertex 37.024 -20.3541 2.5
      vertex 37.024 20.3541 2.5
    endloop
  endfacet
  facet normal 0 0 1
    outer loop
      vertex 35.6729 22.6387 2.5
      vertex 35.6729 -22.6387 2.5
      vertex 37.024 -20.3541 2.5
    endloop
  endfacet
  facet normal 0 0 1
    outer loop
      vertex 34.181 24.8339 2.5
      vertex 35.6729 -22.6387 2.5
      vertex 35.6729 22.6387 2.5
    endloop
  endfacet
  facet normal 0 0 1
    outer loop
      vertex 34.181 24.8339 2.5
      vertex 34.181 -24.8339 2.5
      vertex 35.6729 -22.6387 2.5
    endloop
  endfacet
  facet normal 0 0 1
    outer loop
      vertex 32.5542 26.9312 2.5
      vertex 34.181 -24.8339 2.5
      vertex 34.181 24.8339 2.5
    endloop
  endfacet
  facet normal 0 0 1
    outer loop
      vertex 32.5542 26.9312 2.5
      vertex 32.5542 -26.9312 2.5
      vertex 34.181 -24.8339 2.5
    endloop
  endfacet
  facet normal 0 0 1
    outer loop
      vertex 30.7989 28.9221 2.5
      vertex 32.5542 -26.9312 2.5
      vertex 32.5542 26.9312 2.5
    endloop
  endfacet
  facet normal 0 0 1
    outer loop
      vertex 30.7989 28.9221 2.5
      vertex 30.7989 -28.9221 2.5
      vertex 32.5542 -26.9312 2.5
    endloop
  endfacet
  facet normal 0 0 1
    outer loop
      vertex 28.9221 30.7989 2.5
      vertex 30.7989 -28.9221 2.5
      vertex 30.7989 28.9221 2.5
    endloop
  endfacet
  facet normal 0 0 1
    outer loop
      vertex 28.9221 30.7989 2.5
      vertex 28.9221 -30.7989 2.5
      vertex 30.7989 -28.9221 2.5
    endloop
  endfacet
  facet normal 0 0 1
    outer loop
      vertex 26.9312 32.5542 2.5
      vertex 28.9221 -30.7989 2.5
      vertex 28.9221 30.7989 2.5
    endloop
  endfacet
  facet normal 0 0 1
    outer loop
      vertex 26.9312 32.5542 2.5
      vertex 26.9312 -32.5542 2.5
      vertex 28.9221 -30.7989 2.5
    endloop
  endfacet
  facet normal 0 0 1
    outer loop
      vertex 24.8339 34.181 2.5
      vertex 26.9312 -32.5542 2.5
      vertex 26.9312 32.5542 2.5
    endloop
  endfacet
  facet normal 0 0 1
    outer loop
      vertex 24.8339 34.181 2.5
      vertex 24.8339 -34.181 2.5
      vertex 26.9312 -32.5542 2.5
    endloop
  endfacet
  facet normal 0 0 1
    outer loop
      vertex 22.6387 35.6729 2.5
      vertex 24.8339 -34.181 2.5
      vertex 24.8339 34.181 2.5
    endloop
  endfacet
  facet normal 0 0 1
    outer loop
      vertex 22.6387 35.6729 2.5
      vertex 22.6387 -35.6729 2.5
      vertex 24.8339 -34.181 2.5
    endloop
  endfacet
  facet normal 0 0 1
    outer loop
      vertex 20.3541 37.024 2.5
      vertex 22.6387 -35.6729 2.5
      vertex 22.6387 35.6729 2.5
    endloop
  endfacet
  facet normal 0 0 1
    outer loop
      vertex 20.3541 37.024 2.5
      vertex 20.3541 -37.024 2.5
      vertex 22.6387 -35.6729 2.5
    endloop
  endfacet
  facet normal 0 0 1
    outer loop
      vertex 17.9892 38.2289 2.5
      vertex 20.3541 -37.024 2.5
      vertex 20.3541 37.024 2.5
    endloop
  endfacet
  facet normal 0 0 1
    outer loop
      vertex 17.9892 38.2289 2.5
      vertex 17.9892 -38.2289 2.5
      vertex 20.3541 -37.024 2.5
    endloop
  endfacet
  facet normal 0 0 1
    outer loop
      vertex 15.5533 39.2831 2.5
      vertex 17.9892 -38.2289 2.5
      vertex 17.9892 38.2289 2.5
    endloop
  endfacet
  facet normal 0 0 1
    outer loop
      vertex 15.5533 39.2831 2.5
      vertex 15.5533 -39.2831 2.5
      vertex 17.9892 -38.2289 2.5
    endloop
  endfacet
  facet normal 0 0 1
    outer loop
      vertex 13.056 40.1821 2.5
      vertex 15.5533 -39.2831 2.5
      vertex 15.5533 39.2831 2.5
    endloop
  endfacet
  facet normal 0 0 1
    outer loop
      vertex 13.056 40.1821 2.5
      vertex 13.056 -40.1821 2.5
      vertex 15.5533 -39.2831 2.5
    endloop
  endfacet
  facet normal 0 0 1
    outer loop
      vertex 10.5071 40.9226 2.5
      vertex 13.056 -40.1821 2.5
      vertex 13.056 40.1821 2.5
    endloop
  endfacet
  facet normal 0 0 1
    outer loop
      vertex 10.5071 40.9226 2.5
      vertex 10.5071 -40.9226 2.5
      vertex 13.056 -40.1821 2.5
    endloop
  endfacet
  facet normal 0 0 1
    outer loop
      vertex 7.91686 41.5016 2.5
      vertex 10.5071 -40.9226 2.5
      vertex 10.5071 40.9226 2.5
    endloop
  endfacet
  facet normal 0 0 1
    outer loop
      vertex 7.91686 41.5016 2.5
      vertex 7.91686 -41.5016 2.5
      vertex 10.5071 -40.9226 2.5
    endloop
  endfacet
  facet normal 0 0 1
    outer loop
      vertex 5.29533 41.9168 2.5
      vertex 7.91686 -41.5016 2.5
      vertex 7.91686 41.5016 2.5
    endloop
  endfacet
  facet normal 0 0 1
    outer loop
      vertex 5.29533 41.9168 2.5
      vertex 5.29533 -41.9168 2.5
      vertex 7.91686 -41.5016 2.5
    endloop
  endfacet
  facet normal 0 0 1
    outer loop
      vertex 2.6529 42.1666 2.5
      vertex 5.29533 -41.9168 2.5
      vertex 5.29533 41.9168 2.5
    endloop
  endfacet
  facet normal 0 0 1
    outer loop
      vertex 2.6529 42.1666 2.5
      vertex 2.6529 -42.1666 2.5
      vertex 5.29533 -41.9168 2.5
    endloop
  endfacet
  facet normal 0 0 1
    outer loop
      vertex 0 42.25 2.5
      vertex 2.6529 -42.1666 2.5
      vertex 2.6529 42.1666 2.5
    endloop
  endfacet
  facet normal 0 0 1
    outer loop
      vertex 0 42.25 2.5
      vertex 0 -42.25 2.5
      vertex 2.6529 -42.1666 2.5
    endloop
  endfacet
  facet normal -0 0 1
    outer loop
      vertex -2.6529 42.1666 2.5
      vertex 0 -42.25 2.5
      vertex 0 42.25 2.5
    endloop
  endfacet
  facet normal 0 0 1
    outer loop
      vertex -2.6529 42.1666 2.5
      vertex -2.6529 -42.1666 2.5
      vertex 0 -42.25 2.5
    endloop
  endfacet
  facet normal -0 0 1
    outer loop
      vertex -5.29533 41.9168 2.5
      vertex -2.6529 -42.1666 2.5
      vertex -2.6529 42.1666 2.5
    endloop
  endfacet
  facet normal 0 0 1
    outer loop
      vertex -5.29533 41.9168 2.5
      vertex -5.29533 -41.9168 2.5
      vertex -2.6529 -42.1666 2.5
    endloop
  endfacet
  facet normal -0 0 1
    outer loop
      vertex -7.91686 41.5016 2.5
      vertex -5.29533 -41.9168 2.5
      vertex -5.29533 41.9168 2.5
    endloop
  endfacet
  facet normal 0 0 1
    outer loop
      vertex -7.91686 41.5016 2.5
      vertex -7.91686 -41.5016 2.5
      vertex -5.29533 -41.9168 2.5
    endloop
  endfacet
  facet normal -0 0 1
    outer loop
      vertex -10.5071 40.9226 2.5
      vertex -7.91686 -41.5016 2.5
      vertex -7.91686 41.5016 2.5
    endloop
  endfacet
  facet normal 0 0 1
    outer loop
      vertex -10.5071 40.9226 2.5
      vertex -10.5071 -40.9226 2.5
      vertex -7.91686 -41.5016 2.5
    endloop
  endfacet
  facet normal -0 0 1
    outer loop
      vertex -13.056 40.1821 2.5
      vertex -10.5071 -40.9226 2.5
      vertex -10.5071 40.9226 2.5
    endloop
  endfacet
  facet normal 0 0 1
    outer loop
      vertex -13.056 40.1821 2.5
      vertex -13.056 -40.1821 2.5
      vertex -10.5071 -40.9226 2.5
    endloop
  endfacet
  facet normal -0 0 1
    outer loop
      vertex -15.5533 39.2831 2.5
      vertex -13.056 -40.1821 2.5
      vertex -13.056 40.1821 2.5
    endloop
  endfacet
  facet normal 0 0 1
    outer loop
      vertex -15.5533 39.2831 2.5
      vertex -15.5533 -39.2831 2.5
      vertex -13.056 -40.1821 2.5
    endloop
  endfacet
  facet normal -0 0 1
    outer loop
      vertex -17.9892 38.2289 2.5
      vertex -15.5533 -39.2831 2.5
      vertex -15.5533 39.2831 2.5
    endloop
  endfacet
  facet normal 0 0 1
    outer loop
      vertex -17.9892 38.2289 2.5
      vertex -17.9892 -38.2289 2.5
      vertex -15.5533 -39.2831 2.5
    endloop
  endfacet
  facet normal -0 0 1
    outer loop
      vertex -20.3541 37.024 2.5
      vertex -17.9892 -38.2289 2.5
      vertex -17.9892 38.2289 2.5
    endloop
  endfacet
  facet normal 0 0 1
    outer loop
      vertex -20.3541 37.024 2.5
      vertex -20.3541 -37.024 2.5
      vertex -17.9892 -38.2289 2.5
    endloop
  endfacet
  facet normal -0 0 1
    outer loop
      vertex -22.6387 35.6729 2.5
      vertex -20.3541 -37.024 2.5
      vertex -20.3541 37.024 2.5
    endloop
  endfacet
  facet normal 0 0 1
    outer loop
      vertex -22.6387 35.6729 2.5
      vertex -22.6387 -35.6729 2.5
      vertex -20.3541 -37.024 2.5
    endloop
  endfacet
  facet normal -0 0 1
    outer loop
      vertex -24.8339 34.181 2.5
      vertex -22.6387 -35.6729 2.5
      vertex -22.6387 35.6729 2.5
    endloop
  endfacet
  facet normal 0 0 1
    outer loop
      vertex -24.8339 34.181 2.5
      vertex -24.8339 -34.181 2.5
      vertex -22.6387 -35.6729 2.5
    endloop
  endfacet
  facet normal -0 0 1
    outer loop
      vertex -26.9312 32.5542 2.5
      vertex -24.8339 -34.181 2.5
      vertex -24.8339 34.181 2.5
    endloop
  endfacet
  facet normal 0 0 1
    outer loop
      vertex -26.9312 32.5542 2.5
      vertex -26.9312 -32.5542 2.5
      vertex -24.8339 -34.181 2.5
    endloop
  endfacet
  facet normal -0 0 1
    outer loop
      vertex -28.9221 30.7989 2.5
      vertex -26.9312 -32.5542 2.5
      vertex -26.9312 32.5542 2.5
    endloop
  endfacet
  facet normal 0 0 1
    outer loop
      vertex -28.9221 30.7989 2.5
      vertex -28.9221 -30.7989 2.5
      vertex -26.9312 -32.5542 2.5
    endloop
  endfacet
  facet normal -0 0 1
    outer loop
      vertex -30.7989 28.9221 2.5
      vertex -28.9221 -30.7989 2.5
      vertex -28.9221 30.7989 2.5
    endloop
  endfacet
  facet normal 0 0 1
    outer loop
      vertex -30.7989 28.9221 2.5
      vertex -30.7989 -28.9221 2.5
      vertex -28.9221 -30.7989 2.5
    endloop
  endfacet
  facet normal -0 0 1
    outer loop
      vertex -32.5542 26.9312 2.5
      vertex -30.7989 -28.9221 2.5
      vertex -30.7989 28.9221 2.5
    endloop
  endfacet
  facet normal 0 0 1
    outer loop
      vertex -32.5542 26.9312 2.5
      vertex -32.5542 -26.9312 2.5
      vertex -30.7989 -28.9221 2.5
    endloop
  endfacet
  facet normal -0 0 1
    outer loop
      vertex -34.181 24.8339 2.5
      vertex -32.5542 -26.9312 2.5
      vertex -32.5542 26.9312 2.5
    endloop
  endfacet
  facet normal 0 0 1
    outer loop
      vertex -34.181 24.8339 2.5
      vertex -34.181 -24.8339 2.5
      vertex -32.5542 -26.9312 2.5
    endloop
  endfacet
  facet normal -0 0 1
    outer loop
      vertex -35.6729 22.6387 2.5
      vertex -34.181 -24.8339 2.5
      vertex -34.181 24.8339 2.5
    endloop
  endfacet
  facet normal 0 0 1
    outer loop
      vertex -35.6729 22.6387 2.5
      vertex -35.6729 -22.6387 2.5
      vertex -34.181 -24.8339 2.5
    endloop
  endfacet
  facet normal -0 0 1
    outer loop
      vertex -37.024 20.3541 2.5
      vertex -35.6729 -22.6387 2.5
      vertex -35.6729 22.6387 2.5
    endloop
  endfacet
  facet normal 0 0 1
    outer loop
      vertex -37.024 20.3541 2.5
      vertex -37.024 -20.3541 2.5
      vertex -35.6729 -22.6387 2.5
    endloop
  endfacet
  facet normal -0 0 1
    outer loop
      vertex -38.2289 17.9892 2.5
      vertex -37.024 -20.3541 2.5
      vertex -37.024 20.3541 2.5
    endloop
  endfacet
  facet normal 0 0 1
    outer loop
      vertex -38.2289 17.9892 2.5
      vertex -38.2289 -17.9892 2.5
      vertex -37.024 -20.3541 2.5
    endloop
  endfacet
  facet normal -0 0 1
    outer loop
      vertex -39.2831 15.5533 2.5
      vertex -38.2289 -17.9892 2.5
      vertex -38.2289 17.9892 2.5
    endloop
  endfacet
  facet normal 0 0 1
    outer loop
      vertex -39.2831 15.5533 2.5
      vertex -39.2831 -15.5533 2.5
      vertex -38.2289 -17.9892 2.5
    endloop
  endfacet
  facet normal -0 0 1
    outer loop
      vertex -40.1821 13.056 2.5
      vertex -39.2831 -15.5533 2.5
      vertex -39.2831 15.5533 2.5
    endloop
  endfacet
  facet normal 0 0 1
    outer loop
      vertex -40.1821 13.056 2.5
      vertex -40.1821 -13.056 2.5
      vertex -39.2831 -15.5533 2.5
    endloop
  endfacet
  facet normal -0 0 1
    outer loop
      vertex -40.9226 10.5071 2.5
      vertex -40.1821 -13.056 2.5
      vertex -40.1821 13.056 2.5
    endloop
  endfacet
  facet normal 0 0 1
    outer loop
      vertex -40.9226 10.5071 2.5
      vertex -40.9226 -10.5071 2.5
      vertex -40.1821 -13.056 2.5
    endloop
  endfacet
  facet normal -0 0 1
    outer loop
      vertex -41.5016 7.91686 2.5
      vertex -40.9226 -10.5071 2.5
      vertex -40.9226 10.5071 2.5
    endloop
  endfacet
  facet normal 0 0 1
    outer loop
      vertex -41.5016 7.91686 2.5
      vertex -41.5016 -7.91686 2.5
      vertex -40.9226 -10.5071 2.5
    endloop
  endfacet
  facet normal -0 0 1
    outer loop
      vertex -41.9168 5.29533 2.5
      vertex -41.5016 -7.91686 2.5
      vertex -41.5016 7.91686 2.5
    endloop
  endfacet
  facet normal 0 0 1
    outer loop
      vertex -41.9168 5.29533 2.5
      vertex -41.9168 -5.29533 2.5
      vertex -41.5016 -7.91686 2.5
    endloop
  endfacet
  facet normal -0 0 1
    outer loop
      vertex -42.1666 2.6529 2.5
      vertex -41.9168 -5.29533 2.5
      vertex -41.9168 5.29533 2.5
    endloop
  endfacet
  facet normal 0 0 1
    outer loop
      vertex -42.1666 2.6529 2.5
      vertex -42.1666 -2.6529 2.5
      vertex -41.9168 -5.29533 2.5
    endloop
  endfacet
  facet normal 0 -0 1
    outer loop
      vertex -42.1666 -2.6529 2.5
      vertex -42.1666 2.6529 2.5
      vertex -42.25 0 2.5
    endloop
  endfacet
  facet normal 0.995561 0.0941146 0
    outer loop
      vertex 42.1666 2.6529 2.5
      vertex 41.9168 5.29533 0
      vertex 41.9168 5.29533 2.5
    endloop
  endfacet
  facet normal 0.995561 0.0941146 0
    outer loop
      vertex 41.9168 5.29533 0
      vertex 42.1666 2.6529 2.5
      vertex 42.1666 2.6529 0
    endloop
  endfacet
  facet normal 0.999506 0.0314218 0
    outer loop
      vertex 42.25 0 2.5
      vertex 42.1666 2.6529 0
      vertex 42.1666 2.6529 2.5
    endloop
  endfacet
  facet normal 0.999506 0.0314218 0
    outer loop
      vertex 42.1666 2.6529 0
      vertex 42.25 0 2.5
      vertex 42.25 0 0
    endloop
  endfacet
  facet normal -0.940891 -0.33871 0
    outer loop
      vertex -39.2831 -15.5533 0
      vertex -40.1821 -13.056 2.5
      vertex -40.1821 -13.056 0
    endloop
  endfacet
  facet normal -0.940891 -0.33871 0
    outer loop
      vertex -40.1821 -13.056 2.5
      vertex -39.2831 -15.5533 0
      vertex -39.2831 -15.5533 2.5
    endloop
  endfacet
  facet normal 0.218148 -0.975916 0
    outer loop
      vertex 7.91686 -41.5016 0
      vertex 10.5071 -40.9226 2.5
      vertex 7.91686 -41.5016 2.5
    endloop
  endfacet
  facet normal 0.218148 -0.975916 0
    outer loop
      vertex 10.5071 -40.9226 2.5
      vertex 7.91686 -41.5016 0
      vertex 10.5071 -40.9226 0
    endloop
  endfacet
  facet normal -0.0314218 0.999506 0
    outer loop
      vertex 0 42.25 0
      vertex -2.6529 42.1666 2.5
      vertex 0 42.25 2.5
    endloop
  endfacet
  facet normal -0.0314218 0.999506 0
    outer loop
      vertex -2.6529 42.1666 2.5
      vertex 0 42.25 0
      vertex -2.6529 42.1666 0
    endloop
  endfacet
  facet normal -0.999506 -0.0314218 0
    outer loop
      vertex -42.1666 -2.6529 0
      vertex -42.25 0 2.5
      vertex -42.25 0 0
    endloop
  endfacet
  facet normal -0.999506 -0.0314218 0
    outer loop
      vertex -42.25 0 2.5
      vertex -42.1666 -2.6529 0
      vertex -42.1666 -2.6529 2.5
    endloop
  endfacet
  facet normal -0.66133 0.750095 0
    outer loop
      vertex -26.9312 32.5542 0
      vertex -28.9221 30.7989 2.5
      vertex -26.9312 32.5542 2.5
    endloop
  endfacet
  facet normal -0.66133 0.750095 0
    outer loop
      vertex -28.9221 30.7989 2.5
      vertex -26.9312 32.5542 0
      vertex -28.9221 30.7989 0
    endloop
  endfacet
  facet normal -0.999506 0.0314218 0
    outer loop
      vertex -42.25 0 0
      vertex -42.1666 2.6529 2.5
      vertex -42.1666 2.6529 0
    endloop
  endfacet
  facet normal -0.999506 0.0314218 0
    outer loop
      vertex -42.1666 2.6529 2.5
      vertex -42.25 0 0
      vertex -42.25 0 2.5
    endloop
  endfacet
  facet normal -0.750095 -0.66133 0
    outer loop
      vertex -30.7989 -28.9221 0
      vertex -32.5542 -26.9312 2.5
      vertex -32.5542 -26.9312 0
    endloop
  endfacet
  facet normal -0.750095 -0.66133 0
    outer loop
      vertex -32.5542 -26.9312 2.5
      vertex -30.7989 -28.9221 0
      vertex -30.7989 -28.9221 2.5
    endloop
  endfacet
  facet normal 0.66133 0.750095 -0
    outer loop
      vertex 28.9221 30.7989 0
      vertex 26.9312 32.5542 2.5
      vertex 28.9221 30.7989 2.5
    endloop
  endfacet
  facet normal 0.66133 0.750095 0
    outer loop
      vertex 26.9312 32.5542 2.5
      vertex 28.9221 30.7989 0
      vertex 26.9312 32.5542 0
    endloop
  endfacet
  facet normal -0.33871 0.940891 0
    outer loop
      vertex -13.056 40.1821 0
      vertex -15.5533 39.2831 2.5
      vertex -13.056 40.1821 2.5
    endloop
  endfacet
  facet normal -0.33871 0.940891 0
    outer loop
      vertex -15.5533 39.2831 2.5
      vertex -13.056 40.1821 0
      vertex -15.5533 39.2831 0
    endloop
  endfacet
  facet normal -0.790161 -0.612899 0
    outer loop
      vertex -32.5542 -26.9312 0
      vertex -34.181 -24.8339 2.5
      vertex -34.181 -24.8339 0
    endloop
  endfacet
  facet normal -0.790161 -0.612899 0
    outer loop
      vertex -34.181 -24.8339 2.5
      vertex -32.5542 -26.9312 0
      vertex -32.5542 -26.9312 2.5
    endloop
  endfacet
  facet normal 0.33871 -0.940891 0
    outer loop
      vertex 13.056 -40.1821 0
      vertex 15.5533 -39.2831 2.5
      vertex 13.056 -40.1821 2.5
    endloop
  endfacet
  facet normal 0.33871 -0.940891 0
    outer loop
      vertex 15.5533 -39.2831 2.5
      vertex 13.056 -40.1821 0
      vertex 15.5533 -39.2831 0
    endloop
  endfacet
  facet normal -0.995561 -0.0941146 0
    outer loop
      vertex -41.9168 -5.29533 0
      vertex -42.1666 -2.6529 2.5
      vertex -42.1666 -2.6529 0
    endloop
  endfacet
  facet normal -0.995561 -0.0941146 0
    outer loop
      vertex -42.1666 -2.6529 2.5
      vertex -41.9168 -5.29533 0
      vertex -41.9168 -5.29533 2.5
    endloop
  endfacet
  facet normal -0.278983 0.960296 0
    outer loop
      vertex -10.5071 40.9226 0
      vertex -13.056 40.1821 2.5
      vertex -10.5071 40.9226 2.5
    endloop
  endfacet
  facet normal -0.278983 0.960296 0
    outer loop
      vertex -13.056 40.1821 2.5
      vertex -10.5071 40.9226 0
      vertex -13.056 40.1821 0
    endloop
  endfacet
  facet normal 0.750095 -0.66133 0
    outer loop
      vertex 30.7989 -28.9221 2.5
      vertex 32.5542 -26.9312 0
      vertex 32.5542 -26.9312 2.5
    endloop
  endfacet
  facet normal 0.750095 -0.66133 0
    outer loop
      vertex 32.5542 -26.9312 0
      vertex 30.7989 -28.9221 2.5
      vertex 30.7989 -28.9221 0
    endloop
  endfacet
  facet normal -0.156431 -0.987689 0
    outer loop
      vertex -7.91686 -41.5016 0
      vertex -5.29533 -41.9168 2.5
      vertex -7.91686 -41.5016 2.5
    endloop
  endfacet
  facet normal -0.156431 -0.987689 -0
    outer loop
      vertex -5.29533 -41.9168 2.5
      vertex -7.91686 -41.5016 0
      vertex -5.29533 -41.9168 0
    endloop
  endfacet
  facet normal -0.0941146 0.995561 0
    outer loop
      vertex -2.6529 42.1666 0
      vertex -5.29533 41.9168 2.5
      vertex -2.6529 42.1666 2.5
    endloop
  endfacet
  facet normal -0.0941146 0.995561 0
    outer loop
      vertex -5.29533 41.9168 2.5
      vertex -2.6529 42.1666 0
      vertex -5.29533 41.9168 0
    endloop
  endfacet
  facet normal -0.987689 0.156431 0
    outer loop
      vertex -41.9168 5.29533 0
      vertex -41.5016 7.91686 2.5
      vertex -41.5016 7.91686 0
    endloop
  endfacet
  facet normal -0.987689 0.156431 0
    outer loop
      vertex -41.5016 7.91686 2.5
      vertex -41.9168 5.29533 0
      vertex -41.9168 5.29533 2.5
    endloop
  endfacet
  facet normal -0.612899 0.790161 0
    outer loop
      vertex -24.8339 34.181 0
      vertex -26.9312 32.5542 2.5
      vertex -24.8339 34.181 2.5
    endloop
  endfacet
  facet normal -0.612899 0.790161 0
    outer loop
      vertex -26.9312 32.5542 2.5
      vertex -24.8339 34.181 0
      vertex -26.9312 32.5542 0
    endloop
  endfacet
  facet normal 0.707107 0.707107 0
    outer loop
      vertex 30.7989 28.9221 2.5
      vertex 28.9221 30.7989 0
      vertex 28.9221 30.7989 2.5
    endloop
  endfacet
  facet normal 0.707107 0.707107 0
    outer loop
      vertex 28.9221 30.7989 0
      vertex 30.7989 28.9221 2.5
      vertex 30.7989 28.9221 0
    endloop
  endfacet
  facet normal -0.562095 0.827073 0
    outer loop
      vertex -22.6387 35.6729 0
      vertex -24.8339 34.181 2.5
      vertex -22.6387 35.6729 2.5
    endloop
  endfacet
  facet normal -0.562095 0.827073 0
    outer loop
      vertex -24.8339 34.181 2.5
      vertex -22.6387 35.6729 0
      vertex -24.8339 34.181 0
    endloop
  endfacet
  facet normal 0.612899 0.790161 -0
    outer loop
      vertex 26.9312 32.5542 0
      vertex 24.8339 34.181 2.5
      vertex 26.9312 32.5542 2.5
    endloop
  endfacet
  facet normal 0.612899 0.790161 0
    outer loop
      vertex 24.8339 34.181 2.5
      vertex 26.9312 32.5542 0
      vertex 24.8339 34.181 0
    endloop
  endfacet
  facet normal -0.940891 0.33871 0
    outer loop
      vertex -40.1821 13.056 0
      vertex -39.2831 15.5533 2.5
      vertex -39.2831 15.5533 0
    endloop
  endfacet
  facet normal -0.940891 0.33871 0
    outer loop
      vertex -39.2831 15.5533 2.5
      vertex -40.1821 13.056 0
      vertex -40.1821 13.056 2.5
    endloop
  endfacet
  facet normal 0.453968 0.891018 -0
    outer loop
      vertex 20.3541 37.024 0
      vertex 17.9892 38.2289 2.5
      vertex 20.3541 37.024 2.5
    endloop
  endfacet
  facet normal 0.453968 0.891018 0
    outer loop
      vertex 17.9892 38.2289 2.5
      vertex 20.3541 37.024 0
      vertex 17.9892 38.2289 0
    endloop
  endfacet
  facet normal -0.960296 0.278983 0
    outer loop
      vertex -40.9226 10.5071 0
      vertex -40.1821 13.056 2.5
      vertex -40.1821 13.056 0
    endloop
  endfacet
  facet normal -0.960296 0.278983 0
    outer loop
      vertex -40.1821 13.056 2.5
      vertex -40.9226 10.5071 0
      vertex -40.9226 10.5071 2.5
    endloop
  endfacet
  facet normal 0.278983 -0.960296 0
    outer loop
      vertex 10.5071 -40.9226 0
      vertex 13.056 -40.1821 2.5
      vertex 10.5071 -40.9226 2.5
    endloop
  endfacet
  facet normal 0.278983 -0.960296 0
    outer loop
      vertex 13.056 -40.1821 2.5
      vertex 10.5071 -40.9226 0
      vertex 13.056 -40.1821 0
    endloop
  endfacet
  facet normal 0.562095 0.827073 -0
    outer loop
      vertex 24.8339 34.181 0
      vertex 22.6387 35.6729 2.5
      vertex 24.8339 34.181 2.5
    endloop
  endfacet
  facet normal 0.562095 0.827073 0
    outer loop
      vertex 22.6387 35.6729 2.5
      vertex 24.8339 34.181 0
      vertex 22.6387 35.6729 0
    endloop
  endfacet
  facet normal 0.960296 0.278983 0
    outer loop
      vertex 40.9226 10.5071 2.5
      vertex 40.1821 13.056 0
      vertex 40.1821 13.056 2.5
    endloop
  endfacet
  facet normal 0.960296 0.278983 0
    outer loop
      vertex 40.1821 13.056 0
      vertex 40.9226 10.5071 2.5
      vertex 40.9226 10.5071 0
    endloop
  endfacet
  facet normal -0.987689 -0.156431 0
    outer loop
      vertex -41.5016 -7.91686 0
      vertex -41.9168 -5.29533 2.5
      vertex -41.9168 -5.29533 0
    endloop
  endfacet
  facet normal -0.987689 -0.156431 0
    outer loop
      vertex -41.9168 -5.29533 2.5
      vertex -41.5016 -7.91686 0
      vertex -41.5016 -7.91686 2.5
    endloop
  endfacet
  facet normal -0.453968 -0.891018 0
    outer loop
      vertex -20.3541 -37.024 0
      vertex -17.9892 -38.2289 2.5
      vertex -20.3541 -37.024 2.5
    endloop
  endfacet
  facet normal -0.453968 -0.891018 -0
    outer loop
      vertex -17.9892 -38.2289 2.5
      vertex -20.3541 -37.024 0
      vertex -17.9892 -38.2289 0
    endloop
  endfacet
  facet normal -0.707107 -0.707107 0
    outer loop
      vertex -28.9221 -30.7989 0
      vertex -30.7989 -28.9221 2.5
      vertex -30.7989 -28.9221 0
    endloop
  endfacet
  facet normal -0.707107 -0.707107 0
    outer loop
      vertex -30.7989 -28.9221 2.5
      vertex -28.9221 -30.7989 0
      vertex -28.9221 -30.7989 2.5
    endloop
  endfacet
  facet normal 0.562095 -0.827073 0
    outer loop
      vertex 22.6387 -35.6729 0
      vertex 24.8339 -34.181 2.5
      vertex 22.6387 -35.6729 2.5
    endloop
  endfacet
  facet normal 0.562095 -0.827073 0
    outer loop
      vertex 24.8339 -34.181 2.5
      vertex 22.6387 -35.6729 0
      vertex 24.8339 -34.181 0
    endloop
  endfacet
  facet normal 0.0941146 0.995561 -0
    outer loop
      vertex 5.29533 41.9168 0
      vertex 2.6529 42.1666 2.5
      vertex 5.29533 41.9168 2.5
    endloop
  endfacet
  facet normal 0.0941146 0.995561 0
    outer loop
      vertex 2.6529 42.1666 2.5
      vertex 5.29533 41.9168 0
      vertex 2.6529 42.1666 0
    endloop
  endfacet
  facet normal 0.156431 -0.987689 0
    outer loop
      vertex 5.29533 -41.9168 0
      vertex 7.91686 -41.5016 2.5
      vertex 5.29533 -41.9168 2.5
    endloop
  endfacet
  facet normal 0.156431 -0.987689 0
    outer loop
      vertex 7.91686 -41.5016 2.5
      vertex 5.29533 -41.9168 0
      vertex 7.91686 -41.5016 0
    endloop
  endfacet
  facet normal 0.66133 -0.750095 0
    outer loop
      vertex 26.9312 -32.5542 0
      vertex 28.9221 -30.7989 2.5
      vertex 26.9312 -32.5542 2.5
    endloop
  endfacet
  facet normal 0.66133 -0.750095 0
    outer loop
      vertex 28.9221 -30.7989 2.5
      vertex 26.9312 -32.5542 0
      vertex 28.9221 -30.7989 0
    endloop
  endfacet
  facet normal -0.218148 0.975916 0
    outer loop
      vertex -7.91686 41.5016 0
      vertex -10.5071 40.9226 2.5
      vertex -7.91686 41.5016 2.5
    endloop
  endfacet
  facet normal -0.218148 0.975916 0
    outer loop
      vertex -10.5071 40.9226 2.5
      vertex -7.91686 41.5016 0
      vertex -10.5071 40.9226 0
    endloop
  endfacet
  facet normal 0.397177 0.917742 -0
    outer loop
      vertex 17.9892 38.2289 0
      vertex 15.5533 39.2831 2.5
      vertex 17.9892 38.2289 2.5
    endloop
  endfacet
  facet normal 0.397177 0.917742 0
    outer loop
      vertex 15.5533 39.2831 2.5
      vertex 17.9892 38.2289 0
      vertex 15.5533 39.2831 0
    endloop
  endfacet
  facet normal 0.827073 0.562095 0
    outer loop
      vertex 35.6729 22.6387 2.5
      vertex 34.181 24.8339 0
      vertex 34.181 24.8339 2.5
    endloop
  endfacet
  facet normal 0.827073 0.562095 0
    outer loop
      vertex 34.181 24.8339 0
      vertex 35.6729 22.6387 2.5
      vertex 35.6729 22.6387 0
    endloop
  endfacet
  facet normal -0.612899 -0.790161 0
    outer loop
      vertex -26.9312 -32.5542 0
      vertex -24.8339 -34.181 2.5
      vertex -26.9312 -32.5542 2.5
    endloop
  endfacet
  facet normal -0.612899 -0.790161 -0
    outer loop
      vertex -24.8339 -34.181 2.5
      vertex -26.9312 -32.5542 0
      vertex -24.8339 -34.181 0
    endloop
  endfacet
  facet normal 0.891018 0.453968 0
    outer loop
      vertex 38.2289 17.9892 2.5
      vertex 37.024 20.3541 0
      vertex 37.024 20.3541 2.5
    endloop
  endfacet
  facet normal 0.891018 0.453968 0
    outer loop
      vertex 37.024 20.3541 0
      vertex 38.2289 17.9892 2.5
      vertex 38.2289 17.9892 0
    endloop
  endfacet
  facet normal 0.0941146 -0.995561 0
    outer loop
      vertex 2.6529 -42.1666 0
      vertex 5.29533 -41.9168 2.5
      vertex 2.6529 -42.1666 2.5
    endloop
  endfacet
  facet normal 0.0941146 -0.995561 0
    outer loop
      vertex 5.29533 -41.9168 2.5
      vertex 2.6529 -42.1666 0
      vertex 5.29533 -41.9168 0
    endloop
  endfacet
  facet normal 0.917742 0.397177 0
    outer loop
      vertex 39.2831 15.5533 2.5
      vertex 38.2289 17.9892 0
      vertex 38.2289 17.9892 2.5
    endloop
  endfacet
  facet normal 0.917742 0.397177 0
    outer loop
      vertex 38.2289 17.9892 0
      vertex 39.2831 15.5533 2.5
      vertex 39.2831 15.5533 0
    endloop
  endfacet
  facet normal -0.827073 0.562095 0
    outer loop
      vertex -35.6729 22.6387 0
      vertex -34.181 24.8339 2.5
      vertex -34.181 24.8339 0
    endloop
  endfacet
  facet normal -0.827073 0.562095 0
    outer loop
      vertex -34.181 24.8339 2.5
      vertex -35.6729 22.6387 0
      vertex -35.6729 22.6387 2.5
    endloop
  endfacet
  facet normal 0.0314218 0.999506 -0
    outer loop
      vertex 2.6529 42.1666 0
      vertex 0 42.25 2.5
      vertex 2.6529 42.1666 2.5
    endloop
  endfacet
  facet normal 0.0314218 0.999506 0
    outer loop
      vertex 0 42.25 2.5
      vertex 2.6529 42.1666 0
      vertex 0 42.25 0
    endloop
  endfacet
  facet normal 0.509039 0.860743 -0
    outer loop
      vertex 22.6387 35.6729 0
      vertex 20.3541 37.024 2.5
      vertex 22.6387 35.6729 2.5
    endloop
  endfacet
  facet normal 0.509039 0.860743 0
    outer loop
      vertex 20.3541 37.024 2.5
      vertex 22.6387 35.6729 0
      vertex 20.3541 37.024 0
    endloop
  endfacet
  facet normal 0.790161 -0.612899 0
    outer loop
      vertex 32.5542 -26.9312 2.5
      vertex 34.181 -24.8339 0
      vertex 34.181 -24.8339 2.5
    endloop
  endfacet
  facet normal 0.790161 -0.612899 0
    outer loop
      vertex 34.181 -24.8339 0
      vertex 32.5542 -26.9312 2.5
      vertex 32.5542 -26.9312 0
    endloop
  endfacet
  facet normal -0.917742 -0.397177 0
    outer loop
      vertex -38.2289 -17.9892 0
      vertex -39.2831 -15.5533 2.5
      vertex -39.2831 -15.5533 0
    endloop
  endfacet
  facet normal -0.917742 -0.397177 0
    outer loop
      vertex -39.2831 -15.5533 2.5
      vertex -38.2289 -17.9892 0
      vertex -38.2289 -17.9892 2.5
    endloop
  endfacet
  facet normal 0.0314218 -0.999506 0
    outer loop
      vertex 0 -42.25 0
      vertex 2.6529 -42.1666 2.5
      vertex 0 -42.25 2.5
    endloop
  endfacet
  facet normal 0.0314218 -0.999506 0
    outer loop
      vertex 2.6529 -42.1666 2.5
      vertex 0 -42.25 0
      vertex 2.6529 -42.1666 0
    endloop
  endfacet
  facet normal 0.995561 -0.0941146 0
    outer loop
      vertex 41.9168 -5.29533 2.5
      vertex 42.1666 -2.6529 0
      vertex 42.1666 -2.6529 2.5
    endloop
  endfacet
  facet normal 0.995561 -0.0941146 0
    outer loop
      vertex 42.1666 -2.6529 0
      vertex 41.9168 -5.29533 2.5
      vertex 41.9168 -5.29533 0
    endloop
  endfacet
  facet normal -0.156431 0.987689 0
    outer loop
      vertex -5.29533 41.9168 0
      vertex -7.91686 41.5016 2.5
      vertex -5.29533 41.9168 2.5
    endloop
  endfacet
  facet normal -0.156431 0.987689 0
    outer loop
      vertex -7.91686 41.5016 2.5
      vertex -5.29533 41.9168 0
      vertex -7.91686 41.5016 0
    endloop
  endfacet
  facet normal 0.750095 0.66133 0
    outer loop
      vertex 32.5542 26.9312 2.5
      vertex 30.7989 28.9221 0
      vertex 30.7989 28.9221 2.5
    endloop
  endfacet
  facet normal 0.750095 0.66133 0
    outer loop
      vertex 30.7989 28.9221 0
      vertex 32.5542 26.9312 2.5
      vertex 32.5542 26.9312 0
    endloop
  endfacet
  facet normal -0.707107 0.707107 0
    outer loop
      vertex -30.7989 28.9221 0
      vertex -28.9221 30.7989 2.5
      vertex -28.9221 30.7989 0
    endloop
  endfacet
  facet normal -0.707107 0.707107 0
    outer loop
      vertex -28.9221 30.7989 2.5
      vertex -30.7989 28.9221 0
      vertex -30.7989 28.9221 2.5
    endloop
  endfacet
  facet normal 0.860743 -0.509039 0
    outer loop
      vertex 35.6729 -22.6387 2.5
      vertex 37.024 -20.3541 0
      vertex 37.024 -20.3541 2.5
    endloop
  endfacet
  facet normal 0.860743 -0.509039 0
    outer loop
      vertex 37.024 -20.3541 0
      vertex 35.6729 -22.6387 2.5
      vertex 35.6729 -22.6387 0
    endloop
  endfacet
  facet normal -0.0941146 -0.995561 0
    outer loop
      vertex -5.29533 -41.9168 0
      vertex -2.6529 -42.1666 2.5
      vertex -5.29533 -41.9168 2.5
    endloop
  endfacet
  facet normal -0.0941146 -0.995561 -0
    outer loop
      vertex -2.6529 -42.1666 2.5
      vertex -5.29533 -41.9168 0
      vertex -2.6529 -42.1666 0
    endloop
  endfacet
  facet normal 0.987689 -0.156431 0
    outer loop
      vertex 41.5016 -7.91686 2.5
      vertex 41.9168 -5.29533 0
      vertex 41.9168 -5.29533 2.5
    endloop
  endfacet
  facet normal 0.987689 -0.156431 0
    outer loop
      vertex 41.9168 -5.29533 0
      vertex 41.5016 -7.91686 2.5
      vertex 41.5016 -7.91686 0
    endloop
  endfacet
  facet normal 0.975916 -0.218148 0
    outer loop
      vertex 40.9226 -10.5071 2.5
      vertex 41.5016 -7.91686 0
      vertex 41.5016 -7.91686 2.5
    endloop
  endfacet
  facet normal 0.975916 -0.218148 0
    outer loop
      vertex 41.5016 -7.91686 0
      vertex 40.9226 -10.5071 2.5
      vertex 40.9226 -10.5071 0
    endloop
  endfacet
  facet normal -0.960296 -0.278983 0
    outer loop
      vertex -40.1821 -13.056 0
      vertex -40.9226 -10.5071 2.5
      vertex -40.9226 -10.5071 0
    endloop
  endfacet
  facet normal -0.960296 -0.278983 0
    outer loop
      vertex -40.9226 -10.5071 2.5
      vertex -40.1821 -13.056 0
      vertex -40.1821 -13.056 2.5
    endloop
  endfacet
  facet normal 0.453968 -0.891018 0
    outer loop
      vertex 17.9892 -38.2289 0
      vertex 20.3541 -37.024 2.5
      vertex 17.9892 -38.2289 2.5
    endloop
  endfacet
  facet normal 0.453968 -0.891018 0
    outer loop
      vertex 20.3541 -37.024 2.5
      vertex 17.9892 -38.2289 0
      vertex 20.3541 -37.024 0
    endloop
  endfacet
  facet normal 0.33871 0.940891 -0
    outer loop
      vertex 15.5533 39.2831 0
      vertex 13.056 40.1821 2.5
      vertex 15.5533 39.2831 2.5
    endloop
  endfacet
  facet normal 0.33871 0.940891 0
    outer loop
      vertex 13.056 40.1821 2.5
      vertex 15.5533 39.2831 0
      vertex 13.056 40.1821 0
    endloop
  endfacet
  facet normal -0.975916 -0.218148 0
    outer loop
      vertex -40.9226 -10.5071 0
      vertex -41.5016 -7.91686 2.5
      vertex -41.5016 -7.91686 0
    endloop
  endfacet
  facet normal -0.975916 -0.218148 0
    outer loop
      vertex -41.5016 -7.91686 2.5
      vertex -40.9226 -10.5071 0
      vertex -40.9226 -10.5071 2.5
    endloop
  endfacet
  facet normal 0.940891 0.33871 0
    outer loop
      vertex 40.1821 13.056 2.5
      vertex 39.2831 15.5533 0
      vertex 39.2831 15.5533 2.5
    endloop
  endfacet
  facet normal 0.940891 0.33871 0
    outer loop
      vertex 39.2831 15.5533 0
      vertex 40.1821 13.056 2.5
      vertex 40.1821 13.056 0
    endloop
  endfacet
  facet normal 0.917742 -0.397177 0
    outer loop
      vertex 38.2289 -17.9892 2.5
      vertex 39.2831 -15.5533 0
      vertex 39.2831 -15.5533 2.5
    endloop
  endfacet
  facet normal 0.917742 -0.397177 0
    outer loop
      vertex 39.2831 -15.5533 0
      vertex 38.2289 -17.9892 2.5
      vertex 38.2289 -17.9892 0
    endloop
  endfacet
  facet normal -0.975916 0.218148 0
    outer loop
      vertex -41.5016 7.91686 0
      vertex -40.9226 10.5071 2.5
      vertex -40.9226 10.5071 0
    endloop
  endfacet
  facet normal -0.975916 0.218148 0
    outer loop
      vertex -40.9226 10.5071 2.5
      vertex -41.5016 7.91686 0
      vertex -41.5016 7.91686 2.5
    endloop
  endfacet
  facet normal -0.509039 0.860743 0
    outer loop
      vertex -20.3541 37.024 0
      vertex -22.6387 35.6729 2.5
      vertex -20.3541 37.024 2.5
    endloop
  endfacet
  facet normal -0.509039 0.860743 0
    outer loop
      vertex -22.6387 35.6729 2.5
      vertex -20.3541 37.024 0
      vertex -22.6387 35.6729 0
    endloop
  endfacet
  facet normal -0.453968 0.891018 0
    outer loop
      vertex -17.9892 38.2289 0
      vertex -20.3541 37.024 2.5
      vertex -17.9892 38.2289 2.5
    endloop
  endfacet
  facet normal -0.453968 0.891018 0
    outer loop
      vertex -20.3541 37.024 2.5
      vertex -17.9892 38.2289 0
      vertex -20.3541 37.024 0
    endloop
  endfacet
  facet normal -0.397177 0.917742 0
    outer loop
      vertex -15.5533 39.2831 0
      vertex -17.9892 38.2289 2.5
      vertex -15.5533 39.2831 2.5
    endloop
  endfacet
  facet normal -0.397177 0.917742 0
    outer loop
      vertex -17.9892 38.2289 2.5
      vertex -15.5533 39.2831 0
      vertex -17.9892 38.2289 0
    endloop
  endfacet
  facet normal 0.940891 -0.33871 0
    outer loop
      vertex 39.2831 -15.5533 2.5
      vertex 40.1821 -13.056 0
      vertex 40.1821 -13.056 2.5
    endloop
  endfacet
  facet normal 0.940891 -0.33871 0
    outer loop
      vertex 40.1821 -13.056 0
      vertex 39.2831 -15.5533 2.5
      vertex 39.2831 -15.5533 0
    endloop
  endfacet
  facet normal 0.860743 0.509039 0
    outer loop
      vertex 37.024 20.3541 2.5
      vertex 35.6729 22.6387 0
      vertex 35.6729 22.6387 2.5
    endloop
  endfacet
  facet normal 0.860743 0.509039 0
    outer loop
      vertex 35.6729 22.6387 0
      vertex 37.024 20.3541 2.5
      vertex 37.024 20.3541 0
    endloop
  endfacet
  facet normal 0.975916 0.218148 0
    outer loop
      vertex 41.5016 7.91686 2.5
      vertex 40.9226 10.5071 0
      vertex 40.9226 10.5071 2.5
    endloop
  endfacet
  facet normal 0.975916 0.218148 0
    outer loop
      vertex 40.9226 10.5071 0
      vertex 41.5016 7.91686 2.5
      vertex 41.5016 7.91686 0
    endloop
  endfacet
  facet normal -0.860743 0.509039 0
    outer loop
      vertex -37.024 20.3541 0
      vertex -35.6729 22.6387 2.5
      vertex -35.6729 22.6387 0
    endloop
  endfacet
  facet normal -0.860743 0.509039 0
    outer loop
      vertex -35.6729 22.6387 2.5
      vertex -37.024 20.3541 0
      vertex -37.024 20.3541 2.5
    endloop
  endfacet
  facet normal -0.917742 0.397177 0
    outer loop
      vertex -39.2831 15.5533 0
      vertex -38.2289 17.9892 2.5
      vertex -38.2289 17.9892 0
    endloop
  endfacet
  facet normal -0.917742 0.397177 0
    outer loop
      vertex -38.2289 17.9892 2.5
      vertex -39.2831 15.5533 0
      vertex -39.2831 15.5533 2.5
    endloop
  endfacet
  facet normal 0.987689 0.156431 0
    outer loop
      vertex 41.9168 5.29533 2.5
      vertex 41.5016 7.91686 0
      vertex 41.5016 7.91686 2.5
    endloop
  endfacet
  facet normal 0.987689 0.156431 0
    outer loop
      vertex 41.5016 7.91686 0
      vertex 41.9168 5.29533 2.5
      vertex 41.9168 5.29533 0
    endloop
  endfacet
  facet normal 0.827073 -0.562095 0
    outer loop
      vertex 34.181 -24.8339 2.5
      vertex 35.6729 -22.6387 0
      vertex 35.6729 -22.6387 2.5
    endloop
  endfacet
  facet normal 0.827073 -0.562095 0
    outer loop
      vertex 35.6729 -22.6387 0
      vertex 34.181 -24.8339 2.5
      vertex 34.181 -24.8339 0
    endloop
  endfacet
  facet normal -0.509039 -0.860743 0
    outer loop
      vertex -22.6387 -35.6729 0
      vertex -20.3541 -37.024 2.5
      vertex -22.6387 -35.6729 2.5
    endloop
  endfacet
  facet normal -0.509039 -0.860743 -0
    outer loop
      vertex -20.3541 -37.024 2.5
      vertex -22.6387 -35.6729 0
      vertex -20.3541 -37.024 0
    endloop
  endfacet
  facet normal -0.790161 0.612899 0
    outer loop
      vertex -34.181 24.8339 0
      vertex -32.5542 26.9312 2.5
      vertex -32.5542 26.9312 0
    endloop
  endfacet
  facet normal -0.790161 0.612899 0
    outer loop
      vertex -32.5542 26.9312 2.5
      vertex -34.181 24.8339 0
      vertex -34.181 24.8339 2.5
    endloop
  endfacet
  facet normal -0.66133 -0.750095 0
    outer loop
      vertex -28.9221 -30.7989 0
      vertex -26.9312 -32.5542 2.5
      vertex -28.9221 -30.7989 2.5
    endloop
  endfacet
  facet normal -0.66133 -0.750095 -0
    outer loop
      vertex -26.9312 -32.5542 2.5
      vertex -28.9221 -30.7989 0
      vertex -26.9312 -32.5542 0
    endloop
  endfacet
  facet normal 0.156431 0.987689 -0
    outer loop
      vertex 7.91686 41.5016 0
      vertex 5.29533 41.9168 2.5
      vertex 7.91686 41.5016 2.5
    endloop
  endfacet
  facet normal 0.156431 0.987689 0
    outer loop
      vertex 5.29533 41.9168 2.5
      vertex 7.91686 41.5016 0
      vertex 5.29533 41.9168 0
    endloop
  endfacet
  facet normal 0.891018 -0.453968 0
    outer loop
      vertex 37.024 -20.3541 2.5
      vertex 38.2289 -17.9892 0
      vertex 38.2289 -17.9892 2.5
    endloop
  endfacet
  facet normal 0.891018 -0.453968 0
    outer loop
      vertex 38.2289 -17.9892 0
      vertex 37.024 -20.3541 2.5
      vertex 37.024 -20.3541 0
    endloop
  endfacet
  facet normal -0.218148 -0.975916 0
    outer loop
      vertex -10.5071 -40.9226 0
      vertex -7.91686 -41.5016 2.5
      vertex -10.5071 -40.9226 2.5
    endloop
  endfacet
  facet normal -0.218148 -0.975916 -0
    outer loop
      vertex -7.91686 -41.5016 2.5
      vertex -10.5071 -40.9226 0
      vertex -7.91686 -41.5016 0
    endloop
  endfacet
  facet normal -0.278983 -0.960296 0
    outer loop
      vertex -13.056 -40.1821 0
      vertex -10.5071 -40.9226 2.5
      vertex -13.056 -40.1821 2.5
    endloop
  endfacet
  facet normal -0.278983 -0.960296 -0
    outer loop
      vertex -10.5071 -40.9226 2.5
      vertex -13.056 -40.1821 0
      vertex -10.5071 -40.9226 0
    endloop
  endfacet
  facet normal -0.750095 0.66133 0
    outer loop
      vertex -32.5542 26.9312 0
      vertex -30.7989 28.9221 2.5
      vertex -30.7989 28.9221 0
    endloop
  endfacet
  facet normal -0.750095 0.66133 0
    outer loop
      vertex -30.7989 28.9221 2.5
      vertex -32.5542 26.9312 0
      vertex -32.5542 26.9312 2.5
    endloop
  endfacet
  facet normal 0.707107 -0.707107 0
    outer loop
      vertex 28.9221 -30.7989 2.5
      vertex 30.7989 -28.9221 0
      vertex 30.7989 -28.9221 2.5
    endloop
  endfacet
  facet normal 0.707107 -0.707107 0
    outer loop
      vertex 30.7989 -28.9221 0
      vertex 28.9221 -30.7989 2.5
      vertex 28.9221 -30.7989 0
    endloop
  endfacet
  facet normal 0.278983 0.960296 -0
    outer loop
      vertex 13.056 40.1821 0
      vertex 10.5071 40.9226 2.5
      vertex 13.056 40.1821 2.5
    endloop
  endfacet
  facet normal 0.278983 0.960296 0
    outer loop
      vertex 10.5071 40.9226 2.5
      vertex 13.056 40.1821 0
      vertex 10.5071 40.9226 0
    endloop
  endfacet
  facet normal -0.860743 -0.509039 0
    outer loop
      vertex -35.6729 -22.6387 0
      vertex -37.024 -20.3541 2.5
      vertex -37.024 -20.3541 0
    endloop
  endfacet
  facet normal -0.860743 -0.509039 0
    outer loop
      vertex -37.024 -20.3541 2.5
      vertex -35.6729 -22.6387 0
      vertex -35.6729 -22.6387 2.5
    endloop
  endfacet
  facet normal 0.999506 -0.0314218 0
    outer loop
      vertex 42.1666 -2.6529 2.5
      vertex 42.25 0 0
      vertex 42.25 0 2.5
    endloop
  endfacet
  facet normal 0.999506 -0.0314218 0
    outer loop
      vertex 42.25 0 0
      vertex 42.1666 -2.6529 2.5
      vertex 42.1666 -2.6529 0
    endloop
  endfacet
  facet normal -0.0314218 -0.999506 0
    outer loop
      vertex -2.6529 -42.1666 0
      vertex 0 -42.25 2.5
      vertex -2.6529 -42.1666 2.5
    endloop
  endfacet
  facet normal -0.0314218 -0.999506 -0
    outer loop
      vertex 0 -42.25 2.5
      vertex -2.6529 -42.1666 0
      vertex 0 -42.25 0
    endloop
  endfacet
  facet normal 0.509039 -0.860743 0
    outer loop
      vertex 20.3541 -37.024 0
      vertex 22.6387 -35.6729 2.5
      vertex 20.3541 -37.024 2.5
    endloop
  endfacet
  facet normal 0.509039 -0.860743 0
    outer loop
      vertex 22.6387 -35.6729 2.5
      vertex 20.3541 -37.024 0
      vertex 22.6387 -35.6729 0
    endloop
  endfacet
  facet normal 0.960296 -0.278983 0
    outer loop
      vertex 40.1821 -13.056 2.5
      vertex 40.9226 -10.5071 0
      vertex 40.9226 -10.5071 2.5
    endloop
  endfacet
  facet normal 0.960296 -0.278983 0
    outer loop
      vertex 40.9226 -10.5071 0
      vertex 40.1821 -13.056 2.5
      vertex 40.1821 -13.056 0
    endloop
  endfacet
  facet normal 0.790161 0.612899 0
    outer loop
      vertex 34.181 24.8339 2.5
      vertex 32.5542 26.9312 0
      vertex 32.5542 26.9312 2.5
    endloop
  endfacet
  facet normal 0.790161 0.612899 0
    outer loop
      vertex 32.5542 26.9312 0
      vertex 34.181 24.8339 2.5
      vertex 34.181 24.8339 0
    endloop
  endfacet
  facet normal -0.827073 -0.562095 0
    outer loop
      vertex -34.181 -24.8339 0
      vertex -35.6729 -22.6387 2.5
      vertex -35.6729 -22.6387 0
    endloop
  endfacet
  facet normal -0.827073 -0.562095 0
    outer loop
      vertex -35.6729 -22.6387 2.5
      vertex -34.181 -24.8339 0
      vertex -34.181 -24.8339 2.5
    endloop
  endfacet
  facet normal 0.612899 -0.790161 0
    outer loop
      vertex 24.8339 -34.181 0
      vertex 26.9312 -32.5542 2.5
      vertex 24.8339 -34.181 2.5
    endloop
  endfacet
  facet normal 0.612899 -0.790161 0
    outer loop
      vertex 26.9312 -32.5542 2.5
      vertex 24.8339 -34.181 0
      vertex 26.9312 -32.5542 0
    endloop
  endfacet
  facet normal 0.397177 -0.917742 0
    outer loop
      vertex 15.5533 -39.2831 0
      vertex 17.9892 -38.2289 2.5
      vertex 15.5533 -39.2831 2.5
    endloop
  endfacet
  facet normal 0.397177 -0.917742 0
    outer loop
      vertex 17.9892 -38.2289 2.5
      vertex 15.5533 -39.2831 0
      vertex 17.9892 -38.2289 0
    endloop
  endfacet
  facet normal -0.891018 0.453968 0
    outer loop
      vertex -38.2289 17.9892 0
      vertex -37.024 20.3541 2.5
      vertex -37.024 20.3541 0
    endloop
  endfacet
  facet normal -0.891018 0.453968 0
    outer loop
      vertex -37.024 20.3541 2.5
      vertex -38.2289 17.9892 0
      vertex -38.2289 17.9892 2.5
    endloop
  endfacet
  facet normal -0.995561 0.0941146 0
    outer loop
      vertex -42.1666 2.6529 0
      vertex -41.9168 5.29533 2.5
      vertex -41.9168 5.29533 0
    endloop
  endfacet
  facet normal -0.995561 0.0941146 0
    outer loop
      vertex -41.9168 5.29533 2.5
      vertex -42.1666 2.6529 0
      vertex -42.1666 2.6529 2.5
    endloop
  endfacet
  facet normal -0.397177 -0.917742 0
    outer loop
      vertex -17.9892 -38.2289 0
      vertex -15.5533 -39.2831 2.5
      vertex -17.9892 -38.2289 2.5
    endloop
  endfacet
  facet normal -0.397177 -0.917742 -0
    outer loop
      vertex -15.5533 -39.2831 2.5
      vertex -17.9892 -38.2289 0
      vertex -15.5533 -39.2831 0
    endloop
  endfacet
  facet normal -0.33871 -0.940891 0
    outer loop
      vertex -15.5533 -39.2831 0
      vertex -13.056 -40.1821 2.5
      vertex -15.5533 -39.2831 2.5
    endloop
  endfacet
  facet normal -0.33871 -0.940891 -0
    outer loop
      vertex -13.056 -40.1821 2.5
      vertex -15.5533 -39.2831 0
      vertex -13.056 -40.1821 0
    endloop
  endfacet
  facet normal 0.218148 0.975916 -0
    outer loop
      vertex 10.5071 40.9226 0
      vertex 7.91686 41.5016 2.5
      vertex 10.5071 40.9226 2.5
    endloop
  endfacet
  facet normal 0.218148 0.975916 0
    outer loop
      vertex 7.91686 41.5016 2.5
      vertex 10.5071 40.9226 0
      vertex 7.91686 41.5016 0
    endloop
  endfacet
  facet normal -0.891018 -0.453968 0
    outer loop
      vertex -37.024 -20.3541 0
      vertex -38.2289 -17.9892 2.5
      vertex -38.2289 -17.9892 0
    endloop
  endfacet
  facet normal -0.891018 -0.453968 0
    outer loop
      vertex -38.2289 -17.9892 2.5
      vertex -37.024 -20.3541 0
      vertex -37.024 -20.3541 2.5
    endloop
  endfacet
  facet normal -0.562095 -0.827073 0
    outer loop
      vertex -24.8339 -34.181 0
      vertex -22.6387 -35.6729 2.5
      vertex -24.8339 -34.181 2.5
    endloop
  endfacet
  facet normal -0.562095 -0.827073 -0
    outer loop
      vertex -22.6387 -35.6729 2.5
      vertex -24.8339 -34.181 0
      vertex -22.6387 -35.6729 0
    endloop
  endfacet
  facet normal 0 -0.891005 0.453994
    outer loop
      vertex 42.4619 1.21352 9.11832
      vertex 44.9552 1.42658 9.53647
      vertex 42.4552 1.42658 9.53647
    endloop
  endfacet
  facet normal 0 -0.891005 0.453994
    outer loop
      vertex 44.9552 1.42658 9.53647
      vertex 42.4619 1.21352 9.11832
      vertex 44.9619 1.21352 9.11832
    endloop
  endfacet
  facet normal 0 -0.707115 0.707098
    outer loop
      vertex 42.4723 0.881678 8.78647
      vertex 44.9619 1.21352 9.11832
      vertex 42.4619 1.21352 9.11832
    endloop
  endfacet
  facet normal 0 -0.707115 0.707098
    outer loop
      vertex 44.9619 1.21352 9.11832
      vertex 42.4723 0.881678 8.78647
      vertex 44.9723 0.881678 8.78647
    endloop
  endfacet
  facet normal -0 -0.891027 -0.453951
    outer loop
      vertex 44.9552 1.42658 10.4635
      vertex 42.4619 1.21352 10.8817
      vertex 42.4552 1.42658 10.4635
    endloop
  endfacet
  facet normal 0 -0.891027 -0.453951
    outer loop
      vertex 42.4619 1.21352 10.8817
      vertex 44.9552 1.42658 10.4635
      vertex 44.9619 1.21352 10.8817
    endloop
  endfacet
  facet normal 0 0.891027 -0.453951
    outer loop
      vertex 44.9552 -1.42658 10.4635
      vertex 42.4619 -1.21352 10.8817
      vertex 44.9619 -1.21352 10.8817
    endloop
  endfacet
  facet normal 0 0.891027 -0.453951
    outer loop
      vertex 42.4619 -1.21352 10.8817
      vertex 44.9552 -1.42658 10.4635
      vertex 42.4552 -1.42658 10.4635
    endloop
  endfacet
  facet normal 0 -0.156424 0.98769
    outer loop
      vertex 44.9854 0.463525 8.57341
      vertex 42.5 0 8.5
      vertex 45 0 8.5
    endloop
  endfacet
  facet normal 0 -0.156424 0.98769
    outer loop
      vertex 42.5 0 8.5
      vertex 44.9854 0.463525 8.57341
      vertex 42.4854 0.463525 8.57341
    endloop
  endfacet
  facet normal 0 -0.454059 -0.890972
    outer loop
      vertex 42.4854 0.463525 11.4266
      vertex 44.9723 0.881678 11.2135
      vertex 44.9854 0.463525 11.4266
    endloop
  endfacet
  facet normal -0 -0.454059 -0.890972
    outer loop
      vertex 44.9723 0.881678 11.2135
      vertex 42.4854 0.463525 11.4266
      vertex 42.4723 0.881678 11.2135
    endloop
  endfacet
  facet normal -0 0.156424 0.98769
    outer loop
      vertex 42.5 0 8.5
      vertex 44.9854 -0.463525 8.57341
      vertex 45 0 8.5
    endloop
  endfacet
  facet normal 0 0.156424 0.98769
    outer loop
      vertex 44.9854 -0.463525 8.57341
      vertex 42.5 0 8.5
      vertex 42.4854 -0.463525 8.57341
    endloop
  endfacet
  facet normal 0 0.987687 0.156443
    outer loop
      vertex 44.9552 -1.42658 9.53647
      vertex 42.4529 -1.5 10
      vertex 44.9529 -1.5 10
    endloop
  endfacet
  facet normal 0 0.987687 0.156443
    outer loop
      vertex 42.4529 -1.5 10
      vertex 44.9552 -1.42658 9.53647
      vertex 42.4552 -1.42658 9.53647
    endloop
  endfacet
  facet normal 0 -0.453991 0.891006
    outer loop
      vertex 44.9723 0.881678 8.78647
      vertex 42.4854 0.463525 8.57341
      vertex 44.9854 0.463525 8.57341
    endloop
  endfacet
  facet normal 0 -0.453991 0.891006
    outer loop
      vertex 42.4854 0.463525 8.57341
      vertex 44.9723 0.881678 8.78647
      vertex 42.4723 0.881678 8.78647
    endloop
  endfacet
  facet normal -0 0.707115 0.707098
    outer loop
      vertex 42.4723 -0.881678 8.78647
      vertex 44.9619 -1.21352 9.11832
      vertex 44.9723 -0.881678 8.78647
    endloop
  endfacet
  facet normal 0 0.707115 0.707098
    outer loop
      vertex 44.9619 -1.21352 9.11832
      vertex 42.4723 -0.881678 8.78647
      vertex 42.4619 -1.21352 9.11832
    endloop
  endfacet
  facet normal -0 0.453991 0.891006
    outer loop
      vertex 42.4854 -0.463525 8.57341
      vertex 44.9723 -0.881678 8.78647
      vertex 44.9854 -0.463525 8.57341
    endloop
  endfacet
  facet normal 0 0.453991 0.891006
    outer loop
      vertex 44.9723 -0.881678 8.78647
      vertex 42.4854 -0.463525 8.57341
      vertex 42.4723 -0.881678 8.78647
    endloop
  endfacet
  facet normal -0 -0.707062 -0.707152
    outer loop
      vertex 44.9619 1.21352 10.8817
      vertex 42.4723 0.881678 11.2135
      vertex 42.4619 1.21352 10.8817
    endloop
  endfacet
  facet normal 0 -0.707062 -0.707152
    outer loop
      vertex 42.4723 0.881678 11.2135
      vertex 44.9619 1.21352 10.8817
      vertex 44.9723 0.881678 11.2135
    endloop
  endfacet
  facet normal -0 0.891005 0.453994
    outer loop
      vertex 42.4619 -1.21352 9.11832
      vertex 44.9552 -1.42658 9.53647
      vertex 44.9619 -1.21352 9.11832
    endloop
  endfacet
  facet normal 0 0.891005 0.453994
    outer loop
      vertex 44.9552 -1.42658 9.53647
      vertex 42.4619 -1.21352 9.11832
      vertex 42.4552 -1.42658 9.53647
    endloop
  endfacet
  facet normal 0 -0.987687 0.156443
    outer loop
      vertex 42.4552 1.42658 9.53647
      vertex 44.9529 1.5 10
      vertex 42.4529 1.5 10
    endloop
  endfacet
  facet normal 0 -0.987687 0.156443
    outer loop
      vertex 44.9529 1.5 10
      vertex 42.4552 1.42658 9.53647
      vertex 44.9552 1.42658 9.53647
    endloop
  endfacet
  facet normal 0 0.454059 -0.890972
    outer loop
      vertex 44.9723 -0.881678 11.2135
      vertex 42.4854 -0.463525 11.4266
      vertex 44.9854 -0.463525 11.4266
    endloop
  endfacet
  facet normal 0 0.454059 -0.890972
    outer loop
      vertex 42.4854 -0.463525 11.4266
      vertex 44.9723 -0.881678 11.2135
      vertex 42.4723 -0.881678 11.2135
    endloop
  endfacet
  facet normal 0 -0.987685 -0.156453
    outer loop
      vertex 42.4529 1.5 10
      vertex 44.9552 1.42658 10.4635
      vertex 42.4552 1.42658 10.4635
    endloop
  endfacet
  facet normal 0 -0.987685 -0.156453
    outer loop
      vertex 44.9552 1.42658 10.4635
      vertex 42.4529 1.5 10
      vertex 44.9529 1.5 10
    endloop
  endfacet
  facet normal 0 -0.156403 -0.987693
    outer loop
      vertex 42.5 0 11.5
      vertex 44.9854 0.463525 11.4266
      vertex 45 0 11.5
    endloop
  endfacet
  facet normal -0 -0.156403 -0.987693
    outer loop
      vertex 44.9854 0.463525 11.4266
      vertex 42.5 0 11.5
      vertex 42.4854 0.463525 11.4266
    endloop
  endfacet
  facet normal 0 0.987685 -0.156453
    outer loop
      vertex 44.9529 -1.5 10
      vertex 42.4552 -1.42658 10.4635
      vertex 44.9552 -1.42658 10.4635
    endloop
  endfacet
  facet normal 0 0.987685 -0.156453
    outer loop
      vertex 42.4552 -1.42658 10.4635
      vertex 44.9529 -1.5 10
      vertex 42.4529 -1.5 10
    endloop
  endfacet
  facet normal 0 0.156403 -0.987693
    outer loop
      vertex 44.9854 -0.463525 11.4266
      vertex 42.5 0 11.5
      vertex 45 0 11.5
    endloop
  endfacet
  facet normal 0 0.156403 -0.987693
    outer loop
      vertex 42.5 0 11.5
      vertex 44.9854 -0.463525 11.4266
      vertex 42.4854 -0.463525 11.4266
    endloop
  endfacet
  facet normal 0 0.707062 -0.707152
    outer loop
      vertex 44.9619 -1.21352 10.8817
      vertex 42.4723 -0.881678 11.2135
      vertex 44.9723 -0.881678 11.2135
    endloop
  endfacet
  facet normal 0 0.707062 -0.707152
    outer loop
      vertex 42.4723 -0.881678 11.2135
      vertex 44.9619 -1.21352 10.8817
      vertex 42.4619 -1.21352 10.8817
    endloop
  endfacet
  facet normal -0.771767 0.445653 0.453618
    outer loop
      vertex 22.3247 36.1488 9.20829
      vertex 23.7181 38.2278 9.53647
      vertex 23.676 38.2527 9.44038
    endloop
  endfacet
  facet normal -0.771601 0.445469 0.45408
    outer loop
      vertex 23.7181 38.2278 9.53647
      vertex 22.3247 36.1488 9.20829
      vertex 22.4687 36.0637 9.53647
    endloop
  endfacet
  facet normal 0.135463 -0.0782067 0.987691
    outer loop
      vertex 20.8417 37.0259 8.57341
      vertex 22.4901 38.954 8.5
      vertex 22.0911 39.19 8.57341
    endloop
  endfacet
  facet normal 0.135463 -0.0782067 0.987691
    outer loop
      vertex 22.4901 38.954 8.5
      vertex 20.8417 37.0259 8.57341
      vertex 21.2407 36.7899 8.5
    endloop
  endfacet
  facet normal 0.612351 -0.353536 0.707134
    outer loop
      vertex 21.437 39.5571 9.11832
      vertex 20.2502 37.3573 9.04624
      vertex 21.6666 39.4401 8.861
    endloop
  endfacet
  facet normal 0.612351 -0.353536 0.707134
    outer loop
      vertex 20.2502 37.3573 9.04624
      vertex 21.437 39.5571 9.11832
      vertex 20.1859 37.3901 9.11832
    endloop
  endfacet
  facet normal 0.855353 -0.493783 -0.156682
    outer loop
      vertex 21.2469 39.6539 10.4635
      vertex 19.9443 37.5132 10.0988
      vertex 21.2318 39.6616 10.3568
    endloop
  endfacet
  facet normal 0.855371 -0.493841 -0.156401
    outer loop
      vertex 19.9443 37.5132 10.0988
      vertex 21.2469 39.6539 10.4635
      vertex 19.9958 37.4869 10.4635
    endloop
  endfacet
  facet normal 0.393208 -0.227021 0.890982
    outer loop
      vertex 20.7627 37.0726 8.62015
      vertex 22.0911 39.19 8.57341
      vertex 21.8121 39.355 8.73858
    endloop
  endfacet
  facet normal 0.393057 -0.226923 0.891074
    outer loop
      vertex 22.0911 39.19 8.57341
      vertex 20.7627 37.0726 8.62015
      vertex 20.8417 37.0259 8.57341
    endloop
  endfacet
  facet normal 0.771752 -0.445565 0.45373
    outer loop
      vertex 19.9958 37.4869 9.53647
      vertex 21.2905 39.6317 9.44051
      vertex 21.2469 39.6539 9.53647
    endloop
  endfacet
  facet normal 0.771638 -0.445484 0.454004
    outer loop
      vertex 21.2905 39.6317 9.44051
      vertex 19.9958 37.4869 9.53647
      vertex 20.1449 37.411 9.20858
    endloop
  endfacet
  facet normal -0.392988 0.226902 0.89111
    outer loop
      vertex 23.1668 38.5538 8.7378
      vertex 21.9996 36.3411 8.78647
      vertex 23.2491 38.5052 8.78647
    endloop
  endfacet
  facet normal -0.393186 0.227004 0.890996
    outer loop
      vertex 21.9996 36.3411 8.78647
      vertex 23.1668 38.5538 8.7378
      vertex 21.7177 36.5078 8.6196
    endloop
  endfacet
  facet normal -0.855365 0.493828 -0.156479
    outer loop
      vertex 23.7813 38.1904 10
      vertex 22.4687 36.0637 10.4635
      vertex 23.7181 38.2278 10.4635
    endloop
  endfacet
  facet normal -0.855365 0.493828 -0.156479
    outer loop
      vertex 22.4687 36.0637 10.4635
      vertex 23.7813 38.1904 10
      vertex 22.5319 36.0263 10
    endloop
  endfacet
  facet normal -0.135089 0.077991 -0.987759
    outer loop
      vertex 21.553 36.6052 11.4425
      vertex 22.8891 38.7181 11.4266
      vertex 21.6397 36.554 11.4266
    endloop
  endfacet
  facet normal -0.135332 0.0781447 -0.987714
    outer loop
      vertex 22.8891 38.7181 11.4266
      vertex 21.553 36.6052 11.4425
      vertex 22.5806 38.9005 11.4833
    endloop
  endfacet
  facet normal 0.615435 -0.347782 -0.70731
    outer loop
      vertex 21.7312 39.4029 11.2135
      vertex 21.6666 39.4401 11.139
      vertex 21.6789 39.4338 11.1528
    endloop
  endfacet
  facet normal 0.614725 -0.354928 -0.704371
    outer loop
      vertex 20.4745 37.243 11.2051
      vertex 21.7312 39.4029 11.2135
      vertex 20.4817 37.2388 11.2135
    endloop
  endfacet
  facet normal 0.612189 -0.353441 -0.707321
    outer loop
      vertex 21.7312 39.4029 11.2135
      vertex 20.4745 37.243 11.2051
      vertex 21.6666 39.4401 11.139
    endloop
  endfacet
  facet normal 0.612256 -0.353475 -0.707247
    outer loop
      vertex 21.6666 39.4401 11.139
      vertex 20.4745 37.243 11.2051
      vertex 20.2502 37.3573 10.9538
    endloop
  endfacet
  facet normal 0.771643 -0.44548 -0.453999
    outer loop
      vertex 21.437 39.5571 10.8817
      vertex 20.1449 37.411 10.7914
      vertex 21.2905 39.6317 10.5595
    endloop
  endfacet
  facet normal 0.771821 -0.445604 -0.453574
    outer loop
      vertex 20.1449 37.411 10.7914
      vertex 21.437 39.5571 10.8817
      vertex 20.1859 37.3901 10.8817
    endloop
  endfacet
  facet normal 0.607445 -0.361889 0.70714
    outer loop
      vertex 21.6666 39.4401 8.861
      vertex 21.7312 39.4029 8.78647
      vertex 21.6789 39.4338 8.84721
    endloop
  endfacet
  facet normal 0.612309 -0.353518 0.707179
    outer loop
      vertex 20.4745 37.243 8.79485
      vertex 21.7312 39.4029 8.78647
      vertex 21.6666 39.4401 8.861
    endloop
  endfacet
  facet normal 0.613998 -0.354508 0.705217
    outer loop
      vertex 21.7312 39.4029 8.78647
      vertex 20.4745 37.243 8.79485
      vertex 20.4817 37.2388 8.78647
    endloop
  endfacet
  facet normal 0.612362 -0.353545 0.70712
    outer loop
      vertex 20.4745 37.243 8.79485
      vertex 21.6666 39.4401 8.861
      vertex 20.2502 37.3573 9.04624
    endloop
  endfacet
  facet normal 0.39309 -0.226961 0.89105
    outer loop
      vertex 20.4817 37.2388 8.78647
      vertex 21.8121 39.355 8.73858
      vertex 21.7312 39.4029 8.78647
    endloop
  endfacet
  facet normal 0.393131 -0.226987 0.891024
    outer loop
      vertex 21.8121 39.355 8.73858
      vertex 20.4817 37.2388 8.78647
      vertex 20.7627 37.0726 8.62015
    endloop
  endfacet
  facet normal 0.855356 -0.493792 0.156639
    outer loop
      vertex 19.9443 37.5132 9.90116
      vertex 21.2469 39.6539 9.53647
      vertex 21.2318 39.6616 9.6432
    endloop
  endfacet
  facet normal 0.85537 -0.493841 0.156406
    outer loop
      vertex 21.2469 39.6539 9.53647
      vertex 19.9443 37.5132 9.90116
      vertex 19.9958 37.4869 9.53647
    endloop
  endfacet
  facet normal -0.135476 0.0782142 0.987689
    outer loop
      vertex 21.2407 36.7899 8.5
      vertex 22.5806 38.9005 8.51665
      vertex 22.4901 38.954 8.5
    endloop
  endfacet
  facet normal -0.135492 0.0782247 0.987686
    outer loop
      vertex 22.5806 38.9005 8.51665
      vertex 21.2407 36.7899 8.5
      vertex 21.553 36.6052 8.55747
    endloop
  endfacet
  facet normal -0.135476 0.0782175 0.987688
    outer loop
      vertex 21.553 36.6052 8.55747
      vertex 22.8891 38.7181 8.57341
      vertex 22.5806 38.9005 8.51665
    endloop
  endfacet
  facet normal -0.135421 0.0781825 0.987699
    outer loop
      vertex 22.8891 38.7181 8.57341
      vertex 21.553 36.6052 8.55747
      vertex 21.6397 36.554 8.57341
    endloop
  endfacet
  facet normal -0.771572 0.445452 0.454148
    outer loop
      vertex 22.2853 36.1722 9.11832
      vertex 23.676 38.2527 9.44038
      vertex 23.5347 38.3363 9.11832
    endloop
  endfacet
  facet normal -0.771687 0.445578 0.453829
    outer loop
      vertex 23.676 38.2527 9.44038
      vertex 22.2853 36.1722 9.11832
      vertex 22.3247 36.1488 9.20829
    endloop
  endfacet
  facet normal -0.135569 0.0782504 -0.987673
    outer loop
      vertex 21.2407 36.7899 11.5
      vertex 22.5806 38.9005 11.4833
      vertex 21.553 36.6052 11.4425
    endloop
  endfacet
  facet normal -0.135873 0.0784433 -0.987616
    outer loop
      vertex 22.5806 38.9005 11.4833
      vertex 21.2407 36.7899 11.5
      vertex 22.4901 38.954 11.5
    endloop
  endfacet
  facet normal 0.393097 -0.226961 -0.891046
    outer loop
      vertex 20.4817 37.2388 11.2135
      vertex 21.8121 39.355 11.2614
      vertex 20.7627 37.0726 11.3798
    endloop
  endfacet
  facet normal 0.393155 -0.226998 -0.891011
    outer loop
      vertex 21.8121 39.355 11.2614
      vertex 20.4817 37.2388 11.2135
      vertex 21.7312 39.4029 11.2135
    endloop
  endfacet
  facet normal 0.771818 -0.445603 -0.45358
    outer loop
      vertex 21.2905 39.6317 10.5595
      vertex 19.9958 37.4869 10.4635
      vertex 21.2469 39.6539 10.4635
    endloop
  endfacet
  facet normal 0.771646 -0.44548 -0.453993
    outer loop
      vertex 19.9958 37.4869 10.4635
      vertex 21.2905 39.6317 10.5595
      vertex 20.1449 37.411 10.7914
    endloop
  endfacet
  facet normal 0.612324 -0.353529 -0.707161
    outer loop
      vertex 20.2502 37.3573 10.9538
      vertex 21.437 39.5571 10.8817
      vertex 21.6666 39.4401 11.139
    endloop
  endfacet
  facet normal 0.612436 -0.353585 -0.707035
    outer loop
      vertex 21.437 39.5571 10.8817
      vertex 20.2502 37.3573 10.9538
      vertex 20.1859 37.3901 10.8817
    endloop
  endfacet
  facet normal 0.771635 -0.445483 0.45401
    outer loop
      vertex 20.1449 37.411 9.20858
      vertex 21.437 39.5571 9.11832
      vertex 21.2905 39.6317 9.44051
    endloop
  endfacet
  facet normal 0.77175 -0.445564 0.453734
    outer loop
      vertex 21.437 39.5571 9.11832
      vertex 20.1449 37.411 9.20858
      vertex 20.1859 37.3901 9.11832
    endloop
  endfacet
  facet normal 0.855371 -0.493842 0.156397
    outer loop
      vertex 19.9303 37.5203 10
      vertex 21.2318 39.6616 9.6432
      vertex 21.1814 39.6873 10
    endloop
  endfacet
  facet normal 0.855357 -0.493795 0.156626
    outer loop
      vertex 21.2318 39.6616 9.6432
      vertex 19.9303 37.5203 10
      vertex 19.9443 37.5132 9.90116
    endloop
  endfacet
  facet normal 0.855371 -0.493842 -0.156397
    outer loop
      vertex 21.2318 39.6616 10.3568
      vertex 19.9303 37.5203 10
      vertex 21.1814 39.6873 10
    endloop
  endfacet
  facet normal 0.855353 -0.493782 -0.156688
    outer loop
      vertex 19.9303 37.5203 10
      vertex 21.2318 39.6616 10.3568
      vertex 19.9443 37.5132 10.0988
    endloop
  endfacet
  facet normal -0.393159 0.226984 0.891013
    outer loop
      vertex 22.8891 38.7181 8.57341
      vertex 21.7177 36.5078 8.6196
      vertex 23.1668 38.5538 8.7378
    endloop
  endfacet
  facet normal -0.393181 0.226995 0.891
    outer loop
      vertex 21.7177 36.5078 8.6196
      vertex 22.8891 38.7181 8.57341
      vertex 21.6397 36.554 8.57341
    endloop
  endfacet
  facet normal -0.771591 0.445463 -0.454103
    outer loop
      vertex 23.676 38.2527 10.5596
      vertex 22.2853 36.1722 10.8817
      vertex 23.5347 38.3363 10.8817
    endloop
  endfacet
  facet normal -0.771733 0.445619 -0.453709
    outer loop
      vertex 22.2853 36.1722 10.8817
      vertex 23.676 38.2527 10.5596
      vertex 22.3247 36.1488 10.7917
    endloop
  endfacet
  facet normal -0.855366 0.493828 0.156469
    outer loop
      vertex 22.4687 36.0637 9.53647
      vertex 23.7813 38.1904 10
      vertex 23.7181 38.2278 9.53647
    endloop
  endfacet
  facet normal -0.855366 0.493828 0.156469
    outer loop
      vertex 23.7813 38.1904 10
      vertex 22.4687 36.0637 9.53647
      vertex 22.5319 36.0263 10
    endloop
  endfacet
  facet normal 0.393457 -0.227155 -0.890838
    outer loop
      vertex 20.7627 37.0726 11.3798
      vertex 22.0911 39.19 11.4266
      vertex 20.8417 37.0259 11.4266
    endloop
  endfacet
  facet normal 0.393274 -0.227037 -0.890949
    outer loop
      vertex 22.0911 39.19 11.4266
      vertex 20.7627 37.0726 11.3798
      vertex 21.8121 39.355 11.2614
    endloop
  endfacet
  facet normal 0.135445 -0.0781963 -0.987694
    outer loop
      vertex 20.8417 37.0259 11.4266
      vertex 22.4901 38.954 11.5
      vertex 21.2407 36.7899 11.5
    endloop
  endfacet
  facet normal 0.135445 -0.0781963 -0.987694
    outer loop
      vertex 22.4901 38.954 11.5
      vertex 20.8417 37.0259 11.4266
      vertex 22.0911 39.19 11.4266
    endloop
  endfacet
  facet normal -0.612343 0.353534 -0.707142
    outer loop
      vertex 21.9996 36.3411 11.2135
      vertex 23.3144 38.4666 11.1376
      vertex 22.2237 36.2086 10.9532
    endloop
  endfacet
  facet normal -0.612561 0.353678 -0.706881
    outer loop
      vertex 23.3144 38.4666 11.1376
      vertex 21.9996 36.3411 11.2135
      vertex 23.2491 38.5052 11.2135
    endloop
  endfacet
  facet normal -0.612176 0.353428 -0.70734
    outer loop
      vertex 22.2237 36.2086 10.9532
      vertex 23.5347 38.3363 10.8817
      vertex 22.2853 36.1722 10.8817
    endloop
  endfacet
  facet normal -0.61233 0.353529 -0.707156
    outer loop
      vertex 23.5347 38.3363 10.8817
      vertex 22.2237 36.2086 10.9532
      vertex 23.3144 38.4666 11.1376
    endloop
  endfacet
  facet normal -0.61234 0.353539 0.707142
    outer loop
      vertex 22.2237 36.2086 9.04683
      vertex 23.5347 38.3363 9.11832
      vertex 23.3144 38.4666 8.86241
    endloop
  endfacet
  facet normal -0.612133 0.353403 0.707389
    outer loop
      vertex 23.5347 38.3363 9.11832
      vertex 22.2237 36.2086 9.04683
      vertex 22.2853 36.1722 9.11832
    endloop
  endfacet
  facet normal -0.612723 0.353771 0.706694
    outer loop
      vertex 21.9996 36.3411 8.78647
      vertex 23.3144 38.4666 8.86241
      vertex 23.2491 38.5052 8.78647
    endloop
  endfacet
  facet normal -0.612416 0.353569 0.707061
    outer loop
      vertex 23.3144 38.4666 8.86241
      vertex 21.9996 36.3411 8.78647
      vertex 22.2237 36.2086 9.04683
    endloop
  endfacet
  facet normal -0.771782 0.445664 -0.45358
    outer loop
      vertex 23.7181 38.2278 10.4635
      vertex 22.3247 36.1488 10.7917
      vertex 23.676 38.2527 10.5596
    endloop
  endfacet
  facet normal -0.771611 0.445474 -0.454058
    outer loop
      vertex 22.3247 36.1488 10.7917
      vertex 23.7181 38.2278 10.4635
      vertex 22.4687 36.0637 10.4635
    endloop
  endfacet
  facet normal -0.393177 0.226997 -0.891002
    outer loop
      vertex 21.7177 36.5078 11.3804
      vertex 22.8891 38.7181 11.4266
      vertex 23.1668 38.5538 11.2622
    endloop
  endfacet
  facet normal -0.393249 0.227034 -0.890961
    outer loop
      vertex 22.8891 38.7181 11.4266
      vertex 21.7177 36.5078 11.3804
      vertex 21.6397 36.554 11.4266
    endloop
  endfacet
  facet normal -0.39318 0.227013 -0.890996
    outer loop
      vertex 21.9996 36.3411 11.2135
      vertex 23.1668 38.5538 11.2622
      vertex 23.2491 38.5052 11.2135
    endloop
  endfacet
  facet normal -0.393238 0.227043 -0.890963
    outer loop
      vertex 23.1668 38.5538 11.2622
      vertex 21.9996 36.3411 11.2135
      vertex 21.7177 36.5078 11.3804
    endloop
  endfacet
  facet normal 0.135476 0.0782175 0.987688
    outer loop
      vertex -22.8891 38.7181 8.57341
      vertex -21.553 36.6052 8.55747
      vertex -22.5806 38.9005 8.51665
    endloop
  endfacet
  facet normal 0.135421 0.0781825 0.987699
    outer loop
      vertex -21.553 36.6052 8.55747
      vertex -22.8891 38.7181 8.57341
      vertex -21.6397 36.554 8.57341
    endloop
  endfacet
  facet normal 0.135569 0.0782504 -0.987673
    outer loop
      vertex -22.5806 38.9005 11.4833
      vertex -21.2407 36.7899 11.5
      vertex -21.553 36.6052 11.4425
    endloop
  endfacet
  facet normal 0.135873 0.0784433 -0.987616
    outer loop
      vertex -21.2407 36.7899 11.5
      vertex -22.5806 38.9005 11.4833
      vertex -22.4901 38.954 11.5
    endloop
  endfacet
  facet normal 0.135476 0.0782142 0.987689
    outer loop
      vertex -22.5806 38.9005 8.51665
      vertex -21.2407 36.7899 8.5
      vertex -22.4901 38.954 8.5
    endloop
  endfacet
  facet normal 0.135492 0.0782247 0.987686
    outer loop
      vertex -21.2407 36.7899 8.5
      vertex -22.5806 38.9005 8.51665
      vertex -21.553 36.6052 8.55747
    endloop
  endfacet
  facet normal -0.39309 -0.226961 0.89105
    outer loop
      vertex -21.8121 39.355 8.73858
      vertex -20.4817 37.2388 8.78647
      vertex -21.7312 39.4029 8.78647
    endloop
  endfacet
  facet normal -0.393131 -0.226987 0.891024
    outer loop
      vertex -20.4817 37.2388 8.78647
      vertex -21.8121 39.355 8.73858
      vertex -20.7627 37.0726 8.62015
    endloop
  endfacet
  facet normal -0.393097 -0.226961 -0.891046
    outer loop
      vertex -21.8121 39.355 11.2614
      vertex -20.4817 37.2388 11.2135
      vertex -20.7627 37.0726 11.3798
    endloop
  endfacet
  facet normal -0.393155 -0.226998 -0.891011
    outer loop
      vertex -20.4817 37.2388 11.2135
      vertex -21.8121 39.355 11.2614
      vertex -21.7312 39.4029 11.2135
    endloop
  endfacet
  facet normal 0.771767 0.445653 0.453618
    outer loop
      vertex -23.7181 38.2278 9.53647
      vertex -22.3247 36.1488 9.20829
      vertex -23.676 38.2527 9.44038
    endloop
  endfacet
  facet normal 0.771601 0.445469 0.45408
    outer loop
      vertex -22.3247 36.1488 9.20829
      vertex -23.7181 38.2278 9.53647
      vertex -22.4687 36.0637 9.53647
    endloop
  endfacet
  facet normal 0.771572 0.445452 0.454148
    outer loop
      vertex -23.676 38.2527 9.44038
      vertex -22.2853 36.1722 9.11832
      vertex -23.5347 38.3363 9.11832
    endloop
  endfacet
  facet normal 0.771687 0.445578 0.453829
    outer loop
      vertex -22.2853 36.1722 9.11832
      vertex -23.676 38.2527 9.44038
      vertex -22.3247 36.1488 9.20829
    endloop
  endfacet
  facet normal -0.771752 -0.445565 0.45373
    outer loop
      vertex -21.2905 39.6317 9.44051
      vertex -19.9958 37.4869 9.53647
      vertex -21.2469 39.6539 9.53647
    endloop
  endfacet
  facet normal -0.771638 -0.445484 0.454004
    outer loop
      vertex -19.9958 37.4869 9.53647
      vertex -21.2905 39.6317 9.44051
      vertex -20.1449 37.411 9.20858
    endloop
  endfacet
  facet normal 0.135089 0.077991 -0.987759
    outer loop
      vertex -22.8891 38.7181 11.4266
      vertex -21.553 36.6052 11.4425
      vertex -21.6397 36.554 11.4266
    endloop
  endfacet
  facet normal 0.135332 0.0781447 -0.987714
    outer loop
      vertex -21.553 36.6052 11.4425
      vertex -22.8891 38.7181 11.4266
      vertex -22.5806 38.9005 11.4833
    endloop
  endfacet
  facet normal -0.855371 -0.493842 0.156397
    outer loop
      vertex -21.2318 39.6616 9.6432
      vertex -19.9303 37.5203 10
      vertex -21.1814 39.6873 10
    endloop
  endfacet
  facet normal -0.855357 -0.493795 0.156626
    outer loop
      vertex -19.9303 37.5203 10
      vertex -21.2318 39.6616 9.6432
      vertex -19.9443 37.5132 9.90116
    endloop
  endfacet
  facet normal 0.771591 0.445463 -0.454103
    outer loop
      vertex -22.2853 36.1722 10.8817
      vertex -23.676 38.2527 10.5596
      vertex -23.5347 38.3363 10.8817
    endloop
  endfacet
  facet normal 0.771733 0.445619 -0.453709
    outer loop
      vertex -23.676 38.2527 10.5596
      vertex -22.2853 36.1722 10.8817
      vertex -22.3247 36.1488 10.7917
    endloop
  endfacet
  facet normal -0.771818 -0.445603 -0.45358
    outer loop
      vertex -19.9958 37.4869 10.4635
      vertex -21.2905 39.6317 10.5595
      vertex -21.2469 39.6539 10.4635
    endloop
  endfacet
  facet normal -0.771646 -0.44548 -0.453993
    outer loop
      vertex -21.2905 39.6317 10.5595
      vertex -19.9958 37.4869 10.4635
      vertex -20.1449 37.411 10.7914
    endloop
  endfacet
  facet normal 0.855365 0.493828 -0.156479
    outer loop
      vertex -22.4687 36.0637 10.4635
      vertex -23.7813 38.1904 10
      vertex -23.7181 38.2278 10.4635
    endloop
  endfacet
  facet normal 0.855365 0.493828 -0.156479
    outer loop
      vertex -23.7813 38.1904 10
      vertex -22.4687 36.0637 10.4635
      vertex -22.5319 36.0263 10
    endloop
  endfacet
  facet normal 0.393181 0.226995 0.891
    outer loop
      vertex -22.8891 38.7181 8.57341
      vertex -21.7177 36.5078 8.6196
      vertex -21.6397 36.554 8.57341
    endloop
  endfacet
  facet normal 0.393159 0.226984 0.891013
    outer loop
      vertex -21.7177 36.5078 8.6196
      vertex -22.8891 38.7181 8.57341
      vertex -23.1668 38.5538 8.7378
    endloop
  endfacet
  facet normal -0.393208 -0.227021 0.890982
    outer loop
      vertex -22.0911 39.19 8.57341
      vertex -20.7627 37.0726 8.62015
      vertex -21.8121 39.355 8.73858
    endloop
  endfacet
  facet normal -0.393057 -0.226923 0.891074
    outer loop
      vertex -20.7627 37.0726 8.62015
      vertex -22.0911 39.19 8.57341
      vertex -20.8417 37.0259 8.57341
    endloop
  endfacet
  facet normal 0.61234 0.353539 0.707142
    outer loop
      vertex -23.5347 38.3363 9.11832
      vertex -22.2237 36.2086 9.04683
      vertex -23.3144 38.4666 8.86241
    endloop
  endfacet
  facet normal 0.612133 0.353403 0.707389
    outer loop
      vertex -22.2237 36.2086 9.04683
      vertex -23.5347 38.3363 9.11832
      vertex -22.2853 36.1722 9.11832
    endloop
  endfacet
  facet normal 0.771782 0.445664 -0.45358
    outer loop
      vertex -22.3247 36.1488 10.7917
      vertex -23.7181 38.2278 10.4635
      vertex -23.676 38.2527 10.5596
    endloop
  endfacet
  facet normal 0.771611 0.445474 -0.454058
    outer loop
      vertex -23.7181 38.2278 10.4635
      vertex -22.3247 36.1488 10.7917
      vertex -22.4687 36.0637 10.4635
    endloop
  endfacet
  facet normal 0.855366 0.493828 0.156469
    outer loop
      vertex -23.7813 38.1904 10
      vertex -22.4687 36.0637 9.53647
      vertex -23.7181 38.2278 9.53647
    endloop
  endfacet
  facet normal 0.855366 0.493828 0.156469
    outer loop
      vertex -22.4687 36.0637 9.53647
      vertex -23.7813 38.1904 10
      vertex -22.5319 36.0263 10
    endloop
  endfacet
  facet normal -0.135463 -0.0782067 0.987691
    outer loop
      vertex -22.4901 38.954 8.5
      vertex -20.8417 37.0259 8.57341
      vertex -22.0911 39.19 8.57341
    endloop
  endfacet
  facet normal -0.135463 -0.0782067 0.987691
    outer loop
      vertex -20.8417 37.0259 8.57341
      vertex -22.4901 38.954 8.5
      vertex -21.2407 36.7899 8.5
    endloop
  endfacet
  facet normal -0.612362 -0.353545 0.70712
    outer loop
      vertex -21.6666 39.4401 8.861
      vertex -20.4745 37.243 8.79485
      vertex -20.2502 37.3573 9.04624
    endloop
  endfacet
  facet normal -0.612309 -0.353518 0.707179
    outer loop
      vertex -21.7312 39.4029 8.78647
      vertex -20.4745 37.243 8.79485
      vertex -21.6666 39.4401 8.861
    endloop
  endfacet
  facet normal -0.607445 -0.361889 0.70714
    outer loop
      vertex -21.7312 39.4029 8.78647
      vertex -21.6666 39.4401 8.861
      vertex -21.6789 39.4338 8.84721
    endloop
  endfacet
  facet normal -0.613998 -0.354508 0.705217
    outer loop
      vertex -20.4745 37.243 8.79485
      vertex -21.7312 39.4029 8.78647
      vertex -20.4817 37.2388 8.78647
    endloop
  endfacet
  facet normal -0.612436 -0.353585 -0.707035
    outer loop
      vertex -20.2502 37.3573 10.9538
      vertex -21.437 39.5571 10.8817
      vertex -20.1859 37.3901 10.8817
    endloop
  endfacet
  facet normal -0.612324 -0.353529 -0.707161
    outer loop
      vertex -21.437 39.5571 10.8817
      vertex -20.2502 37.3573 10.9538
      vertex -21.6666 39.4401 11.139
    endloop
  endfacet
  facet normal -0.855353 -0.493783 -0.156682
    outer loop
      vertex -19.9443 37.5132 10.0988
      vertex -21.2469 39.6539 10.4635
      vertex -21.2318 39.6616 10.3568
    endloop
  endfacet
  facet normal -0.855371 -0.493841 -0.156401
    outer loop
      vertex -21.2469 39.6539 10.4635
      vertex -19.9443 37.5132 10.0988
      vertex -19.9958 37.4869 10.4635
    endloop
  endfacet
  facet normal -0.771635 -0.445483 0.45401
    outer loop
      vertex -21.437 39.5571 9.11832
      vertex -20.1449 37.411 9.20858
      vertex -21.2905 39.6317 9.44051
    endloop
  endfacet
  facet normal -0.77175 -0.445564 0.453734
    outer loop
      vertex -20.1449 37.411 9.20858
      vertex -21.437 39.5571 9.11832
      vertex -20.1859 37.3901 9.11832
    endloop
  endfacet
  facet normal -0.855356 -0.493792 0.156639
    outer loop
      vertex -21.2469 39.6539 9.53647
      vertex -19.9443 37.5132 9.90116
      vertex -21.2318 39.6616 9.6432
    endloop
  endfacet
  facet normal -0.85537 -0.493841 0.156406
    outer loop
      vertex -19.9443 37.5132 9.90116
      vertex -21.2469 39.6539 9.53647
      vertex -19.9958 37.4869 9.53647
    endloop
  endfacet
  facet normal 0.612723 0.353771 0.706694
    outer loop
      vertex -23.3144 38.4666 8.86241
      vertex -21.9996 36.3411 8.78647
      vertex -23.2491 38.5052 8.78647
    endloop
  endfacet
  facet normal 0.612416 0.353569 0.707061
    outer loop
      vertex -21.9996 36.3411 8.78647
      vertex -23.3144 38.4666 8.86241
      vertex -22.2237 36.2086 9.04683
    endloop
  endfacet
  facet normal 0.393186 0.227004 0.890996
    outer loop
      vertex -23.1668 38.5538 8.7378
      vertex -21.9996 36.3411 8.78647
      vertex -21.7177 36.5078 8.6196
    endloop
  endfacet
  facet normal 0.392988 0.226902 0.89111
    outer loop
      vertex -21.9996 36.3411 8.78647
      vertex -23.1668 38.5538 8.7378
      vertex -23.2491 38.5052 8.78647
    endloop
  endfacet
  facet normal -0.855371 -0.493842 -0.156397
    outer loop
      vertex -19.9303 37.5203 10
      vertex -21.2318 39.6616 10.3568
      vertex -21.1814 39.6873 10
    endloop
  endfacet
  facet normal -0.855353 -0.493782 -0.156688
    outer loop
      vertex -21.2318 39.6616 10.3568
      vertex -19.9303 37.5203 10
      vertex -19.9443 37.5132 10.0988
    endloop
  endfacet
  facet normal -0.771643 -0.44548 -0.453999
    outer loop
      vertex -20.1449 37.411 10.7914
      vertex -21.437 39.5571 10.8817
      vertex -21.2905 39.6317 10.5595
    endloop
  endfacet
  facet normal -0.771821 -0.445604 -0.453574
    outer loop
      vertex -21.437 39.5571 10.8817
      vertex -20.1449 37.411 10.7914
      vertex -20.1859 37.3901 10.8817
    endloop
  endfacet
  facet normal -0.612351 -0.353536 0.707134
    outer loop
      vertex -21.437 39.5571 9.11832
      vertex -20.2502 37.3573 9.04624
      vertex -20.1859 37.3901 9.11832
    endloop
  endfacet
  facet normal -0.612351 -0.353536 0.707134
    outer loop
      vertex -20.2502 37.3573 9.04624
      vertex -21.437 39.5571 9.11832
      vertex -21.6666 39.4401 8.861
    endloop
  endfacet
  facet normal -0.393457 -0.227155 -0.890838
    outer loop
      vertex -22.0911 39.19 11.4266
      vertex -20.7627 37.0726 11.3798
      vertex -20.8417 37.0259 11.4266
    endloop
  endfacet
  facet normal -0.393274 -0.227037 -0.890949
    outer loop
      vertex -20.7627 37.0726 11.3798
      vertex -22.0911 39.19 11.4266
      vertex -21.8121 39.355 11.2614
    endloop
  endfacet
  facet normal -0.135445 -0.0781963 -0.987694
    outer loop
      vertex -22.4901 38.954 11.5
      vertex -20.8417 37.0259 11.4266
      vertex -21.2407 36.7899 11.5
    endloop
  endfacet
  facet normal -0.135445 -0.0781963 -0.987694
    outer loop
      vertex -20.8417 37.0259 11.4266
      vertex -22.4901 38.954 11.5
      vertex -22.0911 39.19 11.4266
    endloop
  endfacet
  facet normal 0.612176 0.353428 -0.70734
    outer loop
      vertex -23.5347 38.3363 10.8817
      vertex -22.2237 36.2086 10.9532
      vertex -22.2853 36.1722 10.8817
    endloop
  endfacet
  facet normal 0.61233 0.353529 -0.707156
    outer loop
      vertex -22.2237 36.2086 10.9532
      vertex -23.5347 38.3363 10.8817
      vertex -23.3144 38.4666 11.1376
    endloop
  endfacet
  facet normal 0.393249 0.227034 -0.890961
    outer loop
      vertex -21.7177 36.5078 11.3804
      vertex -22.8891 38.7181 11.4266
      vertex -21.6397 36.554 11.4266
    endloop
  endfacet
  facet normal 0.393177 0.226997 -0.891002
    outer loop
      vertex -22.8891 38.7181 11.4266
      vertex -21.7177 36.5078 11.3804
      vertex -23.1668 38.5538 11.2622
    endloop
  endfacet
  facet normal -0.612256 -0.353475 -0.707247
    outer loop
      vertex -20.4745 37.243 11.2051
      vertex -21.6666 39.4401 11.139
      vertex -20.2502 37.3573 10.9538
    endloop
  endfacet
  facet normal -0.614725 -0.354928 -0.704371
    outer loop
      vertex -21.7312 39.4029 11.2135
      vertex -20.4745 37.243 11.2051
      vertex -20.4817 37.2388 11.2135
    endloop
  endfacet
  facet normal -0.612189 -0.353441 -0.707321
    outer loop
      vertex -20.4745 37.243 11.2051
      vertex -21.7312 39.4029 11.2135
      vertex -21.6666 39.4401 11.139
    endloop
  endfacet
  facet normal -0.615435 -0.347782 -0.70731
    outer loop
      vertex -21.6666 39.4401 11.139
      vertex -21.7312 39.4029 11.2135
      vertex -21.6789 39.4338 11.1528
    endloop
  endfacet
  facet normal 0.393238 0.227043 -0.890963
    outer loop
      vertex -21.9996 36.3411 11.2135
      vertex -23.1668 38.5538 11.2622
      vertex -21.7177 36.5078 11.3804
    endloop
  endfacet
  facet normal 0.39318 0.227013 -0.890996
    outer loop
      vertex -23.1668 38.5538 11.2622
      vertex -21.9996 36.3411 11.2135
      vertex -23.2491 38.5052 11.2135
    endloop
  endfacet
  facet normal 0.612343 0.353534 -0.707142
    outer loop
      vertex -23.3144 38.4666 11.1376
      vertex -21.9996 36.3411 11.2135
      vertex -22.2237 36.2086 10.9532
    endloop
  endfacet
  facet normal 0.612561 0.353678 -0.706881
    outer loop
      vertex -21.9996 36.3411 11.2135
      vertex -23.3144 38.4666 11.1376
      vertex -23.2491 38.5052 11.2135
    endloop
  endfacet
  facet normal 0 0.707062 -0.707152
    outer loop
      vertex -44.9619 -1.21352 10.8817
      vertex -42.4723 -0.881678 11.2135
      vertex -42.4619 -1.21352 10.8817
    endloop
  endfacet
  facet normal 0 0.707062 -0.707152
    outer loop
      vertex -42.4723 -0.881678 11.2135
      vertex -44.9619 -1.21352 10.8817
      vertex -44.9723 -0.881678 11.2135
    endloop
  endfacet
  facet normal 0 0.453991 0.891006
    outer loop
      vertex -42.4854 -0.463525 8.57341
      vertex -44.9723 -0.881678 8.78647
      vertex -42.4723 -0.881678 8.78647
    endloop
  endfacet
  facet normal 0 0.453991 0.891006
    outer loop
      vertex -44.9723 -0.881678 8.78647
      vertex -42.4854 -0.463525 8.57341
      vertex -44.9854 -0.463525 8.57341
    endloop
  endfacet
  facet normal 0 0.156424 0.98769
    outer loop
      vertex -42.5 0 8.5
      vertex -44.9854 -0.463525 8.57341
      vertex -42.4854 -0.463525 8.57341
    endloop
  endfacet
  facet normal 0 0.156424 0.98769
    outer loop
      vertex -44.9854 -0.463525 8.57341
      vertex -42.5 0 8.5
      vertex -45 0 8.5
    endloop
  endfacet
  facet normal 0 0.707115 0.707098
    outer loop
      vertex -42.4723 -0.881678 8.78647
      vertex -44.9619 -1.21352 9.11832
      vertex -42.4619 -1.21352 9.11832
    endloop
  endfacet
  facet normal 0 0.707115 0.707098
    outer loop
      vertex -44.9619 -1.21352 9.11832
      vertex -42.4723 -0.881678 8.78647
      vertex -44.9723 -0.881678 8.78647
    endloop
  endfacet
  facet normal 0 -0.987685 -0.156453
    outer loop
      vertex -44.9529 1.5 10
      vertex -42.4552 1.42658 10.4635
      vertex -44.9552 1.42658 10.4635
    endloop
  endfacet
  facet normal 0 -0.987685 -0.156453
    outer loop
      vertex -42.4552 1.42658 10.4635
      vertex -44.9529 1.5 10
      vertex -42.4529 1.5 10
    endloop
  endfacet
  facet normal 0 0.454059 -0.890972
    outer loop
      vertex -44.9723 -0.881678 11.2135
      vertex -42.4854 -0.463525 11.4266
      vertex -42.4723 -0.881678 11.2135
    endloop
  endfacet
  facet normal 0 0.454059 -0.890972
    outer loop
      vertex -42.4854 -0.463525 11.4266
      vertex -44.9723 -0.881678 11.2135
      vertex -44.9854 -0.463525 11.4266
    endloop
  endfacet
  facet normal 0 -0.453991 0.891006
    outer loop
      vertex -44.9723 0.881678 8.78647
      vertex -42.4854 0.463525 8.57341
      vertex -42.4723 0.881678 8.78647
    endloop
  endfacet
  facet normal 0 -0.453991 0.891006
    outer loop
      vertex -42.4854 0.463525 8.57341
      vertex -44.9723 0.881678 8.78647
      vertex -44.9854 0.463525 8.57341
    endloop
  endfacet
  facet normal 0 -0.891005 0.453994
    outer loop
      vertex -42.4619 1.21352 9.11832
      vertex -44.9552 1.42658 9.53647
      vertex -44.9619 1.21352 9.11832
    endloop
  endfacet
  facet normal 0 -0.891005 0.453994
    outer loop
      vertex -44.9552 1.42658 9.53647
      vertex -42.4619 1.21352 9.11832
      vertex -42.4552 1.42658 9.53647
    endloop
  endfacet
  facet normal 0 0.987687 0.156443
    outer loop
      vertex -42.4552 -1.42658 9.53647
      vertex -44.9529 -1.5 10
      vertex -42.4529 -1.5 10
    endloop
  endfacet
  facet normal 0 0.987687 0.156443
    outer loop
      vertex -44.9529 -1.5 10
      vertex -42.4552 -1.42658 9.53647
      vertex -44.9552 -1.42658 9.53647
    endloop
  endfacet
  facet normal 0 0.891005 0.453994
    outer loop
      vertex -42.4619 -1.21352 9.11832
      vertex -44.9552 -1.42658 9.53647
      vertex -42.4552 -1.42658 9.53647
    endloop
  endfacet
  facet normal 0 0.891005 0.453994
    outer loop
      vertex -44.9552 -1.42658 9.53647
      vertex -42.4619 -1.21352 9.11832
      vertex -44.9619 -1.21352 9.11832
    endloop
  endfacet
  facet normal 0 -0.987687 0.156443
    outer loop
      vertex -44.9552 1.42658 9.53647
      vertex -42.4529 1.5 10
      vertex -44.9529 1.5 10
    endloop
  endfacet
  facet normal 0 -0.987687 0.156443
    outer loop
      vertex -42.4529 1.5 10
      vertex -44.9552 1.42658 9.53647
      vertex -42.4552 1.42658 9.53647
    endloop
  endfacet
  facet normal 0 -0.454059 -0.890972
    outer loop
      vertex -42.4854 0.463525 11.4266
      vertex -44.9723 0.881678 11.2135
      vertex -42.4723 0.881678 11.2135
    endloop
  endfacet
  facet normal 0 -0.454059 -0.890972
    outer loop
      vertex -44.9723 0.881678 11.2135
      vertex -42.4854 0.463525 11.4266
      vertex -44.9854 0.463525 11.4266
    endloop
  endfacet
  facet normal 0 0.987685 -0.156453
    outer loop
      vertex -42.4529 -1.5 10
      vertex -44.9552 -1.42658 10.4635
      vertex -42.4552 -1.42658 10.4635
    endloop
  endfacet
  facet normal 0 0.987685 -0.156453
    outer loop
      vertex -44.9552 -1.42658 10.4635
      vertex -42.4529 -1.5 10
      vertex -44.9529 -1.5 10
    endloop
  endfacet
  facet normal 0 -0.156424 0.98769
    outer loop
      vertex -44.9854 0.463525 8.57341
      vertex -42.5 0 8.5
      vertex -42.4854 0.463525 8.57341
    endloop
  endfacet
  facet normal 0 -0.156424 0.98769
    outer loop
      vertex -42.5 0 8.5
      vertex -44.9854 0.463525 8.57341
      vertex -45 0 8.5
    endloop
  endfacet
  facet normal 0 0.891027 -0.453951
    outer loop
      vertex -44.9552 -1.42658 10.4635
      vertex -42.4619 -1.21352 10.8817
      vertex -42.4552 -1.42658 10.4635
    endloop
  endfacet
  facet normal 0 0.891027 -0.453951
    outer loop
      vertex -42.4619 -1.21352 10.8817
      vertex -44.9552 -1.42658 10.4635
      vertex -44.9619 -1.21352 10.8817
    endloop
  endfacet
  facet normal 0 0.156403 -0.987693
    outer loop
      vertex -44.9854 -0.463525 11.4266
      vertex -42.5 0 11.5
      vertex -42.4854 -0.463525 11.4266
    endloop
  endfacet
  facet normal 0 0.156403 -0.987693
    outer loop
      vertex -42.5 0 11.5
      vertex -44.9854 -0.463525 11.4266
      vertex -45 0 11.5
    endloop
  endfacet
  facet normal 0 -0.156403 -0.987693
    outer loop
      vertex -42.5 0 11.5
      vertex -44.9854 0.463525 11.4266
      vertex -42.4854 0.463525 11.4266
    endloop
  endfacet
  facet normal 0 -0.156403 -0.987693
    outer loop
      vertex -44.9854 0.463525 11.4266
      vertex -42.5 0 11.5
      vertex -45 0 11.5
    endloop
  endfacet
  facet normal 0 -0.707115 0.707098
    outer loop
      vertex -42.4723 0.881678 8.78647
      vertex -44.9619 1.21352 9.11832
      vertex -44.9723 0.881678 8.78647
    endloop
  endfacet
  facet normal 0 -0.707115 0.707098
    outer loop
      vertex -44.9619 1.21352 9.11832
      vertex -42.4723 0.881678 8.78647
      vertex -42.4619 1.21352 9.11832
    endloop
  endfacet
  facet normal 0 -0.707062 -0.707152
    outer loop
      vertex -44.9619 1.21352 10.8817
      vertex -42.4723 0.881678 11.2135
      vertex -44.9723 0.881678 11.2135
    endloop
  endfacet
  facet normal 0 -0.707062 -0.707152
    outer loop
      vertex -42.4723 0.881678 11.2135
      vertex -44.9619 1.21352 10.8817
      vertex -42.4619 1.21352 10.8817
    endloop
  endfacet
  facet normal 0 -0.891027 -0.453951
    outer loop
      vertex -44.9552 1.42658 10.4635
      vertex -42.4619 1.21352 10.8817
      vertex -44.9619 1.21352 10.8817
    endloop
  endfacet
  facet normal 0 -0.891027 -0.453951
    outer loop
      vertex -42.4619 1.21352 10.8817
      vertex -44.9552 1.42658 10.4635
      vertex -42.4552 1.42658 10.4635
    endloop
  endfacet
  facet normal -0.135463 0.0782067 0.987691
    outer loop
      vertex -22.4901 -38.954 8.5
      vertex -20.8417 -37.0259 8.57341
      vertex -21.2407 -36.7899 8.5
    endloop
  endfacet
  facet normal -0.135463 0.0782067 0.987691
    outer loop
      vertex -20.8417 -37.0259 8.57341
      vertex -22.4901 -38.954 8.5
      vertex -22.0911 -39.19 8.57341
    endloop
  endfacet
  facet normal 0.771601 -0.445469 0.45408
    outer loop
      vertex -23.7181 -38.2278 9.53647
      vertex -22.3247 -36.1488 9.20829
      vertex -22.4687 -36.0637 9.53647
    endloop
  endfacet
  facet normal 0.771767 -0.445653 0.453618
    outer loop
      vertex -22.3247 -36.1488 9.20829
      vertex -23.7181 -38.2278 9.53647
      vertex -23.676 -38.2527 9.44038
    endloop
  endfacet
  facet normal -0.612351 0.353536 0.707134
    outer loop
      vertex -20.2502 -37.3573 9.04624
      vertex -21.437 -39.5571 9.11832
      vertex -20.1859 -37.3901 9.11832
    endloop
  endfacet
  facet normal -0.612351 0.353536 0.707134
    outer loop
      vertex -21.437 -39.5571 9.11832
      vertex -20.2502 -37.3573 9.04624
      vertex -21.6666 -39.4401 8.861
    endloop
  endfacet
  facet normal -0.855371 0.493841 -0.156401
    outer loop
      vertex -19.9443 -37.5132 10.0988
      vertex -21.2469 -39.6539 10.4635
      vertex -19.9958 -37.4869 10.4635
    endloop
  endfacet
  facet normal -0.855353 0.493783 -0.156682
    outer loop
      vertex -21.2469 -39.6539 10.4635
      vertex -19.9443 -37.5132 10.0988
      vertex -21.2318 -39.6616 10.3568
    endloop
  endfacet
  facet normal -0.393057 0.226923 0.891074
    outer loop
      vertex -22.0911 -39.19 8.57341
      vertex -20.7627 -37.0726 8.62015
      vertex -20.8417 -37.0259 8.57341
    endloop
  endfacet
  facet normal -0.393208 0.227021 0.890982
    outer loop
      vertex -20.7627 -37.0726 8.62015
      vertex -22.0911 -39.19 8.57341
      vertex -21.8121 -39.355 8.73858
    endloop
  endfacet
  facet normal -0.771638 0.445484 0.454004
    outer loop
      vertex -21.2905 -39.6317 9.44051
      vertex -19.9958 -37.4869 9.53647
      vertex -20.1449 -37.411 9.20858
    endloop
  endfacet
  facet normal -0.771752 0.445565 0.45373
    outer loop
      vertex -19.9958 -37.4869 9.53647
      vertex -21.2905 -39.6317 9.44051
      vertex -21.2469 -39.6539 9.53647
    endloop
  endfacet
  facet normal 0.393186 -0.227004 0.890996
    outer loop
      vertex -21.9996 -36.3411 8.78647
      vertex -23.1668 -38.5538 8.7378
      vertex -21.7177 -36.5078 8.6196
    endloop
  endfacet
  facet normal 0.392988 -0.226902 0.89111
    outer loop
      vertex -23.1668 -38.5538 8.7378
      vertex -21.9996 -36.3411 8.78647
      vertex -23.2491 -38.5052 8.78647
    endloop
  endfacet
  facet normal 0.135332 -0.0781447 -0.987714
    outer loop
      vertex -22.8891 -38.7181 11.4266
      vertex -21.553 -36.6052 11.4425
      vertex -22.5806 -38.9005 11.4833
    endloop
  endfacet
  facet normal 0.135089 -0.077991 -0.987759
    outer loop
      vertex -21.553 -36.6052 11.4425
      vertex -22.8891 -38.7181 11.4266
      vertex -21.6397 -36.554 11.4266
    endloop
  endfacet
  facet normal -0.612256 0.353475 -0.707247
    outer loop
      vertex -21.6666 -39.4401 11.139
      vertex -20.4745 -37.243 11.2051
      vertex -20.2502 -37.3573 10.9538
    endloop
  endfacet
  facet normal -0.612189 0.353441 -0.707321
    outer loop
      vertex -21.7312 -39.4029 11.2135
      vertex -20.4745 -37.243 11.2051
      vertex -21.6666 -39.4401 11.139
    endloop
  endfacet
  facet normal -0.615435 0.347782 -0.70731
    outer loop
      vertex -21.7312 -39.4029 11.2135
      vertex -21.6666 -39.4401 11.139
      vertex -21.6789 -39.4338 11.1528
    endloop
  endfacet
  facet normal -0.614725 0.354928 -0.704371
    outer loop
      vertex -20.4745 -37.243 11.2051
      vertex -21.7312 -39.4029 11.2135
      vertex -20.4817 -37.2388 11.2135
    endloop
  endfacet
  facet normal -0.771821 0.445604 -0.453574
    outer loop
      vertex -20.1449 -37.411 10.7914
      vertex -21.437 -39.5571 10.8817
      vertex -20.1859 -37.3901 10.8817
    endloop
  endfacet
  facet normal -0.771643 0.44548 -0.453999
    outer loop
      vertex -21.437 -39.5571 10.8817
      vertex -20.1449 -37.411 10.7914
      vertex -21.2905 -39.6317 10.5595
    endloop
  endfacet
  facet normal -0.612362 0.353545 0.70712
    outer loop
      vertex -20.4745 -37.243 8.79485
      vertex -21.6666 -39.4401 8.861
      vertex -20.2502 -37.3573 9.04624
    endloop
  endfacet
  facet normal -0.613998 0.354508 0.705217
    outer loop
      vertex -21.7312 -39.4029 8.78647
      vertex -20.4745 -37.243 8.79485
      vertex -20.4817 -37.2388 8.78647
    endloop
  endfacet
  facet normal -0.612309 0.353518 0.707179
    outer loop
      vertex -20.4745 -37.243 8.79485
      vertex -21.7312 -39.4029 8.78647
      vertex -21.6666 -39.4401 8.861
    endloop
  endfacet
  facet normal -0.607445 0.361889 0.70714
    outer loop
      vertex -21.6666 -39.4401 8.861
      vertex -21.7312 -39.4029 8.78647
      vertex -21.6789 -39.4338 8.84721
    endloop
  endfacet
  facet normal -0.393131 0.226987 0.891024
    outer loop
      vertex -21.8121 -39.355 8.73858
      vertex -20.4817 -37.2388 8.78647
      vertex -20.7627 -37.0726 8.62015
    endloop
  endfacet
  facet normal -0.39309 0.226961 0.89105
    outer loop
      vertex -20.4817 -37.2388 8.78647
      vertex -21.8121 -39.355 8.73858
      vertex -21.7312 -39.4029 8.78647
    endloop
  endfacet
  facet normal -0.85537 0.493841 0.156406
    outer loop
      vertex -21.2469 -39.6539 9.53647
      vertex -19.9443 -37.5132 9.90116
      vertex -19.9958 -37.4869 9.53647
    endloop
  endfacet
  facet normal -0.855356 0.493792 0.156639
    outer loop
      vertex -19.9443 -37.5132 9.90116
      vertex -21.2469 -39.6539 9.53647
      vertex -21.2318 -39.6616 9.6432
    endloop
  endfacet
  facet normal 0.135492 -0.0782247 0.987686
    outer loop
      vertex -22.5806 -38.9005 8.51665
      vertex -21.2407 -36.7899 8.5
      vertex -21.553 -36.6052 8.55747
    endloop
  endfacet
  facet normal 0.135476 -0.0782142 0.987689
    outer loop
      vertex -21.2407 -36.7899 8.5
      vertex -22.5806 -38.9005 8.51665
      vertex -22.4901 -38.954 8.5
    endloop
  endfacet
  facet normal 0.135421 -0.0781825 0.987699
    outer loop
      vertex -22.8891 -38.7181 8.57341
      vertex -21.553 -36.6052 8.55747
      vertex -21.6397 -36.554 8.57341
    endloop
  endfacet
  facet normal 0.135476 -0.0782175 0.987688
    outer loop
      vertex -21.553 -36.6052 8.55747
      vertex -22.8891 -38.7181 8.57341
      vertex -22.5806 -38.9005 8.51665
    endloop
  endfacet
  facet normal 0.771687 -0.445578 0.453829
    outer loop
      vertex -23.676 -38.2527 9.44038
      vertex -22.2853 -36.1722 9.11832
      vertex -22.3247 -36.1488 9.20829
    endloop
  endfacet
  facet normal 0.771572 -0.445452 0.454148
    outer loop
      vertex -22.2853 -36.1722 9.11832
      vertex -23.676 -38.2527 9.44038
      vertex -23.5347 -38.3363 9.11832
    endloop
  endfacet
  facet normal -0.135445 0.0781963 -0.987694
    outer loop
      vertex -22.4901 -38.954 11.5
      vertex -20.8417 -37.0259 11.4266
      vertex -22.0911 -39.19 11.4266
    endloop
  endfacet
  facet normal -0.135445 0.0781963 -0.987694
    outer loop
      vertex -20.8417 -37.0259 11.4266
      vertex -22.4901 -38.954 11.5
      vertex -21.2407 -36.7899 11.5
    endloop
  endfacet
  facet normal 0.135873 -0.0784433 -0.987616
    outer loop
      vertex -22.5806 -38.9005 11.4833
      vertex -21.2407 -36.7899 11.5
      vertex -22.4901 -38.954 11.5
    endloop
  endfacet
  facet normal 0.135569 -0.0782504 -0.987673
    outer loop
      vertex -21.2407 -36.7899 11.5
      vertex -22.5806 -38.9005 11.4833
      vertex -21.553 -36.6052 11.4425
    endloop
  endfacet
  facet normal -0.393155 0.226998 -0.891011
    outer loop
      vertex -21.8121 -39.355 11.2614
      vertex -20.4817 -37.2388 11.2135
      vertex -21.7312 -39.4029 11.2135
    endloop
  endfacet
  facet normal -0.393097 0.226961 -0.891046
    outer loop
      vertex -20.4817 -37.2388 11.2135
      vertex -21.8121 -39.355 11.2614
      vertex -20.7627 -37.0726 11.3798
    endloop
  endfacet
  facet normal -0.771646 0.44548 -0.453993
    outer loop
      vertex -19.9958 -37.4869 10.4635
      vertex -21.2905 -39.6317 10.5595
      vertex -20.1449 -37.411 10.7914
    endloop
  endfacet
  facet normal -0.771818 0.445603 -0.45358
    outer loop
      vertex -21.2905 -39.6317 10.5595
      vertex -19.9958 -37.4869 10.4635
      vertex -21.2469 -39.6539 10.4635
    endloop
  endfacet
  facet normal -0.612436 0.353585 -0.707035
    outer loop
      vertex -21.437 -39.5571 10.8817
      vertex -20.2502 -37.3573 10.9538
      vertex -20.1859 -37.3901 10.8817
    endloop
  endfacet
  facet normal -0.612324 0.353529 -0.707161
    outer loop
      vertex -20.2502 -37.3573 10.9538
      vertex -21.437 -39.5571 10.8817
      vertex -21.6666 -39.4401 11.139
    endloop
  endfacet
  facet normal -0.77175 0.445564 0.453734
    outer loop
      vertex -21.437 -39.5571 9.11832
      vertex -20.1449 -37.411 9.20858
      vertex -20.1859 -37.3901 9.11832
    endloop
  endfacet
  facet normal -0.771635 0.445483 0.45401
    outer loop
      vertex -20.1449 -37.411 9.20858
      vertex -21.437 -39.5571 9.11832
      vertex -21.2905 -39.6317 9.44051
    endloop
  endfacet
  facet normal -0.855357 0.493795 0.156626
    outer loop
      vertex -21.2318 -39.6616 9.6432
      vertex -19.9303 -37.5203 10
      vertex -19.9443 -37.5132 9.90116
    endloop
  endfacet
  facet normal -0.855371 0.493842 0.156397
    outer loop
      vertex -19.9303 -37.5203 10
      vertex -21.2318 -39.6616 9.6432
      vertex -21.1814 -39.6873 10
    endloop
  endfacet
  facet normal -0.855353 0.493782 -0.156688
    outer loop
      vertex -19.9303 -37.5203 10
      vertex -21.2318 -39.6616 10.3568
      vertex -19.9443 -37.5132 10.0988
    endloop
  endfacet
  facet normal -0.855371 0.493842 -0.156397
    outer loop
      vertex -21.2318 -39.6616 10.3568
      vertex -19.9303 -37.5203 10
      vertex -21.1814 -39.6873 10
    endloop
  endfacet
  facet normal 0.393181 -0.226995 0.891
    outer loop
      vertex -21.7177 -36.5078 8.6196
      vertex -22.8891 -38.7181 8.57341
      vertex -21.6397 -36.554 8.57341
    endloop
  endfacet
  facet normal 0.393159 -0.226984 0.891013
    outer loop
      vertex -22.8891 -38.7181 8.57341
      vertex -21.7177 -36.5078 8.6196
      vertex -23.1668 -38.5538 8.7378
    endloop
  endfacet
  facet normal 0.771733 -0.445619 -0.453709
    outer loop
      vertex -22.2853 -36.1722 10.8817
      vertex -23.676 -38.2527 10.5596
      vertex -22.3247 -36.1488 10.7917
    endloop
  endfacet
  facet normal 0.771591 -0.445463 -0.454103
    outer loop
      vertex -23.676 -38.2527 10.5596
      vertex -22.2853 -36.1722 10.8817
      vertex -23.5347 -38.3363 10.8817
    endloop
  endfacet
  facet normal 0.855365 -0.493828 -0.156479
    outer loop
      vertex -22.4687 -36.0637 10.4635
      vertex -23.7813 -38.1904 10
      vertex -22.5319 -36.0263 10
    endloop
  endfacet
  facet normal 0.855365 -0.493828 -0.156479
    outer loop
      vertex -23.7813 -38.1904 10
      vertex -22.4687 -36.0637 10.4635
      vertex -23.7181 -38.2278 10.4635
    endloop
  endfacet
  facet normal 0.855366 -0.493828 0.156469
    outer loop
      vertex -23.7813 -38.1904 10
      vertex -22.4687 -36.0637 9.53647
      vertex -22.5319 -36.0263 10
    endloop
  endfacet
  facet normal 0.855366 -0.493828 0.156469
    outer loop
      vertex -22.4687 -36.0637 9.53647
      vertex -23.7813 -38.1904 10
      vertex -23.7181 -38.2278 9.53647
    endloop
  endfacet
  facet normal -0.393274 0.227037 -0.890949
    outer loop
      vertex -22.0911 -39.19 11.4266
      vertex -20.7627 -37.0726 11.3798
      vertex -21.8121 -39.355 11.2614
    endloop
  endfacet
  facet normal -0.393457 0.227155 -0.890838
    outer loop
      vertex -20.7627 -37.0726 11.3798
      vertex -22.0911 -39.19 11.4266
      vertex -20.8417 -37.0259 11.4266
    endloop
  endfacet
  facet normal 0.612561 -0.353678 -0.706881
    outer loop
      vertex -23.3144 -38.4666 11.1376
      vertex -21.9996 -36.3411 11.2135
      vertex -23.2491 -38.5052 11.2135
    endloop
  endfacet
  facet normal 0.612343 -0.353534 -0.707142
    outer loop
      vertex -21.9996 -36.3411 11.2135
      vertex -23.3144 -38.4666 11.1376
      vertex -22.2237 -36.2086 10.9532
    endloop
  endfacet
  facet normal 0.61233 -0.353529 -0.707156
    outer loop
      vertex -23.5347 -38.3363 10.8817
      vertex -22.2237 -36.2086 10.9532
      vertex -23.3144 -38.4666 11.1376
    endloop
  endfacet
  facet normal 0.612176 -0.353428 -0.70734
    outer loop
      vertex -22.2237 -36.2086 10.9532
      vertex -23.5347 -38.3363 10.8817
      vertex -22.2853 -36.1722 10.8817
    endloop
  endfacet
  facet normal 0.612133 -0.353403 0.707389
    outer loop
      vertex -23.5347 -38.3363 9.11832
      vertex -22.2237 -36.2086 9.04683
      vertex -22.2853 -36.1722 9.11832
    endloop
  endfacet
  facet normal 0.61234 -0.353539 0.707142
    outer loop
      vertex -22.2237 -36.2086 9.04683
      vertex -23.5347 -38.3363 9.11832
      vertex -23.3144 -38.4666 8.86241
    endloop
  endfacet
  facet normal 0.612416 -0.353569 0.707061
    outer loop
      vertex -23.3144 -38.4666 8.86241
      vertex -21.9996 -36.3411 8.78647
      vertex -22.2237 -36.2086 9.04683
    endloop
  endfacet
  facet normal 0.612723 -0.353771 0.706694
    outer loop
      vertex -21.9996 -36.3411 8.78647
      vertex -23.3144 -38.4666 8.86241
      vertex -23.2491 -38.5052 8.78647
    endloop
  endfacet
  facet normal 0.771611 -0.445474 -0.454058
    outer loop
      vertex -22.3247 -36.1488 10.7917
      vertex -23.7181 -38.2278 10.4635
      vertex -22.4687 -36.0637 10.4635
    endloop
  endfacet
  facet normal 0.771782 -0.445664 -0.45358
    outer loop
      vertex -23.7181 -38.2278 10.4635
      vertex -22.3247 -36.1488 10.7917
      vertex -23.676 -38.2527 10.5596
    endloop
  endfacet
  facet normal 0.393249 -0.227034 -0.890961
    outer loop
      vertex -22.8891 -38.7181 11.4266
      vertex -21.7177 -36.5078 11.3804
      vertex -21.6397 -36.554 11.4266
    endloop
  endfacet
  facet normal 0.393177 -0.226997 -0.891002
    outer loop
      vertex -21.7177 -36.5078 11.3804
      vertex -22.8891 -38.7181 11.4266
      vertex -23.1668 -38.5538 11.2622
    endloop
  endfacet
  facet normal 0.393238 -0.227043 -0.890963
    outer loop
      vertex -23.1668 -38.5538 11.2622
      vertex -21.9996 -36.3411 11.2135
      vertex -21.7177 -36.5078 11.3804
    endloop
  endfacet
  facet normal 0.39318 -0.227013 -0.890996
    outer loop
      vertex -21.9996 -36.3411 11.2135
      vertex -23.1668 -38.5538 11.2622
      vertex -23.2491 -38.5052 11.2135
    endloop
  endfacet
  facet normal -0.135421 -0.0781825 0.987699
    outer loop
      vertex 21.553 -36.6052 8.55747
      vertex 22.8891 -38.7181 8.57341
      vertex 21.6397 -36.554 8.57341
    endloop
  endfacet
  facet normal -0.135476 -0.0782175 0.987688
    outer loop
      vertex 22.8891 -38.7181 8.57341
      vertex 21.553 -36.6052 8.55747
      vertex 22.5806 -38.9005 8.51665
    endloop
  endfacet
  facet normal -0.135873 -0.0784433 -0.987616
    outer loop
      vertex 21.2407 -36.7899 11.5
      vertex 22.5806 -38.9005 11.4833
      vertex 22.4901 -38.954 11.5
    endloop
  endfacet
  facet normal -0.135569 -0.0782504 -0.987673
    outer loop
      vertex 22.5806 -38.9005 11.4833
      vertex 21.2407 -36.7899 11.5
      vertex 21.553 -36.6052 11.4425
    endloop
  endfacet
  facet normal -0.135492 -0.0782247 0.987686
    outer loop
      vertex 21.2407 -36.7899 8.5
      vertex 22.5806 -38.9005 8.51665
      vertex 21.553 -36.6052 8.55747
    endloop
  endfacet
  facet normal -0.135476 -0.0782142 0.987689
    outer loop
      vertex 22.5806 -38.9005 8.51665
      vertex 21.2407 -36.7899 8.5
      vertex 22.4901 -38.954 8.5
    endloop
  endfacet
  facet normal 0.393131 0.226987 0.891024
    outer loop
      vertex 20.4817 -37.2388 8.78647
      vertex 21.8121 -39.355 8.73858
      vertex 20.7627 -37.0726 8.62015
    endloop
  endfacet
  facet normal 0.39309 0.226961 0.89105
    outer loop
      vertex 21.8121 -39.355 8.73858
      vertex 20.4817 -37.2388 8.78647
      vertex 21.7312 -39.4029 8.78647
    endloop
  endfacet
  facet normal 0.393155 0.226998 -0.891011
    outer loop
      vertex 20.4817 -37.2388 11.2135
      vertex 21.8121 -39.355 11.2614
      vertex 21.7312 -39.4029 11.2135
    endloop
  endfacet
  facet normal 0.393097 0.226961 -0.891046
    outer loop
      vertex 21.8121 -39.355 11.2614
      vertex 20.4817 -37.2388 11.2135
      vertex 20.7627 -37.0726 11.3798
    endloop
  endfacet
  facet normal -0.771601 -0.445469 0.45408
    outer loop
      vertex 22.3247 -36.1488 9.20829
      vertex 23.7181 -38.2278 9.53647
      vertex 22.4687 -36.0637 9.53647
    endloop
  endfacet
  facet normal -0.771767 -0.445653 0.453618
    outer loop
      vertex 23.7181 -38.2278 9.53647
      vertex 22.3247 -36.1488 9.20829
      vertex 23.676 -38.2527 9.44038
    endloop
  endfacet
  facet normal -0.771687 -0.445578 0.453829
    outer loop
      vertex 22.2853 -36.1722 9.11832
      vertex 23.676 -38.2527 9.44038
      vertex 22.3247 -36.1488 9.20829
    endloop
  endfacet
  facet normal -0.771572 -0.445452 0.454148
    outer loop
      vertex 23.676 -38.2527 9.44038
      vertex 22.2853 -36.1722 9.11832
      vertex 23.5347 -38.3363 9.11832
    endloop
  endfacet
  facet normal 0.771638 0.445484 0.454004
    outer loop
      vertex 19.9958 -37.4869 9.53647
      vertex 21.2905 -39.6317 9.44051
      vertex 20.1449 -37.411 9.20858
    endloop
  endfacet
  facet normal 0.771752 0.445565 0.45373
    outer loop
      vertex 21.2905 -39.6317 9.44051
      vertex 19.9958 -37.4869 9.53647
      vertex 21.2469 -39.6539 9.53647
    endloop
  endfacet
  facet normal -0.855365 -0.493828 -0.156479
    outer loop
      vertex 23.7813 -38.1904 10
      vertex 22.4687 -36.0637 10.4635
      vertex 22.5319 -36.0263 10
    endloop
  endfacet
  facet normal -0.855365 -0.493828 -0.156479
    outer loop
      vertex 22.4687 -36.0637 10.4635
      vertex 23.7813 -38.1904 10
      vertex 23.7181 -38.2278 10.4635
    endloop
  endfacet
  facet normal -0.135332 -0.0781447 -0.987714
    outer loop
      vertex 21.553 -36.6052 11.4425
      vertex 22.8891 -38.7181 11.4266
      vertex 22.5806 -38.9005 11.4833
    endloop
  endfacet
  facet normal -0.135089 -0.077991 -0.987759
    outer loop
      vertex 22.8891 -38.7181 11.4266
      vertex 21.553 -36.6052 11.4425
      vertex 21.6397 -36.554 11.4266
    endloop
  endfacet
  facet normal 0.855357 0.493795 0.156626
    outer loop
      vertex 19.9303 -37.5203 10
      vertex 21.2318 -39.6616 9.6432
      vertex 19.9443 -37.5132 9.90116
    endloop
  endfacet
  facet normal 0.855371 0.493842 0.156397
    outer loop
      vertex 21.2318 -39.6616 9.6432
      vertex 19.9303 -37.5203 10
      vertex 21.1814 -39.6873 10
    endloop
  endfacet
  facet normal -0.771733 -0.445619 -0.453709
    outer loop
      vertex 23.676 -38.2527 10.5596
      vertex 22.2853 -36.1722 10.8817
      vertex 22.3247 -36.1488 10.7917
    endloop
  endfacet
  facet normal -0.771591 -0.445463 -0.454103
    outer loop
      vertex 22.2853 -36.1722 10.8817
      vertex 23.676 -38.2527 10.5596
      vertex 23.5347 -38.3363 10.8817
    endloop
  endfacet
  facet normal 0.771646 0.44548 -0.453993
    outer loop
      vertex 21.2905 -39.6317 10.5595
      vertex 19.9958 -37.4869 10.4635
      vertex 20.1449 -37.411 10.7914
    endloop
  endfacet
  facet normal 0.771818 0.445603 -0.45358
    outer loop
      vertex 19.9958 -37.4869 10.4635
      vertex 21.2905 -39.6317 10.5595
      vertex 21.2469 -39.6539 10.4635
    endloop
  endfacet
  facet normal -0.393159 -0.226984 0.891013
    outer loop
      vertex 21.7177 -36.5078 8.6196
      vertex 22.8891 -38.7181 8.57341
      vertex 23.1668 -38.5538 8.7378
    endloop
  endfacet
  facet normal -0.393181 -0.226995 0.891
    outer loop
      vertex 22.8891 -38.7181 8.57341
      vertex 21.7177 -36.5078 8.6196
      vertex 21.6397 -36.554 8.57341
    endloop
  endfacet
  facet normal 0.393057 0.226923 0.891074
    outer loop
      vertex 20.7627 -37.0726 8.62015
      vertex 22.0911 -39.19 8.57341
      vertex 20.8417 -37.0259 8.57341
    endloop
  endfacet
  facet normal 0.393208 0.227021 0.890982
    outer loop
      vertex 22.0911 -39.19 8.57341
      vertex 20.7627 -37.0726 8.62015
      vertex 21.8121 -39.355 8.73858
    endloop
  endfacet
  facet normal 0.135463 0.0782067 0.987691
    outer loop
      vertex 20.8417 -37.0259 8.57341
      vertex 22.4901 -38.954 8.5
      vertex 21.2407 -36.7899 8.5
    endloop
  endfacet
  facet normal 0.135463 0.0782067 0.987691
    outer loop
      vertex 22.4901 -38.954 8.5
      vertex 20.8417 -37.0259 8.57341
      vertex 22.0911 -39.19 8.57341
    endloop
  endfacet
  facet normal -0.612133 -0.353403 0.707389
    outer loop
      vertex 22.2237 -36.2086 9.04683
      vertex 23.5347 -38.3363 9.11832
      vertex 22.2853 -36.1722 9.11832
    endloop
  endfacet
  facet normal -0.61234 -0.353539 0.707142
    outer loop
      vertex 23.5347 -38.3363 9.11832
      vertex 22.2237 -36.2086 9.04683
      vertex 23.3144 -38.4666 8.86241
    endloop
  endfacet
  facet normal -0.771611 -0.445474 -0.454058
    outer loop
      vertex 23.7181 -38.2278 10.4635
      vertex 22.3247 -36.1488 10.7917
      vertex 22.4687 -36.0637 10.4635
    endloop
  endfacet
  facet normal -0.771782 -0.445664 -0.45358
    outer loop
      vertex 22.3247 -36.1488 10.7917
      vertex 23.7181 -38.2278 10.4635
      vertex 23.676 -38.2527 10.5596
    endloop
  endfacet
  facet normal -0.855366 -0.493828 0.156469
    outer loop
      vertex 22.4687 -36.0637 9.53647
      vertex 23.7813 -38.1904 10
      vertex 22.5319 -36.0263 10
    endloop
  endfacet
  facet normal -0.855366 -0.493828 0.156469
    outer loop
      vertex 23.7813 -38.1904 10
      vertex 22.4687 -36.0637 9.53647
      vertex 23.7181 -38.2278 9.53647
    endloop
  endfacet
  facet normal 0.607445 0.361889 0.70714
    outer loop
      vertex 21.7312 -39.4029 8.78647
      vertex 21.6666 -39.4401 8.861
      vertex 21.6789 -39.4338 8.84721
    endloop
  endfacet
  facet normal 0.613998 0.354508 0.705217
    outer loop
      vertex 20.4745 -37.243 8.79485
      vertex 21.7312 -39.4029 8.78647
      vertex 20.4817 -37.2388 8.78647
    endloop
  endfacet
  facet normal 0.612309 0.353518 0.707179
    outer loop
      vertex 21.7312 -39.4029 8.78647
      vertex 20.4745 -37.243 8.79485
      vertex 21.6666 -39.4401 8.861
    endloop
  endfacet
  facet normal 0.612362 0.353545 0.70712
    outer loop
      vertex 21.6666 -39.4401 8.861
      vertex 20.4745 -37.243 8.79485
      vertex 20.2502 -37.3573 9.04624
    endloop
  endfacet
  facet normal 0.612324 0.353529 -0.707161
    outer loop
      vertex 21.437 -39.5571 10.8817
      vertex 20.2502 -37.3573 10.9538
      vertex 21.6666 -39.4401 11.139
    endloop
  endfacet
  facet normal 0.612436 0.353585 -0.707035
    outer loop
      vertex 20.2502 -37.3573 10.9538
      vertex 21.437 -39.5571 10.8817
      vertex 20.1859 -37.3901 10.8817
    endloop
  endfacet
  facet normal 0.855371 0.493841 -0.156401
    outer loop
      vertex 21.2469 -39.6539 10.4635
      vertex 19.9443 -37.5132 10.0988
      vertex 19.9958 -37.4869 10.4635
    endloop
  endfacet
  facet normal 0.855353 0.493783 -0.156682
    outer loop
      vertex 19.9443 -37.5132 10.0988
      vertex 21.2469 -39.6539 10.4635
      vertex 21.2318 -39.6616 10.3568
    endloop
  endfacet
  facet normal 0.77175 0.445564 0.453734
    outer loop
      vertex 20.1449 -37.411 9.20858
      vertex 21.437 -39.5571 9.11832
      vertex 20.1859 -37.3901 9.11832
    endloop
  endfacet
  facet normal 0.771635 0.445483 0.45401
    outer loop
      vertex 21.437 -39.5571 9.11832
      vertex 20.1449 -37.411 9.20858
      vertex 21.2905 -39.6317 9.44051
    endloop
  endfacet
  facet normal 0.85537 0.493841 0.156406
    outer loop
      vertex 19.9443 -37.5132 9.90116
      vertex 21.2469 -39.6539 9.53647
      vertex 19.9958 -37.4869 9.53647
    endloop
  endfacet
  facet normal 0.855356 0.493792 0.156639
    outer loop
      vertex 21.2469 -39.6539 9.53647
      vertex 19.9443 -37.5132 9.90116
      vertex 21.2318 -39.6616 9.6432
    endloop
  endfacet
  facet normal -0.612416 -0.353569 0.707061
    outer loop
      vertex 21.9996 -36.3411 8.78647
      vertex 23.3144 -38.4666 8.86241
      vertex 22.2237 -36.2086 9.04683
    endloop
  endfacet
  facet normal -0.612723 -0.353771 0.706694
    outer loop
      vertex 23.3144 -38.4666 8.86241
      vertex 21.9996 -36.3411 8.78647
      vertex 23.2491 -38.5052 8.78647
    endloop
  endfacet
  facet normal -0.392988 -0.226902 0.89111
    outer loop
      vertex 21.9996 -36.3411 8.78647
      vertex 23.1668 -38.5538 8.7378
      vertex 23.2491 -38.5052 8.78647
    endloop
  endfacet
  facet normal -0.393186 -0.227004 0.890996
    outer loop
      vertex 23.1668 -38.5538 8.7378
      vertex 21.9996 -36.3411 8.78647
      vertex 21.7177 -36.5078 8.6196
    endloop
  endfacet
  facet normal 0.855353 0.493782 -0.156688
    outer loop
      vertex 21.2318 -39.6616 10.3568
      vertex 19.9303 -37.5203 10
      vertex 19.9443 -37.5132 10.0988
    endloop
  endfacet
  facet normal 0.855371 0.493842 -0.156397
    outer loop
      vertex 19.9303 -37.5203 10
      vertex 21.2318 -39.6616 10.3568
      vertex 21.1814 -39.6873 10
    endloop
  endfacet
  facet normal 0.771821 0.445604 -0.453574
    outer loop
      vertex 21.437 -39.5571 10.8817
      vertex 20.1449 -37.411 10.7914
      vertex 20.1859 -37.3901 10.8817
    endloop
  endfacet
  facet normal 0.771643 0.44548 -0.453999
    outer loop
      vertex 20.1449 -37.411 10.7914
      vertex 21.437 -39.5571 10.8817
      vertex 21.2905 -39.6317 10.5595
    endloop
  endfacet
  facet normal 0.612351 0.353536 0.707134
    outer loop
      vertex 20.2502 -37.3573 9.04624
      vertex 21.437 -39.5571 9.11832
      vertex 21.6666 -39.4401 8.861
    endloop
  endfacet
  facet normal 0.612351 0.353536 0.707134
    outer loop
      vertex 21.437 -39.5571 9.11832
      vertex 20.2502 -37.3573 9.04624
      vertex 20.1859 -37.3901 9.11832
    endloop
  endfacet
  facet normal 0.393274 0.227037 -0.890949
    outer loop
      vertex 20.7627 -37.0726 11.3798
      vertex 22.0911 -39.19 11.4266
      vertex 21.8121 -39.355 11.2614
    endloop
  endfacet
  facet normal 0.393457 0.227155 -0.890838
    outer loop
      vertex 22.0911 -39.19 11.4266
      vertex 20.7627 -37.0726 11.3798
      vertex 20.8417 -37.0259 11.4266
    endloop
  endfacet
  facet normal 0.135445 0.0781963 -0.987694
    outer loop
      vertex 20.8417 -37.0259 11.4266
      vertex 22.4901 -38.954 11.5
      vertex 22.0911 -39.19 11.4266
    endloop
  endfacet
  facet normal 0.135445 0.0781963 -0.987694
    outer loop
      vertex 22.4901 -38.954 11.5
      vertex 20.8417 -37.0259 11.4266
      vertex 21.2407 -36.7899 11.5
    endloop
  endfacet
  facet normal -0.61233 -0.353529 -0.707156
    outer loop
      vertex 22.2237 -36.2086 10.9532
      vertex 23.5347 -38.3363 10.8817
      vertex 23.3144 -38.4666 11.1376
    endloop
  endfacet
  facet normal -0.612176 -0.353428 -0.70734
    outer loop
      vertex 23.5347 -38.3363 10.8817
      vertex 22.2237 -36.2086 10.9532
      vertex 22.2853 -36.1722 10.8817
    endloop
  endfacet
  facet normal -0.393177 -0.226997 -0.891002
    outer loop
      vertex 22.8891 -38.7181 11.4266
      vertex 21.7177 -36.5078 11.3804
      vertex 23.1668 -38.5538 11.2622
    endloop
  endfacet
  facet normal -0.393249 -0.227034 -0.890961
    outer loop
      vertex 21.7177 -36.5078 11.3804
      vertex 22.8891 -38.7181 11.4266
      vertex 21.6397 -36.554 11.4266
    endloop
  endfacet
  facet normal 0.615435 0.347782 -0.70731
    outer loop
      vertex 21.6666 -39.4401 11.139
      vertex 21.7312 -39.4029 11.2135
      vertex 21.6789 -39.4338 11.1528
    endloop
  endfacet
  facet normal 0.612189 0.353441 -0.707321
    outer loop
      vertex 20.4745 -37.243 11.2051
      vertex 21.7312 -39.4029 11.2135
      vertex 21.6666 -39.4401 11.139
    endloop
  endfacet
  facet normal 0.614725 0.354928 -0.704371
    outer loop
      vertex 21.7312 -39.4029 11.2135
      vertex 20.4745 -37.243 11.2051
      vertex 20.4817 -37.2388 11.2135
    endloop
  endfacet
  facet normal 0.612256 0.353475 -0.707247
    outer loop
      vertex 20.4745 -37.243 11.2051
      vertex 21.6666 -39.4401 11.139
      vertex 20.2502 -37.3573 10.9538
    endloop
  endfacet
  facet normal -0.39318 -0.227013 -0.890996
    outer loop
      vertex 23.1668 -38.5538 11.2622
      vertex 21.9996 -36.3411 11.2135
      vertex 23.2491 -38.5052 11.2135
    endloop
  endfacet
  facet normal -0.393238 -0.227043 -0.890963
    outer loop
      vertex 21.9996 -36.3411 11.2135
      vertex 23.1668 -38.5538 11.2622
      vertex 21.7177 -36.5078 11.3804
    endloop
  endfacet
  facet normal -0.612561 -0.353678 -0.706881
    outer loop
      vertex 21.9996 -36.3411 11.2135
      vertex 23.3144 -38.4666 11.1376
      vertex 23.2491 -38.5052 11.2135
    endloop
  endfacet
  facet normal -0.612343 -0.353534 -0.707142
    outer loop
      vertex 23.3144 -38.4666 11.1376
      vertex 21.9996 -36.3411 11.2135
      vertex 22.2237 -36.2086 10.9532
    endloop
  endfacet
  facet normal -0.987686 0.156446 0
    outer loop
      vertex 41.7472 -7.96371 2.5
      vertex 42.1649 -5.32666 20
      vertex 42.1649 -5.32666 2.5
    endloop
  endfacet
  facet normal -0.987686 0.156446 0
    outer loop
      vertex 42.1649 -5.32666 20
      vertex 41.7472 -7.96371 2.5
      vertex 41.7472 -7.96371 20
    endloop
  endfacet
  facet normal -0.454017 -0.890993 0
    outer loop
      vertex 18.0956 38.4552 20
      vertex 20.4745 37.243 11.2051
      vertex 20.4745 37.243 20
    endloop
  endfacet
  facet normal -0.454029 -0.890987 -4.09356e-06
    outer loop
      vertex 18.0956 38.4552 20
      vertex 20.2502 37.3573 10.9538
      vertex 20.4745 37.243 11.2051
    endloop
  endfacet
  facet normal -0.454321 -0.890838 -9.17529e-05
    outer loop
      vertex 18.0956 38.4552 20
      vertex 20.1859 37.3901 10.8817
      vertex 20.2502 37.3573 10.9538
    endloop
  endfacet
  facet normal -0.454103 -0.890949 -2.87743e-05
    outer loop
      vertex 18.0956 38.4552 20
      vertex 20.1449 37.411 10.7914
      vertex 20.1859 37.3901 10.8817
    endloop
  endfacet
  facet normal -0.45377 -0.891119 6.46453e-05
    outer loop
      vertex 18.0956 38.4552 20
      vertex 19.9958 37.4869 10.4635
      vertex 20.1449 37.411 10.7914
    endloop
  endfacet
  facet normal -0.454351 -0.890823 -8.11055e-05
    outer loop
      vertex 18.0956 38.4552 20
      vertex 19.9443 37.5132 10.0988
      vertex 19.9958 37.4869 10.4635
    endloop
  endfacet
  facet normal -0.453272 -0.891372 0.00017266
    outer loop
      vertex 18.0956 38.4552 20
      vertex 19.9303 37.5203 10
      vertex 19.9443 37.5132 10.0988
    endloop
  endfacet
  facet normal -0.454019 -0.890992 0
    outer loop
      vertex 18.0956 38.4552 2.5
      vertex 19.9303 37.5203 10
      vertex 18.0956 38.4552 20
    endloop
  endfacet
  facet normal -0.45339 -0.891312 -0.000193707
    outer loop
      vertex 19.9303 37.5203 10
      vertex 18.0956 38.4552 2.5
      vertex 19.9443 37.5132 9.90116
    endloop
  endfacet
  facet normal -0.454299 -0.890849 0.000117357
    outer loop
      vertex 18.0956 38.4552 2.5
      vertex 20.2502 37.3573 9.04624
      vertex 20.1859 37.3901 9.11832
    endloop
  endfacet
  facet normal -0.454295 -0.890851 9.10045e-05
    outer loop
      vertex 19.9443 37.5132 9.90116
      vertex 18.0956 38.4552 2.5
      vertex 19.9958 37.4869 9.53647
    endloop
  endfacet
  facet normal -0.453795 -0.891106 -7.90552e-05
    outer loop
      vertex 18.0956 38.4552 2.5
      vertex 20.1449 37.411 9.20858
      vertex 19.9958 37.4869 9.53647
    endloop
  endfacet
  facet normal -0.454092 -0.890955 3.51911e-05
    outer loop
      vertex 18.0956 38.4552 2.5
      vertex 20.1859 37.3901 9.11832
      vertex 20.1449 37.411 9.20858
    endloop
  endfacet
  facet normal -0.454028 -0.890987 5.23519e-06
    outer loop
      vertex 20.2502 37.3573 9.04624
      vertex 18.0956 38.4552 2.5
      vertex 20.4745 37.243 8.79485
    endloop
  endfacet
  facet normal -0.454017 -0.890993 -0
    outer loop
      vertex 20.4745 37.243 8.79485
      vertex 18.0956 38.4552 2.5
      vertex 20.4745 37.243 2.5
    endloop
  endfacet
  facet normal -0.156446 -0.987686 0
    outer loop
      vertex 5.32666 42.1649 2.5
      vertex 7.96371 41.7472 20
      vertex 5.32666 42.1649 20
    endloop
  endfacet
  facet normal -0.156446 -0.987686 -0
    outer loop
      vertex 7.96371 41.7472 20
      vertex 5.32666 42.1649 2.5
      vertex 7.96371 41.7472 2.5
    endloop
  endfacet
  facet normal -0.397135 -0.91776 0
    outer loop
      vertex 15.6453 39.5155 2.5
      vertex 18.0956 38.4552 20
      vertex 15.6453 39.5155 20
    endloop
  endfacet
  facet normal -0.397135 -0.91776 -0
    outer loop
      vertex 18.0956 38.4552 20
      vertex 15.6453 39.5155 2.5
      vertex 18.0956 38.4552 2.5
    endloop
  endfacet
  facet normal 0.156446 -0.987686 0
    outer loop
      vertex -7.96371 41.7472 2.5
      vertex -5.32666 42.1649 20
      vertex -7.96371 41.7472 20
    endloop
  endfacet
  facet normal 0.156446 -0.987686 0
    outer loop
      vertex -5.32666 42.1649 20
      vertex -7.96371 41.7472 2.5
      vertex -5.32666 42.1649 2.5
    endloop
  endfacet
  facet normal -0.995564 -0.0940858 0
    outer loop
      vertex 42.4161 2.6686 2.5
      vertex 42.1649 5.32666 20
      vertex 42.1649 5.32666 2.5
    endloop
  endfacet
  facet normal -0.995564 -0.0940858 0
    outer loop
      vertex 42.1649 5.32666 20
      vertex 42.4161 2.6686 2.5
      vertex 42.4161 2.6686 20
    endloop
  endfacet
  facet normal 0.0314242 0.999506 -0
    outer loop
      vertex 0 -42.5 2.5
      vertex -2.6686 -42.4161 20
      vertex 0 -42.5 20
    endloop
  endfacet
  facet normal 0.0314242 0.999506 0
    outer loop
      vertex -2.6686 -42.4161 20
      vertex 0 -42.5 2.5
      vertex -2.6686 -42.4161 2.5
    endloop
  endfacet
  facet normal -0.999505 -0.0314751 0
    outer loop
      vertex 42.4161 2.6686 2.5
      vertex 42.4529 1.5 10
      vertex 42.4161 2.6686 20
    endloop
  endfacet
  facet normal -0.999507 -0.0313925 1.28799e-05
    outer loop
      vertex 42.4161 2.6686 2.5
      vertex 42.4552 1.42658 9.53647
      vertex 42.4529 1.5 10
    endloop
  endfacet
  facet normal -0.999506 -0.0314399 4.51192e-06
    outer loop
      vertex 42.4161 2.6686 2.5
      vertex 42.4619 1.21352 9.11832
      vertex 42.4552 1.42658 9.53647
    endloop
  endfacet
  facet normal -0.999508 -0.0313493 2.44482e-05
    outer loop
      vertex 42.4161 2.6686 2.5
      vertex 42.4723 0.881678 8.78647
      vertex 42.4619 1.21352 9.11832
    endloop
  endfacet
  facet normal -0.999509 -0.0313284 3.03963e-05
    outer loop
      vertex 42.4161 2.6686 2.5
      vertex 42.4854 0.463525 8.57341
      vertex 42.4723 0.881678 8.78647
    endloop
  endfacet
  facet normal -0.999506 -0.0314242 -4.42863e-06
    outer loop
      vertex 42.5 0 2.5
      vertex 42.4854 0.463525 8.57341
      vertex 42.4161 2.6686 2.5
    endloop
  endfacet
  facet normal -0.999504 -0.0314821 0
    outer loop
      vertex 42.4854 0.463525 8.57341
      vertex 42.5 0 2.5
      vertex 42.5 0 8.5
    endloop
  endfacet
  facet normal -0.999508 -0.0313808 -1.10272e-05
    outer loop
      vertex 42.4552 1.42658 10.4635
      vertex 42.4161 2.6686 20
      vertex 42.4529 1.5 10
    endloop
  endfacet
  facet normal -0.999506 -0.031438 -3.5698e-06
    outer loop
      vertex 42.4619 1.21352 10.8817
      vertex 42.4161 2.6686 20
      vertex 42.4552 1.42658 10.4635
    endloop
  endfacet
  facet normal -0.999509 -0.0313435 -1.86681e-05
    outer loop
      vertex 42.4723 0.881678 11.2135
      vertex 42.4161 2.6686 20
      vertex 42.4619 1.21352 10.8817
    endloop
  endfacet
  facet normal -0.999509 -0.0313244 -2.25593e-05
    outer loop
      vertex 42.4854 0.463525 11.4266
      vertex 42.4161 2.6686 20
      vertex 42.4723 0.881678 11.2135
    endloop
  endfacet
  facet normal -0.999504 -0.0314821 -0
    outer loop
      vertex 42.5 0 20
      vertex 42.4854 0.463525 11.4266
      vertex 42.5 0 11.5
    endloop
  endfacet
  facet normal -0.999506 -0.0314242 3.13725e-06
    outer loop
      vertex 42.4854 0.463525 11.4266
      vertex 42.5 0 20
      vertex 42.4161 2.6686 20
    endloop
  endfacet
  facet normal 0.860741 -0.509043 0
    outer loop
      vertex -37.243 20.4745 20
      vertex -35.8839 22.7726 2.5
      vertex -35.8839 22.7726 20
    endloop
  endfacet
  facet normal 0.860741 -0.509043 0
    outer loop
      vertex -35.8839 22.7726 2.5
      vertex -37.243 20.4745 20
      vertex -37.243 20.4745 2.5
    endloop
  endfacet
  facet normal 0.750131 0.66129 0
    outer loop
      vertex -30.9812 -29.0933 20
      vertex -32.7468 -27.0905 2.5
      vertex -32.7468 -27.0905 20
    endloop
  endfacet
  facet normal 0.750131 0.66129 0
    outer loop
      vertex -32.7468 -27.0905 2.5
      vertex -30.9812 -29.0933 20
      vertex -30.9812 -29.0933 2.5
    endloop
  endfacet
  facet normal -0.218137 0.975918 0
    outer loop
      vertex 10.5693 -41.1648 2.5
      vertex 7.96371 -41.7472 20
      vertex 10.5693 -41.1648 20
    endloop
  endfacet
  facet normal -0.218137 0.975918 0
    outer loop
      vertex 7.96371 -41.7472 20
      vertex 10.5693 -41.1648 2.5
      vertex 7.96371 -41.7472 2.5
    endloop
  endfacet
  facet normal -0.940882 0.338734 0
    outer loop
      vertex 39.5155 -15.6453 2.5
      vertex 40.4199 -13.1332 20
      vertex 40.4199 -13.1332 2.5
    endloop
  endfacet
  facet normal -0.940882 0.338734 0
    outer loop
      vertex 40.4199 -13.1332 20
      vertex 39.5155 -15.6453 2.5
      vertex 39.5155 -15.6453 20
    endloop
  endfacet
  facet normal 0.975918 0.218137 0
    outer loop
      vertex -41.1648 -10.5693 20
      vertex -41.7472 -7.96371 2.5
      vertex -41.7472 -7.96371 20
    endloop
  endfacet
  facet normal 0.975918 0.218137 0
    outer loop
      vertex -41.7472 -7.96371 2.5
      vertex -41.1648 -10.5693 20
      vertex -41.1648 -10.5693 2.5
    endloop
  endfacet
  facet normal -0.995564 0.0940858 0
    outer loop
      vertex 42.1649 -5.32666 2.5
      vertex 42.4161 -2.6686 20
      vertex 42.4161 -2.6686 2.5
    endloop
  endfacet
  facet normal -0.995564 0.0940858 0
    outer loop
      vertex 42.4161 -2.6686 20
      vertex 42.1649 -5.32666 2.5
      vertex 42.1649 -5.32666 20
    endloop
  endfacet
  facet normal -0.612913 -0.79015 0
    outer loop
      vertex 24.9809 34.3832 2.5
      vertex 27.0905 32.7468 20
      vertex 24.9809 34.3832 20
    endloop
  endfacet
  facet normal -0.612913 -0.79015 -0
    outer loop
      vertex 27.0905 32.7468 20
      vertex 24.9809 34.3832 2.5
      vertex 27.0905 32.7468 2.5
    endloop
  endfacet
  facet normal -0.860741 0.509043 0
    outer loop
      vertex 35.8839 -22.7726 2.5
      vertex 37.243 -20.4745 20
      vertex 37.243 -20.4745 2.5
    endloop
  endfacet
  facet normal -0.860741 0.509043 0
    outer loop
      vertex 37.243 -20.4745 20
      vertex 35.8839 -22.7726 2.5
      vertex 35.8839 -22.7726 20
    endloop
  endfacet
  facet normal 0.66129 0.750131 -0
    outer loop
      vertex -27.0905 -32.7468 2.5
      vertex -29.0933 -30.9812 20
      vertex -27.0905 -32.7468 20
    endloop
  endfacet
  facet normal 0.66129 0.750131 0
    outer loop
      vertex -29.0933 -30.9812 20
      vertex -27.0905 -32.7468 2.5
      vertex -29.0933 -30.9812 2.5
    endloop
  endfacet
  facet normal -0.987686 -0.156446 0
    outer loop
      vertex 42.1649 5.32666 2.5
      vertex 41.7472 7.96371 20
      vertex 41.7472 7.96371 2.5
    endloop
  endfacet
  facet normal -0.987686 -0.156446 0
    outer loop
      vertex 41.7472 7.96371 20
      vertex 42.1649 5.32666 2.5
      vertex 42.1649 5.32666 20
    endloop
  endfacet
  facet normal -0.960292 0.278997 0
    outer loop
      vertex 40.4199 -13.1332 2.5
      vertex 41.1648 -10.5693 20
      vertex 41.1648 -10.5693 2.5
    endloop
  endfacet
  facet normal -0.960292 0.278997 0
    outer loop
      vertex 41.1648 -10.5693 20
      vertex 40.4199 -13.1332 2.5
      vertex 40.4199 -13.1332 20
    endloop
  endfacet
  facet normal -0.338734 -0.940882 0
    outer loop
      vertex 13.1332 40.4199 2.5
      vertex 15.6453 39.5155 20
      vertex 13.1332 40.4199 20
    endloop
  endfacet
  facet normal -0.338734 -0.940882 -0
    outer loop
      vertex 15.6453 39.5155 20
      vertex 13.1332 40.4199 2.5
      vertex 15.6453 39.5155 2.5
    endloop
  endfacet
  facet normal 0.707107 0.707107 0
    outer loop
      vertex -29.0933 -30.9812 20
      vertex -30.9812 -29.0933 2.5
      vertex -30.9812 -29.0933 20
    endloop
  endfacet
  facet normal 0.707107 0.707107 0
    outer loop
      vertex -30.9812 -29.0933 2.5
      vertex -29.0933 -30.9812 20
      vertex -29.0933 -30.9812 2.5
    endloop
  endfacet
  facet normal -0.890993 -0.454017 0
    outer loop
      vertex 38.4552 18.0956 2.5
      vertex 37.243 20.4745 20
      vertex 37.243 20.4745 2.5
    endloop
  endfacet
  facet normal -0.890993 -0.454017 0
    outer loop
      vertex 37.243 20.4745 20
      vertex 38.4552 18.0956 2.5
      vertex 38.4552 18.0956 20
    endloop
  endfacet
  facet normal 0.278997 -0.960292 0
    outer loop
      vertex -13.1332 40.4199 2.5
      vertex -10.5693 41.1648 20
      vertex -13.1332 40.4199 20
    endloop
  endfacet
  facet normal 0.278997 -0.960292 0
    outer loop
      vertex -10.5693 41.1648 20
      vertex -13.1332 40.4199 2.5
      vertex -10.5693 41.1648 2.5
    endloop
  endfacet
  facet normal -0.562068 -0.827091 0
    outer loop
      vertex 22.7726 35.8839 2.5
      vertex 24.9809 34.3832 20
      vertex 22.7726 35.8839 20
    endloop
  endfacet
  facet normal -0.562068 -0.827091 -0
    outer loop
      vertex 24.9809 34.3832 20
      vertex 22.7726 35.8839 2.5
      vertex 24.9809 34.3832 2.5
    endloop
  endfacet
  facet normal -0.0940858 0.995564 0
    outer loop
      vertex 5.32666 -42.1649 2.5
      vertex 2.6686 -42.4161 20
      vertex 5.32666 -42.1649 20
    endloop
  endfacet
  facet normal -0.0940858 0.995564 0
    outer loop
      vertex 2.6686 -42.4161 20
      vertex 5.32666 -42.1649 2.5
      vertex 2.6686 -42.4161 2.5
    endloop
  endfacet
  facet normal 0.960292 0.278997 0
    outer loop
      vertex -40.4199 -13.1332 20
      vertex -41.1648 -10.5693 2.5
      vertex -41.1648 -10.5693 20
    endloop
  endfacet
  facet normal 0.960292 0.278997 0
    outer loop
      vertex -41.1648 -10.5693 2.5
      vertex -40.4199 -13.1332 20
      vertex -40.4199 -13.1332 2.5
    endloop
  endfacet
  facet normal 0.827091 0.562068 0
    outer loop
      vertex -34.3832 -24.9809 20
      vertex -35.8839 -22.7726 2.5
      vertex -35.8839 -22.7726 20
    endloop
  endfacet
  facet normal 0.827091 0.562068 0
    outer loop
      vertex -35.8839 -22.7726 2.5
      vertex -34.3832 -24.9809 20
      vertex -34.3832 -24.9809 2.5
    endloop
  endfacet
  facet normal 0.0940858 0.995564 -0
    outer loop
      vertex -2.6686 -42.4161 2.5
      vertex -5.32666 -42.1649 20
      vertex -2.6686 -42.4161 20
    endloop
  endfacet
  facet normal 0.0940858 0.995564 0
    outer loop
      vertex -5.32666 -42.1649 20
      vertex -2.6686 -42.4161 2.5
      vertex -5.32666 -42.1649 2.5
    endloop
  endfacet
  facet normal -0.827091 -0.562068 0
    outer loop
      vertex 35.8839 22.7726 2.5
      vertex 34.3832 24.9809 20
      vertex 34.3832 24.9809 2.5
    endloop
  endfacet
  facet normal -0.827091 -0.562068 0
    outer loop
      vertex 34.3832 24.9809 20
      vertex 35.8839 22.7726 2.5
      vertex 35.8839 22.7726 20
    endloop
  endfacet
  facet normal -0.91776 0.397135 0
    outer loop
      vertex 38.4552 -18.0956 2.5
      vertex 39.5155 -15.6453 20
      vertex 39.5155 -15.6453 2.5
    endloop
  endfacet
  facet normal -0.91776 0.397135 0
    outer loop
      vertex 39.5155 -15.6453 20
      vertex 38.4552 -18.0956 2.5
      vertex 38.4552 -18.0956 20
    endloop
  endfacet
  facet normal -0.975918 -0.218137 0
    outer loop
      vertex 41.7472 7.96371 2.5
      vertex 41.1648 10.5693 20
      vertex 41.1648 10.5693 2.5
    endloop
  endfacet
  facet normal -0.975918 -0.218137 0
    outer loop
      vertex 41.1648 10.5693 20
      vertex 41.7472 7.96371 2.5
      vertex 41.7472 7.96371 20
    endloop
  endfacet
  facet normal -0.0314242 0.999506 0
    outer loop
      vertex 2.6686 -42.4161 2.5
      vertex 0 -42.5 20
      vertex 2.6686 -42.4161 20
    endloop
  endfacet
  facet normal -0.0314242 0.999506 0
    outer loop
      vertex 0 -42.5 20
      vertex 2.6686 -42.4161 2.5
      vertex 0 -42.5 2.5
    endloop
  endfacet
  facet normal -0.454017 0.890993 0
    outer loop
      vertex 20.4745 -37.243 11.2051
      vertex 18.0956 -38.4552 20
      vertex 20.4745 -37.243 20
    endloop
  endfacet
  facet normal -0.454029 0.890987 -4.09356e-06
    outer loop
      vertex 20.2502 -37.3573 10.9538
      vertex 18.0956 -38.4552 20
      vertex 20.4745 -37.243 11.2051
    endloop
  endfacet
  facet normal -0.454321 0.890838 -9.17529e-05
    outer loop
      vertex 20.1859 -37.3901 10.8817
      vertex 18.0956 -38.4552 20
      vertex 20.2502 -37.3573 10.9538
    endloop
  endfacet
  facet normal -0.454103 0.890949 -2.87743e-05
    outer loop
      vertex 20.1449 -37.411 10.7914
      vertex 18.0956 -38.4552 20
      vertex 20.1859 -37.3901 10.8817
    endloop
  endfacet
  facet normal -0.45377 0.891119 6.46453e-05
    outer loop
      vertex 19.9958 -37.4869 10.4635
      vertex 18.0956 -38.4552 20
      vertex 20.1449 -37.411 10.7914
    endloop
  endfacet
  facet normal -0.454351 0.890823 -8.11055e-05
    outer loop
      vertex 19.9443 -37.5132 10.0988
      vertex 18.0956 -38.4552 20
      vertex 19.9958 -37.4869 10.4635
    endloop
  endfacet
  facet normal -0.453272 0.891372 0.00017266
    outer loop
      vertex 19.9303 -37.5203 10
      vertex 18.0956 -38.4552 20
      vertex 19.9443 -37.5132 10.0988
    endloop
  endfacet
  facet normal -0.45339 0.891312 -0.000193707
    outer loop
      vertex 18.0956 -38.4552 2.5
      vertex 19.9303 -37.5203 10
      vertex 19.9443 -37.5132 9.90116
    endloop
  endfacet
  facet normal -0.454295 0.890851 9.10045e-05
    outer loop
      vertex 18.0956 -38.4552 2.5
      vertex 19.9443 -37.5132 9.90116
      vertex 19.9958 -37.4869 9.53647
    endloop
  endfacet
  facet normal -0.454028 0.890987 5.23519e-06
    outer loop
      vertex 18.0956 -38.4552 2.5
      vertex 20.2502 -37.3573 9.04624
      vertex 20.4745 -37.243 8.79485
    endloop
  endfacet
  facet normal -0.454017 0.890993 0
    outer loop
      vertex 18.0956 -38.4552 2.5
      vertex 20.4745 -37.243 8.79485
      vertex 20.4745 -37.243 2.5
    endloop
  endfacet
  facet normal -0.454299 0.890849 0.000117357
    outer loop
      vertex 20.2502 -37.3573 9.04624
      vertex 18.0956 -38.4552 2.5
      vertex 20.1859 -37.3901 9.11832
    endloop
  endfacet
  facet normal -0.454092 0.890955 3.51911e-05
    outer loop
      vertex 20.1859 -37.3901 9.11832
      vertex 18.0956 -38.4552 2.5
      vertex 20.1449 -37.411 9.20858
    endloop
  endfacet
  facet normal -0.453795 0.891106 -7.90552e-05
    outer loop
      vertex 20.1449 -37.411 9.20858
      vertex 18.0956 -38.4552 2.5
      vertex 19.9958 -37.4869 9.53647
    endloop
  endfacet
  facet normal -0.454019 0.890992 0
    outer loop
      vertex 19.9303 -37.5203 10
      vertex 18.0956 -38.4552 2.5
      vertex 18.0956 -38.4552 20
    endloop
  endfacet
  facet normal 0.397135 -0.91776 0
    outer loop
      vertex -18.0956 38.4552 2.5
      vertex -15.6453 39.5155 20
      vertex -18.0956 38.4552 20
    endloop
  endfacet
  facet normal 0.397135 -0.91776 0
    outer loop
      vertex -15.6453 39.5155 20
      vertex -18.0956 38.4552 2.5
      vertex -15.6453 39.5155 2.5
    endloop
  endfacet
  facet normal -0.827091 0.562068 0
    outer loop
      vertex 34.3832 -24.9809 2.5
      vertex 35.8839 -22.7726 20
      vertex 35.8839 -22.7726 2.5
    endloop
  endfacet
  facet normal -0.827091 0.562068 0
    outer loop
      vertex 35.8839 -22.7726 20
      vertex 34.3832 -24.9809 2.5
      vertex 34.3832 -24.9809 20
    endloop
  endfacet
  facet normal -0.999504 0.0314821 0
    outer loop
      vertex 42.5 0 2.5
      vertex 42.4854 -0.463525 8.57341
      vertex 42.5 0 8.5
    endloop
  endfacet
  facet normal -0.999506 0.0314242 -4.42863e-06
    outer loop
      vertex 42.4161 -2.6686 2.5
      vertex 42.4854 -0.463525 8.57341
      vertex 42.5 0 2.5
    endloop
  endfacet
  facet normal -0.999509 0.0313284 3.03963e-05
    outer loop
      vertex 42.4854 -0.463525 8.57341
      vertex 42.4161 -2.6686 2.5
      vertex 42.4723 -0.881678 8.78647
    endloop
  endfacet
  facet normal -0.999508 0.0313493 2.44482e-05
    outer loop
      vertex 42.4723 -0.881678 8.78647
      vertex 42.4161 -2.6686 2.5
      vertex 42.4619 -1.21352 9.11832
    endloop
  endfacet
  facet normal -0.999507 0.0313925 1.28799e-05
    outer loop
      vertex 42.4552 -1.42658 9.53647
      vertex 42.4161 -2.6686 2.5
      vertex 42.4529 -1.5 10
    endloop
  endfacet
  facet normal -0.999506 0.0314399 4.51192e-06
    outer loop
      vertex 42.4619 -1.21352 9.11832
      vertex 42.4161 -2.6686 2.5
      vertex 42.4552 -1.42658 9.53647
    endloop
  endfacet
  facet normal -0.999504 0.0314821 0
    outer loop
      vertex 42.4854 -0.463525 11.4266
      vertex 42.5 0 20
      vertex 42.5 0 11.5
    endloop
  endfacet
  facet normal -0.999509 0.0313244 -2.25593e-05
    outer loop
      vertex 42.4161 -2.6686 20
      vertex 42.4854 -0.463525 11.4266
      vertex 42.4723 -0.881678 11.2135
    endloop
  endfacet
  facet normal -0.999509 0.0313435 -1.86681e-05
    outer loop
      vertex 42.4161 -2.6686 20
      vertex 42.4723 -0.881678 11.2135
      vertex 42.4619 -1.21352 10.8817
    endloop
  endfacet
  facet normal -0.999506 0.031438 -3.5698e-06
    outer loop
      vertex 42.4161 -2.6686 20
      vertex 42.4619 -1.21352 10.8817
      vertex 42.4552 -1.42658 10.4635
    endloop
  endfacet
  facet normal -0.999508 0.0313808 -1.10272e-05
    outer loop
      vertex 42.4161 -2.6686 20
      vertex 42.4552 -1.42658 10.4635
      vertex 42.4529 -1.5 10
    endloop
  endfacet
  facet normal -0.999505 0.0314751 0
    outer loop
      vertex 42.4161 -2.6686 20
      vertex 42.4529 -1.5 10
      vertex 42.4161 -2.6686 2.5
    endloop
  endfacet
  facet normal -0.999506 0.0314242 3.13725e-06
    outer loop
      vertex 42.4854 -0.463525 11.4266
      vertex 42.4161 -2.6686 20
      vertex 42.5 0 20
    endloop
  endfacet
  facet normal -0.707107 0.707107 0
    outer loop
      vertex 29.0933 -30.9812 2.5
      vertex 30.9812 -29.0933 20
      vertex 30.9812 -29.0933 2.5
    endloop
  endfacet
  facet normal -0.707107 0.707107 0
    outer loop
      vertex 30.9812 -29.0933 20
      vertex 29.0933 -30.9812 2.5
      vertex 29.0933 -30.9812 20
    endloop
  endfacet
  facet normal 0.940882 0.338734 0
    outer loop
      vertex -39.5155 -15.6453 20
      vertex -40.4199 -13.1332 2.5
      vertex -40.4199 -13.1332 20
    endloop
  endfacet
  facet normal 0.940882 0.338734 0
    outer loop
      vertex -40.4199 -13.1332 2.5
      vertex -39.5155 -15.6453 20
      vertex -39.5155 -15.6453 2.5
    endloop
  endfacet
  facet normal 0.987686 0.156446 0
    outer loop
      vertex -41.7472 -7.96371 20
      vertex -42.1649 -5.32666 2.5
      vertex -42.1649 -5.32666 20
    endloop
  endfacet
  facet normal 0.987686 0.156446 0
    outer loop
      vertex -42.1649 -5.32666 2.5
      vertex -41.7472 -7.96371 20
      vertex -41.7472 -7.96371 2.5
    endloop
  endfacet
  facet normal -0.860741 -0.509043 0
    outer loop
      vertex 37.243 20.4745 2.5
      vertex 35.8839 22.7726 20
      vertex 35.8839 22.7726 2.5
    endloop
  endfacet
  facet normal -0.860741 -0.509043 0
    outer loop
      vertex 35.8839 22.7726 20
      vertex 37.243 20.4745 2.5
      vertex 37.243 20.4745 20
    endloop
  endfacet
  facet normal 0.562068 -0.827091 0
    outer loop
      vertex -24.9809 34.3832 2.5
      vertex -22.7726 35.8839 20
      vertex -24.9809 34.3832 20
    endloop
  endfacet
  facet normal 0.562068 -0.827091 0
    outer loop
      vertex -22.7726 35.8839 20
      vertex -24.9809 34.3832 2.5
      vertex -22.7726 35.8839 2.5
    endloop
  endfacet
  facet normal -0.960292 -0.278997 0
    outer loop
      vertex 41.1648 10.5693 2.5
      vertex 40.4199 13.1332 20
      vertex 40.4199 13.1332 2.5
    endloop
  endfacet
  facet normal -0.960292 -0.278997 0
    outer loop
      vertex 40.4199 13.1332 20
      vertex 41.1648 10.5693 2.5
      vertex 41.1648 10.5693 20
    endloop
  endfacet
  facet normal 0.890993 -0.454017 0
    outer loop
      vertex -38.4552 18.0956 20
      vertex -37.243 20.4745 2.5
      vertex -37.243 20.4745 20
    endloop
  endfacet
  facet normal 0.890993 -0.454017 0
    outer loop
      vertex -37.243 20.4745 2.5
      vertex -38.4552 18.0956 20
      vertex -38.4552 18.0956 2.5
    endloop
  endfacet
  facet normal -0.750131 -0.66129 0
    outer loop
      vertex 32.7468 27.0905 2.5
      vertex 30.9812 29.0933 20
      vertex 30.9812 29.0933 2.5
    endloop
  endfacet
  facet normal -0.750131 -0.66129 0
    outer loop
      vertex 30.9812 29.0933 20
      vertex 32.7468 27.0905 2.5
      vertex 32.7468 27.0905 20
    endloop
  endfacet
  facet normal 0.397135 0.91776 -0
    outer loop
      vertex -15.6453 -39.5155 2.5
      vertex -18.0956 -38.4552 20
      vertex -15.6453 -39.5155 20
    endloop
  endfacet
  facet normal 0.397135 0.91776 0
    outer loop
      vertex -18.0956 -38.4552 20
      vertex -15.6453 -39.5155 2.5
      vertex -18.0956 -38.4552 2.5
    endloop
  endfacet
  facet normal 0.156446 0.987686 -0
    outer loop
      vertex -5.32666 -42.1649 2.5
      vertex -7.96371 -41.7472 20
      vertex -5.32666 -42.1649 20
    endloop
  endfacet
  facet normal 0.156446 0.987686 0
    outer loop
      vertex -7.96371 -41.7472 20
      vertex -5.32666 -42.1649 2.5
      vertex -7.96371 -41.7472 2.5
    endloop
  endfacet
  facet normal 0.278997 0.960292 -0
    outer loop
      vertex -10.5693 -41.1648 2.5
      vertex -13.1332 -40.4199 20
      vertex -10.5693 -41.1648 20
    endloop
  endfacet
  facet normal 0.278997 0.960292 0
    outer loop
      vertex -13.1332 -40.4199 20
      vertex -10.5693 -41.1648 2.5
      vertex -13.1332 -40.4199 2.5
    endloop
  endfacet
  facet normal 0.91776 0.397135 0
    outer loop
      vertex -38.4552 -18.0956 20
      vertex -39.5155 -15.6453 2.5
      vertex -39.5155 -15.6453 20
    endloop
  endfacet
  facet normal 0.91776 0.397135 0
    outer loop
      vertex -39.5155 -15.6453 2.5
      vertex -38.4552 -18.0956 20
      vertex -38.4552 -18.0956 2.5
    endloop
  endfacet
  facet normal 0.960292 -0.278997 0
    outer loop
      vertex -41.1648 10.5693 20
      vertex -40.4199 13.1332 2.5
      vertex -40.4199 13.1332 20
    endloop
  endfacet
  facet normal 0.960292 -0.278997 0
    outer loop
      vertex -40.4199 13.1332 2.5
      vertex -41.1648 10.5693 20
      vertex -41.1648 10.5693 2.5
    endloop
  endfacet
  facet normal 0.66129 -0.750131 0
    outer loop
      vertex -29.0933 30.9812 2.5
      vertex -27.0905 32.7468 20
      vertex -29.0933 30.9812 20
    endloop
  endfacet
  facet normal 0.66129 -0.750131 0
    outer loop
      vertex -27.0905 32.7468 20
      vertex -29.0933 30.9812 2.5
      vertex -27.0905 32.7468 2.5
    endloop
  endfacet
  facet normal -0.0940858 -0.995564 0
    outer loop
      vertex 2.6686 42.4161 2.5
      vertex 5.32666 42.1649 20
      vertex 2.6686 42.4161 20
    endloop
  endfacet
  facet normal -0.0940858 -0.995564 -0
    outer loop
      vertex 5.32666 42.1649 20
      vertex 2.6686 42.4161 2.5
      vertex 5.32666 42.1649 2.5
    endloop
  endfacet
  facet normal -0.509043 0.860741 -3.23034e-06
    outer loop
      vertex 22.7726 -35.8839 20
      vertex 21.2407 -36.7899 11.5
      vertex 20.4745 -37.243 20
    endloop
  endfacet
  facet normal -0.509054 0.860734 -5.86871e-07
    outer loop
      vertex 22.7726 -35.8839 20
      vertex 21.553 -36.6052 11.4425
      vertex 21.2407 -36.7899 11.5
    endloop
  endfacet
  facet normal -0.508509 0.861056 -0.000105397
    outer loop
      vertex 22.7726 -35.8839 20
      vertex 21.6397 -36.554 11.4266
      vertex 21.553 -36.6052 11.4425
    endloop
  endfacet
  facet normal -0.509583 0.860421 8.61298e-05
    outer loop
      vertex 22.7726 -35.8839 20
      vertex 21.7177 -36.5078 11.3804
      vertex 21.6397 -36.554 11.4266
    endloop
  endfacet
  facet normal -0.509011 0.86076 -8.44929e-06
    outer loop
      vertex 22.7726 -35.8839 20
      vertex 21.9996 -36.3411 11.2135
      vertex 21.7177 -36.5078 11.3804
    endloop
  endfacet
  facet normal -0.508962 0.860789 -1.42866e-05
    outer loop
      vertex 22.7726 -35.8839 20
      vertex 22.2237 -36.2086 10.9532
      vertex 21.9996 -36.3411 11.2135
    endloop
  endfacet
  facet normal -0.508756 0.860911 -3.11154e-05
    outer loop
      vertex 22.7726 -35.8839 20
      vertex 22.2853 -36.1722 10.8817
      vertex 22.2237 -36.2086 10.9532
    endloop
  endfacet
  facet normal -0.510482 0.859889 9.34295e-05
    outer loop
      vertex 22.7726 -35.8839 20
      vertex 22.3247 -36.1488 10.7917
      vertex 22.2853 -36.1722 10.8817
    endloop
  endfacet
  facet normal -0.508799 0.860886 -1.71301e-05
    outer loop
      vertex 22.7726 -35.8839 20
      vertex 22.4687 -36.0637 10.4635
      vertex 22.3247 -36.1488 10.7917
    endloop
  endfacet
  facet normal -0.509264 0.86061 2.89353e-06
    outer loop
      vertex 22.7726 -35.8839 20
      vertex 22.5319 -36.0263 10
      vertex 22.4687 -36.0637 10.4635
    endloop
  endfacet
  facet normal -0.508808 0.86088 2.26709e-05
    outer loop
      vertex 22.7726 -35.8839 2.5
      vertex 22.3247 -36.1488 9.20829
      vertex 22.4687 -36.0637 9.53647
    endloop
  endfacet
  facet normal -0.508765 0.860905 4.19436e-05
    outer loop
      vertex 22.7726 -35.8839 2.5
      vertex 22.2237 -36.2086 9.04683
      vertex 22.2853 -36.1722 9.11832
    endloop
  endfacet
  facet normal -0.509012 0.860759 1.15816e-05
    outer loop
      vertex 22.7726 -35.8839 2.5
      vertex 21.7177 -36.5078 8.6196
      vertex 21.9996 -36.3411 8.78647
    endloop
  endfacet
  facet normal -0.508515 0.861053 0.000147334
    outer loop
      vertex 22.7726 -35.8839 2.5
      vertex 21.553 -36.6052 8.55747
      vertex 21.6397 -36.554 8.57341
    endloop
  endfacet
  facet normal -0.509054 0.860734 8.20441e-07
    outer loop
      vertex 21.553 -36.6052 8.55747
      vertex 22.7726 -35.8839 2.5
      vertex 21.2407 -36.7899 8.5
    endloop
  endfacet
  facet normal -0.509569 0.86043 -0.00011806
    outer loop
      vertex 21.7177 -36.5078 8.6196
      vertex 22.7726 -35.8839 2.5
      vertex 21.6397 -36.554 8.57341
    endloop
  endfacet
  facet normal -0.508966 0.860787 1.92574e-05
    outer loop
      vertex 22.2237 -36.2086 9.04683
      vertex 22.7726 -35.8839 2.5
      vertex 21.9996 -36.3411 8.78647
    endloop
  endfacet
  facet normal -0.510431 0.859919 -0.00012365
    outer loop
      vertex 22.3247 -36.1488 9.20829
      vertex 22.7726 -35.8839 2.5
      vertex 22.2853 -36.1722 9.11832
    endloop
  endfacet
  facet normal -0.50926 0.860613 -3.67424e-06
    outer loop
      vertex 22.5319 -36.0263 10
      vertex 22.7726 -35.8839 2.5
      vertex 22.4687 -36.0637 9.53647
    endloop
  endfacet
  facet normal -0.509175 0.860663 0
    outer loop
      vertex 22.7726 -35.8839 2.5
      vertex 22.5319 -36.0263 10
      vertex 22.7726 -35.8839 20
    endloop
  endfacet
  facet normal -0.509091 0.860712 -9.06213e-06
    outer loop
      vertex 20.8417 -37.0259 11.4266
      vertex 20.4745 -37.243 20
      vertex 21.2407 -36.7899 11.5
    endloop
  endfacet
  facet normal -0.508878 0.860839 3.29717e-06
    outer loop
      vertex 20.7627 -37.0726 11.3798
      vertex 20.4745 -37.243 20
      vertex 20.8417 -37.0259 11.4266
    endloop
  endfacet
  facet normal -0.509078 0.860721 -5.72837e-06
    outer loop
      vertex 20.4817 -37.2388 11.2135
      vertex 20.4745 -37.243 20
      vertex 20.7627 -37.0726 11.3798
    endloop
  endfacet
  facet normal -0.503871 0.863779 0
    outer loop
      vertex 20.4745 -37.243 20
      vertex 20.4817 -37.2388 11.2135
      vertex 20.4745 -37.243 11.2051
    endloop
  endfacet
  facet normal -0.508878 0.860839 -4.60765e-06
    outer loop
      vertex 20.4745 -37.243 2.5
      vertex 20.7627 -37.0726 8.62015
      vertex 20.8417 -37.0259 8.57341
    endloop
  endfacet
  facet normal -0.509043 0.860741 4.57631e-06
    outer loop
      vertex 20.4745 -37.243 2.5
      vertex 21.2407 -36.7899 8.5
      vertex 22.7726 -35.8839 2.5
    endloop
  endfacet
  facet normal -0.509091 0.860713 1.27513e-05
    outer loop
      vertex 21.2407 -36.7899 8.5
      vertex 20.4745 -37.243 2.5
      vertex 20.8417 -37.0259 8.57341
    endloop
  endfacet
  facet normal -0.509077 0.860721 8.00492e-06
    outer loop
      vertex 20.7627 -37.0726 8.62015
      vertex 20.4745 -37.243 2.5
      vertex 20.4817 -37.2388 8.78647
    endloop
  endfacet
  facet normal -0.503871 0.863779 0
    outer loop
      vertex 20.4817 -37.2388 8.78647
      vertex 20.4745 -37.243 2.5
      vertex 20.4745 -37.243 8.79485
    endloop
  endfacet
  facet normal 0.338734 -0.940882 0
    outer loop
      vertex -15.6453 39.5155 2.5
      vertex -13.1332 40.4199 20
      vertex -15.6453 39.5155 20
    endloop
  endfacet
  facet normal 0.338734 -0.940882 0
    outer loop
      vertex -13.1332 40.4199 20
      vertex -15.6453 39.5155 2.5
      vertex -13.1332 40.4199 2.5
    endloop
  endfacet
  facet normal 0.999504 0.0314821 0
    outer loop
      vertex -42.5 0 20
      vertex -42.4854 -0.463525 11.4266
      vertex -42.5 0 11.5
    endloop
  endfacet
  facet normal 0.999506 0.0314242 3.13725e-06
    outer loop
      vertex -42.4161 -2.6686 20
      vertex -42.4854 -0.463525 11.4266
      vertex -42.5 0 20
    endloop
  endfacet
  facet normal 0.999509 0.0313244 -2.25593e-05
    outer loop
      vertex -42.4854 -0.463525 11.4266
      vertex -42.4161 -2.6686 20
      vertex -42.4723 -0.881678 11.2135
    endloop
  endfacet
  facet normal 0.999509 0.0313435 -1.86681e-05
    outer loop
      vertex -42.4723 -0.881678 11.2135
      vertex -42.4161 -2.6686 20
      vertex -42.4619 -1.21352 10.8817
    endloop
  endfacet
  facet normal 0.999506 0.031438 -3.5698e-06
    outer loop
      vertex -42.4619 -1.21352 10.8817
      vertex -42.4161 -2.6686 20
      vertex -42.4552 -1.42658 10.4635
    endloop
  endfacet
  facet normal 0.999508 0.0313808 -1.10272e-05
    outer loop
      vertex -42.4552 -1.42658 10.4635
      vertex -42.4161 -2.6686 20
      vertex -42.4529 -1.5 10
    endloop
  endfacet
  facet normal 0.999504 0.0314821 0
    outer loop
      vertex -42.4854 -0.463525 8.57341
      vertex -42.5 0 2.5
      vertex -42.5 0 8.5
    endloop
  endfacet
  facet normal 0.999509 0.0313284 3.03963e-05
    outer loop
      vertex -42.4161 -2.6686 2.5
      vertex -42.4854 -0.463525 8.57341
      vertex -42.4723 -0.881678 8.78647
    endloop
  endfacet
  facet normal 0.999508 0.0313493 2.44482e-05
    outer loop
      vertex -42.4161 -2.6686 2.5
      vertex -42.4723 -0.881678 8.78647
      vertex -42.4619 -1.21352 9.11832
    endloop
  endfacet
  facet normal 0.999506 0.0314399 4.51192e-06
    outer loop
      vertex -42.4161 -2.6686 2.5
      vertex -42.4619 -1.21352 9.11832
      vertex -42.4552 -1.42658 9.53647
    endloop
  endfacet
  facet normal 0.999506 0.0314242 -4.42863e-06
    outer loop
      vertex -42.4854 -0.463525 8.57341
      vertex -42.4161 -2.6686 2.5
      vertex -42.5 0 2.5
    endloop
  endfacet
  facet normal 0.999507 0.0313925 1.28799e-05
    outer loop
      vertex -42.4529 -1.5 10
      vertex -42.4161 -2.6686 2.5
      vertex -42.4552 -1.42658 9.53647
    endloop
  endfacet
  facet normal 0.999505 0.0314751 -0
    outer loop
      vertex -42.4161 -2.6686 2.5
      vertex -42.4529 -1.5 10
      vertex -42.4161 -2.6686 20
    endloop
  endfacet
  facet normal 0.0314242 -0.999506 0
    outer loop
      vertex -2.6686 42.4161 2.5
      vertex 0 42.5 20
      vertex -2.6686 42.4161 20
    endloop
  endfacet
  facet normal 0.0314242 -0.999506 0
    outer loop
      vertex 0 42.5 20
      vertex -2.6686 42.4161 2.5
      vertex 0 42.5 2.5
    endloop
  endfacet
  facet normal -0.750131 0.66129 0
    outer loop
      vertex 30.9812 -29.0933 2.5
      vertex 32.7468 -27.0905 20
      vertex 32.7468 -27.0905 2.5
    endloop
  endfacet
  facet normal -0.750131 0.66129 0
    outer loop
      vertex 32.7468 -27.0905 20
      vertex 30.9812 -29.0933 2.5
      vertex 30.9812 -29.0933 20
    endloop
  endfacet
  facet normal -0.0314242 -0.999506 0
    outer loop
      vertex 0 42.5 2.5
      vertex 2.6686 42.4161 20
      vertex 0 42.5 20
    endloop
  endfacet
  facet normal -0.0314242 -0.999506 -0
    outer loop
      vertex 2.6686 42.4161 20
      vertex 0 42.5 2.5
      vertex 2.6686 42.4161 2.5
    endloop
  endfacet
  facet normal -0.562068 0.827091 0
    outer loop
      vertex 24.9809 -34.3832 2.5
      vertex 22.7726 -35.8839 20
      vertex 24.9809 -34.3832 20
    endloop
  endfacet
  facet normal -0.562068 0.827091 0
    outer loop
      vertex 22.7726 -35.8839 20
      vertex 24.9809 -34.3832 2.5
      vertex 22.7726 -35.8839 2.5
    endloop
  endfacet
  facet normal 0.890993 0.454017 0
    outer loop
      vertex -37.243 -20.4745 20
      vertex -38.4552 -18.0956 2.5
      vertex -38.4552 -18.0956 20
    endloop
  endfacet
  facet normal 0.890993 0.454017 0
    outer loop
      vertex -38.4552 -18.0956 2.5
      vertex -37.243 -20.4745 20
      vertex -37.243 -20.4745 2.5
    endloop
  endfacet
  facet normal 0.612913 -0.79015 0
    outer loop
      vertex -27.0905 32.7468 2.5
      vertex -24.9809 34.3832 20
      vertex -27.0905 32.7468 20
    endloop
  endfacet
  facet normal 0.612913 -0.79015 0
    outer loop
      vertex -24.9809 34.3832 20
      vertex -27.0905 32.7468 2.5
      vertex -24.9809 34.3832 2.5
    endloop
  endfacet
  facet normal -0.975918 0.218137 0
    outer loop
      vertex 41.1648 -10.5693 2.5
      vertex 41.7472 -7.96371 20
      vertex 41.7472 -7.96371 2.5
    endloop
  endfacet
  facet normal -0.975918 0.218137 0
    outer loop
      vertex 41.7472 -7.96371 20
      vertex 41.1648 -10.5693 2.5
      vertex 41.1648 -10.5693 20
    endloop
  endfacet
  facet normal 0.509077 0.860721 8.00492e-06
    outer loop
      vertex -20.4745 -37.243 2.5
      vertex -20.7627 -37.0726 8.62015
      vertex -20.4817 -37.2388 8.78647
    endloop
  endfacet
  facet normal 0.509091 0.860713 1.27513e-05
    outer loop
      vertex -20.8417 -37.0259 8.57341
      vertex -20.4745 -37.243 2.5
      vertex -21.2407 -36.7899 8.5
    endloop
  endfacet
  facet normal 0.508878 0.860839 -4.60765e-06
    outer loop
      vertex -20.7627 -37.0726 8.62015
      vertex -20.4745 -37.243 2.5
      vertex -20.8417 -37.0259 8.57341
    endloop
  endfacet
  facet normal 0.503871 0.863779 -0
    outer loop
      vertex -20.4745 -37.243 2.5
      vertex -20.4817 -37.2388 8.78647
      vertex -20.4745 -37.243 8.79485
    endloop
  endfacet
  facet normal 0.509043 0.860741 -3.23034e-06
    outer loop
      vertex -20.4745 -37.243 20
      vertex -21.2407 -36.7899 11.5
      vertex -22.7726 -35.8839 20
    endloop
  endfacet
  facet normal 0.509091 0.860712 -9.06213e-06
    outer loop
      vertex -20.4745 -37.243 20
      vertex -20.8417 -37.0259 11.4266
      vertex -21.2407 -36.7899 11.5
    endloop
  endfacet
  facet normal 0.508878 0.860839 3.29717e-06
    outer loop
      vertex -20.4745 -37.243 20
      vertex -20.7627 -37.0726 11.3798
      vertex -20.8417 -37.0259 11.4266
    endloop
  endfacet
  facet normal 0.509078 0.860721 -5.72837e-06
    outer loop
      vertex -20.4745 -37.243 20
      vertex -20.4817 -37.2388 11.2135
      vertex -20.7627 -37.0726 11.3798
    endloop
  endfacet
  facet normal 0.503871 0.863779 0
    outer loop
      vertex -20.4817 -37.2388 11.2135
      vertex -20.4745 -37.243 20
      vertex -20.4745 -37.243 11.2051
    endloop
  endfacet
  facet normal 0.509054 0.860734 -5.86871e-07
    outer loop
      vertex -21.553 -36.6052 11.4425
      vertex -22.7726 -35.8839 20
      vertex -21.2407 -36.7899 11.5
    endloop
  endfacet
  facet normal 0.508509 0.861056 -0.000105397
    outer loop
      vertex -21.6397 -36.554 11.4266
      vertex -22.7726 -35.8839 20
      vertex -21.553 -36.6052 11.4425
    endloop
  endfacet
  facet normal 0.509583 0.860421 8.61298e-05
    outer loop
      vertex -21.7177 -36.5078 11.3804
      vertex -22.7726 -35.8839 20
      vertex -21.6397 -36.554 11.4266
    endloop
  endfacet
  facet normal 0.509011 0.86076 -8.44929e-06
    outer loop
      vertex -21.9996 -36.3411 11.2135
      vertex -22.7726 -35.8839 20
      vertex -21.7177 -36.5078 11.3804
    endloop
  endfacet
  facet normal 0.508962 0.860789 -1.42866e-05
    outer loop
      vertex -22.2237 -36.2086 10.9532
      vertex -22.7726 -35.8839 20
      vertex -21.9996 -36.3411 11.2135
    endloop
  endfacet
  facet normal 0.508756 0.860911 -3.11154e-05
    outer loop
      vertex -22.2853 -36.1722 10.8817
      vertex -22.7726 -35.8839 20
      vertex -22.2237 -36.2086 10.9532
    endloop
  endfacet
  facet normal 0.510482 0.859889 9.34295e-05
    outer loop
      vertex -22.3247 -36.1488 10.7917
      vertex -22.7726 -35.8839 20
      vertex -22.2853 -36.1722 10.8817
    endloop
  endfacet
  facet normal 0.508799 0.860886 -1.71301e-05
    outer loop
      vertex -22.4687 -36.0637 10.4635
      vertex -22.7726 -35.8839 20
      vertex -22.3247 -36.1488 10.7917
    endloop
  endfacet
  facet normal 0.509264 0.86061 2.89353e-06
    outer loop
      vertex -22.5319 -36.0263 10
      vertex -22.7726 -35.8839 20
      vertex -22.4687 -36.0637 10.4635
    endloop
  endfacet
  facet normal 0.510431 0.859919 -0.00012365
    outer loop
      vertex -22.7726 -35.8839 2.5
      vertex -22.3247 -36.1488 9.20829
      vertex -22.2853 -36.1722 9.11832
    endloop
  endfacet
  facet normal 0.508966 0.860787 1.92574e-05
    outer loop
      vertex -22.7726 -35.8839 2.5
      vertex -22.2237 -36.2086 9.04683
      vertex -21.9996 -36.3411 8.78647
    endloop
  endfacet
  facet normal 0.509569 0.86043 -0.00011806
    outer loop
      vertex -22.7726 -35.8839 2.5
      vertex -21.7177 -36.5078 8.6196
      vertex -21.6397 -36.554 8.57341
    endloop
  endfacet
  facet normal 0.509054 0.860734 8.20441e-07
    outer loop
      vertex -22.7726 -35.8839 2.5
      vertex -21.553 -36.6052 8.55747
      vertex -21.2407 -36.7899 8.5
    endloop
  endfacet
  facet normal 0.509043 0.860741 4.57631e-06
    outer loop
      vertex -22.7726 -35.8839 2.5
      vertex -21.2407 -36.7899 8.5
      vertex -20.4745 -37.243 2.5
    endloop
  endfacet
  facet normal 0.508515 0.861053 0.000147334
    outer loop
      vertex -21.553 -36.6052 8.55747
      vertex -22.7726 -35.8839 2.5
      vertex -21.6397 -36.554 8.57341
    endloop
  endfacet
  facet normal 0.509012 0.860759 1.15816e-05
    outer loop
      vertex -21.7177 -36.5078 8.6196
      vertex -22.7726 -35.8839 2.5
      vertex -21.9996 -36.3411 8.78647
    endloop
  endfacet
  facet normal 0.508765 0.860905 4.19436e-05
    outer loop
      vertex -22.2237 -36.2086 9.04683
      vertex -22.7726 -35.8839 2.5
      vertex -22.2853 -36.1722 9.11832
    endloop
  endfacet
  facet normal 0.509175 0.860663 0
    outer loop
      vertex -22.5319 -36.0263 10
      vertex -22.7726 -35.8839 2.5
      vertex -22.7726 -35.8839 20
    endloop
  endfacet
  facet normal 0.50926 0.860613 -3.67424e-06
    outer loop
      vertex -22.4687 -36.0637 9.53647
      vertex -22.7726 -35.8839 2.5
      vertex -22.5319 -36.0263 10
    endloop
  endfacet
  facet normal 0.508808 0.86088 2.26709e-05
    outer loop
      vertex -22.3247 -36.1488 9.20829
      vertex -22.7726 -35.8839 2.5
      vertex -22.4687 -36.0637 9.53647
    endloop
  endfacet
  facet normal -0.707107 -0.707107 0
    outer loop
      vertex 30.9812 29.0933 2.5
      vertex 29.0933 30.9812 20
      vertex 29.0933 30.9812 2.5
    endloop
  endfacet
  facet normal -0.707107 -0.707107 0
    outer loop
      vertex 29.0933 30.9812 20
      vertex 30.9812 29.0933 2.5
      vertex 30.9812 29.0933 20
    endloop
  endfacet
  facet normal -0.509077 -0.860721 8.00492e-06
    outer loop
      vertex 20.4745 37.243 2.5
      vertex 20.7627 37.0726 8.62015
      vertex 20.4817 37.2388 8.78647
    endloop
  endfacet
  facet normal -0.509091 -0.860713 1.27513e-05
    outer loop
      vertex 20.8417 37.0259 8.57341
      vertex 20.4745 37.243 2.5
      vertex 21.2407 36.7899 8.5
    endloop
  endfacet
  facet normal -0.508878 -0.860839 -4.60765e-06
    outer loop
      vertex 20.7627 37.0726 8.62015
      vertex 20.4745 37.243 2.5
      vertex 20.8417 37.0259 8.57341
    endloop
  endfacet
  facet normal -0.503871 -0.863779 0
    outer loop
      vertex 20.4745 37.243 2.5
      vertex 20.4817 37.2388 8.78647
      vertex 20.4745 37.243 8.79485
    endloop
  endfacet
  facet normal -0.509043 -0.860741 -3.23034e-06
    outer loop
      vertex 20.4745 37.243 20
      vertex 21.2407 36.7899 11.5
      vertex 22.7726 35.8839 20
    endloop
  endfacet
  facet normal -0.509091 -0.860712 -9.06213e-06
    outer loop
      vertex 20.4745 37.243 20
      vertex 20.8417 37.0259 11.4266
      vertex 21.2407 36.7899 11.5
    endloop
  endfacet
  facet normal -0.508878 -0.860839 3.29717e-06
    outer loop
      vertex 20.4745 37.243 20
      vertex 20.7627 37.0726 11.3798
      vertex 20.8417 37.0259 11.4266
    endloop
  endfacet
  facet normal -0.509078 -0.860721 -5.72837e-06
    outer loop
      vertex 20.4745 37.243 20
      vertex 20.4817 37.2388 11.2135
      vertex 20.7627 37.0726 11.3798
    endloop
  endfacet
  facet normal -0.503871 -0.863779 0
    outer loop
      vertex 20.4817 37.2388 11.2135
      vertex 20.4745 37.243 20
      vertex 20.4745 37.243 11.2051
    endloop
  endfacet
  facet normal -0.509054 -0.860734 -5.86871e-07
    outer loop
      vertex 21.553 36.6052 11.4425
      vertex 22.7726 35.8839 20
      vertex 21.2407 36.7899 11.5
    endloop
  endfacet
  facet normal -0.508509 -0.861056 -0.000105397
    outer loop
      vertex 21.6397 36.554 11.4266
      vertex 22.7726 35.8839 20
      vertex 21.553 36.6052 11.4425
    endloop
  endfacet
  facet normal -0.509583 -0.860421 8.61298e-05
    outer loop
      vertex 21.7177 36.5078 11.3804
      vertex 22.7726 35.8839 20
      vertex 21.6397 36.554 11.4266
    endloop
  endfacet
  facet normal -0.509011 -0.86076 -8.44929e-06
    outer loop
      vertex 21.9996 36.3411 11.2135
      vertex 22.7726 35.8839 20
      vertex 21.7177 36.5078 11.3804
    endloop
  endfacet
  facet normal -0.508962 -0.860789 -1.42866e-05
    outer loop
      vertex 22.2237 36.2086 10.9532
      vertex 22.7726 35.8839 20
      vertex 21.9996 36.3411 11.2135
    endloop
  endfacet
  facet normal -0.508756 -0.860911 -3.11154e-05
    outer loop
      vertex 22.2853 36.1722 10.8817
      vertex 22.7726 35.8839 20
      vertex 22.2237 36.2086 10.9532
    endloop
  endfacet
  facet normal -0.510482 -0.859889 9.34295e-05
    outer loop
      vertex 22.3247 36.1488 10.7917
      vertex 22.7726 35.8839 20
      vertex 22.2853 36.1722 10.8817
    endloop
  endfacet
  facet normal -0.508799 -0.860886 -1.71301e-05
    outer loop
      vertex 22.4687 36.0637 10.4635
      vertex 22.7726 35.8839 20
      vertex 22.3247 36.1488 10.7917
    endloop
  endfacet
  facet normal -0.509264 -0.86061 2.89353e-06
    outer loop
      vertex 22.5319 36.0263 10
      vertex 22.7726 35.8839 20
      vertex 22.4687 36.0637 10.4635
    endloop
  endfacet
  facet normal -0.510431 -0.859919 -0.00012365
    outer loop
      vertex 22.7726 35.8839 2.5
      vertex 22.3247 36.1488 9.20829
      vertex 22.2853 36.1722 9.11832
    endloop
  endfacet
  facet normal -0.508966 -0.860787 1.92574e-05
    outer loop
      vertex 22.7726 35.8839 2.5
      vertex 22.2237 36.2086 9.04683
      vertex 21.9996 36.3411 8.78647
    endloop
  endfacet
  facet normal -0.509569 -0.86043 -0.00011806
    outer loop
      vertex 22.7726 35.8839 2.5
      vertex 21.7177 36.5078 8.6196
      vertex 21.6397 36.554 8.57341
    endloop
  endfacet
  facet normal -0.509054 -0.860734 8.20441e-07
    outer loop
      vertex 22.7726 35.8839 2.5
      vertex 21.553 36.6052 8.55747
      vertex 21.2407 36.7899 8.5
    endloop
  endfacet
  facet normal -0.509043 -0.860741 4.57631e-06
    outer loop
      vertex 22.7726 35.8839 2.5
      vertex 21.2407 36.7899 8.5
      vertex 20.4745 37.243 2.5
    endloop
  endfacet
  facet normal -0.508515 -0.861053 0.000147334
    outer loop
      vertex 21.553 36.6052 8.55747
      vertex 22.7726 35.8839 2.5
      vertex 21.6397 36.554 8.57341
    endloop
  endfacet
  facet normal -0.509012 -0.860759 1.15816e-05
    outer loop
      vertex 21.7177 36.5078 8.6196
      vertex 22.7726 35.8839 2.5
      vertex 21.9996 36.3411 8.78647
    endloop
  endfacet
  facet normal -0.508765 -0.860905 4.19436e-05
    outer loop
      vertex 22.2237 36.2086 9.04683
      vertex 22.7726 35.8839 2.5
      vertex 22.2853 36.1722 9.11832
    endloop
  endfacet
  facet normal -0.509175 -0.860663 0
    outer loop
      vertex 22.5319 36.0263 10
      vertex 22.7726 35.8839 2.5
      vertex 22.7726 35.8839 20
    endloop
  endfacet
  facet normal -0.50926 -0.860613 -3.67424e-06
    outer loop
      vertex 22.4687 36.0637 9.53647
      vertex 22.7726 35.8839 2.5
      vertex 22.5319 36.0263 10
    endloop
  endfacet
  facet normal -0.508808 -0.86088 2.26709e-05
    outer loop
      vertex 22.3247 36.1488 9.20829
      vertex 22.7726 35.8839 2.5
      vertex 22.4687 36.0637 9.53647
    endloop
  endfacet
  facet normal 0.999505 -0.0314751 0
    outer loop
      vertex -42.4161 2.6686 20
      vertex -42.4529 1.5 10
      vertex -42.4161 2.6686 2.5
    endloop
  endfacet
  facet normal 0.999508 -0.0313808 -1.10272e-05
    outer loop
      vertex -42.4161 2.6686 20
      vertex -42.4552 1.42658 10.4635
      vertex -42.4529 1.5 10
    endloop
  endfacet
  facet normal 0.999506 -0.031438 -3.5698e-06
    outer loop
      vertex -42.4161 2.6686 20
      vertex -42.4619 1.21352 10.8817
      vertex -42.4552 1.42658 10.4635
    endloop
  endfacet
  facet normal 0.999509 -0.0313435 -1.86681e-05
    outer loop
      vertex -42.4161 2.6686 20
      vertex -42.4723 0.881678 11.2135
      vertex -42.4619 1.21352 10.8817
    endloop
  endfacet
  facet normal 0.999509 -0.0313244 -2.25593e-05
    outer loop
      vertex -42.4161 2.6686 20
      vertex -42.4854 0.463525 11.4266
      vertex -42.4723 0.881678 11.2135
    endloop
  endfacet
  facet normal 0.999506 -0.0314242 3.13725e-06
    outer loop
      vertex -42.5 0 20
      vertex -42.4854 0.463525 11.4266
      vertex -42.4161 2.6686 20
    endloop
  endfacet
  facet normal 0.999504 -0.0314821 0
    outer loop
      vertex -42.4854 0.463525 11.4266
      vertex -42.5 0 20
      vertex -42.5 0 11.5
    endloop
  endfacet
  facet normal 0.999507 -0.0313925 1.28799e-05
    outer loop
      vertex -42.4552 1.42658 9.53647
      vertex -42.4161 2.6686 2.5
      vertex -42.4529 1.5 10
    endloop
  endfacet
  facet normal 0.999506 -0.0314399 4.51192e-06
    outer loop
      vertex -42.4619 1.21352 9.11832
      vertex -42.4161 2.6686 2.5
      vertex -42.4552 1.42658 9.53647
    endloop
  endfacet
  facet normal 0.999508 -0.0313493 2.44482e-05
    outer loop
      vertex -42.4723 0.881678 8.78647
      vertex -42.4161 2.6686 2.5
      vertex -42.4619 1.21352 9.11832
    endloop
  endfacet
  facet normal 0.999509 -0.0313284 3.03963e-05
    outer loop
      vertex -42.4854 0.463525 8.57341
      vertex -42.4161 2.6686 2.5
      vertex -42.4723 0.881678 8.78647
    endloop
  endfacet
  facet normal 0.999504 -0.0314821 0
    outer loop
      vertex -42.5 0 2.5
      vertex -42.4854 0.463525 8.57341
      vertex -42.5 0 8.5
    endloop
  endfacet
  facet normal 0.999506 -0.0314242 -4.42863e-06
    outer loop
      vertex -42.4854 0.463525 8.57341
      vertex -42.5 0 2.5
      vertex -42.4161 2.6686 2.5
    endloop
  endfacet
  facet normal -0.66129 -0.750131 0
    outer loop
      vertex 27.0905 32.7468 2.5
      vertex 29.0933 30.9812 20
      vertex 27.0905 32.7468 20
    endloop
  endfacet
  facet normal -0.66129 -0.750131 -0
    outer loop
      vertex 29.0933 30.9812 20
      vertex 27.0905 32.7468 2.5
      vertex 29.0933 30.9812 2.5
    endloop
  endfacet
  facet normal 0.995564 -0.0940858 0
    outer loop
      vertex -42.4161 2.6686 20
      vertex -42.1649 5.32666 2.5
      vertex -42.1649 5.32666 20
    endloop
  endfacet
  facet normal 0.995564 -0.0940858 0
    outer loop
      vertex -42.1649 5.32666 2.5
      vertex -42.4161 2.6686 20
      vertex -42.4161 2.6686 2.5
    endloop
  endfacet
  facet normal 0.860741 0.509043 0
    outer loop
      vertex -35.8839 -22.7726 20
      vertex -37.243 -20.4745 2.5
      vertex -37.243 -20.4745 20
    endloop
  endfacet
  facet normal 0.860741 0.509043 0
    outer loop
      vertex -37.243 -20.4745 2.5
      vertex -35.8839 -22.7726 20
      vertex -35.8839 -22.7726 2.5
    endloop
  endfacet
  facet normal 0.218137 -0.975918 0
    outer loop
      vertex -10.5693 41.1648 2.5
      vertex -7.96371 41.7472 20
      vertex -10.5693 41.1648 20
    endloop
  endfacet
  facet normal 0.218137 -0.975918 0
    outer loop
      vertex -7.96371 41.7472 20
      vertex -10.5693 41.1648 2.5
      vertex -7.96371 41.7472 2.5
    endloop
  endfacet
  facet normal 0.707107 -0.707107 0
    outer loop
      vertex -30.9812 29.0933 20
      vertex -29.0933 30.9812 2.5
      vertex -29.0933 30.9812 20
    endloop
  endfacet
  facet normal 0.707107 -0.707107 0
    outer loop
      vertex -29.0933 30.9812 2.5
      vertex -30.9812 29.0933 20
      vertex -30.9812 29.0933 2.5
    endloop
  endfacet
  facet normal 0.454017 -0.890993 0
    outer loop
      vertex -20.4745 37.243 11.2051
      vertex -18.0956 38.4552 20
      vertex -20.4745 37.243 20
    endloop
  endfacet
  facet normal 0.454029 -0.890987 -4.09356e-06
    outer loop
      vertex -20.2502 37.3573 10.9538
      vertex -18.0956 38.4552 20
      vertex -20.4745 37.243 11.2051
    endloop
  endfacet
  facet normal 0.454321 -0.890838 -9.17529e-05
    outer loop
      vertex -20.1859 37.3901 10.8817
      vertex -18.0956 38.4552 20
      vertex -20.2502 37.3573 10.9538
    endloop
  endfacet
  facet normal 0.454103 -0.890949 -2.87743e-05
    outer loop
      vertex -20.1449 37.411 10.7914
      vertex -18.0956 38.4552 20
      vertex -20.1859 37.3901 10.8817
    endloop
  endfacet
  facet normal 0.45377 -0.891119 6.46453e-05
    outer loop
      vertex -19.9958 37.4869 10.4635
      vertex -18.0956 38.4552 20
      vertex -20.1449 37.411 10.7914
    endloop
  endfacet
  facet normal 0.454351 -0.890823 -8.11055e-05
    outer loop
      vertex -19.9443 37.5132 10.0988
      vertex -18.0956 38.4552 20
      vertex -19.9958 37.4869 10.4635
    endloop
  endfacet
  facet normal 0.453272 -0.891372 0.00017266
    outer loop
      vertex -19.9303 37.5203 10
      vertex -18.0956 38.4552 20
      vertex -19.9443 37.5132 10.0988
    endloop
  endfacet
  facet normal 0.45339 -0.891312 -0.000193707
    outer loop
      vertex -18.0956 38.4552 2.5
      vertex -19.9303 37.5203 10
      vertex -19.9443 37.5132 9.90116
    endloop
  endfacet
  facet normal 0.454295 -0.890851 9.10045e-05
    outer loop
      vertex -18.0956 38.4552 2.5
      vertex -19.9443 37.5132 9.90116
      vertex -19.9958 37.4869 9.53647
    endloop
  endfacet
  facet normal 0.454028 -0.890987 5.23519e-06
    outer loop
      vertex -18.0956 38.4552 2.5
      vertex -20.2502 37.3573 9.04624
      vertex -20.4745 37.243 8.79485
    endloop
  endfacet
  facet normal 0.454017 -0.890993 0
    outer loop
      vertex -18.0956 38.4552 2.5
      vertex -20.4745 37.243 8.79485
      vertex -20.4745 37.243 2.5
    endloop
  endfacet
  facet normal 0.454299 -0.890849 0.000117357
    outer loop
      vertex -20.2502 37.3573 9.04624
      vertex -18.0956 38.4552 2.5
      vertex -20.1859 37.3901 9.11832
    endloop
  endfacet
  facet normal 0.454092 -0.890955 3.51911e-05
    outer loop
      vertex -20.1859 37.3901 9.11832
      vertex -18.0956 38.4552 2.5
      vertex -20.1449 37.411 9.20858
    endloop
  endfacet
  facet normal 0.453795 -0.891106 -7.90552e-05
    outer loop
      vertex -20.1449 37.411 9.20858
      vertex -18.0956 38.4552 2.5
      vertex -19.9958 37.4869 9.53647
    endloop
  endfacet
  facet normal 0.454019 -0.890992 0
    outer loop
      vertex -19.9303 37.5203 10
      vertex -18.0956 38.4552 2.5
      vertex -18.0956 38.4552 20
    endloop
  endfacet
  facet normal -0.79015 0.612913 0
    outer loop
      vertex 32.7468 -27.0905 2.5
      vertex 34.3832 -24.9809 20
      vertex 34.3832 -24.9809 2.5
    endloop
  endfacet
  facet normal -0.79015 0.612913 0
    outer loop
      vertex 34.3832 -24.9809 20
      vertex 32.7468 -27.0905 2.5
      vertex 32.7468 -27.0905 20
    endloop
  endfacet
  facet normal -0.91776 -0.397135 0
    outer loop
      vertex 39.5155 15.6453 2.5
      vertex 38.4552 18.0956 20
      vertex 38.4552 18.0956 2.5
    endloop
  endfacet
  facet normal -0.91776 -0.397135 0
    outer loop
      vertex 38.4552 18.0956 20
      vertex 39.5155 15.6453 2.5
      vertex 39.5155 15.6453 20
    endloop
  endfacet
  facet normal 0.975918 -0.218137 0
    outer loop
      vertex -41.7472 7.96371 20
      vertex -41.1648 10.5693 2.5
      vertex -41.1648 10.5693 20
    endloop
  endfacet
  facet normal 0.975918 -0.218137 0
    outer loop
      vertex -41.1648 10.5693 2.5
      vertex -41.7472 7.96371 20
      vertex -41.7472 7.96371 2.5
    endloop
  endfacet
  facet normal 0.218137 0.975918 -0
    outer loop
      vertex -7.96371 -41.7472 2.5
      vertex -10.5693 -41.1648 20
      vertex -7.96371 -41.7472 20
    endloop
  endfacet
  facet normal 0.218137 0.975918 0
    outer loop
      vertex -10.5693 -41.1648 20
      vertex -7.96371 -41.7472 2.5
      vertex -10.5693 -41.1648 2.5
    endloop
  endfacet
  facet normal 0.0940858 -0.995564 0
    outer loop
      vertex -5.32666 42.1649 2.5
      vertex -2.6686 42.4161 20
      vertex -5.32666 42.1649 20
    endloop
  endfacet
  facet normal 0.0940858 -0.995564 0
    outer loop
      vertex -2.6686 42.4161 20
      vertex -5.32666 42.1649 2.5
      vertex -2.6686 42.4161 2.5
    endloop
  endfacet
  facet normal 0.79015 0.612913 0
    outer loop
      vertex -32.7468 -27.0905 20
      vertex -34.3832 -24.9809 2.5
      vertex -34.3832 -24.9809 20
    endloop
  endfacet
  facet normal 0.79015 0.612913 0
    outer loop
      vertex -34.3832 -24.9809 2.5
      vertex -32.7468 -27.0905 20
      vertex -32.7468 -27.0905 2.5
    endloop
  endfacet
  facet normal 0.509043 -0.860741 -3.23034e-06
    outer loop
      vertex -22.7726 35.8839 20
      vertex -21.2407 36.7899 11.5
      vertex -20.4745 37.243 20
    endloop
  endfacet
  facet normal 0.509054 -0.860734 -5.86871e-07
    outer loop
      vertex -22.7726 35.8839 20
      vertex -21.553 36.6052 11.4425
      vertex -21.2407 36.7899 11.5
    endloop
  endfacet
  facet normal 0.508509 -0.861056 -0.000105397
    outer loop
      vertex -22.7726 35.8839 20
      vertex -21.6397 36.554 11.4266
      vertex -21.553 36.6052 11.4425
    endloop
  endfacet
  facet normal 0.509583 -0.860421 8.61298e-05
    outer loop
      vertex -22.7726 35.8839 20
      vertex -21.7177 36.5078 11.3804
      vertex -21.6397 36.554 11.4266
    endloop
  endfacet
  facet normal 0.509011 -0.86076 -8.44929e-06
    outer loop
      vertex -22.7726 35.8839 20
      vertex -21.9996 36.3411 11.2135
      vertex -21.7177 36.5078 11.3804
    endloop
  endfacet
  facet normal 0.508962 -0.860789 -1.42866e-05
    outer loop
      vertex -22.7726 35.8839 20
      vertex -22.2237 36.2086 10.9532
      vertex -21.9996 36.3411 11.2135
    endloop
  endfacet
  facet normal 0.508756 -0.860911 -3.11154e-05
    outer loop
      vertex -22.7726 35.8839 20
      vertex -22.2853 36.1722 10.8817
      vertex -22.2237 36.2086 10.9532
    endloop
  endfacet
  facet normal 0.510482 -0.859889 9.34295e-05
    outer loop
      vertex -22.7726 35.8839 20
      vertex -22.3247 36.1488 10.7917
      vertex -22.2853 36.1722 10.8817
    endloop
  endfacet
  facet normal 0.508799 -0.860886 -1.71301e-05
    outer loop
      vertex -22.7726 35.8839 20
      vertex -22.4687 36.0637 10.4635
      vertex -22.3247 36.1488 10.7917
    endloop
  endfacet
  facet normal 0.509264 -0.86061 2.89353e-06
    outer loop
      vertex -22.7726 35.8839 20
      vertex -22.5319 36.0263 10
      vertex -22.4687 36.0637 10.4635
    endloop
  endfacet
  facet normal 0.508808 -0.86088 2.26709e-05
    outer loop
      vertex -22.7726 35.8839 2.5
      vertex -22.3247 36.1488 9.20829
      vertex -22.4687 36.0637 9.53647
    endloop
  endfacet
  facet normal 0.508765 -0.860905 4.19436e-05
    outer loop
      vertex -22.7726 35.8839 2.5
      vertex -22.2237 36.2086 9.04683
      vertex -22.2853 36.1722 9.11832
    endloop
  endfacet
  facet normal 0.509012 -0.860759 1.15816e-05
    outer loop
      vertex -22.7726 35.8839 2.5
      vertex -21.7177 36.5078 8.6196
      vertex -21.9996 36.3411 8.78647
    endloop
  endfacet
  facet normal 0.508515 -0.861053 0.000147334
    outer loop
      vertex -22.7726 35.8839 2.5
      vertex -21.553 36.6052 8.55747
      vertex -21.6397 36.554 8.57341
    endloop
  endfacet
  facet normal 0.509054 -0.860734 8.20441e-07
    outer loop
      vertex -21.553 36.6052 8.55747
      vertex -22.7726 35.8839 2.5
      vertex -21.2407 36.7899 8.5
    endloop
  endfacet
  facet normal 0.509569 -0.86043 -0.00011806
    outer loop
      vertex -21.7177 36.5078 8.6196
      vertex -22.7726 35.8839 2.5
      vertex -21.6397 36.554 8.57341
    endloop
  endfacet
  facet normal 0.508966 -0.860787 1.92574e-05
    outer loop
      vertex -22.2237 36.2086 9.04683
      vertex -22.7726 35.8839 2.5
      vertex -21.9996 36.3411 8.78647
    endloop
  endfacet
  facet normal 0.510431 -0.859919 -0.00012365
    outer loop
      vertex -22.3247 36.1488 9.20829
      vertex -22.7726 35.8839 2.5
      vertex -22.2853 36.1722 9.11832
    endloop
  endfacet
  facet normal 0.50926 -0.860613 -3.67424e-06
    outer loop
      vertex -22.5319 36.0263 10
      vertex -22.7726 35.8839 2.5
      vertex -22.4687 36.0637 9.53647
    endloop
  endfacet
  facet normal 0.509175 -0.860663 0
    outer loop
      vertex -22.7726 35.8839 2.5
      vertex -22.5319 36.0263 10
      vertex -22.7726 35.8839 20
    endloop
  endfacet
  facet normal 0.509091 -0.860712 -9.06213e-06
    outer loop
      vertex -20.8417 37.0259 11.4266
      vertex -20.4745 37.243 20
      vertex -21.2407 36.7899 11.5
    endloop
  endfacet
  facet normal 0.508878 -0.860839 3.29717e-06
    outer loop
      vertex -20.7627 37.0726 11.3798
      vertex -20.4745 37.243 20
      vertex -20.8417 37.0259 11.4266
    endloop
  endfacet
  facet normal 0.509078 -0.860721 -5.72837e-06
    outer loop
      vertex -20.4817 37.2388 11.2135
      vertex -20.4745 37.243 20
      vertex -20.7627 37.0726 11.3798
    endloop
  endfacet
  facet normal 0.503871 -0.863779 0
    outer loop
      vertex -20.4745 37.243 20
      vertex -20.4817 37.2388 11.2135
      vertex -20.4745 37.243 11.2051
    endloop
  endfacet
  facet normal 0.508878 -0.860839 -4.60765e-06
    outer loop
      vertex -20.4745 37.243 2.5
      vertex -20.7627 37.0726 8.62015
      vertex -20.8417 37.0259 8.57341
    endloop
  endfacet
  facet normal 0.509043 -0.860741 4.57631e-06
    outer loop
      vertex -20.4745 37.243 2.5
      vertex -21.2407 36.7899 8.5
      vertex -22.7726 35.8839 2.5
    endloop
  endfacet
  facet normal 0.509091 -0.860713 1.27513e-05
    outer loop
      vertex -21.2407 36.7899 8.5
      vertex -20.4745 37.243 2.5
      vertex -20.8417 37.0259 8.57341
    endloop
  endfacet
  facet normal 0.509077 -0.860721 8.00492e-06
    outer loop
      vertex -20.7627 37.0726 8.62015
      vertex -20.4745 37.243 2.5
      vertex -20.4817 37.2388 8.78647
    endloop
  endfacet
  facet normal 0.503871 -0.863779 0
    outer loop
      vertex -20.4817 37.2388 8.78647
      vertex -20.4745 37.243 2.5
      vertex -20.4745 37.243 8.79485
    endloop
  endfacet
  facet normal 0.995564 0.0940858 0
    outer loop
      vertex -42.1649 -5.32666 20
      vertex -42.4161 -2.6686 2.5
      vertex -42.4161 -2.6686 20
    endloop
  endfacet
  facet normal 0.995564 0.0940858 0
    outer loop
      vertex -42.4161 -2.6686 2.5
      vertex -42.1649 -5.32666 20
      vertex -42.1649 -5.32666 2.5
    endloop
  endfacet
  facet normal 0.338734 0.940882 -0
    outer loop
      vertex -13.1332 -40.4199 2.5
      vertex -15.6453 -39.5155 20
      vertex -13.1332 -40.4199 20
    endloop
  endfacet
  facet normal 0.338734 0.940882 0
    outer loop
      vertex -15.6453 -39.5155 20
      vertex -13.1332 -40.4199 2.5
      vertex -15.6453 -39.5155 2.5
    endloop
  endfacet
  facet normal -0.940882 -0.338734 0
    outer loop
      vertex 40.4199 13.1332 2.5
      vertex 39.5155 15.6453 20
      vertex 39.5155 15.6453 2.5
    endloop
  endfacet
  facet normal -0.940882 -0.338734 0
    outer loop
      vertex 39.5155 15.6453 20
      vertex 40.4199 13.1332 2.5
      vertex 40.4199 13.1332 20
    endloop
  endfacet
  facet normal 0.454017 0.890993 0
    outer loop
      vertex -18.0956 -38.4552 20
      vertex -20.4745 -37.243 11.2051
      vertex -20.4745 -37.243 20
    endloop
  endfacet
  facet normal 0.454029 0.890987 -4.09356e-06
    outer loop
      vertex -18.0956 -38.4552 20
      vertex -20.2502 -37.3573 10.9538
      vertex -20.4745 -37.243 11.2051
    endloop
  endfacet
  facet normal 0.454321 0.890838 -9.17529e-05
    outer loop
      vertex -18.0956 -38.4552 20
      vertex -20.1859 -37.3901 10.8817
      vertex -20.2502 -37.3573 10.9538
    endloop
  endfacet
  facet normal 0.454103 0.890949 -2.87743e-05
    outer loop
      vertex -18.0956 -38.4552 20
      vertex -20.1449 -37.411 10.7914
      vertex -20.1859 -37.3901 10.8817
    endloop
  endfacet
  facet normal 0.45377 0.891119 6.46453e-05
    outer loop
      vertex -18.0956 -38.4552 20
      vertex -19.9958 -37.4869 10.4635
      vertex -20.1449 -37.411 10.7914
    endloop
  endfacet
  facet normal 0.454351 0.890823 -8.11055e-05
    outer loop
      vertex -18.0956 -38.4552 20
      vertex -19.9443 -37.5132 10.0988
      vertex -19.9958 -37.4869 10.4635
    endloop
  endfacet
  facet normal 0.453272 0.891372 0.00017266
    outer loop
      vertex -18.0956 -38.4552 20
      vertex -19.9303 -37.5203 10
      vertex -19.9443 -37.5132 10.0988
    endloop
  endfacet
  facet normal 0.454019 0.890992 -0
    outer loop
      vertex -18.0956 -38.4552 2.5
      vertex -19.9303 -37.5203 10
      vertex -18.0956 -38.4552 20
    endloop
  endfacet
  facet normal 0.45339 0.891312 -0.000193707
    outer loop
      vertex -19.9303 -37.5203 10
      vertex -18.0956 -38.4552 2.5
      vertex -19.9443 -37.5132 9.90116
    endloop
  endfacet
  facet normal 0.454299 0.890849 0.000117357
    outer loop
      vertex -18.0956 -38.4552 2.5
      vertex -20.2502 -37.3573 9.04624
      vertex -20.1859 -37.3901 9.11832
    endloop
  endfacet
  facet normal 0.454295 0.890851 9.10045e-05
    outer loop
      vertex -19.9443 -37.5132 9.90116
      vertex -18.0956 -38.4552 2.5
      vertex -19.9958 -37.4869 9.53647
    endloop
  endfacet
  facet normal 0.453795 0.891106 -7.90552e-05
    outer loop
      vertex -18.0956 -38.4552 2.5
      vertex -20.1449 -37.411 9.20858
      vertex -19.9958 -37.4869 9.53647
    endloop
  endfacet
  facet normal 0.454092 0.890955 3.51911e-05
    outer loop
      vertex -18.0956 -38.4552 2.5
      vertex -20.1859 -37.3901 9.11832
      vertex -20.1449 -37.411 9.20858
    endloop
  endfacet
  facet normal 0.454028 0.890987 5.23519e-06
    outer loop
      vertex -20.2502 -37.3573 9.04624
      vertex -18.0956 -38.4552 2.5
      vertex -20.4745 -37.243 8.79485
    endloop
  endfacet
  facet normal 0.454017 0.890993 0
    outer loop
      vertex -20.4745 -37.243 8.79485
      vertex -18.0956 -38.4552 2.5
      vertex -20.4745 -37.243 2.5
    endloop
  endfacet
  facet normal 0.827091 -0.562068 0
    outer loop
      vertex -35.8839 22.7726 20
      vertex -34.3832 24.9809 2.5
      vertex -34.3832 24.9809 20
    endloop
  endfacet
  facet normal 0.827091 -0.562068 0
    outer loop
      vertex -34.3832 24.9809 2.5
      vertex -35.8839 22.7726 20
      vertex -35.8839 22.7726 2.5
    endloop
  endfacet
  facet normal -0.278997 -0.960292 0
    outer loop
      vertex 10.5693 41.1648 2.5
      vertex 13.1332 40.4199 20
      vertex 10.5693 41.1648 20
    endloop
  endfacet
  facet normal -0.278997 -0.960292 -0
    outer loop
      vertex 13.1332 40.4199 20
      vertex 10.5693 41.1648 2.5
      vertex 13.1332 40.4199 2.5
    endloop
  endfacet
  facet normal -0.79015 -0.612913 0
    outer loop
      vertex 34.3832 24.9809 2.5
      vertex 32.7468 27.0905 20
      vertex 32.7468 27.0905 2.5
    endloop
  endfacet
  facet normal -0.79015 -0.612913 0
    outer loop
      vertex 32.7468 27.0905 20
      vertex 34.3832 24.9809 2.5
      vertex 34.3832 24.9809 20
    endloop
  endfacet
  facet normal -0.156446 0.987686 0
    outer loop
      vertex 7.96371 -41.7472 2.5
      vertex 5.32666 -42.1649 20
      vertex 7.96371 -41.7472 20
    endloop
  endfacet
  facet normal -0.156446 0.987686 0
    outer loop
      vertex 5.32666 -42.1649 20
      vertex 7.96371 -41.7472 2.5
      vertex 5.32666 -42.1649 2.5
    endloop
  endfacet
  facet normal 0.612913 0.79015 -0
    outer loop
      vertex -24.9809 -34.3832 2.5
      vertex -27.0905 -32.7468 20
      vertex -24.9809 -34.3832 20
    endloop
  endfacet
  facet normal 0.612913 0.79015 0
    outer loop
      vertex -27.0905 -32.7468 20
      vertex -24.9809 -34.3832 2.5
      vertex -27.0905 -32.7468 2.5
    endloop
  endfacet
  facet normal 0.562068 0.827091 -0
    outer loop
      vertex -22.7726 -35.8839 2.5
      vertex -24.9809 -34.3832 20
      vertex -22.7726 -35.8839 20
    endloop
  endfacet
  facet normal 0.562068 0.827091 0
    outer loop
      vertex -24.9809 -34.3832 20
      vertex -22.7726 -35.8839 2.5
      vertex -24.9809 -34.3832 2.5
    endloop
  endfacet
  facet normal -0.278997 0.960292 0
    outer loop
      vertex 13.1332 -40.4199 2.5
      vertex 10.5693 -41.1648 20
      vertex 13.1332 -40.4199 20
    endloop
  endfacet
  facet normal -0.278997 0.960292 0
    outer loop
      vertex 10.5693 -41.1648 20
      vertex 13.1332 -40.4199 2.5
      vertex 10.5693 -41.1648 2.5
    endloop
  endfacet
  facet normal -0.338734 0.940882 0
    outer loop
      vertex 15.6453 -39.5155 2.5
      vertex 13.1332 -40.4199 20
      vertex 15.6453 -39.5155 20
    endloop
  endfacet
  facet normal -0.338734 0.940882 0
    outer loop
      vertex 13.1332 -40.4199 20
      vertex 15.6453 -39.5155 2.5
      vertex 13.1332 -40.4199 2.5
    endloop
  endfacet
  facet normal 0.987686 -0.156446 0
    outer loop
      vertex -42.1649 5.32666 20
      vertex -41.7472 7.96371 2.5
      vertex -41.7472 7.96371 20
    endloop
  endfacet
  facet normal 0.987686 -0.156446 0
    outer loop
      vertex -41.7472 7.96371 2.5
      vertex -42.1649 5.32666 20
      vertex -42.1649 5.32666 2.5
    endloop
  endfacet
  facet normal -0.218137 -0.975918 0
    outer loop
      vertex 7.96371 41.7472 2.5
      vertex 10.5693 41.1648 20
      vertex 7.96371 41.7472 20
    endloop
  endfacet
  facet normal -0.218137 -0.975918 -0
    outer loop
      vertex 10.5693 41.1648 20
      vertex 7.96371 41.7472 2.5
      vertex 10.5693 41.1648 2.5
    endloop
  endfacet
  facet normal -0.890993 0.454017 0
    outer loop
      vertex 37.243 -20.4745 2.5
      vertex 38.4552 -18.0956 20
      vertex 38.4552 -18.0956 2.5
    endloop
  endfacet
  facet normal -0.890993 0.454017 0
    outer loop
      vertex 38.4552 -18.0956 20
      vertex 37.243 -20.4745 2.5
      vertex 37.243 -20.4745 20
    endloop
  endfacet
  facet normal 0.91776 -0.397135 0
    outer loop
      vertex -39.5155 15.6453 20
      vertex -38.4552 18.0956 2.5
      vertex -38.4552 18.0956 20
    endloop
  endfacet
  facet normal 0.91776 -0.397135 0
    outer loop
      vertex -38.4552 18.0956 2.5
      vertex -39.5155 15.6453 20
      vertex -39.5155 15.6453 2.5
    endloop
  endfacet
  facet normal 0.940882 -0.338734 0
    outer loop
      vertex -40.4199 13.1332 20
      vertex -39.5155 15.6453 2.5
      vertex -39.5155 15.6453 20
    endloop
  endfacet
  facet normal 0.940882 -0.338734 0
    outer loop
      vertex -39.5155 15.6453 2.5
      vertex -40.4199 13.1332 20
      vertex -40.4199 13.1332 2.5
    endloop
  endfacet
  facet normal 0.79015 -0.612913 0
    outer loop
      vertex -34.3832 24.9809 20
      vertex -32.7468 27.0905 2.5
      vertex -32.7468 27.0905 20
    endloop
  endfacet
  facet normal 0.79015 -0.612913 0
    outer loop
      vertex -32.7468 27.0905 2.5
      vertex -34.3832 24.9809 20
      vertex -34.3832 24.9809 2.5
    endloop
  endfacet
  facet normal 0.750131 -0.66129 0
    outer loop
      vertex -32.7468 27.0905 20
      vertex -30.9812 29.0933 2.5
      vertex -30.9812 29.0933 20
    endloop
  endfacet
  facet normal 0.750131 -0.66129 0
    outer loop
      vertex -30.9812 29.0933 2.5
      vertex -32.7468 27.0905 20
      vertex -32.7468 27.0905 2.5
    endloop
  endfacet
  facet normal -0.397135 0.91776 0
    outer loop
      vertex 18.0956 -38.4552 2.5
      vertex 15.6453 -39.5155 20
      vertex 18.0956 -38.4552 20
    endloop
  endfacet
  facet normal -0.397135 0.91776 0
    outer loop
      vertex 15.6453 -39.5155 20
      vertex 18.0956 -38.4552 2.5
      vertex 15.6453 -39.5155 2.5
    endloop
  endfacet
  facet normal -0.612913 0.79015 0
    outer loop
      vertex 27.0905 -32.7468 2.5
      vertex 24.9809 -34.3832 20
      vertex 27.0905 -32.7468 20
    endloop
  endfacet
  facet normal -0.612913 0.79015 0
    outer loop
      vertex 24.9809 -34.3832 20
      vertex 27.0905 -32.7468 2.5
      vertex 24.9809 -34.3832 2.5
    endloop
  endfacet
  facet normal -0.66129 0.750131 0
    outer loop
      vertex 29.0933 -30.9812 2.5
      vertex 27.0905 -32.7468 20
      vertex 29.0933 -30.9812 20
    endloop
  endfacet
  facet normal -0.66129 0.750131 0
    outer loop
      vertex 27.0905 -32.7468 20
      vertex 29.0933 -30.9812 2.5
      vertex 27.0905 -32.7468 2.5
    endloop
  endfacet
endsolid OpenSCAD_Model
