solid OpenSCAD_Model
  facet normal 0.156456 0.987685 -0
    outer loop
      vertex 8.43216 44.2029 2.5
      vertex 5.63999 44.6452 20
      vertex 8.43216 44.2029 20
    endloop
  endfacet
  facet normal 0.156456 0.987685 0
    outer loop
      vertex 5.63999 44.6452 20
      vertex 8.43216 44.2029 2.5
      vertex 5.63999 44.6452 2.5
    endloop
  endfacet
  facet normal 0.995563 0.0940939 0
    outer loop
      vertex 44.9112 2.82557 20
      vertex 44.6452 5.63999 2.5
      vertex 44.6452 5.63999 20
    endloop
  endfacet
  facet normal 0.995563 0.0940939 0
    outer loop
      vertex 44.6452 5.63999 2.5
      vertex 44.9112 2.82557 20
      vertex 44.9112 2.82557 2.5
    endloop
  endfacet
  facet normal 0.999507 0.0314118 0
    outer loop
      vertex 45 0 20
      vertex 44.9112 2.82557 2.5
      vertex 44.9112 2.82557 20
    endloop
  endfacet
  facet normal 0.999507 0.0314118 0
    outer loop
      vertex 44.9112 2.82557 2.5
      vertex 45 0 20
      vertex 45 0 2.5
    endloop
  endfacet
  facet normal 0.987685 0.156456 0
    outer loop
      vertex 44.6452 5.63999 20
      vertex 44.2029 8.43216 2.5
      vertex 44.2029 8.43216 20
    endloop
  endfacet
  facet normal 0.987685 0.156456 0
    outer loop
      vertex 44.2029 8.43216 2.5
      vertex 44.6452 5.63999 20
      vertex 44.6452 5.63999 2.5
    endloop
  endfacet
  facet normal 0.975915 0.218152 0
    outer loop
      vertex 44.2029 8.43216 20
      vertex 43.5862 11.191 2.5
      vertex 43.5862 11.191 20
    endloop
  endfacet
  facet normal 0.975915 0.218152 0
    outer loop
      vertex 43.5862 11.191 2.5
      vertex 44.2029 8.43216 20
      vertex 44.2029 8.43216 2.5
    endloop
  endfacet
  facet normal -0.156456 0.987685 0
    outer loop
      vertex -5.63999 44.6452 2.5
      vertex -8.43216 44.2029 20
      vertex -5.63999 44.6452 20
    endloop
  endfacet
  facet normal -0.156456 0.987685 0
    outer loop
      vertex -8.43216 44.2029 20
      vertex -5.63999 44.6452 2.5
      vertex -8.43216 44.2029 2.5
    endloop
  endfacet
  facet normal -0.0314118 -0.999507 0
    outer loop
      vertex -2.82557 -44.9112 2.5
      vertex 0 -45 20
      vertex -2.82557 -44.9112 20
    endloop
  endfacet
  facet normal -0.0314118 -0.999507 -0
    outer loop
      vertex 0 -45 20
      vertex -2.82557 -44.9112 2.5
      vertex 0 -45 2.5
    endloop
  endfacet
  facet normal -0.156456 -0.987685 0
    outer loop
      vertex -8.43216 -44.2029 2.5
      vertex -5.63999 -44.6452 20
      vertex -8.43216 -44.2029 20
    endloop
  endfacet
  facet normal -0.156456 -0.987685 -0
    outer loop
      vertex -5.63999 -44.6452 20
      vertex -8.43216 -44.2029 2.5
      vertex -5.63999 -44.6452 2.5
    endloop
  endfacet
  facet normal -0.338742 0.940879 0
    outer loop
      vertex -13.9058 42.7975 2.5
      vertex -16.5656 41.8399 20
      vertex -13.9058 42.7975 20
    endloop
  endfacet
  facet normal -0.338742 0.940879 0
    outer loop
      vertex -16.5656 41.8399 20
      vertex -13.9058 42.7975 2.5
      vertex -16.5656 41.8399 2.5
    endloop
  endfacet
  facet normal 0.453993 -0.891005 0
    outer loop
      vertex 19.1601 -40.7172 2.5
      vertex 21.6789 -39.4338 20
      vertex 19.1601 -40.7172 20
    endloop
  endfacet
  facet normal 0.453993 -0.891005 0
    outer loop
      vertex 21.6789 -39.4338 20
      vertex 19.1601 -40.7172 2.5
      vertex 21.6789 -39.4338 2.5
    endloop
  endfacet
  facet normal -0.995584 0.093876 0
    outer loop
      vertex -44.6452 5.63999 2.5
      vertex -44.6584 5.5 10
      vertex -44.6452 5.63999 10.0808
    endloop
  endfacet
  facet normal -0.995563 0.0940939 4.10316e-06
    outer loop
      vertex -44.9112 2.82557 2.5
      vertex -44.6584 5.5 10
      vertex -44.6452 5.63999 2.5
    endloop
  endfacet
  facet normal -0.995566 0.0940643 0
    outer loop
      vertex -44.7403 4.63397 10.5
      vertex -44.8601 3.36602 10.5
      vertex -44.7403 4.63397 11.5
    endloop
  endfacet
  facet normal -0.995563 0.0940992 -8.76822e-05
    outer loop
      vertex -44.6584 5.5 10
      vertex -44.9112 2.82557 10.188
      vertex -44.7403 4.63397 10.5
    endloop
  endfacet
  facet normal -0.995562 0.0941053 0
    outer loop
      vertex -44.6584 5.5 10
      vertex -44.9112 2.82557 2.5
      vertex -44.9112 2.82557 10.188
    endloop
  endfacet
  facet normal -0.995566 0.0940643 0.000116606
    outer loop
      vertex -44.7403 4.63397 10.5
      vertex -44.9112 2.82557 10.188
      vertex -44.8601 3.36602 10.5
    endloop
  endfacet
  facet normal -0.995584 0.093876 0
    outer loop
      vertex -44.6584 5.5 12
      vertex -44.6452 5.63999 20
      vertex -44.6452 5.63999 11.9192
    endloop
  endfacet
  facet normal -0.995563 0.0940992 8.76822e-05
    outer loop
      vertex -44.9112 2.82557 11.812
      vertex -44.6584 5.5 12
      vertex -44.7403 4.63397 11.5
    endloop
  endfacet
  facet normal -0.995566 0.0940643 0
    outer loop
      vertex -44.8601 3.36602 11.5
      vertex -44.7403 4.63397 11.5
      vertex -44.8601 3.36602 10.5
    endloop
  endfacet
  facet normal -0.995566 0.0940643 -0.000116606
    outer loop
      vertex -44.9112 2.82557 11.812
      vertex -44.7403 4.63397 11.5
      vertex -44.8601 3.36602 11.5
    endloop
  endfacet
  facet normal -0.995562 0.0941053 0
    outer loop
      vertex -44.9112 2.82557 20
      vertex -44.6584 5.5 12
      vertex -44.9112 2.82557 11.812
    endloop
  endfacet
  facet normal -0.995563 0.0940939 -3.84671e-06
    outer loop
      vertex -44.6584 5.5 12
      vertex -44.9112 2.82557 20
      vertex -44.6452 5.63999 20
    endloop
  endfacet
  facet normal -0.827076 0.56209 0
    outer loop
      vertex -37.9948 24.1122 2.5
      vertex -36.4058 26.4503 20
      vertex -36.4058 26.4503 2.5
    endloop
  endfacet
  facet normal -0.827076 0.56209 0
    outer loop
      vertex -36.4058 26.4503 20
      vertex -37.9948 24.1122 2.5
      vertex -37.9948 24.1122 20
    endloop
  endfacet
  facet normal -0.0940939 0.995563 0
    outer loop
      vertex -2.82557 44.9112 2.5
      vertex -5.63999 44.6452 20
      vertex -2.82557 44.9112 20
    endloop
  endfacet
  facet normal -0.0940939 0.995563 0
    outer loop
      vertex -5.63999 44.6452 20
      vertex -2.82557 44.9112 2.5
      vertex -5.63999 44.6452 2.5
    endloop
  endfacet
  facet normal -0.397136 0.91776 0
    outer loop
      vertex -16.5656 41.8399 2.5
      vertex -19.1601 40.7172 20
      vertex -16.5656 41.8399 20
    endloop
  endfacet
  facet normal -0.397136 0.91776 0
    outer loop
      vertex -19.1601 40.7172 20
      vertex -16.5656 41.8399 2.5
      vertex -19.1601 40.7172 2.5
    endloop
  endfacet
  facet normal -0.661317 0.750106 0
    outer loop
      vertex -28.6841 34.6731 2.5
      vertex -30.8046 32.8036 20
      vertex -28.6841 34.6731 20
    endloop
  endfacet
  facet normal -0.661317 0.750106 0
    outer loop
      vertex -30.8046 32.8036 20
      vertex -28.6841 34.6731 2.5
      vertex -30.8046 32.8036 2.5
    endloop
  endfacet
  facet normal 0.56209 -0.827076 0
    outer loop
      vertex 24.1122 -37.9948 2.5
      vertex 26.4503 -36.4058 20
      vertex 24.1122 -37.9948 20
    endloop
  endfacet
  facet normal 0.56209 -0.827076 0
    outer loop
      vertex 26.4503 -36.4058 20
      vertex 24.1122 -37.9948 2.5
      vertex 26.4503 -36.4058 2.5
    endloop
  endfacet
  facet normal -0.940879 0.338742 0
    outer loop
      vertex -42.7975 13.9058 2.5
      vertex -41.8399 16.5656 20
      vertex -41.8399 16.5656 2.5
    endloop
  endfacet
  facet normal -0.940879 0.338742 0
    outer loop
      vertex -41.8399 16.5656 20
      vertex -42.7975 13.9058 2.5
      vertex -42.7975 13.9058 20
    endloop
  endfacet
  facet normal 0.338742 0.940879 -0
    outer loop
      vertex 16.5656 41.8399 2.5
      vertex 13.9058 42.7975 20
      vertex 16.5656 41.8399 20
    endloop
  endfacet
  facet normal 0.338742 0.940879 0
    outer loop
      vertex 13.9058 42.7975 20
      vertex 16.5656 41.8399 2.5
      vertex 13.9058 42.7975 2.5
    endloop
  endfacet
  facet normal 0.397136 -0.91776 0
    outer loop
      vertex 16.5656 -41.8399 2.5
      vertex 19.1601 -40.7172 20
      vertex 16.5656 -41.8399 20
    endloop
  endfacet
  facet normal 0.397136 -0.91776 0
    outer loop
      vertex 19.1601 -40.7172 20
      vertex 16.5656 -41.8399 2.5
      vertex 19.1601 -40.7172 2.5
    endloop
  endfacet
  facet normal -0.975909 0.218178 0
    outer loop
      vertex -43.9942 9.36602 11.5
      vertex -43.5862 11.191 2.5
      vertex -43.9942 9.36602 10.5
    endloop
  endfacet
  facet normal -0.975911 0.218168 -2.49335e-06
    outer loop
      vertex -43.5862 11.191 2.5
      vertex -44.1878 8.5 10
      vertex -43.9942 9.36602 10.5
    endloop
  endfacet
  facet normal -0.975915 0.218152 -8.41639e-06
    outer loop
      vertex -44.2029 8.43216 2.5
      vertex -44.1878 8.5 10
      vertex -43.5862 11.191 2.5
    endloop
  endfacet
  facet normal -0.976113 0.217266 0
    outer loop
      vertex -44.1878 8.5 10
      vertex -44.2029 8.43216 2.5
      vertex -44.2029 8.43216 10.0392
    endloop
  endfacet
  facet normal -0.975909 0.218178 0
    outer loop
      vertex -43.5862 11.191 2.5
      vertex -43.9942 9.36602 11.5
      vertex -43.5862 11.191 20
    endloop
  endfacet
  facet normal -0.975911 0.218168 2.36285e-06
    outer loop
      vertex -44.1878 8.5 12
      vertex -43.5862 11.191 20
      vertex -43.9942 9.36602 11.5
    endloop
  endfacet
  facet normal -0.976113 0.217266 0
    outer loop
      vertex -44.2029 8.43216 20
      vertex -44.1878 8.5 12
      vertex -44.2029 8.43216 11.9608
    endloop
  endfacet
  facet normal -0.975915 0.218152 7.89037e-06
    outer loop
      vertex -44.1878 8.5 12
      vertex -44.2029 8.43216 20
      vertex -43.5862 11.191 20
    endloop
  endfacet
  facet normal 0.790157 0.612904 0
    outer loop
      vertex 36.4058 26.4503 20
      vertex 34.6731 28.6841 2.5
      vertex 34.6731 28.6841 20
    endloop
  endfacet
  facet normal 0.790157 0.612904 0
    outer loop
      vertex 34.6731 28.6841 2.5
      vertex 36.4058 26.4503 20
      vertex 36.4058 26.4503 2.5
    endloop
  endfacet
  facet normal 0.86075 0.509028 0
    outer loop
      vertex 39.4338 21.6789 20
      vertex 37.9948 24.1122 2.5
      vertex 37.9948 24.1122 20
    endloop
  endfacet
  facet normal 0.86075 0.509028 0
    outer loop
      vertex 37.9948 24.1122 2.5
      vertex 39.4338 21.6789 20
      vertex 39.4338 21.6789 2.5
    endloop
  endfacet
  facet normal 0.0314118 -0.999507 0
    outer loop
      vertex 0 -45 2.5
      vertex 2.82557 -44.9112 20
      vertex 0 -45 20
    endloop
  endfacet
  facet normal 0.0314118 -0.999507 0
    outer loop
      vertex 2.82557 -44.9112 20
      vertex 0 -45 2.5
      vertex 2.82557 -44.9112 2.5
    endloop
  endfacet
  facet normal -0.891005 0.453993 0
    outer loop
      vertex -40.7172 19.1601 2.5
      vertex -39.4338 21.6789 20
      vertex -39.4338 21.6789 2.5
    endloop
  endfacet
  facet normal -0.891005 0.453993 0
    outer loop
      vertex -39.4338 21.6789 20
      vertex -40.7172 19.1601 2.5
      vertex -40.7172 19.1601 20
    endloop
  endfacet
  facet normal -0.278984 0.960296 0
    outer loop
      vertex -11.191 43.5862 2.5
      vertex -13.9058 42.7975 20
      vertex -11.191 43.5862 20
    endloop
  endfacet
  facet normal -0.278984 0.960296 0
    outer loop
      vertex -13.9058 42.7975 20
      vertex -11.191 43.5862 2.5
      vertex -13.9058 42.7975 2.5
    endloop
  endfacet
  facet normal -0.612904 0.790157 0
    outer loop
      vertex -26.4503 36.4058 2.5
      vertex -28.6841 34.6731 20
      vertex -26.4503 36.4058 20
    endloop
  endfacet
  facet normal -0.612904 0.790157 0
    outer loop
      vertex -28.6841 34.6731 20
      vertex -26.4503 36.4058 2.5
      vertex -28.6841 34.6731 2.5
    endloop
  endfacet
  facet normal -0.827076 -0.56209 0
    outer loop
      vertex -36.4058 -26.4503 2.5
      vertex -37.9948 -24.1122 20
      vertex -37.9948 -24.1122 2.5
    endloop
  endfacet
  facet normal -0.827076 -0.56209 0
    outer loop
      vertex -37.9948 -24.1122 20
      vertex -36.4058 -26.4503 2.5
      vertex -36.4058 -26.4503 20
    endloop
  endfacet
  facet normal 0.707107 -0.707107 0
    outer loop
      vertex 30.8046 -32.8036 20
      vertex 32.8036 -30.8046 2.5
      vertex 32.8036 -30.8046 20
    endloop
  endfacet
  facet normal 0.707107 -0.707107 0
    outer loop
      vertex 32.8036 -30.8046 2.5
      vertex 30.8046 -32.8036 20
      vertex 30.8046 -32.8036 2.5
    endloop
  endfacet
  facet normal -0.960296 0.278984 0
    outer loop
      vertex -43.5862 11.191 2.5
      vertex -42.7975 13.9058 20
      vertex -42.7975 13.9058 2.5
    endloop
  endfacet
  facet normal -0.960296 0.278984 0
    outer loop
      vertex -42.7975 13.9058 20
      vertex -43.5862 11.191 2.5
      vertex -43.5862 11.191 20
    endloop
  endfacet
  facet normal 0.960296 0.278984 0
    outer loop
      vertex 43.5862 11.191 20
      vertex 42.7975 13.9058 2.5
      vertex 42.7975 13.9058 20
    endloop
  endfacet
  facet normal 0.960296 0.278984 0
    outer loop
      vertex 42.7975 13.9058 2.5
      vertex 43.5862 11.191 20
      vertex 43.5862 11.191 2.5
    endloop
  endfacet
  facet normal -0.612904 -0.790157 0
    outer loop
      vertex -28.6841 -34.6731 2.5
      vertex -26.4503 -36.4058 20
      vertex -28.6841 -34.6731 20
    endloop
  endfacet
  facet normal -0.612904 -0.790157 -0
    outer loop
      vertex -26.4503 -36.4058 20
      vertex -28.6841 -34.6731 2.5
      vertex -26.4503 -36.4058 2.5
    endloop
  endfacet
  facet normal 0.509028 0.86075 -0
    outer loop
      vertex 24.1122 37.9948 2.5
      vertex 21.6789 39.4338 20
      vertex 24.1122 37.9948 20
    endloop
  endfacet
  facet normal 0.509028 0.86075 0
    outer loop
      vertex 21.6789 39.4338 20
      vertex 24.1122 37.9948 2.5
      vertex 21.6789 39.4338 2.5
    endloop
  endfacet
  facet normal 0.960296 -0.278984 0
    outer loop
      vertex 42.7975 -13.9058 20
      vertex 43.5862 -11.191 2.5
      vertex 43.5862 -11.191 20
    endloop
  endfacet
  facet normal 0.960296 -0.278984 0
    outer loop
      vertex 43.5862 -11.191 2.5
      vertex 42.7975 -13.9058 20
      vertex 42.7975 -13.9058 2.5
    endloop
  endfacet
  facet normal -0.987673 -0.156533 0
    outer loop
      vertex -44.6452 -5.63999 2.5
      vertex -44.5089 -6.5 10
      vertex -44.6452 -5.63999 10.4965
    endloop
  endfacet
  facet normal -0.987685 -0.156456 8.97767e-06
    outer loop
      vertex -44.2029 -8.43216 2.5
      vertex -44.5089 -6.5 10
      vertex -44.6452 -5.63999 2.5
    endloop
  endfacet
  facet normal -0.987683 -0.156471 0
    outer loop
      vertex -44.3718 -7.36602 10.5
      vertex -44.2029 -8.43216 2.5
      vertex -44.3718 -7.36602 11.5
    endloop
  endfacet
  facet normal -0.987698 -0.156371 -1.36328e-05
    outer loop
      vertex -44.5089 -6.5 10
      vertex -44.2029 -8.43216 2.5
      vertex -44.3718 -7.36602 10.5
    endloop
  endfacet
  facet normal -0.987673 -0.156533 0
    outer loop
      vertex -44.5089 -6.5 12
      vertex -44.6452 -5.63999 20
      vertex -44.6452 -5.63999 11.5035
    endloop
  endfacet
  facet normal -0.987698 -0.15637 1.2885e-05
    outer loop
      vertex -44.2029 -8.43216 20
      vertex -44.5089 -6.5 12
      vertex -44.3718 -7.36602 11.5
    endloop
  endfacet
  facet normal -0.987685 -0.156456 -8.41656e-06
    outer loop
      vertex -44.5089 -6.5 12
      vertex -44.2029 -8.43216 20
      vertex -44.6452 -5.63999 20
    endloop
  endfacet
  facet normal -0.987683 -0.156471 -0
    outer loop
      vertex -44.2029 -8.43216 20
      vertex -44.3718 -7.36602 11.5
      vertex -44.2029 -8.43216 2.5
    endloop
  endfacet
  facet normal -0.91776 0.397136 0
    outer loop
      vertex -41.8399 16.5656 2.5
      vertex -40.7172 19.1601 20
      vertex -40.7172 19.1601 2.5
    endloop
  endfacet
  facet normal -0.91776 0.397136 0
    outer loop
      vertex -40.7172 19.1601 20
      vertex -41.8399 16.5656 2.5
      vertex -41.8399 16.5656 20
    endloop
  endfacet
  facet normal -0.987685 0.156456 0
    outer loop
      vertex -44.6452 5.63999 2.5
      vertex -44.2029 8.43216 10.0392
      vertex -44.2029 8.43216 2.5
    endloop
  endfacet
  facet normal -0.987679 0.156493 0
    outer loop
      vertex -44.3293 7.63397 10.5
      vertex -44.5302 6.36602 10.5
      vertex -44.3293 7.63397 11.5
    endloop
  endfacet
  facet normal -0.987685 0.156458 8.6008e-05
    outer loop
      vertex -44.2029 8.43216 10.0392
      vertex -44.6452 5.63999 10.0808
      vertex -44.3293 7.63397 10.5
    endloop
  endfacet
  facet normal -0.987685 0.156456 0
    outer loop
      vertex -44.2029 8.43216 10.0392
      vertex -44.6452 5.63999 2.5
      vertex -44.6452 5.63999 10.0808
    endloop
  endfacet
  facet normal -0.987679 0.156493 -8.39479e-05
    outer loop
      vertex -44.3293 7.63397 10.5
      vertex -44.6452 5.63999 10.0808
      vertex -44.5302 6.36602 10.5
    endloop
  endfacet
  facet normal -0.987685 0.156458 -8.6008e-05
    outer loop
      vertex -44.6452 5.63999 11.9192
      vertex -44.2029 8.43216 11.9608
      vertex -44.3293 7.63397 11.5
    endloop
  endfacet
  facet normal -0.987679 0.156493 0
    outer loop
      vertex -44.5302 6.36602 11.5
      vertex -44.3293 7.63397 11.5
      vertex -44.5302 6.36602 10.5
    endloop
  endfacet
  facet normal -0.987679 0.156493 8.39479e-05
    outer loop
      vertex -44.6452 5.63999 11.9192
      vertex -44.3293 7.63397 11.5
      vertex -44.5302 6.36602 11.5
    endloop
  endfacet
  facet normal -0.987685 0.156456 0
    outer loop
      vertex -44.6452 5.63999 20
      vertex -44.2029 8.43216 11.9608
      vertex -44.6452 5.63999 11.9192
    endloop
  endfacet
  facet normal -0.987685 0.156456 0
    outer loop
      vertex -44.2029 8.43216 11.9608
      vertex -44.6452 5.63999 20
      vertex -44.2029 8.43216 20
    endloop
  endfacet
  facet normal -0.218152 0.975915 0
    outer loop
      vertex -8.43216 44.2029 2.5
      vertex -11.191 43.5862 20
      vertex -8.43216 44.2029 20
    endloop
  endfacet
  facet normal -0.218152 0.975915 0
    outer loop
      vertex -11.191 43.5862 20
      vertex -8.43216 44.2029 2.5
      vertex -11.191 43.5862 2.5
    endloop
  endfacet
  facet normal 0.218152 0.975915 -0
    outer loop
      vertex 11.191 43.5862 2.5
      vertex 8.43216 44.2029 20
      vertex 11.191 43.5862 20
    endloop
  endfacet
  facet normal 0.218152 0.975915 0
    outer loop
      vertex 8.43216 44.2029 20
      vertex 11.191 43.5862 2.5
      vertex 8.43216 44.2029 2.5
    endloop
  endfacet
  facet normal -0.453993 -0.891005 0
    outer loop
      vertex -21.6789 -39.4338 2.5
      vertex -19.1601 -40.7172 20
      vertex -21.6789 -39.4338 20
    endloop
  endfacet
  facet normal -0.453993 -0.891005 -0
    outer loop
      vertex -19.1601 -40.7172 20
      vertex -21.6789 -39.4338 2.5
      vertex -19.1601 -40.7172 2.5
    endloop
  endfacet
  facet normal 0.891005 0.453993 0
    outer loop
      vertex 40.7172 19.1601 20
      vertex 39.4338 21.6789 2.5
      vertex 39.4338 21.6789 20
    endloop
  endfacet
  facet normal 0.891005 0.453993 0
    outer loop
      vertex 39.4338 21.6789 2.5
      vertex 40.7172 19.1601 20
      vertex 40.7172 19.1601 2.5
    endloop
  endfacet
  facet normal 0.278984 -0.960296 0
    outer loop
      vertex 11.191 -43.5862 2.5
      vertex 13.9058 -42.7975 20
      vertex 11.191 -43.5862 20
    endloop
  endfacet
  facet normal 0.278984 -0.960296 0
    outer loop
      vertex 13.9058 -42.7975 20
      vertex 11.191 -43.5862 2.5
      vertex 13.9058 -42.7975 2.5
    endloop
  endfacet
  facet normal 0.987685 -0.156456 0
    outer loop
      vertex 44.2029 -8.43216 20
      vertex 44.6452 -5.63999 2.5
      vertex 44.6452 -5.63999 20
    endloop
  endfacet
  facet normal 0.987685 -0.156456 0
    outer loop
      vertex 44.6452 -5.63999 2.5
      vertex 44.2029 -8.43216 20
      vertex 44.2029 -8.43216 2.5
    endloop
  endfacet
  facet normal -0.0314118 0.999507 0
    outer loop
      vertex 0 45 2.5
      vertex -2.82557 44.9112 20
      vertex 0 45 20
    endloop
  endfacet
  facet normal -0.0314118 0.999507 0
    outer loop
      vertex -2.82557 44.9112 20
      vertex 0 45 2.5
      vertex -2.82557 44.9112 2.5
    endloop
  endfacet
  facet normal -0.790157 -0.612904 0
    outer loop
      vertex -34.6731 -28.6841 2.5
      vertex -36.4058 -26.4503 20
      vertex -36.4058 -26.4503 2.5
    endloop
  endfacet
  facet normal -0.790157 -0.612904 0
    outer loop
      vertex -36.4058 -26.4503 20
      vertex -34.6731 -28.6841 2.5
      vertex -34.6731 -28.6841 20
    endloop
  endfacet
  facet normal -0.891005 -0.453993 0
    outer loop
      vertex -39.4338 -21.6789 2.5
      vertex -40.7172 -19.1601 20
      vertex -40.7172 -19.1601 2.5
    endloop
  endfacet
  facet normal -0.891005 -0.453993 0
    outer loop
      vertex -40.7172 -19.1601 20
      vertex -39.4338 -21.6789 2.5
      vertex -39.4338 -21.6789 20
    endloop
  endfacet
  facet normal 0.0940939 -0.995563 0
    outer loop
      vertex 2.82557 -44.9112 2.5
      vertex 5.63999 -44.6452 20
      vertex 2.82557 -44.9112 20
    endloop
  endfacet
  facet normal 0.0940939 -0.995563 0
    outer loop
      vertex 5.63999 -44.6452 20
      vertex 2.82557 -44.9112 2.5
      vertex 5.63999 -44.6452 2.5
    endloop
  endfacet
  facet normal 0.661317 0.750106 -0
    outer loop
      vertex 30.8046 32.8036 2.5
      vertex 28.6841 34.6731 20
      vertex 30.8046 32.8036 20
    endloop
  endfacet
  facet normal 0.661317 0.750106 0
    outer loop
      vertex 28.6841 34.6731 20
      vertex 30.8046 32.8036 2.5
      vertex 28.6841 34.6731 2.5
    endloop
  endfacet
  facet normal 0.56209 0.827076 -0
    outer loop
      vertex 26.4503 36.4058 2.5
      vertex 24.1122 37.9948 20
      vertex 26.4503 36.4058 20
    endloop
  endfacet
  facet normal 0.56209 0.827076 0
    outer loop
      vertex 24.1122 37.9948 20
      vertex 26.4503 36.4058 2.5
      vertex 24.1122 37.9948 2.5
    endloop
  endfacet
  facet normal 0.827076 0.56209 0
    outer loop
      vertex 37.9948 24.1122 20
      vertex 36.4058 26.4503 2.5
      vertex 36.4058 26.4503 20
    endloop
  endfacet
  facet normal 0.827076 0.56209 0
    outer loop
      vertex 36.4058 26.4503 2.5
      vertex 37.9948 24.1122 20
      vertex 37.9948 24.1122 2.5
    endloop
  endfacet
  facet normal 0.999507 -0.0314118 0
    outer loop
      vertex 44.9112 -2.82557 20
      vertex 45 0 2.5
      vertex 45 0 20
    endloop
  endfacet
  facet normal 0.999507 -0.0314118 0
    outer loop
      vertex 45 0 2.5
      vertex 44.9112 -2.82557 20
      vertex 44.9112 -2.82557 2.5
    endloop
  endfacet
  facet normal -0.509028 -0.86075 0
    outer loop
      vertex -24.1122 -37.9948 2.5
      vertex -21.6789 -39.4338 20
      vertex -24.1122 -37.9948 20
    endloop
  endfacet
  facet normal -0.509028 -0.86075 -0
    outer loop
      vertex -21.6789 -39.4338 20
      vertex -24.1122 -37.9948 2.5
      vertex -21.6789 -39.4338 2.5
    endloop
  endfacet
  facet normal 0.707107 0.707107 0
    outer loop
      vertex 32.8036 30.8046 20
      vertex 30.8046 32.8036 2.5
      vertex 30.8046 32.8036 20
    endloop
  endfacet
  facet normal 0.707107 0.707107 0
    outer loop
      vertex 30.8046 32.8036 2.5
      vertex 32.8036 30.8046 20
      vertex 32.8036 30.8046 2.5
    endloop
  endfacet
  facet normal -0.960296 -0.278984 0
    outer loop
      vertex -42.7975 -13.9058 2.5
      vertex -43.5862 -11.191 20
      vertex -43.5862 -11.191 2.5
    endloop
  endfacet
  facet normal -0.960296 -0.278984 0
    outer loop
      vertex -43.5862 -11.191 20
      vertex -42.7975 -13.9058 2.5
      vertex -42.7975 -13.9058 20
    endloop
  endfacet
  facet normal -0.790157 0.612904 0
    outer loop
      vertex -36.4058 26.4503 2.5
      vertex -34.6731 28.6841 20
      vertex -34.6731 28.6841 2.5
    endloop
  endfacet
  facet normal -0.790157 0.612904 0
    outer loop
      vertex -34.6731 28.6841 20
      vertex -36.4058 26.4503 2.5
      vertex -36.4058 26.4503 20
    endloop
  endfacet
  facet normal -0.218152 -0.975915 0
    outer loop
      vertex -11.191 -43.5862 2.5
      vertex -8.43216 -44.2029 20
      vertex -11.191 -43.5862 20
    endloop
  endfacet
  facet normal -0.218152 -0.975915 -0
    outer loop
      vertex -8.43216 -44.2029 20
      vertex -11.191 -43.5862 2.5
      vertex -8.43216 -44.2029 2.5
    endloop
  endfacet
  facet normal -0.453993 0.891005 0
    outer loop
      vertex -19.1601 40.7172 2.5
      vertex -21.6789 39.4338 20
      vertex -19.1601 40.7172 20
    endloop
  endfacet
  facet normal -0.453993 0.891005 0
    outer loop
      vertex -21.6789 39.4338 20
      vertex -19.1601 40.7172 2.5
      vertex -21.6789 39.4338 2.5
    endloop
  endfacet
  facet normal 0.790157 -0.612904 0
    outer loop
      vertex 34.6731 -28.6841 20
      vertex 36.4058 -26.4503 2.5
      vertex 36.4058 -26.4503 20
    endloop
  endfacet
  facet normal 0.790157 -0.612904 0
    outer loop
      vertex 36.4058 -26.4503 2.5
      vertex 34.6731 -28.6841 20
      vertex 34.6731 -28.6841 2.5
    endloop
  endfacet
  facet normal -0.56209 -0.827076 0
    outer loop
      vertex -26.4503 -36.4058 2.5
      vertex -24.1122 -37.9948 20
      vertex -26.4503 -36.4058 20
    endloop
  endfacet
  facet normal -0.56209 -0.827076 -0
    outer loop
      vertex -24.1122 -37.9948 20
      vertex -26.4503 -36.4058 2.5
      vertex -24.1122 -37.9948 2.5
    endloop
  endfacet
  facet normal 0.156456 -0.987685 0
    outer loop
      vertex 5.63999 -44.6452 2.5
      vertex 8.43216 -44.2029 20
      vertex 5.63999 -44.6452 20
    endloop
  endfacet
  facet normal 0.156456 -0.987685 0
    outer loop
      vertex 8.43216 -44.2029 20
      vertex 5.63999 -44.6452 2.5
      vertex 8.43216 -44.2029 2.5
    endloop
  endfacet
  facet normal 0.940879 0.338742 0
    outer loop
      vertex 42.7975 13.9058 20
      vertex 41.8399 16.5656 2.5
      vertex 41.8399 16.5656 20
    endloop
  endfacet
  facet normal 0.940879 0.338742 0
    outer loop
      vertex 41.8399 16.5656 2.5
      vertex 42.7975 13.9058 20
      vertex 42.7975 13.9058 2.5
    endloop
  endfacet
  facet normal -0.86075 0.509028 0
    outer loop
      vertex -39.4338 21.6789 2.5
      vertex -37.9948 24.1122 20
      vertex -37.9948 24.1122 2.5
    endloop
  endfacet
  facet normal -0.86075 0.509028 0
    outer loop
      vertex -37.9948 24.1122 20
      vertex -39.4338 21.6789 2.5
      vertex -39.4338 21.6789 20
    endloop
  endfacet
  facet normal -0.750106 -0.661317 0
    outer loop
      vertex -32.8036 -30.8046 2.5
      vertex -34.6731 -28.6841 20
      vertex -34.6731 -28.6841 2.5
    endloop
  endfacet
  facet normal -0.750106 -0.661317 0
    outer loop
      vertex -34.6731 -28.6841 20
      vertex -32.8036 -30.8046 2.5
      vertex -32.8036 -30.8046 20
    endloop
  endfacet
  facet normal -0.509028 0.86075 0
    outer loop
      vertex -21.6789 39.4338 2.5
      vertex -24.1122 37.9948 20
      vertex -21.6789 39.4338 20
    endloop
  endfacet
  facet normal -0.509028 0.86075 0
    outer loop
      vertex -24.1122 37.9948 20
      vertex -21.6789 39.4338 2.5
      vertex -24.1122 37.9948 2.5
    endloop
  endfacet
  facet normal 0.750106 -0.661317 0
    outer loop
      vertex 32.8036 -30.8046 20
      vertex 34.6731 -28.6841 2.5
      vertex 34.6731 -28.6841 20
    endloop
  endfacet
  facet normal 0.750106 -0.661317 0
    outer loop
      vertex 34.6731 -28.6841 2.5
      vertex 32.8036 -30.8046 20
      vertex 32.8036 -30.8046 2.5
    endloop
  endfacet
  facet normal -0.999507 -0.0313845 0
    outer loop
      vertex -45 0 2.5
      vertex -44.9843 -0.5 10
      vertex -45 0 10.2887
    endloop
  endfacet
  facet normal -0.999507 -0.0314118 -1.81825e-06
    outer loop
      vertex -44.9112 -2.82557 2.5
      vertex -44.9843 -0.5 10
      vertex -45 0 2.5
    endloop
  endfacet
  facet normal -0.999505 -0.0314525 0
    outer loop
      vertex -44.9571 -1.36602 10.5
      vertex -44.9172 -2.63397 10.5
      vertex -44.9571 -1.36602 11.5
    endloop
  endfacet
  facet normal -0.999506 -0.0314176 -0
    outer loop
      vertex -44.9112 -2.82557 10.3894
      vertex -44.9843 -0.5 10
      vertex -44.9112 -2.82557 2.5
    endloop
  endfacet
  facet normal -0.999506 -0.0314279 -6.12108e-05
    outer loop
      vertex -44.9843 -0.5 10
      vertex -44.9112 -2.82557 10.3894
      vertex -44.9571 -1.36602 10.5
    endloop
  endfacet
  facet normal -0.999505 -0.0314525 0.00026471
    outer loop
      vertex -44.9571 -1.36602 10.5
      vertex -44.9112 -2.82557 10.3894
      vertex -44.9172 -2.63397 10.5
    endloop
  endfacet
  facet normal -0.999507 -0.0313845 0
    outer loop
      vertex -44.9843 -0.5 12
      vertex -45 0 20
      vertex -45 0 11.7113
    endloop
  endfacet
  facet normal -0.999506 -0.0314279 6.12108e-05
    outer loop
      vertex -44.9112 -2.82557 11.6106
      vertex -44.9843 -0.5 12
      vertex -44.9571 -1.36602 11.5
    endloop
  endfacet
  facet normal -0.999505 -0.0314525 -0
    outer loop
      vertex -44.9172 -2.63397 11.5
      vertex -44.9571 -1.36602 11.5
      vertex -44.9172 -2.63397 10.5
    endloop
  endfacet
  facet normal -0.999505 -0.0314525 -0.00026471
    outer loop
      vertex -44.9112 -2.82557 11.6106
      vertex -44.9571 -1.36602 11.5
      vertex -44.9172 -2.63397 11.5
    endloop
  endfacet
  facet normal -0.999506 -0.0314176 0
    outer loop
      vertex -44.9843 -0.5 12
      vertex -44.9112 -2.82557 11.6106
      vertex -44.9112 -2.82557 20
    endloop
  endfacet
  facet normal -0.999507 -0.0314118 1.70461e-06
    outer loop
      vertex -44.9843 -0.5 12
      vertex -44.9112 -2.82557 20
      vertex -45 0 20
    endloop
  endfacet
  facet normal -0.975915 -0.218152 0
    outer loop
      vertex -43.5862 -11.191 2.5
      vertex -44.2029 -8.43216 20
      vertex -44.2029 -8.43216 2.5
    endloop
  endfacet
  facet normal -0.975915 -0.218152 0
    outer loop
      vertex -44.2029 -8.43216 20
      vertex -43.5862 -11.191 2.5
      vertex -43.5862 -11.191 20
    endloop
  endfacet
  facet normal 0.827076 -0.56209 0
    outer loop
      vertex 36.4058 -26.4503 20
      vertex 37.9948 -24.1122 2.5
      vertex 37.9948 -24.1122 20
    endloop
  endfacet
  facet normal 0.827076 -0.56209 0
    outer loop
      vertex 37.9948 -24.1122 2.5
      vertex 36.4058 -26.4503 20
      vertex 36.4058 -26.4503 2.5
    endloop
  endfacet
  facet normal 0.91776 0.397136 0
    outer loop
      vertex 41.8399 16.5656 20
      vertex 40.7172 19.1601 2.5
      vertex 40.7172 19.1601 20
    endloop
  endfacet
  facet normal 0.91776 0.397136 0
    outer loop
      vertex 40.7172 19.1601 2.5
      vertex 41.8399 16.5656 20
      vertex 41.8399 16.5656 2.5
    endloop
  endfacet
  facet normal 0.397136 0.91776 -0
    outer loop
      vertex 19.1601 40.7172 2.5
      vertex 16.5656 41.8399 20
      vertex 19.1601 40.7172 20
    endloop
  endfacet
  facet normal 0.397136 0.91776 0
    outer loop
      vertex 16.5656 41.8399 20
      vertex 19.1601 40.7172 2.5
      vertex 16.5656 41.8399 2.5
    endloop
  endfacet
  facet normal 0.0314118 0.999507 -0
    outer loop
      vertex 2.82557 44.9112 2.5
      vertex 0 45 20
      vertex 2.82557 44.9112 20
    endloop
  endfacet
  facet normal 0.0314118 0.999507 0
    outer loop
      vertex 0 45 20
      vertex 2.82557 44.9112 2.5
      vertex 0 45 2.5
    endloop
  endfacet
  facet normal 0.338742 -0.940879 0
    outer loop
      vertex 13.9058 -42.7975 2.5
      vertex 16.5656 -41.8399 20
      vertex 13.9058 -42.7975 20
    endloop
  endfacet
  facet normal 0.338742 -0.940879 0
    outer loop
      vertex 16.5656 -41.8399 20
      vertex 13.9058 -42.7975 2.5
      vertex 16.5656 -41.8399 2.5
    endloop
  endfacet
  facet normal 0.975915 -0.218152 0
    outer loop
      vertex 43.5862 -11.191 20
      vertex 44.2029 -8.43216 2.5
      vertex 44.2029 -8.43216 20
    endloop
  endfacet
  facet normal 0.975915 -0.218152 0
    outer loop
      vertex 44.2029 -8.43216 2.5
      vertex 43.5862 -11.191 20
      vertex 43.5862 -11.191 2.5
    endloop
  endfacet
  facet normal 0.891005 -0.453993 0
    outer loop
      vertex 39.4338 -21.6789 20
      vertex 40.7172 -19.1601 2.5
      vertex 40.7172 -19.1601 20
    endloop
  endfacet
  facet normal 0.891005 -0.453993 0
    outer loop
      vertex 40.7172 -19.1601 2.5
      vertex 39.4338 -21.6789 20
      vertex 39.4338 -21.6789 2.5
    endloop
  endfacet
  facet normal 0.750106 0.661317 0
    outer loop
      vertex 34.6731 28.6841 20
      vertex 32.8036 30.8046 2.5
      vertex 32.8036 30.8046 20
    endloop
  endfacet
  facet normal 0.750106 0.661317 0
    outer loop
      vertex 32.8036 30.8046 2.5
      vertex 34.6731 28.6841 20
      vertex 34.6731 28.6841 2.5
    endloop
  endfacet
  facet normal 0.612904 0.790157 -0
    outer loop
      vertex 28.6841 34.6731 2.5
      vertex 26.4503 36.4058 20
      vertex 28.6841 34.6731 20
    endloop
  endfacet
  facet normal 0.612904 0.790157 0
    outer loop
      vertex 26.4503 36.4058 20
      vertex 28.6841 34.6731 2.5
      vertex 26.4503 36.4058 2.5
    endloop
  endfacet
  facet normal 0.995563 -0.0940939 0
    outer loop
      vertex 44.6452 -5.63999 20
      vertex 44.9112 -2.82557 2.5
      vertex 44.9112 -2.82557 20
    endloop
  endfacet
  facet normal 0.995563 -0.0940939 0
    outer loop
      vertex 44.9112 -2.82557 2.5
      vertex 44.6452 -5.63999 20
      vertex 44.6452 -5.63999 2.5
    endloop
  endfacet
  facet normal 0.453993 0.891005 -0
    outer loop
      vertex 21.6789 39.4338 2.5
      vertex 19.1601 40.7172 20
      vertex 21.6789 39.4338 20
    endloop
  endfacet
  facet normal 0.453993 0.891005 0
    outer loop
      vertex 19.1601 40.7172 20
      vertex 21.6789 39.4338 2.5
      vertex 19.1601 40.7172 2.5
    endloop
  endfacet
  facet normal -0.940879 -0.338742 0
    outer loop
      vertex -41.8399 -16.5656 2.5
      vertex -42.7975 -13.9058 20
      vertex -42.7975 -13.9058 2.5
    endloop
  endfacet
  facet normal -0.940879 -0.338742 0
    outer loop
      vertex -42.7975 -13.9058 20
      vertex -41.8399 -16.5656 2.5
      vertex -41.8399 -16.5656 20
    endloop
  endfacet
  facet normal 0.218152 -0.975915 0
    outer loop
      vertex 8.43216 -44.2029 2.5
      vertex 11.191 -43.5862 20
      vertex 8.43216 -44.2029 20
    endloop
  endfacet
  facet normal 0.218152 -0.975915 0
    outer loop
      vertex 11.191 -43.5862 20
      vertex 8.43216 -44.2029 2.5
      vertex 11.191 -43.5862 2.5
    endloop
  endfacet
  facet normal 0.0940939 0.995563 -0
    outer loop
      vertex 5.63999 44.6452 2.5
      vertex 2.82557 44.9112 20
      vertex 5.63999 44.6452 20
    endloop
  endfacet
  facet normal 0.0940939 0.995563 0
    outer loop
      vertex 2.82557 44.9112 20
      vertex 5.63999 44.6452 2.5
      vertex 2.82557 44.9112 2.5
    endloop
  endfacet
  facet normal -0.99951 0.0313143 0
    outer loop
      vertex -44.9112 2.82557 2.5
      vertex -44.9214 2.5 10
      vertex -44.9112 2.82557 10.188
    endloop
  endfacet
  facet normal -0.999507 0.0314118 4.2355e-06
    outer loop
      vertex -45 0 2.5
      vertex -44.9214 2.5 10
      vertex -44.9112 2.82557 2.5
    endloop
  endfacet
  facet normal -0.999508 0.0313739 0
    outer loop
      vertex -44.9487 1.63397 10.5
      vertex -44.9885 0.366025 10.5
      vertex -44.9487 1.63397 11.5
    endloop
  endfacet
  facet normal -0.999506 0.0314245 0
    outer loop
      vertex -45 0 10.2887
      vertex -44.9214 2.5 10
      vertex -45 0 2.5
    endloop
  endfacet
  facet normal -0.999507 0.0314037 -0.000179957
    outer loop
      vertex -44.9214 2.5 10
      vertex -45 0 10.2887
      vertex -44.9487 1.63397 10.5
    endloop
  endfacet
  facet normal -0.999508 0.0313739 5.06344e-05
    outer loop
      vertex -44.9487 1.63397 10.5
      vertex -45 0 10.2887
      vertex -44.9885 0.366025 10.5
    endloop
  endfacet
  facet normal -0.99951 0.0313143 0
    outer loop
      vertex -44.9214 2.5 12
      vertex -44.9112 2.82557 20
      vertex -44.9112 2.82557 11.812
    endloop
  endfacet
  facet normal -0.999507 0.0314037 0.000179957
    outer loop
      vertex -45 0 11.7113
      vertex -44.9214 2.5 12
      vertex -44.9487 1.63397 11.5
    endloop
  endfacet
  facet normal -0.999508 0.0313739 0
    outer loop
      vertex -44.9885 0.366025 11.5
      vertex -44.9487 1.63397 11.5
      vertex -44.9885 0.366025 10.5
    endloop
  endfacet
  facet normal -0.999508 0.0313739 -5.06344e-05
    outer loop
      vertex -45 0 11.7113
      vertex -44.9487 1.63397 11.5
      vertex -44.9885 0.366025 11.5
    endloop
  endfacet
  facet normal -0.999506 0.0314245 0
    outer loop
      vertex -44.9214 2.5 12
      vertex -45 0 11.7113
      vertex -45 0 20
    endloop
  endfacet
  facet normal -0.999507 0.0314118 -3.97078e-06
    outer loop
      vertex -44.9214 2.5 12
      vertex -45 0 20
      vertex -44.9112 2.82557 20
    endloop
  endfacet
  facet normal -0.86075 -0.509028 0
    outer loop
      vertex -37.9948 -24.1122 2.5
      vertex -39.4338 -21.6789 20
      vertex -39.4338 -21.6789 2.5
    endloop
  endfacet
  facet normal -0.86075 -0.509028 0
    outer loop
      vertex -39.4338 -21.6789 20
      vertex -37.9948 -24.1122 2.5
      vertex -37.9948 -24.1122 20
    endloop
  endfacet
  facet normal -0.397136 -0.91776 0
    outer loop
      vertex -19.1601 -40.7172 2.5
      vertex -16.5656 -41.8399 20
      vertex -19.1601 -40.7172 20
    endloop
  endfacet
  facet normal -0.397136 -0.91776 -0
    outer loop
      vertex -16.5656 -41.8399 20
      vertex -19.1601 -40.7172 2.5
      vertex -16.5656 -41.8399 2.5
    endloop
  endfacet
  facet normal -0.338742 -0.940879 0
    outer loop
      vertex -16.5656 -41.8399 2.5
      vertex -13.9058 -42.7975 20
      vertex -16.5656 -41.8399 20
    endloop
  endfacet
  facet normal -0.338742 -0.940879 -0
    outer loop
      vertex -13.9058 -42.7975 20
      vertex -16.5656 -41.8399 2.5
      vertex -13.9058 -42.7975 2.5
    endloop
  endfacet
  facet normal -0.995569 -0.0940316 0
    outer loop
      vertex -44.9112 -2.82557 2.5
      vertex -44.8475 -3.5 10
      vertex -44.9112 -2.82557 10.3894
    endloop
  endfacet
  facet normal -0.995563 -0.0940939 -5.65158e-06
    outer loop
      vertex -44.6452 -5.63999 2.5
      vertex -44.8475 -3.5 10
      vertex -44.9112 -2.82557 2.5
    endloop
  endfacet
  facet normal -0.995559 -0.0941421 0
    outer loop
      vertex -44.7656 -4.36602 10.5
      vertex -44.6457 -5.63397 10.5
      vertex -44.7656 -4.36602 11.5
    endloop
  endfacet
  facet normal -0.995561 -0.0941136 -0
    outer loop
      vertex -44.6452 -5.63999 10.4965
      vertex -44.8475 -3.5 10
      vertex -44.6452 -5.63999 2.5
    endloop
  endfacet
  facet normal -0.995564 -0.0940888 0.000107853
    outer loop
      vertex -44.8475 -3.5 10
      vertex -44.6452 -5.63999 10.4965
      vertex -44.7656 -4.36602 10.5
    endloop
  endfacet
  facet normal -0.995366 -0.0941239 0.0196979
    outer loop
      vertex -44.7656 -4.36602 10.5
      vertex -44.6452 -5.63999 10.4965
      vertex -44.6457 -5.63397 10.5
    endloop
  endfacet
  facet normal -0.995569 -0.0940316 0
    outer loop
      vertex -44.8475 -3.5 12
      vertex -44.9112 -2.82557 20
      vertex -44.9112 -2.82557 11.6106
    endloop
  endfacet
  facet normal -0.995564 -0.0940888 -0.000107853
    outer loop
      vertex -44.6452 -5.63999 11.5035
      vertex -44.8475 -3.5 12
      vertex -44.7656 -4.36602 11.5
    endloop
  endfacet
  facet normal -0.995559 -0.0941421 -0
    outer loop
      vertex -44.6457 -5.63397 11.5
      vertex -44.7656 -4.36602 11.5
      vertex -44.6457 -5.63397 10.5
    endloop
  endfacet
  facet normal -0.995366 -0.0941239 -0.0196979
    outer loop
      vertex -44.6452 -5.63999 11.5035
      vertex -44.7656 -4.36602 11.5
      vertex -44.6457 -5.63397 11.5
    endloop
  endfacet
  facet normal -0.995561 -0.0941136 0
    outer loop
      vertex -44.8475 -3.5 12
      vertex -44.6452 -5.63999 11.5035
      vertex -44.6452 -5.63999 20
    endloop
  endfacet
  facet normal -0.995563 -0.0940939 5.29836e-06
    outer loop
      vertex -44.8475 -3.5 12
      vertex -44.6452 -5.63999 20
      vertex -44.9112 -2.82557 20
    endloop
  endfacet
  facet normal -0.56209 0.827076 0
    outer loop
      vertex -24.1122 37.9948 2.5
      vertex -26.4503 36.4058 20
      vertex -24.1122 37.9948 20
    endloop
  endfacet
  facet normal -0.56209 0.827076 0
    outer loop
      vertex -26.4503 36.4058 20
      vertex -24.1122 37.9948 2.5
      vertex -26.4503 36.4058 2.5
    endloop
  endfacet
  facet normal -0.661317 -0.750106 0
    outer loop
      vertex -30.8046 -32.8036 2.5
      vertex -28.6841 -34.6731 20
      vertex -30.8046 -32.8036 20
    endloop
  endfacet
  facet normal -0.661317 -0.750106 -0
    outer loop
      vertex -28.6841 -34.6731 20
      vertex -30.8046 -32.8036 2.5
      vertex -28.6841 -34.6731 2.5
    endloop
  endfacet
  facet normal 0.86075 -0.509028 0
    outer loop
      vertex 37.9948 -24.1122 20
      vertex 39.4338 -21.6789 2.5
      vertex 39.4338 -21.6789 20
    endloop
  endfacet
  facet normal 0.86075 -0.509028 0
    outer loop
      vertex 39.4338 -21.6789 2.5
      vertex 37.9948 -24.1122 20
      vertex 37.9948 -24.1122 2.5
    endloop
  endfacet
  facet normal -0.91776 -0.397136 0
    outer loop
      vertex -40.7172 -19.1601 2.5
      vertex -41.8399 -16.5656 20
      vertex -41.8399 -16.5656 2.5
    endloop
  endfacet
  facet normal -0.91776 -0.397136 0
    outer loop
      vertex -41.8399 -16.5656 20
      vertex -40.7172 -19.1601 2.5
      vertex -40.7172 -19.1601 20
    endloop
  endfacet
  facet normal -0.278984 -0.960296 0
    outer loop
      vertex -13.9058 -42.7975 2.5
      vertex -11.191 -43.5862 20
      vertex -13.9058 -42.7975 20
    endloop
  endfacet
  facet normal -0.278984 -0.960296 -0
    outer loop
      vertex -11.191 -43.5862 20
      vertex -13.9058 -42.7975 2.5
      vertex -11.191 -43.5862 2.5
    endloop
  endfacet
  facet normal 0.509028 -0.86075 0
    outer loop
      vertex 21.6789 -39.4338 2.5
      vertex 24.1122 -37.9948 20
      vertex 21.6789 -39.4338 20
    endloop
  endfacet
  facet normal 0.509028 -0.86075 0
    outer loop
      vertex 24.1122 -37.9948 20
      vertex 21.6789 -39.4338 2.5
      vertex 24.1122 -37.9948 2.5
    endloop
  endfacet
  facet normal 0.612904 -0.790157 0
    outer loop
      vertex 26.4503 -36.4058 2.5
      vertex 28.6841 -34.6731 20
      vertex 26.4503 -36.4058 20
    endloop
  endfacet
  facet normal 0.612904 -0.790157 0
    outer loop
      vertex 28.6841 -34.6731 20
      vertex 26.4503 -36.4058 2.5
      vertex 28.6841 -34.6731 2.5
    endloop
  endfacet
  facet normal 0.278984 0.960296 -0
    outer loop
      vertex 13.9058 42.7975 2.5
      vertex 11.191 43.5862 20
      vertex 13.9058 42.7975 20
    endloop
  endfacet
  facet normal 0.278984 0.960296 0
    outer loop
      vertex 11.191 43.5862 20
      vertex 13.9058 42.7975 2.5
      vertex 11.191 43.5862 2.5
    endloop
  endfacet
  facet normal -0.707107 0.707107 0
    outer loop
      vertex -32.8036 30.8046 2.5
      vertex -30.8046 32.8036 20
      vertex -30.8046 32.8036 2.5
    endloop
  endfacet
  facet normal -0.707107 0.707107 0
    outer loop
      vertex -30.8046 32.8036 20
      vertex -32.8036 30.8046 2.5
      vertex -32.8036 30.8046 20
    endloop
  endfacet
  facet normal -0.750106 0.661317 0
    outer loop
      vertex -34.6731 28.6841 2.5
      vertex -32.8036 30.8046 20
      vertex -32.8036 30.8046 2.5
    endloop
  endfacet
  facet normal -0.750106 0.661317 0
    outer loop
      vertex -32.8036 30.8046 20
      vertex -34.6731 28.6841 2.5
      vertex -34.6731 28.6841 20
    endloop
  endfacet
  facet normal 0.661317 -0.750106 0
    outer loop
      vertex 28.6841 -34.6731 2.5
      vertex 30.8046 -32.8036 20
      vertex 28.6841 -34.6731 20
    endloop
  endfacet
  facet normal 0.661317 -0.750106 0
    outer loop
      vertex 30.8046 -32.8036 20
      vertex 28.6841 -34.6731 2.5
      vertex 30.8046 -32.8036 2.5
    endloop
  endfacet
  facet normal -0.0940939 -0.995563 0
    outer loop
      vertex -5.63999 -44.6452 2.5
      vertex -2.82557 -44.9112 20
      vertex -5.63999 -44.6452 20
    endloop
  endfacet
  facet normal -0.0940939 -0.995563 -0
    outer loop
      vertex -2.82557 -44.9112 20
      vertex -5.63999 -44.6452 2.5
      vertex -2.82557 -44.9112 2.5
    endloop
  endfacet
  facet normal 0.91776 -0.397136 0
    outer loop
      vertex 40.7172 -19.1601 20
      vertex 41.8399 -16.5656 2.5
      vertex 41.8399 -16.5656 20
    endloop
  endfacet
  facet normal 0.91776 -0.397136 0
    outer loop
      vertex 41.8399 -16.5656 2.5
      vertex 40.7172 -19.1601 20
      vertex 40.7172 -19.1601 2.5
    endloop
  endfacet
  facet normal 0.940879 -0.338742 0
    outer loop
      vertex 41.8399 -16.5656 20
      vertex 42.7975 -13.9058 2.5
      vertex 42.7975 -13.9058 20
    endloop
  endfacet
  facet normal 0.940879 -0.338742 0
    outer loop
      vertex 42.7975 -13.9058 2.5
      vertex 41.8399 -16.5656 20
      vertex 41.8399 -16.5656 2.5
    endloop
  endfacet
  facet normal 0 0 1
    outer loop
      vertex 42.5 0 20
      vertex 45 0 20
      vertex 44.9112 2.82557 20
    endloop
  endfacet
  facet normal 0 0 1
    outer loop
      vertex 42.4161 2.6686 20
      vertex 44.9112 2.82557 20
      vertex 44.6452 5.63999 20
    endloop
  endfacet
  facet normal 0 0 1
    outer loop
      vertex 45 0 20
      vertex 42.5 0 20
      vertex 44.9112 -2.82557 20
    endloop
  endfacet
  facet normal 0 0 1
    outer loop
      vertex 42.1649 5.32666 20
      vertex 44.6452 5.63999 20
      vertex 44.2029 8.43216 20
    endloop
  endfacet
  facet normal -0 0 1
    outer loop
      vertex 42.4161 -2.6686 20
      vertex 44.9112 -2.82557 20
      vertex 42.5 0 20
    endloop
  endfacet
  facet normal 0 0 1
    outer loop
      vertex 41.7472 7.96371 20
      vertex 44.2029 8.43216 20
      vertex 43.5862 11.191 20
    endloop
  endfacet
  facet normal 0 0 1
    outer loop
      vertex 44.9112 -2.82557 20
      vertex 42.4161 -2.6686 20
      vertex 44.6452 -5.63999 20
    endloop
  endfacet
  facet normal 0 0 1
    outer loop
      vertex 41.1648 10.5693 20
      vertex 43.5862 11.191 20
      vertex 42.7975 13.9058 20
    endloop
  endfacet
  facet normal -0 0 1
    outer loop
      vertex 42.1649 -5.32666 20
      vertex 44.6452 -5.63999 20
      vertex 42.4161 -2.6686 20
    endloop
  endfacet
  facet normal 0 0 1
    outer loop
      vertex 44.6452 -5.63999 20
      vertex 42.1649 -5.32666 20
      vertex 44.2029 -8.43216 20
    endloop
  endfacet
  facet normal 0 0 1
    outer loop
      vertex 44.9112 2.82557 20
      vertex 42.4161 2.6686 20
      vertex 42.5 0 20
    endloop
  endfacet
  facet normal 0 0 1
    outer loop
      vertex 44.6452 5.63999 20
      vertex 42.1649 5.32666 20
      vertex 42.4161 2.6686 20
    endloop
  endfacet
  facet normal 0 0 1
    outer loop
      vertex 40.4199 13.1332 20
      vertex 42.7975 13.9058 20
      vertex 41.8399 16.5656 20
    endloop
  endfacet
  facet normal 0 0 1
    outer loop
      vertex 44.2029 8.43216 20
      vertex 41.7472 7.96371 20
      vertex 42.1649 5.32666 20
    endloop
  endfacet
  facet normal 0 0 1
    outer loop
      vertex 43.5862 11.191 20
      vertex 41.1648 10.5693 20
      vertex 41.7472 7.96371 20
    endloop
  endfacet
  facet normal 0 0 1
    outer loop
      vertex 39.5155 15.6453 20
      vertex 41.8399 16.5656 20
      vertex 40.7172 19.1601 20
    endloop
  endfacet
  facet normal 0 0 1
    outer loop
      vertex 42.7975 13.9058 20
      vertex 40.4199 13.1332 20
      vertex 41.1648 10.5693 20
    endloop
  endfacet
  facet normal 0 0 1
    outer loop
      vertex 41.8399 16.5656 20
      vertex 39.5155 15.6453 20
      vertex 40.4199 13.1332 20
    endloop
  endfacet
  facet normal 0 0 1
    outer loop
      vertex 38.4552 18.0956 20
      vertex 40.7172 19.1601 20
      vertex 39.4338 21.6789 20
    endloop
  endfacet
  facet normal 0 0 1
    outer loop
      vertex 40.7172 19.1601 20
      vertex 38.4552 18.0956 20
      vertex 39.5155 15.6453 20
    endloop
  endfacet
  facet normal 0 0 1
    outer loop
      vertex 37.243 20.4745 20
      vertex 39.4338 21.6789 20
      vertex 37.9948 24.1122 20
    endloop
  endfacet
  facet normal 0 0 1
    outer loop
      vertex 39.4338 21.6789 20
      vertex 37.243 20.4745 20
      vertex 38.4552 18.0956 20
    endloop
  endfacet
  facet normal 0 0 1
    outer loop
      vertex 35.8839 22.7726 20
      vertex 37.9948 24.1122 20
      vertex 36.4058 26.4503 20
    endloop
  endfacet
  facet normal 0 0 1
    outer loop
      vertex 37.9948 24.1122 20
      vertex 35.8839 22.7726 20
      vertex 37.243 20.4745 20
    endloop
  endfacet
  facet normal 0 0 1
    outer loop
      vertex 34.3832 24.9809 20
      vertex 36.4058 26.4503 20
      vertex 34.6731 28.6841 20
    endloop
  endfacet
  facet normal 0 0 1
    outer loop
      vertex 36.4058 26.4503 20
      vertex 34.3832 24.9809 20
      vertex 35.8839 22.7726 20
    endloop
  endfacet
  facet normal 0 0 1
    outer loop
      vertex 32.7468 27.0905 20
      vertex 34.6731 28.6841 20
      vertex 32.8036 30.8046 20
    endloop
  endfacet
  facet normal 0 0 1
    outer loop
      vertex 34.6731 28.6841 20
      vertex 32.7468 27.0905 20
      vertex 34.3832 24.9809 20
    endloop
  endfacet
  facet normal 0 0 1
    outer loop
      vertex 32.8036 30.8046 20
      vertex 30.9812 29.0933 20
      vertex 32.7468 27.0905 20
    endloop
  endfacet
  facet normal 0 0 1
    outer loop
      vertex 30.8046 32.8036 20
      vertex 30.9812 29.0933 20
      vertex 32.8036 30.8046 20
    endloop
  endfacet
  facet normal 0 0 1
    outer loop
      vertex 30.8046 32.8036 20
      vertex 29.0933 30.9812 20
      vertex 30.9812 29.0933 20
    endloop
  endfacet
  facet normal 0 0 1
    outer loop
      vertex 28.6841 34.6731 20
      vertex 29.0933 30.9812 20
      vertex 30.8046 32.8036 20
    endloop
  endfacet
  facet normal 0 0 1
    outer loop
      vertex 28.6841 34.6731 20
      vertex 27.0905 32.7468 20
      vertex 29.0933 30.9812 20
    endloop
  endfacet
  facet normal 0 0 1
    outer loop
      vertex 26.4503 36.4058 20
      vertex 27.0905 32.7468 20
      vertex 28.6841 34.6731 20
    endloop
  endfacet
  facet normal 0 0 1
    outer loop
      vertex 26.4503 36.4058 20
      vertex 24.9809 34.3832 20
      vertex 27.0905 32.7468 20
    endloop
  endfacet
  facet normal 0 0 1
    outer loop
      vertex 24.1122 37.9948 20
      vertex 24.9809 34.3832 20
      vertex 26.4503 36.4058 20
    endloop
  endfacet
  facet normal 0 0 1
    outer loop
      vertex 24.1122 37.9948 20
      vertex 22.7726 35.8839 20
      vertex 24.9809 34.3832 20
    endloop
  endfacet
  facet normal 0 0 1
    outer loop
      vertex 21.6789 39.4338 20
      vertex 22.7726 35.8839 20
      vertex 24.1122 37.9948 20
    endloop
  endfacet
  facet normal 0 0 1
    outer loop
      vertex 21.6789 39.4338 20
      vertex 20.4745 37.243 20
      vertex 22.7726 35.8839 20
    endloop
  endfacet
  facet normal 0 0 1
    outer loop
      vertex 19.1601 40.7172 20
      vertex 20.4745 37.243 20
      vertex 21.6789 39.4338 20
    endloop
  endfacet
  facet normal 0 0 1
    outer loop
      vertex 19.1601 40.7172 20
      vertex 18.0956 38.4552 20
      vertex 20.4745 37.243 20
    endloop
  endfacet
  facet normal 0 0 1
    outer loop
      vertex 16.5656 41.8399 20
      vertex 18.0956 38.4552 20
      vertex 19.1601 40.7172 20
    endloop
  endfacet
  facet normal 0 0 1
    outer loop
      vertex 16.5656 41.8399 20
      vertex 15.6453 39.5155 20
      vertex 18.0956 38.4552 20
    endloop
  endfacet
  facet normal 0 0 1
    outer loop
      vertex 13.9058 42.7975 20
      vertex 15.6453 39.5155 20
      vertex 16.5656 41.8399 20
    endloop
  endfacet
  facet normal 0 0 1
    outer loop
      vertex 13.9058 42.7975 20
      vertex 13.1332 40.4199 20
      vertex 15.6453 39.5155 20
    endloop
  endfacet
  facet normal 0 0 1
    outer loop
      vertex 11.191 43.5862 20
      vertex 13.1332 40.4199 20
      vertex 13.9058 42.7975 20
    endloop
  endfacet
  facet normal 0 0 1
    outer loop
      vertex 11.191 43.5862 20
      vertex 10.5693 41.1648 20
      vertex 13.1332 40.4199 20
    endloop
  endfacet
  facet normal 0 0 1
    outer loop
      vertex 8.43216 44.2029 20
      vertex 10.5693 41.1648 20
      vertex 11.191 43.5862 20
    endloop
  endfacet
  facet normal 0 0 1
    outer loop
      vertex 8.43216 44.2029 20
      vertex 7.96371 41.7472 20
      vertex 10.5693 41.1648 20
    endloop
  endfacet
  facet normal 0 0 1
    outer loop
      vertex 5.63999 44.6452 20
      vertex 7.96371 41.7472 20
      vertex 8.43216 44.2029 20
    endloop
  endfacet
  facet normal 0 0 1
    outer loop
      vertex 5.63999 44.6452 20
      vertex 5.32666 42.1649 20
      vertex 7.96371 41.7472 20
    endloop
  endfacet
  facet normal 0 0 1
    outer loop
      vertex 2.82557 44.9112 20
      vertex 5.32666 42.1649 20
      vertex 5.63999 44.6452 20
    endloop
  endfacet
  facet normal 0 0 1
    outer loop
      vertex 2.82557 44.9112 20
      vertex 2.6686 42.4161 20
      vertex 5.32666 42.1649 20
    endloop
  endfacet
  facet normal 0 0 1
    outer loop
      vertex 0 45 20
      vertex 2.6686 42.4161 20
      vertex 2.82557 44.9112 20
    endloop
  endfacet
  facet normal 0 0 1
    outer loop
      vertex 0 45 20
      vertex 0 42.5 20
      vertex 2.6686 42.4161 20
    endloop
  endfacet
  facet normal 0 0 1
    outer loop
      vertex 0 45 20
      vertex -2.6686 42.4161 20
      vertex 0 42.5 20
    endloop
  endfacet
  facet normal -0 0 1
    outer loop
      vertex -2.82557 44.9112 20
      vertex -2.6686 42.4161 20
      vertex 0 45 20
    endloop
  endfacet
  facet normal 0 0 1
    outer loop
      vertex -2.82557 44.9112 20
      vertex -5.32666 42.1649 20
      vertex -2.6686 42.4161 20
    endloop
  endfacet
  facet normal -0 0 1
    outer loop
      vertex -5.63999 44.6452 20
      vertex -5.32666 42.1649 20
      vertex -2.82557 44.9112 20
    endloop
  endfacet
  facet normal 0 0 1
    outer loop
      vertex -5.63999 44.6452 20
      vertex -7.96371 41.7472 20
      vertex -5.32666 42.1649 20
    endloop
  endfacet
  facet normal -0 0 1
    outer loop
      vertex -8.43216 44.2029 20
      vertex -7.96371 41.7472 20
      vertex -5.63999 44.6452 20
    endloop
  endfacet
  facet normal 0 0 1
    outer loop
      vertex -8.43216 44.2029 20
      vertex -10.5693 41.1648 20
      vertex -7.96371 41.7472 20
    endloop
  endfacet
  facet normal -0 0 1
    outer loop
      vertex -11.191 43.5862 20
      vertex -10.5693 41.1648 20
      vertex -8.43216 44.2029 20
    endloop
  endfacet
  facet normal 0 0 1
    outer loop
      vertex -11.191 43.5862 20
      vertex -13.1332 40.4199 20
      vertex -10.5693 41.1648 20
    endloop
  endfacet
  facet normal -0 0 1
    outer loop
      vertex -13.9058 42.7975 20
      vertex -13.1332 40.4199 20
      vertex -11.191 43.5862 20
    endloop
  endfacet
  facet normal 0 0 1
    outer loop
      vertex -13.9058 42.7975 20
      vertex -15.6453 39.5155 20
      vertex -13.1332 40.4199 20
    endloop
  endfacet
  facet normal -0 0 1
    outer loop
      vertex -16.5656 41.8399 20
      vertex -15.6453 39.5155 20
      vertex -13.9058 42.7975 20
    endloop
  endfacet
  facet normal 0 0 1
    outer loop
      vertex -16.5656 41.8399 20
      vertex -18.0956 38.4552 20
      vertex -15.6453 39.5155 20
    endloop
  endfacet
  facet normal -0 0 1
    outer loop
      vertex -19.1601 40.7172 20
      vertex -18.0956 38.4552 20
      vertex -16.5656 41.8399 20
    endloop
  endfacet
  facet normal 0 0 1
    outer loop
      vertex -19.1601 40.7172 20
      vertex -20.4745 37.243 20
      vertex -18.0956 38.4552 20
    endloop
  endfacet
  facet normal -0 0 1
    outer loop
      vertex -21.6789 39.4338 20
      vertex -20.4745 37.243 20
      vertex -19.1601 40.7172 20
    endloop
  endfacet
  facet normal 0 0 1
    outer loop
      vertex -21.6789 39.4338 20
      vertex -22.7726 35.8839 20
      vertex -20.4745 37.243 20
    endloop
  endfacet
  facet normal -0 0 1
    outer loop
      vertex -24.1122 37.9948 20
      vertex -22.7726 35.8839 20
      vertex -21.6789 39.4338 20
    endloop
  endfacet
  facet normal 0 0 1
    outer loop
      vertex -24.1122 37.9948 20
      vertex -24.9809 34.3832 20
      vertex -22.7726 35.8839 20
    endloop
  endfacet
  facet normal -0 0 1
    outer loop
      vertex -26.4503 36.4058 20
      vertex -24.9809 34.3832 20
      vertex -24.1122 37.9948 20
    endloop
  endfacet
  facet normal 0 0 1
    outer loop
      vertex -26.4503 36.4058 20
      vertex -27.0905 32.7468 20
      vertex -24.9809 34.3832 20
    endloop
  endfacet
  facet normal -0 0 1
    outer loop
      vertex -28.6841 34.6731 20
      vertex -27.0905 32.7468 20
      vertex -26.4503 36.4058 20
    endloop
  endfacet
  facet normal 0 0 1
    outer loop
      vertex -28.6841 34.6731 20
      vertex -29.0933 30.9812 20
      vertex -27.0905 32.7468 20
    endloop
  endfacet
  facet normal -0 0 1
    outer loop
      vertex -30.8046 32.8036 20
      vertex -29.0933 30.9812 20
      vertex -28.6841 34.6731 20
    endloop
  endfacet
  facet normal 0 0 1
    outer loop
      vertex -30.8046 32.8036 20
      vertex -30.9812 29.0933 20
      vertex -29.0933 30.9812 20
    endloop
  endfacet
  facet normal -0 0 1
    outer loop
      vertex -32.8036 30.8046 20
      vertex -30.9812 29.0933 20
      vertex -30.8046 32.8036 20
    endloop
  endfacet
  facet normal 0 0 1
    outer loop
      vertex -30.9812 29.0933 20
      vertex -32.8036 30.8046 20
      vertex -32.7468 27.0905 20
    endloop
  endfacet
  facet normal -0 0 1
    outer loop
      vertex -34.6731 28.6841 20
      vertex -32.7468 27.0905 20
      vertex -32.8036 30.8046 20
    endloop
  endfacet
  facet normal 0 0 1
    outer loop
      vertex -32.7468 27.0905 20
      vertex -34.6731 28.6841 20
      vertex -34.3832 24.9809 20
    endloop
  endfacet
  facet normal -0 0 1
    outer loop
      vertex -36.4058 26.4503 20
      vertex -34.3832 24.9809 20
      vertex -34.6731 28.6841 20
    endloop
  endfacet
  facet normal 0 0 1
    outer loop
      vertex -34.3832 24.9809 20
      vertex -36.4058 26.4503 20
      vertex -35.8839 22.7726 20
    endloop
  endfacet
  facet normal -0 0 1
    outer loop
      vertex -37.9948 24.1122 20
      vertex -35.8839 22.7726 20
      vertex -36.4058 26.4503 20
    endloop
  endfacet
  facet normal 0 0 1
    outer loop
      vertex -35.8839 22.7726 20
      vertex -37.9948 24.1122 20
      vertex -37.243 20.4745 20
    endloop
  endfacet
  facet normal -0 0 1
    outer loop
      vertex -39.4338 21.6789 20
      vertex -37.243 20.4745 20
      vertex -37.9948 24.1122 20
    endloop
  endfacet
  facet normal 0 0 1
    outer loop
      vertex -37.243 20.4745 20
      vertex -39.4338 21.6789 20
      vertex -38.4552 18.0956 20
    endloop
  endfacet
  facet normal -0 0 1
    outer loop
      vertex -40.7172 19.1601 20
      vertex -38.4552 18.0956 20
      vertex -39.4338 21.6789 20
    endloop
  endfacet
  facet normal 0 0 1
    outer loop
      vertex -38.4552 18.0956 20
      vertex -40.7172 19.1601 20
      vertex -39.5155 15.6453 20
    endloop
  endfacet
  facet normal -0 0 1
    outer loop
      vertex -41.8399 16.5656 20
      vertex -39.5155 15.6453 20
      vertex -40.7172 19.1601 20
    endloop
  endfacet
  facet normal 0 0 1
    outer loop
      vertex -39.5155 15.6453 20
      vertex -41.8399 16.5656 20
      vertex -40.4199 13.1332 20
    endloop
  endfacet
  facet normal -0 0 1
    outer loop
      vertex -42.7975 13.9058 20
      vertex -40.4199 13.1332 20
      vertex -41.8399 16.5656 20
    endloop
  endfacet
  facet normal 0 0 1
    outer loop
      vertex -40.4199 13.1332 20
      vertex -42.7975 13.9058 20
      vertex -41.1648 10.5693 20
    endloop
  endfacet
  facet normal -0 0 1
    outer loop
      vertex -43.5862 11.191 20
      vertex -41.1648 10.5693 20
      vertex -42.7975 13.9058 20
    endloop
  endfacet
  facet normal 0 0 1
    outer loop
      vertex -41.1648 10.5693 20
      vertex -43.5862 11.191 20
      vertex -41.7472 7.96371 20
    endloop
  endfacet
  facet normal 0 0 1
    outer loop
      vertex -41.7472 7.96371 20
      vertex -44.2029 8.43216 20
      vertex -42.1649 5.32666 20
    endloop
  endfacet
  facet normal -0 0 1
    outer loop
      vertex -44.2029 8.43216 20
      vertex -41.7472 7.96371 20
      vertex -43.5862 11.191 20
    endloop
  endfacet
  facet normal -0 0 1
    outer loop
      vertex 41.7472 -7.96371 20
      vertex 44.2029 -8.43216 20
      vertex 42.1649 -5.32666 20
    endloop
  endfacet
  facet normal 0 0 1
    outer loop
      vertex 44.2029 -8.43216 20
      vertex 41.7472 -7.96371 20
      vertex 43.5862 -11.191 20
    endloop
  endfacet
  facet normal -0 0 1
    outer loop
      vertex 41.1648 -10.5693 20
      vertex 43.5862 -11.191 20
      vertex 41.7472 -7.96371 20
    endloop
  endfacet
  facet normal 0 0 1
    outer loop
      vertex 43.5862 -11.191 20
      vertex 41.1648 -10.5693 20
      vertex 42.7975 -13.9058 20
    endloop
  endfacet
  facet normal -0 0 1
    outer loop
      vertex 40.4199 -13.1332 20
      vertex 42.7975 -13.9058 20
      vertex 41.1648 -10.5693 20
    endloop
  endfacet
  facet normal 0 0 1
    outer loop
      vertex 42.7975 -13.9058 20
      vertex 40.4199 -13.1332 20
      vertex 41.8399 -16.5656 20
    endloop
  endfacet
  facet normal -0 0 1
    outer loop
      vertex 39.5155 -15.6453 20
      vertex 41.8399 -16.5656 20
      vertex 40.4199 -13.1332 20
    endloop
  endfacet
  facet normal 0 0 1
    outer loop
      vertex 41.8399 -16.5656 20
      vertex 39.5155 -15.6453 20
      vertex 40.7172 -19.1601 20
    endloop
  endfacet
  facet normal -0 0 1
    outer loop
      vertex 38.4552 -18.0956 20
      vertex 40.7172 -19.1601 20
      vertex 39.5155 -15.6453 20
    endloop
  endfacet
  facet normal 0 0 1
    outer loop
      vertex 40.7172 -19.1601 20
      vertex 38.4552 -18.0956 20
      vertex 39.4338 -21.6789 20
    endloop
  endfacet
  facet normal -0 0 1
    outer loop
      vertex 37.243 -20.4745 20
      vertex 39.4338 -21.6789 20
      vertex 38.4552 -18.0956 20
    endloop
  endfacet
  facet normal 0 0 1
    outer loop
      vertex 39.4338 -21.6789 20
      vertex 37.243 -20.4745 20
      vertex 37.9948 -24.1122 20
    endloop
  endfacet
  facet normal -0 0 1
    outer loop
      vertex 35.8839 -22.7726 20
      vertex 37.9948 -24.1122 20
      vertex 37.243 -20.4745 20
    endloop
  endfacet
  facet normal 0 0 1
    outer loop
      vertex 37.9948 -24.1122 20
      vertex 35.8839 -22.7726 20
      vertex 36.4058 -26.4503 20
    endloop
  endfacet
  facet normal -0 0 1
    outer loop
      vertex 34.3832 -24.9809 20
      vertex 36.4058 -26.4503 20
      vertex 35.8839 -22.7726 20
    endloop
  endfacet
  facet normal 0 0 1
    outer loop
      vertex 36.4058 -26.4503 20
      vertex 34.3832 -24.9809 20
      vertex 34.6731 -28.6841 20
    endloop
  endfacet
  facet normal -0 0 1
    outer loop
      vertex 32.7468 -27.0905 20
      vertex 34.6731 -28.6841 20
      vertex 34.3832 -24.9809 20
    endloop
  endfacet
  facet normal 0 0 1
    outer loop
      vertex 34.6731 -28.6841 20
      vertex 32.7468 -27.0905 20
      vertex 32.8036 -30.8046 20
    endloop
  endfacet
  facet normal -0 0 1
    outer loop
      vertex 30.9812 -29.0933 20
      vertex 32.8036 -30.8046 20
      vertex 32.7468 -27.0905 20
    endloop
  endfacet
  facet normal 0 0 1
    outer loop
      vertex 30.9812 -29.0933 20
      vertex 30.8046 -32.8036 20
      vertex 32.8036 -30.8046 20
    endloop
  endfacet
  facet normal -0 0 1
    outer loop
      vertex 29.0933 -30.9812 20
      vertex 30.8046 -32.8036 20
      vertex 30.9812 -29.0933 20
    endloop
  endfacet
  facet normal 0 0 1
    outer loop
      vertex 29.0933 -30.9812 20
      vertex 28.6841 -34.6731 20
      vertex 30.8046 -32.8036 20
    endloop
  endfacet
  facet normal -0 0 1
    outer loop
      vertex 27.0905 -32.7468 20
      vertex 28.6841 -34.6731 20
      vertex 29.0933 -30.9812 20
    endloop
  endfacet
  facet normal 0 0 1
    outer loop
      vertex 27.0905 -32.7468 20
      vertex 26.4503 -36.4058 20
      vertex 28.6841 -34.6731 20
    endloop
  endfacet
  facet normal -0 0 1
    outer loop
      vertex 24.9809 -34.3832 20
      vertex 26.4503 -36.4058 20
      vertex 27.0905 -32.7468 20
    endloop
  endfacet
  facet normal 0 0 1
    outer loop
      vertex 24.9809 -34.3832 20
      vertex 24.1122 -37.9948 20
      vertex 26.4503 -36.4058 20
    endloop
  endfacet
  facet normal -0 0 1
    outer loop
      vertex 22.7726 -35.8839 20
      vertex 24.1122 -37.9948 20
      vertex 24.9809 -34.3832 20
    endloop
  endfacet
  facet normal 0 0 1
    outer loop
      vertex 22.7726 -35.8839 20
      vertex 21.6789 -39.4338 20
      vertex 24.1122 -37.9948 20
    endloop
  endfacet
  facet normal -0 0 1
    outer loop
      vertex 20.4745 -37.243 20
      vertex 21.6789 -39.4338 20
      vertex 22.7726 -35.8839 20
    endloop
  endfacet
  facet normal 0 0 1
    outer loop
      vertex 20.4745 -37.243 20
      vertex 19.1601 -40.7172 20
      vertex 21.6789 -39.4338 20
    endloop
  endfacet
  facet normal -0 0 1
    outer loop
      vertex 18.0956 -38.4552 20
      vertex 19.1601 -40.7172 20
      vertex 20.4745 -37.243 20
    endloop
  endfacet
  facet normal 0 0 1
    outer loop
      vertex 18.0956 -38.4552 20
      vertex 16.5656 -41.8399 20
      vertex 19.1601 -40.7172 20
    endloop
  endfacet
  facet normal -0 0 1
    outer loop
      vertex 15.6453 -39.5155 20
      vertex 16.5656 -41.8399 20
      vertex 18.0956 -38.4552 20
    endloop
  endfacet
  facet normal 0 0 1
    outer loop
      vertex 15.6453 -39.5155 20
      vertex 13.9058 -42.7975 20
      vertex 16.5656 -41.8399 20
    endloop
  endfacet
  facet normal -0 0 1
    outer loop
      vertex 13.1332 -40.4199 20
      vertex 13.9058 -42.7975 20
      vertex 15.6453 -39.5155 20
    endloop
  endfacet
  facet normal 0 0 1
    outer loop
      vertex 13.1332 -40.4199 20
      vertex 11.191 -43.5862 20
      vertex 13.9058 -42.7975 20
    endloop
  endfacet
  facet normal -0 0 1
    outer loop
      vertex 10.5693 -41.1648 20
      vertex 11.191 -43.5862 20
      vertex 13.1332 -40.4199 20
    endloop
  endfacet
  facet normal 0 0 1
    outer loop
      vertex 10.5693 -41.1648 20
      vertex 8.43216 -44.2029 20
      vertex 11.191 -43.5862 20
    endloop
  endfacet
  facet normal -0 0 1
    outer loop
      vertex 7.96371 -41.7472 20
      vertex 8.43216 -44.2029 20
      vertex 10.5693 -41.1648 20
    endloop
  endfacet
  facet normal 0 0 1
    outer loop
      vertex 7.96371 -41.7472 20
      vertex 5.63999 -44.6452 20
      vertex 8.43216 -44.2029 20
    endloop
  endfacet
  facet normal -0 0 1
    outer loop
      vertex 5.32666 -42.1649 20
      vertex 5.63999 -44.6452 20
      vertex 7.96371 -41.7472 20
    endloop
  endfacet
  facet normal 0 0 1
    outer loop
      vertex 5.32666 -42.1649 20
      vertex 2.82557 -44.9112 20
      vertex 5.63999 -44.6452 20
    endloop
  endfacet
  facet normal -0 0 1
    outer loop
      vertex 2.6686 -42.4161 20
      vertex 2.82557 -44.9112 20
      vertex 5.32666 -42.1649 20
    endloop
  endfacet
  facet normal -0 0 1
    outer loop
      vertex 0 -42.5 20
      vertex 2.82557 -44.9112 20
      vertex 2.6686 -42.4161 20
    endloop
  endfacet
  facet normal 0 0 1
    outer loop
      vertex 0 -42.5 20
      vertex 0 -45 20
      vertex 2.82557 -44.9112 20
    endloop
  endfacet
  facet normal 0 0 1
    outer loop
      vertex -2.6686 -42.4161 20
      vertex 0 -45 20
      vertex 0 -42.5 20
    endloop
  endfacet
  facet normal 0 0 1
    outer loop
      vertex -2.6686 -42.4161 20
      vertex -2.82557 -44.9112 20
      vertex 0 -45 20
    endloop
  endfacet
  facet normal 0 0 1
    outer loop
      vertex -5.32666 -42.1649 20
      vertex -2.82557 -44.9112 20
      vertex -2.6686 -42.4161 20
    endloop
  endfacet
  facet normal 0 0 1
    outer loop
      vertex -5.32666 -42.1649 20
      vertex -5.63999 -44.6452 20
      vertex -2.82557 -44.9112 20
    endloop
  endfacet
  facet normal 0 0 1
    outer loop
      vertex -7.96371 -41.7472 20
      vertex -5.63999 -44.6452 20
      vertex -5.32666 -42.1649 20
    endloop
  endfacet
  facet normal 0 0 1
    outer loop
      vertex -7.96371 -41.7472 20
      vertex -8.43216 -44.2029 20
      vertex -5.63999 -44.6452 20
    endloop
  endfacet
  facet normal 0 0 1
    outer loop
      vertex -10.5693 -41.1648 20
      vertex -8.43216 -44.2029 20
      vertex -7.96371 -41.7472 20
    endloop
  endfacet
  facet normal 0 0 1
    outer loop
      vertex -10.5693 -41.1648 20
      vertex -11.191 -43.5862 20
      vertex -8.43216 -44.2029 20
    endloop
  endfacet
  facet normal 0 0 1
    outer loop
      vertex -13.1332 -40.4199 20
      vertex -11.191 -43.5862 20
      vertex -10.5693 -41.1648 20
    endloop
  endfacet
  facet normal 0 0 1
    outer loop
      vertex -13.1332 -40.4199 20
      vertex -13.9058 -42.7975 20
      vertex -11.191 -43.5862 20
    endloop
  endfacet
  facet normal 0 0 1
    outer loop
      vertex -15.6453 -39.5155 20
      vertex -13.9058 -42.7975 20
      vertex -13.1332 -40.4199 20
    endloop
  endfacet
  facet normal 0 0 1
    outer loop
      vertex -15.6453 -39.5155 20
      vertex -16.5656 -41.8399 20
      vertex -13.9058 -42.7975 20
    endloop
  endfacet
  facet normal 0 0 1
    outer loop
      vertex -18.0956 -38.4552 20
      vertex -16.5656 -41.8399 20
      vertex -15.6453 -39.5155 20
    endloop
  endfacet
  facet normal 0 0 1
    outer loop
      vertex -18.0956 -38.4552 20
      vertex -19.1601 -40.7172 20
      vertex -16.5656 -41.8399 20
    endloop
  endfacet
  facet normal 0 0 1
    outer loop
      vertex -20.4745 -37.243 20
      vertex -19.1601 -40.7172 20
      vertex -18.0956 -38.4552 20
    endloop
  endfacet
  facet normal 0 0 1
    outer loop
      vertex -20.4745 -37.243 20
      vertex -21.6789 -39.4338 20
      vertex -19.1601 -40.7172 20
    endloop
  endfacet
  facet normal 0 0 1
    outer loop
      vertex -22.7726 -35.8839 20
      vertex -21.6789 -39.4338 20
      vertex -20.4745 -37.243 20
    endloop
  endfacet
  facet normal 0 0 1
    outer loop
      vertex -22.7726 -35.8839 20
      vertex -24.1122 -37.9948 20
      vertex -21.6789 -39.4338 20
    endloop
  endfacet
  facet normal 0 0 1
    outer loop
      vertex -24.9809 -34.3832 20
      vertex -24.1122 -37.9948 20
      vertex -22.7726 -35.8839 20
    endloop
  endfacet
  facet normal 0 0 1
    outer loop
      vertex -24.9809 -34.3832 20
      vertex -26.4503 -36.4058 20
      vertex -24.1122 -37.9948 20
    endloop
  endfacet
  facet normal 0 0 1
    outer loop
      vertex -27.0905 -32.7468 20
      vertex -26.4503 -36.4058 20
      vertex -24.9809 -34.3832 20
    endloop
  endfacet
  facet normal 0 0 1
    outer loop
      vertex -27.0905 -32.7468 20
      vertex -28.6841 -34.6731 20
      vertex -26.4503 -36.4058 20
    endloop
  endfacet
  facet normal 0 0 1
    outer loop
      vertex -29.0933 -30.9812 20
      vertex -28.6841 -34.6731 20
      vertex -27.0905 -32.7468 20
    endloop
  endfacet
  facet normal 0 0 1
    outer loop
      vertex -29.0933 -30.9812 20
      vertex -30.8046 -32.8036 20
      vertex -28.6841 -34.6731 20
    endloop
  endfacet
  facet normal 0 0 1
    outer loop
      vertex -30.9812 -29.0933 20
      vertex -30.8046 -32.8036 20
      vertex -29.0933 -30.9812 20
    endloop
  endfacet
  facet normal 0 0 1
    outer loop
      vertex -32.8036 -30.8046 20
      vertex -30.9812 -29.0933 20
      vertex -32.7468 -27.0905 20
    endloop
  endfacet
  facet normal 0 0 1
    outer loop
      vertex -30.9812 -29.0933 20
      vertex -32.8036 -30.8046 20
      vertex -30.8046 -32.8036 20
    endloop
  endfacet
  facet normal 0 0 1
    outer loop
      vertex -34.6731 -28.6841 20
      vertex -32.7468 -27.0905 20
      vertex -34.3832 -24.9809 20
    endloop
  endfacet
  facet normal 0 0 1
    outer loop
      vertex -32.7468 -27.0905 20
      vertex -34.6731 -28.6841 20
      vertex -32.8036 -30.8046 20
    endloop
  endfacet
  facet normal 0 0 1
    outer loop
      vertex -36.4058 -26.4503 20
      vertex -34.3832 -24.9809 20
      vertex -35.8839 -22.7726 20
    endloop
  endfacet
  facet normal 0 0 1
    outer loop
      vertex -34.3832 -24.9809 20
      vertex -36.4058 -26.4503 20
      vertex -34.6731 -28.6841 20
    endloop
  endfacet
  facet normal 0 0 1
    outer loop
      vertex -37.9948 -24.1122 20
      vertex -35.8839 -22.7726 20
      vertex -37.243 -20.4745 20
    endloop
  endfacet
  facet normal 0 0 1
    outer loop
      vertex -35.8839 -22.7726 20
      vertex -37.9948 -24.1122 20
      vertex -36.4058 -26.4503 20
    endloop
  endfacet
  facet normal 0 0 1
    outer loop
      vertex -39.4338 -21.6789 20
      vertex -37.243 -20.4745 20
      vertex -38.4552 -18.0956 20
    endloop
  endfacet
  facet normal 0 0 1
    outer loop
      vertex -37.243 -20.4745 20
      vertex -39.4338 -21.6789 20
      vertex -37.9948 -24.1122 20
    endloop
  endfacet
  facet normal 0 0 1
    outer loop
      vertex -40.7172 -19.1601 20
      vertex -38.4552 -18.0956 20
      vertex -39.5155 -15.6453 20
    endloop
  endfacet
  facet normal 0 0 1
    outer loop
      vertex -41.8399 -16.5656 20
      vertex -39.5155 -15.6453 20
      vertex -40.4199 -13.1332 20
    endloop
  endfacet
  facet normal 0 0 1
    outer loop
      vertex -38.4552 -18.0956 20
      vertex -40.7172 -19.1601 20
      vertex -39.4338 -21.6789 20
    endloop
  endfacet
  facet normal 0 0 1
    outer loop
      vertex -42.7975 -13.9058 20
      vertex -40.4199 -13.1332 20
      vertex -41.1648 -10.5693 20
    endloop
  endfacet
  facet normal 0 0 1
    outer loop
      vertex -43.5862 -11.191 20
      vertex -41.1648 -10.5693 20
      vertex -41.7472 -7.96371 20
    endloop
  endfacet
  facet normal 0 0 1
    outer loop
      vertex -39.5155 -15.6453 20
      vertex -41.8399 -16.5656 20
      vertex -40.7172 -19.1601 20
    endloop
  endfacet
  facet normal 0 0 1
    outer loop
      vertex -44.2029 -8.43216 20
      vertex -41.7472 -7.96371 20
      vertex -42.1649 -5.32666 20
    endloop
  endfacet
  facet normal 0 0 1
    outer loop
      vertex -44.6452 -5.63999 20
      vertex -42.1649 -5.32666 20
      vertex -42.4161 -2.6686 20
    endloop
  endfacet
  facet normal 0 0 1
    outer loop
      vertex -40.4199 -13.1332 20
      vertex -42.7975 -13.9058 20
      vertex -41.8399 -16.5656 20
    endloop
  endfacet
  facet normal 0 0 1
    outer loop
      vertex -44.9112 -2.82557 20
      vertex -42.4161 -2.6686 20
      vertex -42.5 0 20
    endloop
  endfacet
  facet normal -0 0 1
    outer loop
      vertex -44.6452 5.63999 20
      vertex -42.1649 5.32666 20
      vertex -44.2029 8.43216 20
    endloop
  endfacet
  facet normal 0 0 1
    outer loop
      vertex -42.1649 5.32666 20
      vertex -44.6452 5.63999 20
      vertex -42.4161 2.6686 20
    endloop
  endfacet
  facet normal 0 0 1
    outer loop
      vertex -41.1648 -10.5693 20
      vertex -43.5862 -11.191 20
      vertex -42.7975 -13.9058 20
    endloop
  endfacet
  facet normal -0 0 1
    outer loop
      vertex -44.9112 2.82557 20
      vertex -42.4161 2.6686 20
      vertex -44.6452 5.63999 20
    endloop
  endfacet
  facet normal 0 0 1
    outer loop
      vertex -41.7472 -7.96371 20
      vertex -44.2029 -8.43216 20
      vertex -43.5862 -11.191 20
    endloop
  endfacet
  facet normal 0 0 1
    outer loop
      vertex -42.4161 2.6686 20
      vertex -44.9112 2.82557 20
      vertex -42.5 0 20
    endloop
  endfacet
  facet normal 0 0 1
    outer loop
      vertex -42.1649 -5.32666 20
      vertex -44.6452 -5.63999 20
      vertex -44.2029 -8.43216 20
    endloop
  endfacet
  facet normal 0 0 1
    outer loop
      vertex -45 0 20
      vertex -42.5 0 20
      vertex -44.9112 2.82557 20
    endloop
  endfacet
  facet normal 0 0 1
    outer loop
      vertex -42.4161 -2.6686 20
      vertex -44.9112 -2.82557 20
      vertex -44.6452 -5.63999 20
    endloop
  endfacet
  facet normal 0 0 1
    outer loop
      vertex -42.5 0 20
      vertex -45 0 20
      vertex -44.9112 -2.82557 20
    endloop
  endfacet
  facet normal -0.707107 -0.707107 0
    outer loop
      vertex -30.8046 -32.8036 2.5
      vertex -32.8036 -30.8046 20
      vertex -32.8036 -30.8046 2.5
    endloop
  endfacet
  facet normal -0.707107 -0.707107 0
    outer loop
      vertex -32.8036 -30.8046 20
      vertex -30.8046 -32.8036 2.5
      vertex -30.8046 -32.8036 20
    endloop
  endfacet
  facet normal 0 0 -1
    outer loop
      vertex 42.1666 -2.6529 0
      vertex 42.1666 2.6529 0
      vertex 42.25 0 0
    endloop
  endfacet
  facet normal 0 0 -1
    outer loop
      vertex 41.9168 -5.29533 0
      vertex 42.1666 2.6529 0
      vertex 42.1666 -2.6529 0
    endloop
  endfacet
  facet normal 0 0 -1
    outer loop
      vertex 41.9168 -5.29533 0
      vertex 41.9168 5.29533 0
      vertex 42.1666 2.6529 0
    endloop
  endfacet
  facet normal 0 0 -1
    outer loop
      vertex 41.5016 -7.91686 0
      vertex 41.9168 5.29533 0
      vertex 41.9168 -5.29533 0
    endloop
  endfacet
  facet normal 0 0 -1
    outer loop
      vertex 41.5016 -7.91686 0
      vertex 41.5016 7.91686 0
      vertex 41.9168 5.29533 0
    endloop
  endfacet
  facet normal 0 0 -1
    outer loop
      vertex 40.9226 -10.5071 0
      vertex 41.5016 7.91686 0
      vertex 41.5016 -7.91686 0
    endloop
  endfacet
  facet normal 0 0 -1
    outer loop
      vertex 40.9226 -10.5071 0
      vertex 40.9226 10.5071 0
      vertex 41.5016 7.91686 0
    endloop
  endfacet
  facet normal 0 0 -1
    outer loop
      vertex 40.1821 -13.056 0
      vertex 40.9226 10.5071 0
      vertex 40.9226 -10.5071 0
    endloop
  endfacet
  facet normal 0 0 -1
    outer loop
      vertex 40.1821 -13.056 0
      vertex 40.1821 13.056 0
      vertex 40.9226 10.5071 0
    endloop
  endfacet
  facet normal 0 0 -1
    outer loop
      vertex 39.2831 -15.5533 0
      vertex 40.1821 13.056 0
      vertex 40.1821 -13.056 0
    endloop
  endfacet
  facet normal 0 0 -1
    outer loop
      vertex 39.2831 -15.5533 0
      vertex 39.2831 15.5533 0
      vertex 40.1821 13.056 0
    endloop
  endfacet
  facet normal 0 0 -1
    outer loop
      vertex 38.2289 -17.9892 0
      vertex 39.2831 15.5533 0
      vertex 39.2831 -15.5533 0
    endloop
  endfacet
  facet normal 0 0 -1
    outer loop
      vertex 38.2289 -17.9892 0
      vertex 38.2289 17.9892 0
      vertex 39.2831 15.5533 0
    endloop
  endfacet
  facet normal 0 0 -1
    outer loop
      vertex 37.024 -20.3541 0
      vertex 38.2289 17.9892 0
      vertex 38.2289 -17.9892 0
    endloop
  endfacet
  facet normal 0 0 -1
    outer loop
      vertex 37.024 -20.3541 0
      vertex 37.024 20.3541 0
      vertex 38.2289 17.9892 0
    endloop
  endfacet
  facet normal 0 0 -1
    outer loop
      vertex 35.6729 -22.6387 0
      vertex 37.024 20.3541 0
      vertex 37.024 -20.3541 0
    endloop
  endfacet
  facet normal 0 0 -1
    outer loop
      vertex 35.6729 -22.6387 0
      vertex 35.6729 22.6387 0
      vertex 37.024 20.3541 0
    endloop
  endfacet
  facet normal 0 0 -1
    outer loop
      vertex 34.181 -24.8339 0
      vertex 35.6729 22.6387 0
      vertex 35.6729 -22.6387 0
    endloop
  endfacet
  facet normal 0 0 -1
    outer loop
      vertex 34.181 -24.8339 0
      vertex 34.181 24.8339 0
      vertex 35.6729 22.6387 0
    endloop
  endfacet
  facet normal 0 0 -1
    outer loop
      vertex 32.5542 -26.9312 0
      vertex 34.181 24.8339 0
      vertex 34.181 -24.8339 0
    endloop
  endfacet
  facet normal 0 0 -1
    outer loop
      vertex 32.5542 -26.9312 0
      vertex 32.5542 26.9312 0
      vertex 34.181 24.8339 0
    endloop
  endfacet
  facet normal 0 0 -1
    outer loop
      vertex 30.7989 -28.9221 0
      vertex 32.5542 26.9312 0
      vertex 32.5542 -26.9312 0
    endloop
  endfacet
  facet normal 0 0 -1
    outer loop
      vertex 30.7989 -28.9221 0
      vertex 30.7989 28.9221 0
      vertex 32.5542 26.9312 0
    endloop
  endfacet
  facet normal 0 0 -1
    outer loop
      vertex 28.9221 -30.7989 0
      vertex 30.7989 28.9221 0
      vertex 30.7989 -28.9221 0
    endloop
  endfacet
  facet normal 0 0 -1
    outer loop
      vertex 28.9221 -30.7989 0
      vertex 28.9221 30.7989 0
      vertex 30.7989 28.9221 0
    endloop
  endfacet
  facet normal 0 0 -1
    outer loop
      vertex 26.9312 -32.5542 0
      vertex 28.9221 30.7989 0
      vertex 28.9221 -30.7989 0
    endloop
  endfacet
  facet normal 0 0 -1
    outer loop
      vertex 26.9312 -32.5542 0
      vertex 26.9312 32.5542 0
      vertex 28.9221 30.7989 0
    endloop
  endfacet
  facet normal 0 0 -1
    outer loop
      vertex 24.8339 -34.181 0
      vertex 26.9312 32.5542 0
      vertex 26.9312 -32.5542 0
    endloop
  endfacet
  facet normal 0 0 -1
    outer loop
      vertex 24.8339 -34.181 0
      vertex 24.8339 34.181 0
      vertex 26.9312 32.5542 0
    endloop
  endfacet
  facet normal 0 0 -1
    outer loop
      vertex 22.6387 -35.6729 0
      vertex 24.8339 34.181 0
      vertex 24.8339 -34.181 0
    endloop
  endfacet
  facet normal 0 0 -1
    outer loop
      vertex 22.6387 -35.6729 0
      vertex 22.6387 35.6729 0
      vertex 24.8339 34.181 0
    endloop
  endfacet
  facet normal 0 0 -1
    outer loop
      vertex 20.3541 -37.024 0
      vertex 22.6387 35.6729 0
      vertex 22.6387 -35.6729 0
    endloop
  endfacet
  facet normal 0 0 -1
    outer loop
      vertex 20.3541 -37.024 0
      vertex 20.3541 37.024 0
      vertex 22.6387 35.6729 0
    endloop
  endfacet
  facet normal 0 0 -1
    outer loop
      vertex 17.9892 -38.2289 0
      vertex 20.3541 37.024 0
      vertex 20.3541 -37.024 0
    endloop
  endfacet
  facet normal 0 0 -1
    outer loop
      vertex 17.9892 -38.2289 0
      vertex 17.9892 38.2289 0
      vertex 20.3541 37.024 0
    endloop
  endfacet
  facet normal 0 0 -1
    outer loop
      vertex 15.5533 -39.2831 0
      vertex 17.9892 38.2289 0
      vertex 17.9892 -38.2289 0
    endloop
  endfacet
  facet normal 0 0 -1
    outer loop
      vertex 15.5533 -39.2831 0
      vertex 15.5533 39.2831 0
      vertex 17.9892 38.2289 0
    endloop
  endfacet
  facet normal 0 0 -1
    outer loop
      vertex 13.056 -40.1821 0
      vertex 15.5533 39.2831 0
      vertex 15.5533 -39.2831 0
    endloop
  endfacet
  facet normal 0 0 -1
    outer loop
      vertex 13.056 -40.1821 0
      vertex 13.056 40.1821 0
      vertex 15.5533 39.2831 0
    endloop
  endfacet
  facet normal 0 0 -1
    outer loop
      vertex 10.5071 -40.9226 0
      vertex 13.056 40.1821 0
      vertex 13.056 -40.1821 0
    endloop
  endfacet
  facet normal 0 0 -1
    outer loop
      vertex 10.5071 -40.9226 0
      vertex 10.5071 40.9226 0
      vertex 13.056 40.1821 0
    endloop
  endfacet
  facet normal 0 0 -1
    outer loop
      vertex 7.91686 -41.5016 0
      vertex 10.5071 40.9226 0
      vertex 10.5071 -40.9226 0
    endloop
  endfacet
  facet normal 0 0 -1
    outer loop
      vertex 7.91686 -41.5016 0
      vertex 7.91686 41.5016 0
      vertex 10.5071 40.9226 0
    endloop
  endfacet
  facet normal 0 0 -1
    outer loop
      vertex 5.29533 -41.9168 0
      vertex 7.91686 41.5016 0
      vertex 7.91686 -41.5016 0
    endloop
  endfacet
  facet normal 0 0 -1
    outer loop
      vertex 5.29533 -41.9168 0
      vertex 5.29533 41.9168 0
      vertex 7.91686 41.5016 0
    endloop
  endfacet
  facet normal 0 0 -1
    outer loop
      vertex 2.6529 -42.1666 0
      vertex 5.29533 41.9168 0
      vertex 5.29533 -41.9168 0
    endloop
  endfacet
  facet normal 0 0 -1
    outer loop
      vertex 2.6529 -42.1666 0
      vertex 2.6529 42.1666 0
      vertex 5.29533 41.9168 0
    endloop
  endfacet
  facet normal 0 0 -1
    outer loop
      vertex 0 -42.25 0
      vertex 2.6529 42.1666 0
      vertex 2.6529 -42.1666 0
    endloop
  endfacet
  facet normal 0 0 -1
    outer loop
      vertex 0 -42.25 0
      vertex 0 42.25 0
      vertex 2.6529 42.1666 0
    endloop
  endfacet
  facet normal 0 0 -1
    outer loop
      vertex -2.6529 -42.1666 0
      vertex 0 42.25 0
      vertex 0 -42.25 0
    endloop
  endfacet
  facet normal 0 0 -1
    outer loop
      vertex -2.6529 -42.1666 0
      vertex -2.6529 42.1666 0
      vertex 0 42.25 0
    endloop
  endfacet
  facet normal 0 0 -1
    outer loop
      vertex -5.29533 -41.9168 0
      vertex -2.6529 42.1666 0
      vertex -2.6529 -42.1666 0
    endloop
  endfacet
  facet normal 0 0 -1
    outer loop
      vertex -5.29533 -41.9168 0
      vertex -5.29533 41.9168 0
      vertex -2.6529 42.1666 0
    endloop
  endfacet
  facet normal 0 0 -1
    outer loop
      vertex -7.91686 -41.5016 0
      vertex -5.29533 41.9168 0
      vertex -5.29533 -41.9168 0
    endloop
  endfacet
  facet normal 0 0 -1
    outer loop
      vertex -7.91686 -41.5016 0
      vertex -7.91686 41.5016 0
      vertex -5.29533 41.9168 0
    endloop
  endfacet
  facet normal 0 0 -1
    outer loop
      vertex -10.5071 -40.9226 0
      vertex -7.91686 41.5016 0
      vertex -7.91686 -41.5016 0
    endloop
  endfacet
  facet normal 0 0 -1
    outer loop
      vertex -10.5071 -40.9226 0
      vertex -10.5071 40.9226 0
      vertex -7.91686 41.5016 0
    endloop
  endfacet
  facet normal 0 0 -1
    outer loop
      vertex -13.056 -40.1821 0
      vertex -10.5071 40.9226 0
      vertex -10.5071 -40.9226 0
    endloop
  endfacet
  facet normal 0 0 -1
    outer loop
      vertex -13.056 -40.1821 0
      vertex -13.056 40.1821 0
      vertex -10.5071 40.9226 0
    endloop
  endfacet
  facet normal 0 0 -1
    outer loop
      vertex -15.5533 -39.2831 0
      vertex -13.056 40.1821 0
      vertex -13.056 -40.1821 0
    endloop
  endfacet
  facet normal 0 0 -1
    outer loop
      vertex -15.5533 -39.2831 0
      vertex -15.5533 39.2831 0
      vertex -13.056 40.1821 0
    endloop
  endfacet
  facet normal 0 0 -1
    outer loop
      vertex -17.9892 -38.2289 0
      vertex -15.5533 39.2831 0
      vertex -15.5533 -39.2831 0
    endloop
  endfacet
  facet normal 0 0 -1
    outer loop
      vertex -17.9892 -38.2289 0
      vertex -17.9892 38.2289 0
      vertex -15.5533 39.2831 0
    endloop
  endfacet
  facet normal 0 0 -1
    outer loop
      vertex -20.3541 -37.024 0
      vertex -17.9892 38.2289 0
      vertex -17.9892 -38.2289 0
    endloop
  endfacet
  facet normal 0 0 -1
    outer loop
      vertex -20.3541 -37.024 0
      vertex -20.3541 37.024 0
      vertex -17.9892 38.2289 0
    endloop
  endfacet
  facet normal 0 0 -1
    outer loop
      vertex -22.6387 -35.6729 0
      vertex -20.3541 37.024 0
      vertex -20.3541 -37.024 0
    endloop
  endfacet
  facet normal 0 0 -1
    outer loop
      vertex -22.6387 -35.6729 0
      vertex -22.6387 35.6729 0
      vertex -20.3541 37.024 0
    endloop
  endfacet
  facet normal 0 0 -1
    outer loop
      vertex -24.8339 -34.181 0
      vertex -22.6387 35.6729 0
      vertex -22.6387 -35.6729 0
    endloop
  endfacet
  facet normal 0 0 -1
    outer loop
      vertex -24.8339 -34.181 0
      vertex -24.8339 34.181 0
      vertex -22.6387 35.6729 0
    endloop
  endfacet
  facet normal 0 0 -1
    outer loop
      vertex -26.9312 -32.5542 0
      vertex -24.8339 34.181 0
      vertex -24.8339 -34.181 0
    endloop
  endfacet
  facet normal 0 0 -1
    outer loop
      vertex -26.9312 -32.5542 0
      vertex -26.9312 32.5542 0
      vertex -24.8339 34.181 0
    endloop
  endfacet
  facet normal 0 0 -1
    outer loop
      vertex -28.9221 -30.7989 0
      vertex -26.9312 32.5542 0
      vertex -26.9312 -32.5542 0
    endloop
  endfacet
  facet normal 0 0 -1
    outer loop
      vertex -28.9221 -30.7989 0
      vertex -28.9221 30.7989 0
      vertex -26.9312 32.5542 0
    endloop
  endfacet
  facet normal 0 0 -1
    outer loop
      vertex -30.7989 -28.9221 0
      vertex -28.9221 30.7989 0
      vertex -28.9221 -30.7989 0
    endloop
  endfacet
  facet normal 0 0 -1
    outer loop
      vertex -30.7989 -28.9221 0
      vertex -30.7989 28.9221 0
      vertex -28.9221 30.7989 0
    endloop
  endfacet
  facet normal 0 0 -1
    outer loop
      vertex -32.5542 -26.9312 0
      vertex -30.7989 28.9221 0
      vertex -30.7989 -28.9221 0
    endloop
  endfacet
  facet normal 0 0 -1
    outer loop
      vertex -32.5542 -26.9312 0
      vertex -32.5542 26.9312 0
      vertex -30.7989 28.9221 0
    endloop
  endfacet
  facet normal 0 0 -1
    outer loop
      vertex -34.181 -24.8339 0
      vertex -32.5542 26.9312 0
      vertex -32.5542 -26.9312 0
    endloop
  endfacet
  facet normal 0 0 -1
    outer loop
      vertex -34.181 -24.8339 0
      vertex -34.181 24.8339 0
      vertex -32.5542 26.9312 0
    endloop
  endfacet
  facet normal 0 0 -1
    outer loop
      vertex -35.6729 -22.6387 0
      vertex -34.181 24.8339 0
      vertex -34.181 -24.8339 0
    endloop
  endfacet
  facet normal 0 0 -1
    outer loop
      vertex -35.6729 -22.6387 0
      vertex -35.6729 22.6387 0
      vertex -34.181 24.8339 0
    endloop
  endfacet
  facet normal 0 0 -1
    outer loop
      vertex -37.024 -20.3541 0
      vertex -35.6729 22.6387 0
      vertex -35.6729 -22.6387 0
    endloop
  endfacet
  facet normal 0 0 -1
    outer loop
      vertex -37.024 -20.3541 0
      vertex -37.024 20.3541 0
      vertex -35.6729 22.6387 0
    endloop
  endfacet
  facet normal 0 0 -1
    outer loop
      vertex -38.2289 -17.9892 0
      vertex -37.024 20.3541 0
      vertex -37.024 -20.3541 0
    endloop
  endfacet
  facet normal 0 0 -1
    outer loop
      vertex -38.2289 -17.9892 0
      vertex -38.2289 17.9892 0
      vertex -37.024 20.3541 0
    endloop
  endfacet
  facet normal 0 0 -1
    outer loop
      vertex -39.2831 -15.5533 0
      vertex -38.2289 17.9892 0
      vertex -38.2289 -17.9892 0
    endloop
  endfacet
  facet normal 0 0 -1
    outer loop
      vertex -39.2831 -15.5533 0
      vertex -39.2831 15.5533 0
      vertex -38.2289 17.9892 0
    endloop
  endfacet
  facet normal 0 0 -1
    outer loop
      vertex -40.1821 -13.056 0
      vertex -39.2831 15.5533 0
      vertex -39.2831 -15.5533 0
    endloop
  endfacet
  facet normal 0 0 -1
    outer loop
      vertex -40.1821 -13.056 0
      vertex -40.1821 13.056 0
      vertex -39.2831 15.5533 0
    endloop
  endfacet
  facet normal 0 0 -1
    outer loop
      vertex -40.9226 -10.5071 0
      vertex -40.1821 13.056 0
      vertex -40.1821 -13.056 0
    endloop
  endfacet
  facet normal 0 0 -1
    outer loop
      vertex -40.9226 -10.5071 0
      vertex -40.9226 10.5071 0
      vertex -40.1821 13.056 0
    endloop
  endfacet
  facet normal 0 0 -1
    outer loop
      vertex -41.5016 -7.91686 0
      vertex -40.9226 10.5071 0
      vertex -40.9226 -10.5071 0
    endloop
  endfacet
  facet normal 0 0 -1
    outer loop
      vertex -41.5016 -7.91686 0
      vertex -41.5016 7.91686 0
      vertex -40.9226 10.5071 0
    endloop
  endfacet
  facet normal 0 0 -1
    outer loop
      vertex -41.9168 -5.29533 0
      vertex -41.5016 7.91686 0
      vertex -41.5016 -7.91686 0
    endloop
  endfacet
  facet normal 0 0 -1
    outer loop
      vertex -41.9168 -5.29533 0
      vertex -41.9168 5.29533 0
      vertex -41.5016 7.91686 0
    endloop
  endfacet
  facet normal 0 0 -1
    outer loop
      vertex -42.1666 -2.6529 0
      vertex -41.9168 5.29533 0
      vertex -41.9168 -5.29533 0
    endloop
  endfacet
  facet normal 0 0 -1
    outer loop
      vertex -42.1666 -2.6529 0
      vertex -42.1666 2.6529 0
      vertex -41.9168 5.29533 0
    endloop
  endfacet
  facet normal 0 -0 -1
    outer loop
      vertex -42.1666 2.6529 0
      vertex -42.1666 -2.6529 0
      vertex -42.25 0 0
    endloop
  endfacet
  facet normal 0 0 -1
    outer loop
      vertex 42.5 0 2.5
      vertex 45 0 2.5
      vertex 44.9112 -2.82557 2.5
    endloop
  endfacet
  facet normal 0 0 -1
    outer loop
      vertex 42.4161 -2.6686 2.5
      vertex 44.9112 -2.82557 2.5
      vertex 44.6452 -5.63999 2.5
    endloop
  endfacet
  facet normal 0 0 -1
    outer loop
      vertex 45 0 2.5
      vertex 42.5 0 2.5
      vertex 44.9112 2.82557 2.5
    endloop
  endfacet
  facet normal 0 0 -1
    outer loop
      vertex 42.1649 -5.32666 2.5
      vertex 44.6452 -5.63999 2.5
      vertex 44.2029 -8.43216 2.5
    endloop
  endfacet
  facet normal 0 0 -1
    outer loop
      vertex 42.4161 2.6686 2.5
      vertex 44.9112 2.82557 2.5
      vertex 42.5 0 2.5
    endloop
  endfacet
  facet normal 0 0 -1
    outer loop
      vertex 41.7472 -7.96371 2.5
      vertex 44.2029 -8.43216 2.5
      vertex 43.5862 -11.191 2.5
    endloop
  endfacet
  facet normal -0 0 -1
    outer loop
      vertex 44.9112 2.82557 2.5
      vertex 42.4161 2.6686 2.5
      vertex 44.6452 5.63999 2.5
    endloop
  endfacet
  facet normal 0 0 -1
    outer loop
      vertex 41.1648 -10.5693 2.5
      vertex 43.5862 -11.191 2.5
      vertex 42.7975 -13.9058 2.5
    endloop
  endfacet
  facet normal 0 0 -1
    outer loop
      vertex 42.1649 5.32666 2.5
      vertex 44.6452 5.63999 2.5
      vertex 42.4161 2.6686 2.5
    endloop
  endfacet
  facet normal -0 0 -1
    outer loop
      vertex 44.6452 5.63999 2.5
      vertex 42.1649 5.32666 2.5
      vertex 44.2029 8.43216 2.5
    endloop
  endfacet
  facet normal 0 0 -1
    outer loop
      vertex 44.9112 -2.82557 2.5
      vertex 42.4161 -2.6686 2.5
      vertex 42.5 0 2.5
    endloop
  endfacet
  facet normal 0 0 -1
    outer loop
      vertex 44.6452 -5.63999 2.5
      vertex 42.1649 -5.32666 2.5
      vertex 42.4161 -2.6686 2.5
    endloop
  endfacet
  facet normal 0 0 -1
    outer loop
      vertex 40.4199 -13.1332 2.5
      vertex 42.7975 -13.9058 2.5
      vertex 41.8399 -16.5656 2.5
    endloop
  endfacet
  facet normal 0 0 -1
    outer loop
      vertex 44.2029 -8.43216 2.5
      vertex 41.7472 -7.96371 2.5
      vertex 42.1649 -5.32666 2.5
    endloop
  endfacet
  facet normal 0 0 -1
    outer loop
      vertex 43.5862 -11.191 2.5
      vertex 41.1648 -10.5693 2.5
      vertex 41.7472 -7.96371 2.5
    endloop
  endfacet
  facet normal 0 0 -1
    outer loop
      vertex 39.5155 -15.6453 2.5
      vertex 41.8399 -16.5656 2.5
      vertex 40.7172 -19.1601 2.5
    endloop
  endfacet
  facet normal 0 0 -1
    outer loop
      vertex 42.7975 -13.9058 2.5
      vertex 40.4199 -13.1332 2.5
      vertex 41.1648 -10.5693 2.5
    endloop
  endfacet
  facet normal 0 0 -1
    outer loop
      vertex 41.8399 -16.5656 2.5
      vertex 39.5155 -15.6453 2.5
      vertex 40.4199 -13.1332 2.5
    endloop
  endfacet
  facet normal 0 0 -1
    outer loop
      vertex 38.4552 -18.0956 2.5
      vertex 40.7172 -19.1601 2.5
      vertex 39.4338 -21.6789 2.5
    endloop
  endfacet
  facet normal 0 0 -1
    outer loop
      vertex 40.7172 -19.1601 2.5
      vertex 38.4552 -18.0956 2.5
      vertex 39.5155 -15.6453 2.5
    endloop
  endfacet
  facet normal 0 0 -1
    outer loop
      vertex 37.243 -20.4745 2.5
      vertex 39.4338 -21.6789 2.5
      vertex 37.9948 -24.1122 2.5
    endloop
  endfacet
  facet normal 0 0 -1
    outer loop
      vertex 39.4338 -21.6789 2.5
      vertex 37.243 -20.4745 2.5
      vertex 38.4552 -18.0956 2.5
    endloop
  endfacet
  facet normal 0 0 -1
    outer loop
      vertex 35.8839 -22.7726 2.5
      vertex 37.9948 -24.1122 2.5
      vertex 36.4058 -26.4503 2.5
    endloop
  endfacet
  facet normal 0 0 -1
    outer loop
      vertex 37.9948 -24.1122 2.5
      vertex 35.8839 -22.7726 2.5
      vertex 37.243 -20.4745 2.5
    endloop
  endfacet
  facet normal 0 0 -1
    outer loop
      vertex 34.3832 -24.9809 2.5
      vertex 36.4058 -26.4503 2.5
      vertex 34.6731 -28.6841 2.5
    endloop
  endfacet
  facet normal 0 0 -1
    outer loop
      vertex 36.4058 -26.4503 2.5
      vertex 34.3832 -24.9809 2.5
      vertex 35.8839 -22.7726 2.5
    endloop
  endfacet
  facet normal 0 0 -1
    outer loop
      vertex 32.7468 -27.0905 2.5
      vertex 34.6731 -28.6841 2.5
      vertex 32.8036 -30.8046 2.5
    endloop
  endfacet
  facet normal 0 0 -1
    outer loop
      vertex 34.6731 -28.6841 2.5
      vertex 32.7468 -27.0905 2.5
      vertex 34.3832 -24.9809 2.5
    endloop
  endfacet
  facet normal 0 0 -1
    outer loop
      vertex 32.8036 -30.8046 2.5
      vertex 30.9812 -29.0933 2.5
      vertex 32.7468 -27.0905 2.5
    endloop
  endfacet
  facet normal 0 0 -1
    outer loop
      vertex 30.8046 -32.8036 2.5
      vertex 30.9812 -29.0933 2.5
      vertex 32.8036 -30.8046 2.5
    endloop
  endfacet
  facet normal 0 0 -1
    outer loop
      vertex 30.8046 -32.8036 2.5
      vertex 29.0933 -30.9812 2.5
      vertex 30.9812 -29.0933 2.5
    endloop
  endfacet
  facet normal 0 0 -1
    outer loop
      vertex 28.6841 -34.6731 2.5
      vertex 29.0933 -30.9812 2.5
      vertex 30.8046 -32.8036 2.5
    endloop
  endfacet
  facet normal 0 0 -1
    outer loop
      vertex 28.6841 -34.6731 2.5
      vertex 27.0905 -32.7468 2.5
      vertex 29.0933 -30.9812 2.5
    endloop
  endfacet
  facet normal 0 0 -1
    outer loop
      vertex 26.4503 -36.4058 2.5
      vertex 27.0905 -32.7468 2.5
      vertex 28.6841 -34.6731 2.5
    endloop
  endfacet
  facet normal 0 0 -1
    outer loop
      vertex 26.4503 -36.4058 2.5
      vertex 24.9809 -34.3832 2.5
      vertex 27.0905 -32.7468 2.5
    endloop
  endfacet
  facet normal 0 0 -1
    outer loop
      vertex 24.1122 -37.9948 2.5
      vertex 24.9809 -34.3832 2.5
      vertex 26.4503 -36.4058 2.5
    endloop
  endfacet
  facet normal 0 0 -1
    outer loop
      vertex 24.1122 -37.9948 2.5
      vertex 22.7726 -35.8839 2.5
      vertex 24.9809 -34.3832 2.5
    endloop
  endfacet
  facet normal 0 0 -1
    outer loop
      vertex 21.6789 -39.4338 2.5
      vertex 22.7726 -35.8839 2.5
      vertex 24.1122 -37.9948 2.5
    endloop
  endfacet
  facet normal 0 0 -1
    outer loop
      vertex 21.6789 -39.4338 2.5
      vertex 20.4745 -37.243 2.5
      vertex 22.7726 -35.8839 2.5
    endloop
  endfacet
  facet normal 0 0 -1
    outer loop
      vertex 19.1601 -40.7172 2.5
      vertex 20.4745 -37.243 2.5
      vertex 21.6789 -39.4338 2.5
    endloop
  endfacet
  facet normal 0 0 -1
    outer loop
      vertex 19.1601 -40.7172 2.5
      vertex 18.0956 -38.4552 2.5
      vertex 20.4745 -37.243 2.5
    endloop
  endfacet
  facet normal 0 0 -1
    outer loop
      vertex 16.5656 -41.8399 2.5
      vertex 18.0956 -38.4552 2.5
      vertex 19.1601 -40.7172 2.5
    endloop
  endfacet
  facet normal 0 0 -1
    outer loop
      vertex 16.5656 -41.8399 2.5
      vertex 15.6453 -39.5155 2.5
      vertex 18.0956 -38.4552 2.5
    endloop
  endfacet
  facet normal 0 0 -1
    outer loop
      vertex 13.9058 -42.7975 2.5
      vertex 15.6453 -39.5155 2.5
      vertex 16.5656 -41.8399 2.5
    endloop
  endfacet
  facet normal 0 0 -1
    outer loop
      vertex 13.9058 -42.7975 2.5
      vertex 13.1332 -40.4199 2.5
      vertex 15.6453 -39.5155 2.5
    endloop
  endfacet
  facet normal 0 0 -1
    outer loop
      vertex 11.191 -43.5862 2.5
      vertex 13.1332 -40.4199 2.5
      vertex 13.9058 -42.7975 2.5
    endloop
  endfacet
  facet normal 0 0 -1
    outer loop
      vertex 11.191 -43.5862 2.5
      vertex 10.5693 -41.1648 2.5
      vertex 13.1332 -40.4199 2.5
    endloop
  endfacet
  facet normal 0 0 -1
    outer loop
      vertex 8.43216 -44.2029 2.5
      vertex 10.5693 -41.1648 2.5
      vertex 11.191 -43.5862 2.5
    endloop
  endfacet
  facet normal 0 0 -1
    outer loop
      vertex 8.43216 -44.2029 2.5
      vertex 7.96371 -41.7472 2.5
      vertex 10.5693 -41.1648 2.5
    endloop
  endfacet
  facet normal 0 0 -1
    outer loop
      vertex 5.63999 -44.6452 2.5
      vertex 7.96371 -41.7472 2.5
      vertex 8.43216 -44.2029 2.5
    endloop
  endfacet
  facet normal 0 0 -1
    outer loop
      vertex 5.63999 -44.6452 2.5
      vertex 5.32666 -42.1649 2.5
      vertex 7.96371 -41.7472 2.5
    endloop
  endfacet
  facet normal 0 0 -1
    outer loop
      vertex 2.82557 -44.9112 2.5
      vertex 5.32666 -42.1649 2.5
      vertex 5.63999 -44.6452 2.5
    endloop
  endfacet
  facet normal 0 0 -1
    outer loop
      vertex 2.82557 -44.9112 2.5
      vertex 2.6686 -42.4161 2.5
      vertex 5.32666 -42.1649 2.5
    endloop
  endfacet
  facet normal 0 0 -1
    outer loop
      vertex 0 -45 2.5
      vertex 2.6686 -42.4161 2.5
      vertex 2.82557 -44.9112 2.5
    endloop
  endfacet
  facet normal 0 0 -1
    outer loop
      vertex 0 -45 2.5
      vertex 0 -42.5 2.5
      vertex 2.6686 -42.4161 2.5
    endloop
  endfacet
  facet normal 0 0 -1
    outer loop
      vertex 0 -45 2.5
      vertex -2.6686 -42.4161 2.5
      vertex 0 -42.5 2.5
    endloop
  endfacet
  facet normal 0 0 -1
    outer loop
      vertex -2.82557 -44.9112 2.5
      vertex -2.6686 -42.4161 2.5
      vertex 0 -45 2.5
    endloop
  endfacet
  facet normal 0 0 -1
    outer loop
      vertex -2.82557 -44.9112 2.5
      vertex -5.32666 -42.1649 2.5
      vertex -2.6686 -42.4161 2.5
    endloop
  endfacet
  facet normal 0 0 -1
    outer loop
      vertex -5.63999 -44.6452 2.5
      vertex -5.32666 -42.1649 2.5
      vertex -2.82557 -44.9112 2.5
    endloop
  endfacet
  facet normal 0 0 -1
    outer loop
      vertex -5.63999 -44.6452 2.5
      vertex -7.96371 -41.7472 2.5
      vertex -5.32666 -42.1649 2.5
    endloop
  endfacet
  facet normal 0 0 -1
    outer loop
      vertex -8.43216 -44.2029 2.5
      vertex -7.96371 -41.7472 2.5
      vertex -5.63999 -44.6452 2.5
    endloop
  endfacet
  facet normal 0 0 -1
    outer loop
      vertex -8.43216 -44.2029 2.5
      vertex -10.5693 -41.1648 2.5
      vertex -7.96371 -41.7472 2.5
    endloop
  endfacet
  facet normal 0 0 -1
    outer loop
      vertex -11.191 -43.5862 2.5
      vertex -10.5693 -41.1648 2.5
      vertex -8.43216 -44.2029 2.5
    endloop
  endfacet
  facet normal 0 0 -1
    outer loop
      vertex -11.191 -43.5862 2.5
      vertex -13.1332 -40.4199 2.5
      vertex -10.5693 -41.1648 2.5
    endloop
  endfacet
  facet normal 0 0 -1
    outer loop
      vertex -13.9058 -42.7975 2.5
      vertex -13.1332 -40.4199 2.5
      vertex -11.191 -43.5862 2.5
    endloop
  endfacet
  facet normal 0 0 -1
    outer loop
      vertex -13.9058 -42.7975 2.5
      vertex -15.6453 -39.5155 2.5
      vertex -13.1332 -40.4199 2.5
    endloop
  endfacet
  facet normal 0 0 -1
    outer loop
      vertex -16.5656 -41.8399 2.5
      vertex -15.6453 -39.5155 2.5
      vertex -13.9058 -42.7975 2.5
    endloop
  endfacet
  facet normal 0 0 -1
    outer loop
      vertex -16.5656 -41.8399 2.5
      vertex -18.0956 -38.4552 2.5
      vertex -15.6453 -39.5155 2.5
    endloop
  endfacet
  facet normal 0 0 -1
    outer loop
      vertex -19.1601 -40.7172 2.5
      vertex -18.0956 -38.4552 2.5
      vertex -16.5656 -41.8399 2.5
    endloop
  endfacet
  facet normal 0 0 -1
    outer loop
      vertex -19.1601 -40.7172 2.5
      vertex -20.4745 -37.243 2.5
      vertex -18.0956 -38.4552 2.5
    endloop
  endfacet
  facet normal 0 0 -1
    outer loop
      vertex -21.6789 -39.4338 2.5
      vertex -20.4745 -37.243 2.5
      vertex -19.1601 -40.7172 2.5
    endloop
  endfacet
  facet normal 0 0 -1
    outer loop
      vertex -21.6789 -39.4338 2.5
      vertex -22.7726 -35.8839 2.5
      vertex -20.4745 -37.243 2.5
    endloop
  endfacet
  facet normal 0 0 -1
    outer loop
      vertex -24.1122 -37.9948 2.5
      vertex -22.7726 -35.8839 2.5
      vertex -21.6789 -39.4338 2.5
    endloop
  endfacet
  facet normal 0 0 -1
    outer loop
      vertex -24.1122 -37.9948 2.5
      vertex -24.9809 -34.3832 2.5
      vertex -22.7726 -35.8839 2.5
    endloop
  endfacet
  facet normal 0 0 -1
    outer loop
      vertex -26.4503 -36.4058 2.5
      vertex -24.9809 -34.3832 2.5
      vertex -24.1122 -37.9948 2.5
    endloop
  endfacet
  facet normal 0 0 -1
    outer loop
      vertex -26.4503 -36.4058 2.5
      vertex -27.0905 -32.7468 2.5
      vertex -24.9809 -34.3832 2.5
    endloop
  endfacet
  facet normal 0 0 -1
    outer loop
      vertex -28.6841 -34.6731 2.5
      vertex -27.0905 -32.7468 2.5
      vertex -26.4503 -36.4058 2.5
    endloop
  endfacet
  facet normal 0 0 -1
    outer loop
      vertex -28.6841 -34.6731 2.5
      vertex -29.0933 -30.9812 2.5
      vertex -27.0905 -32.7468 2.5
    endloop
  endfacet
  facet normal 0 0 -1
    outer loop
      vertex -30.8046 -32.8036 2.5
      vertex -29.0933 -30.9812 2.5
      vertex -28.6841 -34.6731 2.5
    endloop
  endfacet
  facet normal 0 0 -1
    outer loop
      vertex -30.8046 -32.8036 2.5
      vertex -30.9812 -29.0933 2.5
      vertex -29.0933 -30.9812 2.5
    endloop
  endfacet
  facet normal 0 0 -1
    outer loop
      vertex -32.8036 -30.8046 2.5
      vertex -30.9812 -29.0933 2.5
      vertex -30.8046 -32.8036 2.5
    endloop
  endfacet
  facet normal -0 0 -1
    outer loop
      vertex -30.9812 -29.0933 2.5
      vertex -32.8036 -30.8046 2.5
      vertex -32.7468 -27.0905 2.5
    endloop
  endfacet
  facet normal 0 0 -1
    outer loop
      vertex -34.6731 -28.6841 2.5
      vertex -32.7468 -27.0905 2.5
      vertex -32.8036 -30.8046 2.5
    endloop
  endfacet
  facet normal -0 0 -1
    outer loop
      vertex -32.7468 -27.0905 2.5
      vertex -34.6731 -28.6841 2.5
      vertex -34.3832 -24.9809 2.5
    endloop
  endfacet
  facet normal 0 0 -1
    outer loop
      vertex -36.4058 -26.4503 2.5
      vertex -34.3832 -24.9809 2.5
      vertex -34.6731 -28.6841 2.5
    endloop
  endfacet
  facet normal -0 0 -1
    outer loop
      vertex -34.3832 -24.9809 2.5
      vertex -36.4058 -26.4503 2.5
      vertex -35.8839 -22.7726 2.5
    endloop
  endfacet
  facet normal 0 0 -1
    outer loop
      vertex -37.9948 -24.1122 2.5
      vertex -35.8839 -22.7726 2.5
      vertex -36.4058 -26.4503 2.5
    endloop
  endfacet
  facet normal -0 0 -1
    outer loop
      vertex -35.8839 -22.7726 2.5
      vertex -37.9948 -24.1122 2.5
      vertex -37.243 -20.4745 2.5
    endloop
  endfacet
  facet normal 0 0 -1
    outer loop
      vertex -39.4338 -21.6789 2.5
      vertex -37.243 -20.4745 2.5
      vertex -37.9948 -24.1122 2.5
    endloop
  endfacet
  facet normal -0 0 -1
    outer loop
      vertex -37.243 -20.4745 2.5
      vertex -39.4338 -21.6789 2.5
      vertex -38.4552 -18.0956 2.5
    endloop
  endfacet
  facet normal 0 0 -1
    outer loop
      vertex -40.7172 -19.1601 2.5
      vertex -38.4552 -18.0956 2.5
      vertex -39.4338 -21.6789 2.5
    endloop
  endfacet
  facet normal -0 0 -1
    outer loop
      vertex -38.4552 -18.0956 2.5
      vertex -40.7172 -19.1601 2.5
      vertex -39.5155 -15.6453 2.5
    endloop
  endfacet
  facet normal 0 0 -1
    outer loop
      vertex -41.8399 -16.5656 2.5
      vertex -39.5155 -15.6453 2.5
      vertex -40.7172 -19.1601 2.5
    endloop
  endfacet
  facet normal -0 0 -1
    outer loop
      vertex -39.5155 -15.6453 2.5
      vertex -41.8399 -16.5656 2.5
      vertex -40.4199 -13.1332 2.5
    endloop
  endfacet
  facet normal 0 0 -1
    outer loop
      vertex -42.7975 -13.9058 2.5
      vertex -40.4199 -13.1332 2.5
      vertex -41.8399 -16.5656 2.5
    endloop
  endfacet
  facet normal -0 0 -1
    outer loop
      vertex -40.4199 -13.1332 2.5
      vertex -42.7975 -13.9058 2.5
      vertex -41.1648 -10.5693 2.5
    endloop
  endfacet
  facet normal 0 0 -1
    outer loop
      vertex -43.5862 -11.191 2.5
      vertex -41.1648 -10.5693 2.5
      vertex -42.7975 -13.9058 2.5
    endloop
  endfacet
  facet normal -0 0 -1
    outer loop
      vertex -41.1648 -10.5693 2.5
      vertex -43.5862 -11.191 2.5
      vertex -41.7472 -7.96371 2.5
    endloop
  endfacet
  facet normal -0 0 -1
    outer loop
      vertex -41.7472 -7.96371 2.5
      vertex -44.2029 -8.43216 2.5
      vertex -42.1649 -5.32666 2.5
    endloop
  endfacet
  facet normal 0 0 -1
    outer loop
      vertex -44.2029 -8.43216 2.5
      vertex -41.7472 -7.96371 2.5
      vertex -43.5862 -11.191 2.5
    endloop
  endfacet
  facet normal 0 0 -1
    outer loop
      vertex 41.7472 7.96371 2.5
      vertex 44.2029 8.43216 2.5
      vertex 42.1649 5.32666 2.5
    endloop
  endfacet
  facet normal -0 0 -1
    outer loop
      vertex 44.2029 8.43216 2.5
      vertex 41.7472 7.96371 2.5
      vertex 43.5862 11.191 2.5
    endloop
  endfacet
  facet normal 0 0 -1
    outer loop
      vertex 41.1648 10.5693 2.5
      vertex 43.5862 11.191 2.5
      vertex 41.7472 7.96371 2.5
    endloop
  endfacet
  facet normal -0 0 -1
    outer loop
      vertex 43.5862 11.191 2.5
      vertex 41.1648 10.5693 2.5
      vertex 42.7975 13.9058 2.5
    endloop
  endfacet
  facet normal 0 0 -1
    outer loop
      vertex 40.4199 13.1332 2.5
      vertex 42.7975 13.9058 2.5
      vertex 41.1648 10.5693 2.5
    endloop
  endfacet
  facet normal -0 0 -1
    outer loop
      vertex 42.7975 13.9058 2.5
      vertex 40.4199 13.1332 2.5
      vertex 41.8399 16.5656 2.5
    endloop
  endfacet
  facet normal 0 0 -1
    outer loop
      vertex 39.5155 15.6453 2.5
      vertex 41.8399 16.5656 2.5
      vertex 40.4199 13.1332 2.5
    endloop
  endfacet
  facet normal -0 0 -1
    outer loop
      vertex 41.8399 16.5656 2.5
      vertex 39.5155 15.6453 2.5
      vertex 40.7172 19.1601 2.5
    endloop
  endfacet
  facet normal 0 0 -1
    outer loop
      vertex 38.4552 18.0956 2.5
      vertex 40.7172 19.1601 2.5
      vertex 39.5155 15.6453 2.5
    endloop
  endfacet
  facet normal -0 0 -1
    outer loop
      vertex 40.7172 19.1601 2.5
      vertex 38.4552 18.0956 2.5
      vertex 39.4338 21.6789 2.5
    endloop
  endfacet
  facet normal 0 0 -1
    outer loop
      vertex 37.243 20.4745 2.5
      vertex 39.4338 21.6789 2.5
      vertex 38.4552 18.0956 2.5
    endloop
  endfacet
  facet normal -0 0 -1
    outer loop
      vertex 39.4338 21.6789 2.5
      vertex 37.243 20.4745 2.5
      vertex 37.9948 24.1122 2.5
    endloop
  endfacet
  facet normal 0 0 -1
    outer loop
      vertex 35.8839 22.7726 2.5
      vertex 37.9948 24.1122 2.5
      vertex 37.243 20.4745 2.5
    endloop
  endfacet
  facet normal -0 0 -1
    outer loop
      vertex 37.9948 24.1122 2.5
      vertex 35.8839 22.7726 2.5
      vertex 36.4058 26.4503 2.5
    endloop
  endfacet
  facet normal 0 0 -1
    outer loop
      vertex 34.3832 24.9809 2.5
      vertex 36.4058 26.4503 2.5
      vertex 35.8839 22.7726 2.5
    endloop
  endfacet
  facet normal -0 0 -1
    outer loop
      vertex 36.4058 26.4503 2.5
      vertex 34.3832 24.9809 2.5
      vertex 34.6731 28.6841 2.5
    endloop
  endfacet
  facet normal 0 0 -1
    outer loop
      vertex 32.7468 27.0905 2.5
      vertex 34.6731 28.6841 2.5
      vertex 34.3832 24.9809 2.5
    endloop
  endfacet
  facet normal -0 0 -1
    outer loop
      vertex 34.6731 28.6841 2.5
      vertex 32.7468 27.0905 2.5
      vertex 32.8036 30.8046 2.5
    endloop
  endfacet
  facet normal 0 0 -1
    outer loop
      vertex 30.9812 29.0933 2.5
      vertex 32.8036 30.8046 2.5
      vertex 32.7468 27.0905 2.5
    endloop
  endfacet
  facet normal 0 0 -1
    outer loop
      vertex 30.9812 29.0933 2.5
      vertex 30.8046 32.8036 2.5
      vertex 32.8036 30.8046 2.5
    endloop
  endfacet
  facet normal 0 0 -1
    outer loop
      vertex 29.0933 30.9812 2.5
      vertex 30.8046 32.8036 2.5
      vertex 30.9812 29.0933 2.5
    endloop
  endfacet
  facet normal 0 0 -1
    outer loop
      vertex 29.0933 30.9812 2.5
      vertex 28.6841 34.6731 2.5
      vertex 30.8046 32.8036 2.5
    endloop
  endfacet
  facet normal 0 0 -1
    outer loop
      vertex 27.0905 32.7468 2.5
      vertex 28.6841 34.6731 2.5
      vertex 29.0933 30.9812 2.5
    endloop
  endfacet
  facet normal 0 0 -1
    outer loop
      vertex 27.0905 32.7468 2.5
      vertex 26.4503 36.4058 2.5
      vertex 28.6841 34.6731 2.5
    endloop
  endfacet
  facet normal 0 0 -1
    outer loop
      vertex 24.9809 34.3832 2.5
      vertex 26.4503 36.4058 2.5
      vertex 27.0905 32.7468 2.5
    endloop
  endfacet
  facet normal 0 0 -1
    outer loop
      vertex 24.9809 34.3832 2.5
      vertex 24.1122 37.9948 2.5
      vertex 26.4503 36.4058 2.5
    endloop
  endfacet
  facet normal 0 0 -1
    outer loop
      vertex 22.7726 35.8839 2.5
      vertex 24.1122 37.9948 2.5
      vertex 24.9809 34.3832 2.5
    endloop
  endfacet
  facet normal 0 0 -1
    outer loop
      vertex 22.7726 35.8839 2.5
      vertex 21.6789 39.4338 2.5
      vertex 24.1122 37.9948 2.5
    endloop
  endfacet
  facet normal 0 0 -1
    outer loop
      vertex 20.4745 37.243 2.5
      vertex 21.6789 39.4338 2.5
      vertex 22.7726 35.8839 2.5
    endloop
  endfacet
  facet normal 0 0 -1
    outer loop
      vertex 20.4745 37.243 2.5
      vertex 19.1601 40.7172 2.5
      vertex 21.6789 39.4338 2.5
    endloop
  endfacet
  facet normal 0 0 -1
    outer loop
      vertex 18.0956 38.4552 2.5
      vertex 19.1601 40.7172 2.5
      vertex 20.4745 37.243 2.5
    endloop
  endfacet
  facet normal 0 0 -1
    outer loop
      vertex 18.0956 38.4552 2.5
      vertex 16.5656 41.8399 2.5
      vertex 19.1601 40.7172 2.5
    endloop
  endfacet
  facet normal 0 0 -1
    outer loop
      vertex 15.6453 39.5155 2.5
      vertex 16.5656 41.8399 2.5
      vertex 18.0956 38.4552 2.5
    endloop
  endfacet
  facet normal 0 0 -1
    outer loop
      vertex 15.6453 39.5155 2.5
      vertex 13.9058 42.7975 2.5
      vertex 16.5656 41.8399 2.5
    endloop
  endfacet
  facet normal 0 0 -1
    outer loop
      vertex 13.1332 40.4199 2.5
      vertex 13.9058 42.7975 2.5
      vertex 15.6453 39.5155 2.5
    endloop
  endfacet
  facet normal 0 0 -1
    outer loop
      vertex 13.1332 40.4199 2.5
      vertex 11.191 43.5862 2.5
      vertex 13.9058 42.7975 2.5
    endloop
  endfacet
  facet normal 0 0 -1
    outer loop
      vertex 10.5693 41.1648 2.5
      vertex 11.191 43.5862 2.5
      vertex 13.1332 40.4199 2.5
    endloop
  endfacet
  facet normal 0 0 -1
    outer loop
      vertex 10.5693 41.1648 2.5
      vertex 8.43216 44.2029 2.5
      vertex 11.191 43.5862 2.5
    endloop
  endfacet
  facet normal 0 0 -1
    outer loop
      vertex 7.96371 41.7472 2.5
      vertex 8.43216 44.2029 2.5
      vertex 10.5693 41.1648 2.5
    endloop
  endfacet
  facet normal 0 0 -1
    outer loop
      vertex 7.96371 41.7472 2.5
      vertex 5.63999 44.6452 2.5
      vertex 8.43216 44.2029 2.5
    endloop
  endfacet
  facet normal 0 0 -1
    outer loop
      vertex 5.32666 42.1649 2.5
      vertex 5.63999 44.6452 2.5
      vertex 7.96371 41.7472 2.5
    endloop
  endfacet
  facet normal 0 0 -1
    outer loop
      vertex 5.32666 42.1649 2.5
      vertex 2.82557 44.9112 2.5
      vertex 5.63999 44.6452 2.5
    endloop
  endfacet
  facet normal 0 0 -1
    outer loop
      vertex 2.6686 42.4161 2.5
      vertex 2.82557 44.9112 2.5
      vertex 5.32666 42.1649 2.5
    endloop
  endfacet
  facet normal 0 0 -1
    outer loop
      vertex 0 42.5 2.5
      vertex 2.82557 44.9112 2.5
      vertex 2.6686 42.4161 2.5
    endloop
  endfacet
  facet normal 0 0 -1
    outer loop
      vertex 0 42.5 2.5
      vertex 0 45 2.5
      vertex 2.82557 44.9112 2.5
    endloop
  endfacet
  facet normal 0 0 -1
    outer loop
      vertex -2.6686 42.4161 2.5
      vertex 0 45 2.5
      vertex 0 42.5 2.5
    endloop
  endfacet
  facet normal 0 0 -1
    outer loop
      vertex -2.6686 42.4161 2.5
      vertex -2.82557 44.9112 2.5
      vertex 0 45 2.5
    endloop
  endfacet
  facet normal 0 0 -1
    outer loop
      vertex -5.32666 42.1649 2.5
      vertex -2.82557 44.9112 2.5
      vertex -2.6686 42.4161 2.5
    endloop
  endfacet
  facet normal 0 0 -1
    outer loop
      vertex -5.32666 42.1649 2.5
      vertex -5.63999 44.6452 2.5
      vertex -2.82557 44.9112 2.5
    endloop
  endfacet
  facet normal 0 0 -1
    outer loop
      vertex -7.96371 41.7472 2.5
      vertex -5.63999 44.6452 2.5
      vertex -5.32666 42.1649 2.5
    endloop
  endfacet
  facet normal 0 0 -1
    outer loop
      vertex -7.96371 41.7472 2.5
      vertex -8.43216 44.2029 2.5
      vertex -5.63999 44.6452 2.5
    endloop
  endfacet
  facet normal 0 0 -1
    outer loop
      vertex -10.5693 41.1648 2.5
      vertex -8.43216 44.2029 2.5
      vertex -7.96371 41.7472 2.5
    endloop
  endfacet
  facet normal 0 0 -1
    outer loop
      vertex -10.5693 41.1648 2.5
      vertex -11.191 43.5862 2.5
      vertex -8.43216 44.2029 2.5
    endloop
  endfacet
  facet normal 0 0 -1
    outer loop
      vertex -13.1332 40.4199 2.5
      vertex -11.191 43.5862 2.5
      vertex -10.5693 41.1648 2.5
    endloop
  endfacet
  facet normal 0 0 -1
    outer loop
      vertex -13.1332 40.4199 2.5
      vertex -13.9058 42.7975 2.5
      vertex -11.191 43.5862 2.5
    endloop
  endfacet
  facet normal 0 0 -1
    outer loop
      vertex -15.6453 39.5155 2.5
      vertex -13.9058 42.7975 2.5
      vertex -13.1332 40.4199 2.5
    endloop
  endfacet
  facet normal 0 0 -1
    outer loop
      vertex -15.6453 39.5155 2.5
      vertex -16.5656 41.8399 2.5
      vertex -13.9058 42.7975 2.5
    endloop
  endfacet
  facet normal 0 0 -1
    outer loop
      vertex -18.0956 38.4552 2.5
      vertex -16.5656 41.8399 2.5
      vertex -15.6453 39.5155 2.5
    endloop
  endfacet
  facet normal 0 0 -1
    outer loop
      vertex -18.0956 38.4552 2.5
      vertex -19.1601 40.7172 2.5
      vertex -16.5656 41.8399 2.5
    endloop
  endfacet
  facet normal 0 0 -1
    outer loop
      vertex -20.4745 37.243 2.5
      vertex -19.1601 40.7172 2.5
      vertex -18.0956 38.4552 2.5
    endloop
  endfacet
  facet normal 0 0 -1
    outer loop
      vertex -20.4745 37.243 2.5
      vertex -21.6789 39.4338 2.5
      vertex -19.1601 40.7172 2.5
    endloop
  endfacet
  facet normal 0 0 -1
    outer loop
      vertex -22.7726 35.8839 2.5
      vertex -21.6789 39.4338 2.5
      vertex -20.4745 37.243 2.5
    endloop
  endfacet
  facet normal 0 0 -1
    outer loop
      vertex -22.7726 35.8839 2.5
      vertex -24.1122 37.9948 2.5
      vertex -21.6789 39.4338 2.5
    endloop
  endfacet
  facet normal 0 0 -1
    outer loop
      vertex -24.9809 34.3832 2.5
      vertex -24.1122 37.9948 2.5
      vertex -22.7726 35.8839 2.5
    endloop
  endfacet
  facet normal 0 0 -1
    outer loop
      vertex -24.9809 34.3832 2.5
      vertex -26.4503 36.4058 2.5
      vertex -24.1122 37.9948 2.5
    endloop
  endfacet
  facet normal 0 0 -1
    outer loop
      vertex -27.0905 32.7468 2.5
      vertex -26.4503 36.4058 2.5
      vertex -24.9809 34.3832 2.5
    endloop
  endfacet
  facet normal 0 0 -1
    outer loop
      vertex -27.0905 32.7468 2.5
      vertex -28.6841 34.6731 2.5
      vertex -26.4503 36.4058 2.5
    endloop
  endfacet
  facet normal 0 0 -1
    outer loop
      vertex -29.0933 30.9812 2.5
      vertex -28.6841 34.6731 2.5
      vertex -27.0905 32.7468 2.5
    endloop
  endfacet
  facet normal 0 0 -1
    outer loop
      vertex -29.0933 30.9812 2.5
      vertex -30.8046 32.8036 2.5
      vertex -28.6841 34.6731 2.5
    endloop
  endfacet
  facet normal 0 0 -1
    outer loop
      vertex -30.9812 29.0933 2.5
      vertex -30.8046 32.8036 2.5
      vertex -29.0933 30.9812 2.5
    endloop
  endfacet
  facet normal 0 0 -1
    outer loop
      vertex -32.8036 30.8046 2.5
      vertex -30.9812 29.0933 2.5
      vertex -32.7468 27.0905 2.5
    endloop
  endfacet
  facet normal 0 0 -1
    outer loop
      vertex -30.9812 29.0933 2.5
      vertex -32.8036 30.8046 2.5
      vertex -30.8046 32.8036 2.5
    endloop
  endfacet
  facet normal 0 0 -1
    outer loop
      vertex -34.6731 28.6841 2.5
      vertex -32.7468 27.0905 2.5
      vertex -34.3832 24.9809 2.5
    endloop
  endfacet
  facet normal 0 0 -1
    outer loop
      vertex -32.7468 27.0905 2.5
      vertex -34.6731 28.6841 2.5
      vertex -32.8036 30.8046 2.5
    endloop
  endfacet
  facet normal 0 0 -1
    outer loop
      vertex -36.4058 26.4503 2.5
      vertex -34.3832 24.9809 2.5
      vertex -35.8839 22.7726 2.5
    endloop
  endfacet
  facet normal 0 0 -1
    outer loop
      vertex -34.3832 24.9809 2.5
      vertex -36.4058 26.4503 2.5
      vertex -34.6731 28.6841 2.5
    endloop
  endfacet
  facet normal 0 0 -1
    outer loop
      vertex -37.9948 24.1122 2.5
      vertex -35.8839 22.7726 2.5
      vertex -37.243 20.4745 2.5
    endloop
  endfacet
  facet normal 0 0 -1
    outer loop
      vertex -35.8839 22.7726 2.5
      vertex -37.9948 24.1122 2.5
      vertex -36.4058 26.4503 2.5
    endloop
  endfacet
  facet normal 0 0 -1
    outer loop
      vertex -39.4338 21.6789 2.5
      vertex -37.243 20.4745 2.5
      vertex -38.4552 18.0956 2.5
    endloop
  endfacet
  facet normal 0 0 -1
    outer loop
      vertex -37.243 20.4745 2.5
      vertex -39.4338 21.6789 2.5
      vertex -37.9948 24.1122 2.5
    endloop
  endfacet
  facet normal 0 0 -1
    outer loop
      vertex -40.7172 19.1601 2.5
      vertex -38.4552 18.0956 2.5
      vertex -39.5155 15.6453 2.5
    endloop
  endfacet
  facet normal 0 0 -1
    outer loop
      vertex -41.8399 16.5656 2.5
      vertex -39.5155 15.6453 2.5
      vertex -40.4199 13.1332 2.5
    endloop
  endfacet
  facet normal 0 0 -1
    outer loop
      vertex -38.4552 18.0956 2.5
      vertex -40.7172 19.1601 2.5
      vertex -39.4338 21.6789 2.5
    endloop
  endfacet
  facet normal 0 0 -1
    outer loop
      vertex -42.7975 13.9058 2.5
      vertex -40.4199 13.1332 2.5
      vertex -41.1648 10.5693 2.5
    endloop
  endfacet
  facet normal 0 0 -1
    outer loop
      vertex -43.5862 11.191 2.5
      vertex -41.1648 10.5693 2.5
      vertex -41.7472 7.96371 2.5
    endloop
  endfacet
  facet normal 0 0 -1
    outer loop
      vertex -39.5155 15.6453 2.5
      vertex -41.8399 16.5656 2.5
      vertex -40.7172 19.1601 2.5
    endloop
  endfacet
  facet normal 0 0 -1
    outer loop
      vertex -44.2029 8.43216 2.5
      vertex -41.7472 7.96371 2.5
      vertex -42.1649 5.32666 2.5
    endloop
  endfacet
  facet normal 0 0 -1
    outer loop
      vertex -44.6452 5.63999 2.5
      vertex -42.1649 5.32666 2.5
      vertex -42.4161 2.6686 2.5
    endloop
  endfacet
  facet normal 0 0 -1
    outer loop
      vertex -40.4199 13.1332 2.5
      vertex -42.7975 13.9058 2.5
      vertex -41.8399 16.5656 2.5
    endloop
  endfacet
  facet normal 0 0 -1
    outer loop
      vertex -44.9112 2.82557 2.5
      vertex -42.4161 2.6686 2.5
      vertex -42.5 0 2.5
    endloop
  endfacet
  facet normal 0 0 -1
    outer loop
      vertex -44.6452 -5.63999 2.5
      vertex -42.1649 -5.32666 2.5
      vertex -44.2029 -8.43216 2.5
    endloop
  endfacet
  facet normal -0 0 -1
    outer loop
      vertex -42.1649 -5.32666 2.5
      vertex -44.6452 -5.63999 2.5
      vertex -42.4161 -2.6686 2.5
    endloop
  endfacet
  facet normal 0 0 -1
    outer loop
      vertex -41.1648 10.5693 2.5
      vertex -43.5862 11.191 2.5
      vertex -42.7975 13.9058 2.5
    endloop
  endfacet
  facet normal 0 0 -1
    outer loop
      vertex -44.9112 -2.82557 2.5
      vertex -42.4161 -2.6686 2.5
      vertex -44.6452 -5.63999 2.5
    endloop
  endfacet
  facet normal 0 0 -1
    outer loop
      vertex -41.7472 7.96371 2.5
      vertex -44.2029 8.43216 2.5
      vertex -43.5862 11.191 2.5
    endloop
  endfacet
  facet normal -0 0 -1
    outer loop
      vertex -42.4161 -2.6686 2.5
      vertex -44.9112 -2.82557 2.5
      vertex -42.5 0 2.5
    endloop
  endfacet
  facet normal 0 0 -1
    outer loop
      vertex -42.1649 5.32666 2.5
      vertex -44.6452 5.63999 2.5
      vertex -44.2029 8.43216 2.5
    endloop
  endfacet
  facet normal 0 0 -1
    outer loop
      vertex -45 0 2.5
      vertex -42.5 0 2.5
      vertex -44.9112 -2.82557 2.5
    endloop
  endfacet
  facet normal 0 0 -1
    outer loop
      vertex -42.4161 2.6686 2.5
      vertex -44.9112 2.82557 2.5
      vertex -44.6452 5.63999 2.5
    endloop
  endfacet
  facet normal 0 0 -1
    outer loop
      vertex -42.5 0 2.5
      vertex -45 0 2.5
      vertex -44.9112 2.82557 2.5
    endloop
  endfacet
  facet normal 0 0 1
    outer loop
      vertex 42.1666 2.6529 2.5
      vertex 42.1666 -2.6529 2.5
      vertex 42.25 0 2.5
    endloop
  endfacet
  facet normal 0 0 1
    outer loop
      vertex 41.9168 5.29533 2.5
      vertex 42.1666 -2.6529 2.5
      vertex 42.1666 2.6529 2.5
    endloop
  endfacet
  facet normal 0 0 1
    outer loop
      vertex 41.9168 5.29533 2.5
      vertex 41.9168 -5.29533 2.5
      vertex 42.1666 -2.6529 2.5
    endloop
  endfacet
  facet normal 0 0 1
    outer loop
      vertex 41.5016 7.91686 2.5
      vertex 41.9168 -5.29533 2.5
      vertex 41.9168 5.29533 2.5
    endloop
  endfacet
  facet normal 0 0 1
    outer loop
      vertex 41.5016 7.91686 2.5
      vertex 41.5016 -7.91686 2.5
      vertex 41.9168 -5.29533 2.5
    endloop
  endfacet
  facet normal 0 0 1
    outer loop
      vertex 40.9226 10.5071 2.5
      vertex 41.5016 -7.91686 2.5
      vertex 41.5016 7.91686 2.5
    endloop
  endfacet
  facet normal 0 0 1
    outer loop
      vertex 40.9226 10.5071 2.5
      vertex 40.9226 -10.5071 2.5
      vertex 41.5016 -7.91686 2.5
    endloop
  endfacet
  facet normal 0 0 1
    outer loop
      vertex 40.1821 13.056 2.5
      vertex 40.9226 -10.5071 2.5
      vertex 40.9226 10.5071 2.5
    endloop
  endfacet
  facet normal 0 0 1
    outer loop
      vertex 40.1821 13.056 2.5
      vertex 40.1821 -13.056 2.5
      vertex 40.9226 -10.5071 2.5
    endloop
  endfacet
  facet normal 0 0 1
    outer loop
      vertex 39.2831 15.5533 2.5
      vertex 40.1821 -13.056 2.5
      vertex 40.1821 13.056 2.5
    endloop
  endfacet
  facet normal 0 0 1
    outer loop
      vertex 39.2831 15.5533 2.5
      vertex 39.2831 -15.5533 2.5
      vertex 40.1821 -13.056 2.5
    endloop
  endfacet
  facet normal 0 0 1
    outer loop
      vertex 38.2289 17.9892 2.5
      vertex 39.2831 -15.5533 2.5
      vertex 39.2831 15.5533 2.5
    endloop
  endfacet
  facet normal 0 0 1
    outer loop
      vertex 38.2289 17.9892 2.5
      vertex 38.2289 -17.9892 2.5
      vertex 39.2831 -15.5533 2.5
    endloop
  endfacet
  facet normal 0 0 1
    outer loop
      vertex 37.024 20.3541 2.5
      vertex 38.2289 -17.9892 2.5
      vertex 38.2289 17.9892 2.5
    endloop
  endfacet
  facet normal 0 0 1
    outer loop
      vertex 37.024 20.3541 2.5
      vertex 37.024 -20.3541 2.5
      vertex 38.2289 -17.9892 2.5
    endloop
  endfacet
  facet normal 0 0 1
    outer loop
      vertex 35.6729 22.6387 2.5
      vertex 37.024 -20.3541 2.5
      vertex 37.024 20.3541 2.5
    endloop
  endfacet
  facet normal 0 0 1
    outer loop
      vertex 35.6729 22.6387 2.5
      vertex 35.6729 -22.6387 2.5
      vertex 37.024 -20.3541 2.5
    endloop
  endfacet
  facet normal 0 0 1
    outer loop
      vertex 34.181 24.8339 2.5
      vertex 35.6729 -22.6387 2.5
      vertex 35.6729 22.6387 2.5
    endloop
  endfacet
  facet normal 0 0 1
    outer loop
      vertex 34.181 24.8339 2.5
      vertex 34.181 -24.8339 2.5
      vertex 35.6729 -22.6387 2.5
    endloop
  endfacet
  facet normal 0 0 1
    outer loop
      vertex 32.5542 26.9312 2.5
      vertex 34.181 -24.8339 2.5
      vertex 34.181 24.8339 2.5
    endloop
  endfacet
  facet normal 0 0 1
    outer loop
      vertex 32.5542 26.9312 2.5
      vertex 32.5542 -26.9312 2.5
      vertex 34.181 -24.8339 2.5
    endloop
  endfacet
  facet normal 0 0 1
    outer loop
      vertex 30.7989 28.9221 2.5
      vertex 32.5542 -26.9312 2.5
      vertex 32.5542 26.9312 2.5
    endloop
  endfacet
  facet normal 0 0 1
    outer loop
      vertex 30.7989 28.9221 2.5
      vertex 30.7989 -28.9221 2.5
      vertex 32.5542 -26.9312 2.5
    endloop
  endfacet
  facet normal 0 0 1
    outer loop
      vertex 28.9221 30.7989 2.5
      vertex 30.7989 -28.9221 2.5
      vertex 30.7989 28.9221 2.5
    endloop
  endfacet
  facet normal 0 0 1
    outer loop
      vertex 28.9221 30.7989 2.5
      vertex 28.9221 -30.7989 2.5
      vertex 30.7989 -28.9221 2.5
    endloop
  endfacet
  facet normal 0 0 1
    outer loop
      vertex 26.9312 32.5542 2.5
      vertex 28.9221 -30.7989 2.5
      vertex 28.9221 30.7989 2.5
    endloop
  endfacet
  facet normal 0 0 1
    outer loop
      vertex 26.9312 32.5542 2.5
      vertex 26.9312 -32.5542 2.5
      vertex 28.9221 -30.7989 2.5
    endloop
  endfacet
  facet normal 0 0 1
    outer loop
      vertex 24.8339 34.181 2.5
      vertex 26.9312 -32.5542 2.5
      vertex 26.9312 32.5542 2.5
    endloop
  endfacet
  facet normal 0 0 1
    outer loop
      vertex 24.8339 34.181 2.5
      vertex 24.8339 -34.181 2.5
      vertex 26.9312 -32.5542 2.5
    endloop
  endfacet
  facet normal 0 0 1
    outer loop
      vertex 22.6387 35.6729 2.5
      vertex 24.8339 -34.181 2.5
      vertex 24.8339 34.181 2.5
    endloop
  endfacet
  facet normal 0 0 1
    outer loop
      vertex 22.6387 35.6729 2.5
      vertex 22.6387 -35.6729 2.5
      vertex 24.8339 -34.181 2.5
    endloop
  endfacet
  facet normal 0 0 1
    outer loop
      vertex 20.3541 37.024 2.5
      vertex 22.6387 -35.6729 2.5
      vertex 22.6387 35.6729 2.5
    endloop
  endfacet
  facet normal 0 0 1
    outer loop
      vertex 20.3541 37.024 2.5
      vertex 20.3541 -37.024 2.5
      vertex 22.6387 -35.6729 2.5
    endloop
  endfacet
  facet normal 0 0 1
    outer loop
      vertex 17.9892 38.2289 2.5
      vertex 20.3541 -37.024 2.5
      vertex 20.3541 37.024 2.5
    endloop
  endfacet
  facet normal 0 0 1
    outer loop
      vertex 17.9892 38.2289 2.5
      vertex 17.9892 -38.2289 2.5
      vertex 20.3541 -37.024 2.5
    endloop
  endfacet
  facet normal 0 0 1
    outer loop
      vertex 15.5533 39.2831 2.5
      vertex 17.9892 -38.2289 2.5
      vertex 17.9892 38.2289 2.5
    endloop
  endfacet
  facet normal 0 0 1
    outer loop
      vertex 15.5533 39.2831 2.5
      vertex 15.5533 -39.2831 2.5
      vertex 17.9892 -38.2289 2.5
    endloop
  endfacet
  facet normal 0 0 1
    outer loop
      vertex 13.056 40.1821 2.5
      vertex 15.5533 -39.2831 2.5
      vertex 15.5533 39.2831 2.5
    endloop
  endfacet
  facet normal 0 0 1
    outer loop
      vertex 13.056 40.1821 2.5
      vertex 13.056 -40.1821 2.5
      vertex 15.5533 -39.2831 2.5
    endloop
  endfacet
  facet normal 0 0 1
    outer loop
      vertex 10.5071 40.9226 2.5
      vertex 13.056 -40.1821 2.5
      vertex 13.056 40.1821 2.5
    endloop
  endfacet
  facet normal 0 0 1
    outer loop
      vertex 10.5071 40.9226 2.5
      vertex 10.5071 -40.9226 2.5
      vertex 13.056 -40.1821 2.5
    endloop
  endfacet
  facet normal 0 0 1
    outer loop
      vertex 7.91686 41.5016 2.5
      vertex 10.5071 -40.9226 2.5
      vertex 10.5071 40.9226 2.5
    endloop
  endfacet
  facet normal 0 0 1
    outer loop
      vertex 7.91686 41.5016 2.5
      vertex 7.91686 -41.5016 2.5
      vertex 10.5071 -40.9226 2.5
    endloop
  endfacet
  facet normal 0 0 1
    outer loop
      vertex 5.29533 41.9168 2.5
      vertex 7.91686 -41.5016 2.5
      vertex 7.91686 41.5016 2.5
    endloop
  endfacet
  facet normal 0 0 1
    outer loop
      vertex 5.29533 41.9168 2.5
      vertex 5.29533 -41.9168 2.5
      vertex 7.91686 -41.5016 2.5
    endloop
  endfacet
  facet normal 0 0 1
    outer loop
      vertex 2.6529 42.1666 2.5
      vertex 5.29533 -41.9168 2.5
      vertex 5.29533 41.9168 2.5
    endloop
  endfacet
  facet normal 0 0 1
    outer loop
      vertex 2.6529 42.1666 2.5
      vertex 2.6529 -42.1666 2.5
      vertex 5.29533 -41.9168 2.5
    endloop
  endfacet
  facet normal 0 0 1
    outer loop
      vertex 0 42.25 2.5
      vertex 2.6529 -42.1666 2.5
      vertex 2.6529 42.1666 2.5
    endloop
  endfacet
  facet normal 0 0 1
    outer loop
      vertex 0 42.25 2.5
      vertex 0 -42.25 2.5
      vertex 2.6529 -42.1666 2.5
    endloop
  endfacet
  facet normal -0 0 1
    outer loop
      vertex -2.6529 42.1666 2.5
      vertex 0 -42.25 2.5
      vertex 0 42.25 2.5
    endloop
  endfacet
  facet normal 0 0 1
    outer loop
      vertex -2.6529 42.1666 2.5
      vertex -2.6529 -42.1666 2.5
      vertex 0 -42.25 2.5
    endloop
  endfacet
  facet normal -0 0 1
    outer loop
      vertex -5.29533 41.9168 2.5
      vertex -2.6529 -42.1666 2.5
      vertex -2.6529 42.1666 2.5
    endloop
  endfacet
  facet normal 0 0 1
    outer loop
      vertex -5.29533 41.9168 2.5
      vertex -5.29533 -41.9168 2.5
      vertex -2.6529 -42.1666 2.5
    endloop
  endfacet
  facet normal -0 0 1
    outer loop
      vertex -7.91686 41.5016 2.5
      vertex -5.29533 -41.9168 2.5
      vertex -5.29533 41.9168 2.5
    endloop
  endfacet
  facet normal 0 0 1
    outer loop
      vertex -7.91686 41.5016 2.5
      vertex -7.91686 -41.5016 2.5
      vertex -5.29533 -41.9168 2.5
    endloop
  endfacet
  facet normal -0 0 1
    outer loop
      vertex -10.5071 40.9226 2.5
      vertex -7.91686 -41.5016 2.5
      vertex -7.91686 41.5016 2.5
    endloop
  endfacet
  facet normal 0 0 1
    outer loop
      vertex -10.5071 40.9226 2.5
      vertex -10.5071 -40.9226 2.5
      vertex -7.91686 -41.5016 2.5
    endloop
  endfacet
  facet normal -0 0 1
    outer loop
      vertex -13.056 40.1821 2.5
      vertex -10.5071 -40.9226 2.5
      vertex -10.5071 40.9226 2.5
    endloop
  endfacet
  facet normal 0 0 1
    outer loop
      vertex -13.056 40.1821 2.5
      vertex -13.056 -40.1821 2.5
      vertex -10.5071 -40.9226 2.5
    endloop
  endfacet
  facet normal -0 0 1
    outer loop
      vertex -15.5533 39.2831 2.5
      vertex -13.056 -40.1821 2.5
      vertex -13.056 40.1821 2.5
    endloop
  endfacet
  facet normal 0 0 1
    outer loop
      vertex -15.5533 39.2831 2.5
      vertex -15.5533 -39.2831 2.5
      vertex -13.056 -40.1821 2.5
    endloop
  endfacet
  facet normal -0 0 1
    outer loop
      vertex -17.9892 38.2289 2.5
      vertex -15.5533 -39.2831 2.5
      vertex -15.5533 39.2831 2.5
    endloop
  endfacet
  facet normal 0 0 1
    outer loop
      vertex -17.9892 38.2289 2.5
      vertex -17.9892 -38.2289 2.5
      vertex -15.5533 -39.2831 2.5
    endloop
  endfacet
  facet normal -0 0 1
    outer loop
      vertex -20.3541 37.024 2.5
      vertex -17.9892 -38.2289 2.5
      vertex -17.9892 38.2289 2.5
    endloop
  endfacet
  facet normal 0 0 1
    outer loop
      vertex -20.3541 37.024 2.5
      vertex -20.3541 -37.024 2.5
      vertex -17.9892 -38.2289 2.5
    endloop
  endfacet
  facet normal -0 0 1
    outer loop
      vertex -22.6387 35.6729 2.5
      vertex -20.3541 -37.024 2.5
      vertex -20.3541 37.024 2.5
    endloop
  endfacet
  facet normal 0 0 1
    outer loop
      vertex -22.6387 35.6729 2.5
      vertex -22.6387 -35.6729 2.5
      vertex -20.3541 -37.024 2.5
    endloop
  endfacet
  facet normal -0 0 1
    outer loop
      vertex -24.8339 34.181 2.5
      vertex -22.6387 -35.6729 2.5
      vertex -22.6387 35.6729 2.5
    endloop
  endfacet
  facet normal 0 0 1
    outer loop
      vertex -24.8339 34.181 2.5
      vertex -24.8339 -34.181 2.5
      vertex -22.6387 -35.6729 2.5
    endloop
  endfacet
  facet normal -0 0 1
    outer loop
      vertex -26.9312 32.5542 2.5
      vertex -24.8339 -34.181 2.5
      vertex -24.8339 34.181 2.5
    endloop
  endfacet
  facet normal 0 0 1
    outer loop
      vertex -26.9312 32.5542 2.5
      vertex -26.9312 -32.5542 2.5
      vertex -24.8339 -34.181 2.5
    endloop
  endfacet
  facet normal -0 0 1
    outer loop
      vertex -28.9221 30.7989 2.5
      vertex -26.9312 -32.5542 2.5
      vertex -26.9312 32.5542 2.5
    endloop
  endfacet
  facet normal 0 0 1
    outer loop
      vertex -28.9221 30.7989 2.5
      vertex -28.9221 -30.7989 2.5
      vertex -26.9312 -32.5542 2.5
    endloop
  endfacet
  facet normal -0 0 1
    outer loop
      vertex -30.7989 28.9221 2.5
      vertex -28.9221 -30.7989 2.5
      vertex -28.9221 30.7989 2.5
    endloop
  endfacet
  facet normal 0 0 1
    outer loop
      vertex -30.7989 28.9221 2.5
      vertex -30.7989 -28.9221 2.5
      vertex -28.9221 -30.7989 2.5
    endloop
  endfacet
  facet normal -0 0 1
    outer loop
      vertex -32.5542 26.9312 2.5
      vertex -30.7989 -28.9221 2.5
      vertex -30.7989 28.9221 2.5
    endloop
  endfacet
  facet normal 0 0 1
    outer loop
      vertex -32.5542 26.9312 2.5
      vertex -32.5542 -26.9312 2.5
      vertex -30.7989 -28.9221 2.5
    endloop
  endfacet
  facet normal -0 0 1
    outer loop
      vertex -34.181 24.8339 2.5
      vertex -32.5542 -26.9312 2.5
      vertex -32.5542 26.9312 2.5
    endloop
  endfacet
  facet normal 0 0 1
    outer loop
      vertex -34.181 24.8339 2.5
      vertex -34.181 -24.8339 2.5
      vertex -32.5542 -26.9312 2.5
    endloop
  endfacet
  facet normal -0 0 1
    outer loop
      vertex -35.6729 22.6387 2.5
      vertex -34.181 -24.8339 2.5
      vertex -34.181 24.8339 2.5
    endloop
  endfacet
  facet normal 0 0 1
    outer loop
      vertex -35.6729 22.6387 2.5
      vertex -35.6729 -22.6387 2.5
      vertex -34.181 -24.8339 2.5
    endloop
  endfacet
  facet normal -0 0 1
    outer loop
      vertex -37.024 20.3541 2.5
      vertex -35.6729 -22.6387 2.5
      vertex -35.6729 22.6387 2.5
    endloop
  endfacet
  facet normal 0 0 1
    outer loop
      vertex -37.024 20.3541 2.5
      vertex -37.024 -20.3541 2.5
      vertex -35.6729 -22.6387 2.5
    endloop
  endfacet
  facet normal -0 0 1
    outer loop
      vertex -38.2289 17.9892 2.5
      vertex -37.024 -20.3541 2.5
      vertex -37.024 20.3541 2.5
    endloop
  endfacet
  facet normal 0 0 1
    outer loop
      vertex -38.2289 17.9892 2.5
      vertex -38.2289 -17.9892 2.5
      vertex -37.024 -20.3541 2.5
    endloop
  endfacet
  facet normal -0 0 1
    outer loop
      vertex -39.2831 15.5533 2.5
      vertex -38.2289 -17.9892 2.5
      vertex -38.2289 17.9892 2.5
    endloop
  endfacet
  facet normal 0 0 1
    outer loop
      vertex -39.2831 15.5533 2.5
      vertex -39.2831 -15.5533 2.5
      vertex -38.2289 -17.9892 2.5
    endloop
  endfacet
  facet normal -0 0 1
    outer loop
      vertex -40.1821 13.056 2.5
      vertex -39.2831 -15.5533 2.5
      vertex -39.2831 15.5533 2.5
    endloop
  endfacet
  facet normal 0 0 1
    outer loop
      vertex -40.1821 13.056 2.5
      vertex -40.1821 -13.056 2.5
      vertex -39.2831 -15.5533 2.5
    endloop
  endfacet
  facet normal -0 0 1
    outer loop
      vertex -40.9226 10.5071 2.5
      vertex -40.1821 -13.056 2.5
      vertex -40.1821 13.056 2.5
    endloop
  endfacet
  facet normal 0 0 1
    outer loop
      vertex -40.9226 10.5071 2.5
      vertex -40.9226 -10.5071 2.5
      vertex -40.1821 -13.056 2.5
    endloop
  endfacet
  facet normal -0 0 1
    outer loop
      vertex -41.5016 7.91686 2.5
      vertex -40.9226 -10.5071 2.5
      vertex -40.9226 10.5071 2.5
    endloop
  endfacet
  facet normal 0 0 1
    outer loop
      vertex -41.5016 7.91686 2.5
      vertex -41.5016 -7.91686 2.5
      vertex -40.9226 -10.5071 2.5
    endloop
  endfacet
  facet normal -0 0 1
    outer loop
      vertex -41.9168 5.29533 2.5
      vertex -41.5016 -7.91686 2.5
      vertex -41.5016 7.91686 2.5
    endloop
  endfacet
  facet normal 0 0 1
    outer loop
      vertex -41.9168 5.29533 2.5
      vertex -41.9168 -5.29533 2.5
      vertex -41.5016 -7.91686 2.5
    endloop
  endfacet
  facet normal -0 0 1
    outer loop
      vertex -42.1666 2.6529 2.5
      vertex -41.9168 -5.29533 2.5
      vertex -41.9168 5.29533 2.5
    endloop
  endfacet
  facet normal 0 0 1
    outer loop
      vertex -42.1666 2.6529 2.5
      vertex -42.1666 -2.6529 2.5
      vertex -41.9168 -5.29533 2.5
    endloop
  endfacet
  facet normal 0 -0 1
    outer loop
      vertex -42.1666 -2.6529 2.5
      vertex -42.1666 2.6529 2.5
      vertex -42.25 0 2.5
    endloop
  endfacet
  facet normal 0.995561 0.0941146 0
    outer loop
      vertex 42.1666 2.6529 2.5
      vertex 41.9168 5.29533 0
      vertex 41.9168 5.29533 2.5
    endloop
  endfacet
  facet normal 0.995561 0.0941146 0
    outer loop
      vertex 41.9168 5.29533 0
      vertex 42.1666 2.6529 2.5
      vertex 42.1666 2.6529 0
    endloop
  endfacet
  facet normal 0.999506 0.0314218 0
    outer loop
      vertex 42.25 0 2.5
      vertex 42.1666 2.6529 0
      vertex 42.1666 2.6529 2.5
    endloop
  endfacet
  facet normal 0.999506 0.0314218 0
    outer loop
      vertex 42.1666 2.6529 0
      vertex 42.25 0 2.5
      vertex 42.25 0 0
    endloop
  endfacet
  facet normal -0.940891 -0.33871 0
    outer loop
      vertex -39.2831 -15.5533 0
      vertex -40.1821 -13.056 2.5
      vertex -40.1821 -13.056 0
    endloop
  endfacet
  facet normal -0.940891 -0.33871 0
    outer loop
      vertex -40.1821 -13.056 2.5
      vertex -39.2831 -15.5533 0
      vertex -39.2831 -15.5533 2.5
    endloop
  endfacet
  facet normal 0.218148 -0.975916 0
    outer loop
      vertex 7.91686 -41.5016 0
      vertex 10.5071 -40.9226 2.5
      vertex 7.91686 -41.5016 2.5
    endloop
  endfacet
  facet normal 0.218148 -0.975916 0
    outer loop
      vertex 10.5071 -40.9226 2.5
      vertex 7.91686 -41.5016 0
      vertex 10.5071 -40.9226 0
    endloop
  endfacet
  facet normal -0.0314218 0.999506 0
    outer loop
      vertex 0 42.25 0
      vertex -2.6529 42.1666 2.5
      vertex 0 42.25 2.5
    endloop
  endfacet
  facet normal -0.0314218 0.999506 0
    outer loop
      vertex -2.6529 42.1666 2.5
      vertex 0 42.25 0
      vertex -2.6529 42.1666 0
    endloop
  endfacet
  facet normal -0.999506 -0.0314218 0
    outer loop
      vertex -42.1666 -2.6529 0
      vertex -42.25 0 2.5
      vertex -42.25 0 0
    endloop
  endfacet
  facet normal -0.999506 -0.0314218 0
    outer loop
      vertex -42.25 0 2.5
      vertex -42.1666 -2.6529 0
      vertex -42.1666 -2.6529 2.5
    endloop
  endfacet
  facet normal -0.66133 0.750095 0
    outer loop
      vertex -26.9312 32.5542 0
      vertex -28.9221 30.7989 2.5
      vertex -26.9312 32.5542 2.5
    endloop
  endfacet
  facet normal -0.66133 0.750095 0
    outer loop
      vertex -28.9221 30.7989 2.5
      vertex -26.9312 32.5542 0
      vertex -28.9221 30.7989 0
    endloop
  endfacet
  facet normal -0.999506 0.0314218 0
    outer loop
      vertex -42.25 0 0
      vertex -42.1666 2.6529 2.5
      vertex -42.1666 2.6529 0
    endloop
  endfacet
  facet normal -0.999506 0.0314218 0
    outer loop
      vertex -42.1666 2.6529 2.5
      vertex -42.25 0 0
      vertex -42.25 0 2.5
    endloop
  endfacet
  facet normal -0.750095 -0.66133 0
    outer loop
      vertex -30.7989 -28.9221 0
      vertex -32.5542 -26.9312 2.5
      vertex -32.5542 -26.9312 0
    endloop
  endfacet
  facet normal -0.750095 -0.66133 0
    outer loop
      vertex -32.5542 -26.9312 2.5
      vertex -30.7989 -28.9221 0
      vertex -30.7989 -28.9221 2.5
    endloop
  endfacet
  facet normal 0.66133 0.750095 -0
    outer loop
      vertex 28.9221 30.7989 0
      vertex 26.9312 32.5542 2.5
      vertex 28.9221 30.7989 2.5
    endloop
  endfacet
  facet normal 0.66133 0.750095 0
    outer loop
      vertex 26.9312 32.5542 2.5
      vertex 28.9221 30.7989 0
      vertex 26.9312 32.5542 0
    endloop
  endfacet
  facet normal -0.33871 0.940891 0
    outer loop
      vertex -13.056 40.1821 0
      vertex -15.5533 39.2831 2.5
      vertex -13.056 40.1821 2.5
    endloop
  endfacet
  facet normal -0.33871 0.940891 0
    outer loop
      vertex -15.5533 39.2831 2.5
      vertex -13.056 40.1821 0
      vertex -15.5533 39.2831 0
    endloop
  endfacet
  facet normal -0.790161 -0.612899 0
    outer loop
      vertex -32.5542 -26.9312 0
      vertex -34.181 -24.8339 2.5
      vertex -34.181 -24.8339 0
    endloop
  endfacet
  facet normal -0.790161 -0.612899 0
    outer loop
      vertex -34.181 -24.8339 2.5
      vertex -32.5542 -26.9312 0
      vertex -32.5542 -26.9312 2.5
    endloop
  endfacet
  facet normal 0.33871 -0.940891 0
    outer loop
      vertex 13.056 -40.1821 0
      vertex 15.5533 -39.2831 2.5
      vertex 13.056 -40.1821 2.5
    endloop
  endfacet
  facet normal 0.33871 -0.940891 0
    outer loop
      vertex 15.5533 -39.2831 2.5
      vertex 13.056 -40.1821 0
      vertex 15.5533 -39.2831 0
    endloop
  endfacet
  facet normal -0.995561 -0.0941146 0
    outer loop
      vertex -41.9168 -5.29533 0
      vertex -42.1666 -2.6529 2.5
      vertex -42.1666 -2.6529 0
    endloop
  endfacet
  facet normal -0.995561 -0.0941146 0
    outer loop
      vertex -42.1666 -2.6529 2.5
      vertex -41.9168 -5.29533 0
      vertex -41.9168 -5.29533 2.5
    endloop
  endfacet
  facet normal -0.278983 0.960296 0
    outer loop
      vertex -10.5071 40.9226 0
      vertex -13.056 40.1821 2.5
      vertex -10.5071 40.9226 2.5
    endloop
  endfacet
  facet normal -0.278983 0.960296 0
    outer loop
      vertex -13.056 40.1821 2.5
      vertex -10.5071 40.9226 0
      vertex -13.056 40.1821 0
    endloop
  endfacet
  facet normal 0.750095 -0.66133 0
    outer loop
      vertex 30.7989 -28.9221 2.5
      vertex 32.5542 -26.9312 0
      vertex 32.5542 -26.9312 2.5
    endloop
  endfacet
  facet normal 0.750095 -0.66133 0
    outer loop
      vertex 32.5542 -26.9312 0
      vertex 30.7989 -28.9221 2.5
      vertex 30.7989 -28.9221 0
    endloop
  endfacet
  facet normal -0.156431 -0.987689 0
    outer loop
      vertex -7.91686 -41.5016 0
      vertex -5.29533 -41.9168 2.5
      vertex -7.91686 -41.5016 2.5
    endloop
  endfacet
  facet normal -0.156431 -0.987689 -0
    outer loop
      vertex -5.29533 -41.9168 2.5
      vertex -7.91686 -41.5016 0
      vertex -5.29533 -41.9168 0
    endloop
  endfacet
  facet normal -0.0941146 0.995561 0
    outer loop
      vertex -2.6529 42.1666 0
      vertex -5.29533 41.9168 2.5
      vertex -2.6529 42.1666 2.5
    endloop
  endfacet
  facet normal -0.0941146 0.995561 0
    outer loop
      vertex -5.29533 41.9168 2.5
      vertex -2.6529 42.1666 0
      vertex -5.29533 41.9168 0
    endloop
  endfacet
  facet normal -0.987689 0.156431 0
    outer loop
      vertex -41.9168 5.29533 0
      vertex -41.5016 7.91686 2.5
      vertex -41.5016 7.91686 0
    endloop
  endfacet
  facet normal -0.987689 0.156431 0
    outer loop
      vertex -41.5016 7.91686 2.5
      vertex -41.9168 5.29533 0
      vertex -41.9168 5.29533 2.5
    endloop
  endfacet
  facet normal -0.612899 0.790161 0
    outer loop
      vertex -24.8339 34.181 0
      vertex -26.9312 32.5542 2.5
      vertex -24.8339 34.181 2.5
    endloop
  endfacet
  facet normal -0.612899 0.790161 0
    outer loop
      vertex -26.9312 32.5542 2.5
      vertex -24.8339 34.181 0
      vertex -26.9312 32.5542 0
    endloop
  endfacet
  facet normal 0.707107 0.707107 0
    outer loop
      vertex 30.7989 28.9221 2.5
      vertex 28.9221 30.7989 0
      vertex 28.9221 30.7989 2.5
    endloop
  endfacet
  facet normal 0.707107 0.707107 0
    outer loop
      vertex 28.9221 30.7989 0
      vertex 30.7989 28.9221 2.5
      vertex 30.7989 28.9221 0
    endloop
  endfacet
  facet normal -0.562095 0.827073 0
    outer loop
      vertex -22.6387 35.6729 0
      vertex -24.8339 34.181 2.5
      vertex -22.6387 35.6729 2.5
    endloop
  endfacet
  facet normal -0.562095 0.827073 0
    outer loop
      vertex -24.8339 34.181 2.5
      vertex -22.6387 35.6729 0
      vertex -24.8339 34.181 0
    endloop
  endfacet
  facet normal 0.612899 0.790161 -0
    outer loop
      vertex 26.9312 32.5542 0
      vertex 24.8339 34.181 2.5
      vertex 26.9312 32.5542 2.5
    endloop
  endfacet
  facet normal 0.612899 0.790161 0
    outer loop
      vertex 24.8339 34.181 2.5
      vertex 26.9312 32.5542 0
      vertex 24.8339 34.181 0
    endloop
  endfacet
  facet normal -0.940891 0.33871 0
    outer loop
      vertex -40.1821 13.056 0
      vertex -39.2831 15.5533 2.5
      vertex -39.2831 15.5533 0
    endloop
  endfacet
  facet normal -0.940891 0.33871 0
    outer loop
      vertex -39.2831 15.5533 2.5
      vertex -40.1821 13.056 0
      vertex -40.1821 13.056 2.5
    endloop
  endfacet
  facet normal 0.453968 0.891018 -0
    outer loop
      vertex 20.3541 37.024 0
      vertex 17.9892 38.2289 2.5
      vertex 20.3541 37.024 2.5
    endloop
  endfacet
  facet normal 0.453968 0.891018 0
    outer loop
      vertex 17.9892 38.2289 2.5
      vertex 20.3541 37.024 0
      vertex 17.9892 38.2289 0
    endloop
  endfacet
  facet normal -0.960296 0.278983 0
    outer loop
      vertex -40.9226 10.5071 0
      vertex -40.1821 13.056 2.5
      vertex -40.1821 13.056 0
    endloop
  endfacet
  facet normal -0.960296 0.278983 0
    outer loop
      vertex -40.1821 13.056 2.5
      vertex -40.9226 10.5071 0
      vertex -40.9226 10.5071 2.5
    endloop
  endfacet
  facet normal 0.278983 -0.960296 0
    outer loop
      vertex 10.5071 -40.9226 0
      vertex 13.056 -40.1821 2.5
      vertex 10.5071 -40.9226 2.5
    endloop
  endfacet
  facet normal 0.278983 -0.960296 0
    outer loop
      vertex 13.056 -40.1821 2.5
      vertex 10.5071 -40.9226 0
      vertex 13.056 -40.1821 0
    endloop
  endfacet
  facet normal 0.562095 0.827073 -0
    outer loop
      vertex 24.8339 34.181 0
      vertex 22.6387 35.6729 2.5
      vertex 24.8339 34.181 2.5
    endloop
  endfacet
  facet normal 0.562095 0.827073 0
    outer loop
      vertex 22.6387 35.6729 2.5
      vertex 24.8339 34.181 0
      vertex 22.6387 35.6729 0
    endloop
  endfacet
  facet normal 0.960296 0.278983 0
    outer loop
      vertex 40.9226 10.5071 2.5
      vertex 40.1821 13.056 0
      vertex 40.1821 13.056 2.5
    endloop
  endfacet
  facet normal 0.960296 0.278983 0
    outer loop
      vertex 40.1821 13.056 0
      vertex 40.9226 10.5071 2.5
      vertex 40.9226 10.5071 0
    endloop
  endfacet
  facet normal -0.987689 -0.156431 0
    outer loop
      vertex -41.5016 -7.91686 0
      vertex -41.9168 -5.29533 2.5
      vertex -41.9168 -5.29533 0
    endloop
  endfacet
  facet normal -0.987689 -0.156431 0
    outer loop
      vertex -41.9168 -5.29533 2.5
      vertex -41.5016 -7.91686 0
      vertex -41.5016 -7.91686 2.5
    endloop
  endfacet
  facet normal -0.453968 -0.891018 0
    outer loop
      vertex -20.3541 -37.024 0
      vertex -17.9892 -38.2289 2.5
      vertex -20.3541 -37.024 2.5
    endloop
  endfacet
  facet normal -0.453968 -0.891018 -0
    outer loop
      vertex -17.9892 -38.2289 2.5
      vertex -20.3541 -37.024 0
      vertex -17.9892 -38.2289 0
    endloop
  endfacet
  facet normal -0.707107 -0.707107 0
    outer loop
      vertex -28.9221 -30.7989 0
      vertex -30.7989 -28.9221 2.5
      vertex -30.7989 -28.9221 0
    endloop
  endfacet
  facet normal -0.707107 -0.707107 0
    outer loop
      vertex -30.7989 -28.9221 2.5
      vertex -28.9221 -30.7989 0
      vertex -28.9221 -30.7989 2.5
    endloop
  endfacet
  facet normal 0.562095 -0.827073 0
    outer loop
      vertex 22.6387 -35.6729 0
      vertex 24.8339 -34.181 2.5
      vertex 22.6387 -35.6729 2.5
    endloop
  endfacet
  facet normal 0.562095 -0.827073 0
    outer loop
      vertex 24.8339 -34.181 2.5
      vertex 22.6387 -35.6729 0
      vertex 24.8339 -34.181 0
    endloop
  endfacet
  facet normal 0.0941146 0.995561 -0
    outer loop
      vertex 5.29533 41.9168 0
      vertex 2.6529 42.1666 2.5
      vertex 5.29533 41.9168 2.5
    endloop
  endfacet
  facet normal 0.0941146 0.995561 0
    outer loop
      vertex 2.6529 42.1666 2.5
      vertex 5.29533 41.9168 0
      vertex 2.6529 42.1666 0
    endloop
  endfacet
  facet normal 0.156431 -0.987689 0
    outer loop
      vertex 5.29533 -41.9168 0
      vertex 7.91686 -41.5016 2.5
      vertex 5.29533 -41.9168 2.5
    endloop
  endfacet
  facet normal 0.156431 -0.987689 0
    outer loop
      vertex 7.91686 -41.5016 2.5
      vertex 5.29533 -41.9168 0
      vertex 7.91686 -41.5016 0
    endloop
  endfacet
  facet normal 0.66133 -0.750095 0
    outer loop
      vertex 26.9312 -32.5542 0
      vertex 28.9221 -30.7989 2.5
      vertex 26.9312 -32.5542 2.5
    endloop
  endfacet
  facet normal 0.66133 -0.750095 0
    outer loop
      vertex 28.9221 -30.7989 2.5
      vertex 26.9312 -32.5542 0
      vertex 28.9221 -30.7989 0
    endloop
  endfacet
  facet normal -0.218148 0.975916 0
    outer loop
      vertex -7.91686 41.5016 0
      vertex -10.5071 40.9226 2.5
      vertex -7.91686 41.5016 2.5
    endloop
  endfacet
  facet normal -0.218148 0.975916 0
    outer loop
      vertex -10.5071 40.9226 2.5
      vertex -7.91686 41.5016 0
      vertex -10.5071 40.9226 0
    endloop
  endfacet
  facet normal 0.397177 0.917742 -0
    outer loop
      vertex 17.9892 38.2289 0
      vertex 15.5533 39.2831 2.5
      vertex 17.9892 38.2289 2.5
    endloop
  endfacet
  facet normal 0.397177 0.917742 0
    outer loop
      vertex 15.5533 39.2831 2.5
      vertex 17.9892 38.2289 0
      vertex 15.5533 39.2831 0
    endloop
  endfacet
  facet normal 0.827073 0.562095 0
    outer loop
      vertex 35.6729 22.6387 2.5
      vertex 34.181 24.8339 0
      vertex 34.181 24.8339 2.5
    endloop
  endfacet
  facet normal 0.827073 0.562095 0
    outer loop
      vertex 34.181 24.8339 0
      vertex 35.6729 22.6387 2.5
      vertex 35.6729 22.6387 0
    endloop
  endfacet
  facet normal -0.612899 -0.790161 0
    outer loop
      vertex -26.9312 -32.5542 0
      vertex -24.8339 -34.181 2.5
      vertex -26.9312 -32.5542 2.5
    endloop
  endfacet
  facet normal -0.612899 -0.790161 -0
    outer loop
      vertex -24.8339 -34.181 2.5
      vertex -26.9312 -32.5542 0
      vertex -24.8339 -34.181 0
    endloop
  endfacet
  facet normal 0.891018 0.453968 0
    outer loop
      vertex 38.2289 17.9892 2.5
      vertex 37.024 20.3541 0
      vertex 37.024 20.3541 2.5
    endloop
  endfacet
  facet normal 0.891018 0.453968 0
    outer loop
      vertex 37.024 20.3541 0
      vertex 38.2289 17.9892 2.5
      vertex 38.2289 17.9892 0
    endloop
  endfacet
  facet normal 0.0941146 -0.995561 0
    outer loop
      vertex 2.6529 -42.1666 0
      vertex 5.29533 -41.9168 2.5
      vertex 2.6529 -42.1666 2.5
    endloop
  endfacet
  facet normal 0.0941146 -0.995561 0
    outer loop
      vertex 5.29533 -41.9168 2.5
      vertex 2.6529 -42.1666 0
      vertex 5.29533 -41.9168 0
    endloop
  endfacet
  facet normal -0.827073 0.562095 0
    outer loop
      vertex -35.6729 22.6387 0
      vertex -34.181 24.8339 2.5
      vertex -34.181 24.8339 0
    endloop
  endfacet
  facet normal -0.827073 0.562095 0
    outer loop
      vertex -34.181 24.8339 2.5
      vertex -35.6729 22.6387 0
      vertex -35.6729 22.6387 2.5
    endloop
  endfacet
  facet normal 0.0314218 0.999506 -0
    outer loop
      vertex 2.6529 42.1666 0
      vertex 0 42.25 2.5
      vertex 2.6529 42.1666 2.5
    endloop
  endfacet
  facet normal 0.0314218 0.999506 0
    outer loop
      vertex 0 42.25 2.5
      vertex 2.6529 42.1666 0
      vertex 0 42.25 0
    endloop
  endfacet
  facet normal 0.509039 0.860743 -0
    outer loop
      vertex 22.6387 35.6729 0
      vertex 20.3541 37.024 2.5
      vertex 22.6387 35.6729 2.5
    endloop
  endfacet
  facet normal 0.509039 0.860743 0
    outer loop
      vertex 20.3541 37.024 2.5
      vertex 22.6387 35.6729 0
      vertex 20.3541 37.024 0
    endloop
  endfacet
  facet normal 0.790161 -0.612899 0
    outer loop
      vertex 32.5542 -26.9312 2.5
      vertex 34.181 -24.8339 0
      vertex 34.181 -24.8339 2.5
    endloop
  endfacet
  facet normal 0.790161 -0.612899 0
    outer loop
      vertex 34.181 -24.8339 0
      vertex 32.5542 -26.9312 2.5
      vertex 32.5542 -26.9312 0
    endloop
  endfacet
  facet normal -0.917742 -0.397177 0
    outer loop
      vertex -38.2289 -17.9892 0
      vertex -39.2831 -15.5533 2.5
      vertex -39.2831 -15.5533 0
    endloop
  endfacet
  facet normal -0.917742 -0.397177 0
    outer loop
      vertex -39.2831 -15.5533 2.5
      vertex -38.2289 -17.9892 0
      vertex -38.2289 -17.9892 2.5
    endloop
  endfacet
  facet normal 0.0314218 -0.999506 0
    outer loop
      vertex 0 -42.25 0
      vertex 2.6529 -42.1666 2.5
      vertex 0 -42.25 2.5
    endloop
  endfacet
  facet normal 0.0314218 -0.999506 0
    outer loop
      vertex 2.6529 -42.1666 2.5
      vertex 0 -42.25 0
      vertex 2.6529 -42.1666 0
    endloop
  endfacet
  facet normal 0.995561 -0.0941146 0
    outer loop
      vertex 41.9168 -5.29533 2.5
      vertex 42.1666 -2.6529 0
      vertex 42.1666 -2.6529 2.5
    endloop
  endfacet
  facet normal 0.995561 -0.0941146 0
    outer loop
      vertex 42.1666 -2.6529 0
      vertex 41.9168 -5.29533 2.5
      vertex 41.9168 -5.29533 0
    endloop
  endfacet
  facet normal -0.156431 0.987689 0
    outer loop
      vertex -5.29533 41.9168 0
      vertex -7.91686 41.5016 2.5
      vertex -5.29533 41.9168 2.5
    endloop
  endfacet
  facet normal -0.156431 0.987689 0
    outer loop
      vertex -7.91686 41.5016 2.5
      vertex -5.29533 41.9168 0
      vertex -7.91686 41.5016 0
    endloop
  endfacet
  facet normal 0.750095 0.66133 0
    outer loop
      vertex 32.5542 26.9312 2.5
      vertex 30.7989 28.9221 0
      vertex 30.7989 28.9221 2.5
    endloop
  endfacet
  facet normal 0.750095 0.66133 0
    outer loop
      vertex 30.7989 28.9221 0
      vertex 32.5542 26.9312 2.5
      vertex 32.5542 26.9312 0
    endloop
  endfacet
  facet normal -0.707107 0.707107 0
    outer loop
      vertex -30.7989 28.9221 0
      vertex -28.9221 30.7989 2.5
      vertex -28.9221 30.7989 0
    endloop
  endfacet
  facet normal -0.707107 0.707107 0
    outer loop
      vertex -28.9221 30.7989 2.5
      vertex -30.7989 28.9221 0
      vertex -30.7989 28.9221 2.5
    endloop
  endfacet
  facet normal 0.860743 -0.509039 0
    outer loop
      vertex 35.6729 -22.6387 2.5
      vertex 37.024 -20.3541 0
      vertex 37.024 -20.3541 2.5
    endloop
  endfacet
  facet normal 0.860743 -0.509039 0
    outer loop
      vertex 37.024 -20.3541 0
      vertex 35.6729 -22.6387 2.5
      vertex 35.6729 -22.6387 0
    endloop
  endfacet
  facet normal -0.0941146 -0.995561 0
    outer loop
      vertex -5.29533 -41.9168 0
      vertex -2.6529 -42.1666 2.5
      vertex -5.29533 -41.9168 2.5
    endloop
  endfacet
  facet normal -0.0941146 -0.995561 -0
    outer loop
      vertex -2.6529 -42.1666 2.5
      vertex -5.29533 -41.9168 0
      vertex -2.6529 -42.1666 0
    endloop
  endfacet
  facet normal 0.987689 -0.156431 0
    outer loop
      vertex 41.5016 -7.91686 2.5
      vertex 41.9168 -5.29533 0
      vertex 41.9168 -5.29533 2.5
    endloop
  endfacet
  facet normal 0.987689 -0.156431 0
    outer loop
      vertex 41.9168 -5.29533 0
      vertex 41.5016 -7.91686 2.5
      vertex 41.5016 -7.91686 0
    endloop
  endfacet
  facet normal 0.975916 -0.218148 0
    outer loop
      vertex 40.9226 -10.5071 2.5
      vertex 41.5016 -7.91686 0
      vertex 41.5016 -7.91686 2.5
    endloop
  endfacet
  facet normal 0.975916 -0.218148 0
    outer loop
      vertex 41.5016 -7.91686 0
      vertex 40.9226 -10.5071 2.5
      vertex 40.9226 -10.5071 0
    endloop
  endfacet
  facet normal -0.960296 -0.278983 0
    outer loop
      vertex -40.1821 -13.056 0
      vertex -40.9226 -10.5071 2.5
      vertex -40.9226 -10.5071 0
    endloop
  endfacet
  facet normal -0.960296 -0.278983 0
    outer loop
      vertex -40.9226 -10.5071 2.5
      vertex -40.1821 -13.056 0
      vertex -40.1821 -13.056 2.5
    endloop
  endfacet
  facet normal 0.453968 -0.891018 0
    outer loop
      vertex 17.9892 -38.2289 0
      vertex 20.3541 -37.024 2.5
      vertex 17.9892 -38.2289 2.5
    endloop
  endfacet
  facet normal 0.453968 -0.891018 0
    outer loop
      vertex 20.3541 -37.024 2.5
      vertex 17.9892 -38.2289 0
      vertex 20.3541 -37.024 0
    endloop
  endfacet
  facet normal 0.33871 0.940891 -0
    outer loop
      vertex 15.5533 39.2831 0
      vertex 13.056 40.1821 2.5
      vertex 15.5533 39.2831 2.5
    endloop
  endfacet
  facet normal 0.33871 0.940891 0
    outer loop
      vertex 13.056 40.1821 2.5
      vertex 15.5533 39.2831 0
      vertex 13.056 40.1821 0
    endloop
  endfacet
  facet normal -0.975916 -0.218148 0
    outer loop
      vertex -40.9226 -10.5071 0
      vertex -41.5016 -7.91686 2.5
      vertex -41.5016 -7.91686 0
    endloop
  endfacet
  facet normal -0.975916 -0.218148 0
    outer loop
      vertex -41.5016 -7.91686 2.5
      vertex -40.9226 -10.5071 0
      vertex -40.9226 -10.5071 2.5
    endloop
  endfacet
  facet normal 0.940891 0.33871 0
    outer loop
      vertex 40.1821 13.056 2.5
      vertex 39.2831 15.5533 0
      vertex 39.2831 15.5533 2.5
    endloop
  endfacet
  facet normal 0.940891 0.33871 0
    outer loop
      vertex 39.2831 15.5533 0
      vertex 40.1821 13.056 2.5
      vertex 40.1821 13.056 0
    endloop
  endfacet
  facet normal 0.917742 -0.397177 0
    outer loop
      vertex 38.2289 -17.9892 2.5
      vertex 39.2831 -15.5533 0
      vertex 39.2831 -15.5533 2.5
    endloop
  endfacet
  facet normal 0.917742 -0.397177 0
    outer loop
      vertex 39.2831 -15.5533 0
      vertex 38.2289 -17.9892 2.5
      vertex 38.2289 -17.9892 0
    endloop
  endfacet
  facet normal -0.975916 0.218148 0
    outer loop
      vertex -41.5016 7.91686 0
      vertex -40.9226 10.5071 2.5
      vertex -40.9226 10.5071 0
    endloop
  endfacet
  facet normal -0.975916 0.218148 0
    outer loop
      vertex -40.9226 10.5071 2.5
      vertex -41.5016 7.91686 0
      vertex -41.5016 7.91686 2.5
    endloop
  endfacet
  facet normal -0.509039 0.860743 0
    outer loop
      vertex -20.3541 37.024 0
      vertex -22.6387 35.6729 2.5
      vertex -20.3541 37.024 2.5
    endloop
  endfacet
  facet normal -0.509039 0.860743 0
    outer loop
      vertex -22.6387 35.6729 2.5
      vertex -20.3541 37.024 0
      vertex -22.6387 35.6729 0
    endloop
  endfacet
  facet normal -0.453968 0.891018 0
    outer loop
      vertex -17.9892 38.2289 0
      vertex -20.3541 37.024 2.5
      vertex -17.9892 38.2289 2.5
    endloop
  endfacet
  facet normal -0.453968 0.891018 0
    outer loop
      vertex -20.3541 37.024 2.5
      vertex -17.9892 38.2289 0
      vertex -20.3541 37.024 0
    endloop
  endfacet
  facet normal -0.397177 0.917742 0
    outer loop
      vertex -15.5533 39.2831 0
      vertex -17.9892 38.2289 2.5
      vertex -15.5533 39.2831 2.5
    endloop
  endfacet
  facet normal -0.397177 0.917742 0
    outer loop
      vertex -17.9892 38.2289 2.5
      vertex -15.5533 39.2831 0
      vertex -17.9892 38.2289 0
    endloop
  endfacet
  facet normal 0.940891 -0.33871 0
    outer loop
      vertex 39.2831 -15.5533 2.5
      vertex 40.1821 -13.056 0
      vertex 40.1821 -13.056 2.5
    endloop
  endfacet
  facet normal 0.940891 -0.33871 0
    outer loop
      vertex 40.1821 -13.056 0
      vertex 39.2831 -15.5533 2.5
      vertex 39.2831 -15.5533 0
    endloop
  endfacet
  facet normal 0.860743 0.509039 0
    outer loop
      vertex 37.024 20.3541 2.5
      vertex 35.6729 22.6387 0
      vertex 35.6729 22.6387 2.5
    endloop
  endfacet
  facet normal 0.860743 0.509039 0
    outer loop
      vertex 35.6729 22.6387 0
      vertex 37.024 20.3541 2.5
      vertex 37.024 20.3541 0
    endloop
  endfacet
  facet normal 0.975916 0.218148 0
    outer loop
      vertex 41.5016 7.91686 2.5
      vertex 40.9226 10.5071 0
      vertex 40.9226 10.5071 2.5
    endloop
  endfacet
  facet normal 0.975916 0.218148 0
    outer loop
      vertex 40.9226 10.5071 0
      vertex 41.5016 7.91686 2.5
      vertex 41.5016 7.91686 0
    endloop
  endfacet
  facet normal -0.860743 0.509039 0
    outer loop
      vertex -37.024 20.3541 0
      vertex -35.6729 22.6387 2.5
      vertex -35.6729 22.6387 0
    endloop
  endfacet
  facet normal -0.860743 0.509039 0
    outer loop
      vertex -35.6729 22.6387 2.5
      vertex -37.024 20.3541 0
      vertex -37.024 20.3541 2.5
    endloop
  endfacet
  facet normal 0.917742 0.397177 0
    outer loop
      vertex 39.2831 15.5533 2.5
      vertex 38.2289 17.9892 0
      vertex 38.2289 17.9892 2.5
    endloop
  endfacet
  facet normal 0.917742 0.397177 0
    outer loop
      vertex 38.2289 17.9892 0
      vertex 39.2831 15.5533 2.5
      vertex 39.2831 15.5533 0
    endloop
  endfacet
  facet normal -0.917742 0.397177 0
    outer loop
      vertex -39.2831 15.5533 0
      vertex -38.2289 17.9892 2.5
      vertex -38.2289 17.9892 0
    endloop
  endfacet
  facet normal -0.917742 0.397177 0
    outer loop
      vertex -38.2289 17.9892 2.5
      vertex -39.2831 15.5533 0
      vertex -39.2831 15.5533 2.5
    endloop
  endfacet
  facet normal 0.987689 0.156431 0
    outer loop
      vertex 41.9168 5.29533 2.5
      vertex 41.5016 7.91686 0
      vertex 41.5016 7.91686 2.5
    endloop
  endfacet
  facet normal 0.987689 0.156431 0
    outer loop
      vertex 41.5016 7.91686 0
      vertex 41.9168 5.29533 2.5
      vertex 41.9168 5.29533 0
    endloop
  endfacet
  facet normal 0.827073 -0.562095 0
    outer loop
      vertex 34.181 -24.8339 2.5
      vertex 35.6729 -22.6387 0
      vertex 35.6729 -22.6387 2.5
    endloop
  endfacet
  facet normal 0.827073 -0.562095 0
    outer loop
      vertex 35.6729 -22.6387 0
      vertex 34.181 -24.8339 2.5
      vertex 34.181 -24.8339 0
    endloop
  endfacet
  facet normal -0.509039 -0.860743 0
    outer loop
      vertex -22.6387 -35.6729 0
      vertex -20.3541 -37.024 2.5
      vertex -22.6387 -35.6729 2.5
    endloop
  endfacet
  facet normal -0.509039 -0.860743 -0
    outer loop
      vertex -20.3541 -37.024 2.5
      vertex -22.6387 -35.6729 0
      vertex -20.3541 -37.024 0
    endloop
  endfacet
  facet normal -0.790161 0.612899 0
    outer loop
      vertex -34.181 24.8339 0
      vertex -32.5542 26.9312 2.5
      vertex -32.5542 26.9312 0
    endloop
  endfacet
  facet normal -0.790161 0.612899 0
    outer loop
      vertex -32.5542 26.9312 2.5
      vertex -34.181 24.8339 0
      vertex -34.181 24.8339 2.5
    endloop
  endfacet
  facet normal -0.66133 -0.750095 0
    outer loop
      vertex -28.9221 -30.7989 0
      vertex -26.9312 -32.5542 2.5
      vertex -28.9221 -30.7989 2.5
    endloop
  endfacet
  facet normal -0.66133 -0.750095 -0
    outer loop
      vertex -26.9312 -32.5542 2.5
      vertex -28.9221 -30.7989 0
      vertex -26.9312 -32.5542 0
    endloop
  endfacet
  facet normal 0.156431 0.987689 -0
    outer loop
      vertex 7.91686 41.5016 0
      vertex 5.29533 41.9168 2.5
      vertex 7.91686 41.5016 2.5
    endloop
  endfacet
  facet normal 0.156431 0.987689 0
    outer loop
      vertex 5.29533 41.9168 2.5
      vertex 7.91686 41.5016 0
      vertex 5.29533 41.9168 0
    endloop
  endfacet
  facet normal 0.891018 -0.453968 0
    outer loop
      vertex 37.024 -20.3541 2.5
      vertex 38.2289 -17.9892 0
      vertex 38.2289 -17.9892 2.5
    endloop
  endfacet
  facet normal 0.891018 -0.453968 0
    outer loop
      vertex 38.2289 -17.9892 0
      vertex 37.024 -20.3541 2.5
      vertex 37.024 -20.3541 0
    endloop
  endfacet
  facet normal -0.218148 -0.975916 0
    outer loop
      vertex -10.5071 -40.9226 0
      vertex -7.91686 -41.5016 2.5
      vertex -10.5071 -40.9226 2.5
    endloop
  endfacet
  facet normal -0.218148 -0.975916 -0
    outer loop
      vertex -7.91686 -41.5016 2.5
      vertex -10.5071 -40.9226 0
      vertex -7.91686 -41.5016 0
    endloop
  endfacet
  facet normal -0.278983 -0.960296 0
    outer loop
      vertex -13.056 -40.1821 0
      vertex -10.5071 -40.9226 2.5
      vertex -13.056 -40.1821 2.5
    endloop
  endfacet
  facet normal -0.278983 -0.960296 -0
    outer loop
      vertex -10.5071 -40.9226 2.5
      vertex -13.056 -40.1821 0
      vertex -10.5071 -40.9226 0
    endloop
  endfacet
  facet normal 0.707107 -0.707107 0
    outer loop
      vertex 28.9221 -30.7989 2.5
      vertex 30.7989 -28.9221 0
      vertex 30.7989 -28.9221 2.5
    endloop
  endfacet
  facet normal 0.707107 -0.707107 0
    outer loop
      vertex 30.7989 -28.9221 0
      vertex 28.9221 -30.7989 2.5
      vertex 28.9221 -30.7989 0
    endloop
  endfacet
  facet normal 0.278983 0.960296 -0
    outer loop
      vertex 13.056 40.1821 0
      vertex 10.5071 40.9226 2.5
      vertex 13.056 40.1821 2.5
    endloop
  endfacet
  facet normal 0.278983 0.960296 0
    outer loop
      vertex 10.5071 40.9226 2.5
      vertex 13.056 40.1821 0
      vertex 10.5071 40.9226 0
    endloop
  endfacet
  facet normal -0.860743 -0.509039 0
    outer loop
      vertex -35.6729 -22.6387 0
      vertex -37.024 -20.3541 2.5
      vertex -37.024 -20.3541 0
    endloop
  endfacet
  facet normal -0.860743 -0.509039 0
    outer loop
      vertex -37.024 -20.3541 2.5
      vertex -35.6729 -22.6387 0
      vertex -35.6729 -22.6387 2.5
    endloop
  endfacet
  facet normal 0.999506 -0.0314218 0
    outer loop
      vertex 42.1666 -2.6529 2.5
      vertex 42.25 0 0
      vertex 42.25 0 2.5
    endloop
  endfacet
  facet normal 0.999506 -0.0314218 0
    outer loop
      vertex 42.25 0 0
      vertex 42.1666 -2.6529 2.5
      vertex 42.1666 -2.6529 0
    endloop
  endfacet
  facet normal -0.0314218 -0.999506 0
    outer loop
      vertex -2.6529 -42.1666 0
      vertex 0 -42.25 2.5
      vertex -2.6529 -42.1666 2.5
    endloop
  endfacet
  facet normal -0.0314218 -0.999506 -0
    outer loop
      vertex 0 -42.25 2.5
      vertex -2.6529 -42.1666 0
      vertex 0 -42.25 0
    endloop
  endfacet
  facet normal 0.509039 -0.860743 0
    outer loop
      vertex 20.3541 -37.024 0
      vertex 22.6387 -35.6729 2.5
      vertex 20.3541 -37.024 2.5
    endloop
  endfacet
  facet normal 0.509039 -0.860743 0
    outer loop
      vertex 22.6387 -35.6729 2.5
      vertex 20.3541 -37.024 0
      vertex 22.6387 -35.6729 0
    endloop
  endfacet
  facet normal 0.960296 -0.278983 0
    outer loop
      vertex 40.1821 -13.056 2.5
      vertex 40.9226 -10.5071 0
      vertex 40.9226 -10.5071 2.5
    endloop
  endfacet
  facet normal 0.960296 -0.278983 0
    outer loop
      vertex 40.9226 -10.5071 0
      vertex 40.1821 -13.056 2.5
      vertex 40.1821 -13.056 0
    endloop
  endfacet
  facet normal 0.790161 0.612899 0
    outer loop
      vertex 34.181 24.8339 2.5
      vertex 32.5542 26.9312 0
      vertex 32.5542 26.9312 2.5
    endloop
  endfacet
  facet normal 0.790161 0.612899 0
    outer loop
      vertex 32.5542 26.9312 0
      vertex 34.181 24.8339 2.5
      vertex 34.181 24.8339 0
    endloop
  endfacet
  facet normal -0.827073 -0.562095 0
    outer loop
      vertex -34.181 -24.8339 0
      vertex -35.6729 -22.6387 2.5
      vertex -35.6729 -22.6387 0
    endloop
  endfacet
  facet normal -0.827073 -0.562095 0
    outer loop
      vertex -35.6729 -22.6387 2.5
      vertex -34.181 -24.8339 0
      vertex -34.181 -24.8339 2.5
    endloop
  endfacet
  facet normal 0.612899 -0.790161 0
    outer loop
      vertex 24.8339 -34.181 0
      vertex 26.9312 -32.5542 2.5
      vertex 24.8339 -34.181 2.5
    endloop
  endfacet
  facet normal 0.612899 -0.790161 0
    outer loop
      vertex 26.9312 -32.5542 2.5
      vertex 24.8339 -34.181 0
      vertex 26.9312 -32.5542 0
    endloop
  endfacet
  facet normal 0.397177 -0.917742 0
    outer loop
      vertex 15.5533 -39.2831 0
      vertex 17.9892 -38.2289 2.5
      vertex 15.5533 -39.2831 2.5
    endloop
  endfacet
  facet normal 0.397177 -0.917742 0
    outer loop
      vertex 17.9892 -38.2289 2.5
      vertex 15.5533 -39.2831 0
      vertex 17.9892 -38.2289 0
    endloop
  endfacet
  facet normal -0.891018 0.453968 0
    outer loop
      vertex -38.2289 17.9892 0
      vertex -37.024 20.3541 2.5
      vertex -37.024 20.3541 0
    endloop
  endfacet
  facet normal -0.891018 0.453968 0
    outer loop
      vertex -37.024 20.3541 2.5
      vertex -38.2289 17.9892 0
      vertex -38.2289 17.9892 2.5
    endloop
  endfacet
  facet normal -0.995561 0.0941146 0
    outer loop
      vertex -42.1666 2.6529 0
      vertex -41.9168 5.29533 2.5
      vertex -41.9168 5.29533 0
    endloop
  endfacet
  facet normal -0.995561 0.0941146 0
    outer loop
      vertex -41.9168 5.29533 2.5
      vertex -42.1666 2.6529 0
      vertex -42.1666 2.6529 2.5
    endloop
  endfacet
  facet normal -0.397177 -0.917742 0
    outer loop
      vertex -17.9892 -38.2289 0
      vertex -15.5533 -39.2831 2.5
      vertex -17.9892 -38.2289 2.5
    endloop
  endfacet
  facet normal -0.397177 -0.917742 -0
    outer loop
      vertex -15.5533 -39.2831 2.5
      vertex -17.9892 -38.2289 0
      vertex -15.5533 -39.2831 0
    endloop
  endfacet
  facet normal -0.33871 -0.940891 0
    outer loop
      vertex -15.5533 -39.2831 0
      vertex -13.056 -40.1821 2.5
      vertex -15.5533 -39.2831 2.5
    endloop
  endfacet
  facet normal -0.33871 -0.940891 -0
    outer loop
      vertex -13.056 -40.1821 2.5
      vertex -15.5533 -39.2831 0
      vertex -13.056 -40.1821 0
    endloop
  endfacet
  facet normal 0.218148 0.975916 -0
    outer loop
      vertex 10.5071 40.9226 0
      vertex 7.91686 41.5016 2.5
      vertex 10.5071 40.9226 2.5
    endloop
  endfacet
  facet normal 0.218148 0.975916 0
    outer loop
      vertex 7.91686 41.5016 2.5
      vertex 10.5071 40.9226 0
      vertex 7.91686 41.5016 0
    endloop
  endfacet
  facet normal -0.891018 -0.453968 0
    outer loop
      vertex -37.024 -20.3541 0
      vertex -38.2289 -17.9892 2.5
      vertex -38.2289 -17.9892 0
    endloop
  endfacet
  facet normal -0.891018 -0.453968 0
    outer loop
      vertex -38.2289 -17.9892 2.5
      vertex -37.024 -20.3541 0
      vertex -37.024 -20.3541 2.5
    endloop
  endfacet
  facet normal -0.750095 0.66133 0
    outer loop
      vertex -32.5542 26.9312 0
      vertex -30.7989 28.9221 2.5
      vertex -30.7989 28.9221 0
    endloop
  endfacet
  facet normal -0.750095 0.66133 0
    outer loop
      vertex -30.7989 28.9221 2.5
      vertex -32.5542 26.9312 0
      vertex -32.5542 26.9312 2.5
    endloop
  endfacet
  facet normal -0.562095 -0.827073 0
    outer loop
      vertex -24.8339 -34.181 0
      vertex -22.6387 -35.6729 2.5
      vertex -24.8339 -34.181 2.5
    endloop
  endfacet
  facet normal -0.562095 -0.827073 -0
    outer loop
      vertex -22.6387 -35.6729 2.5
      vertex -24.8339 -34.181 0
      vertex -22.6387 -35.6729 0
    endloop
  endfacet
  facet normal 0 -1 0
    outer loop
      vertex -43.9942 9.36602 10.5
      vertex -41.4338 9.36602 11.5
      vertex -43.9942 9.36602 11.5
    endloop
  endfacet
  facet normal 0 -1 -0
    outer loop
      vertex -41.4338 9.36602 11.5
      vertex -43.9942 9.36602 10.5
      vertex -41.4338 9.36602 10.5
    endloop
  endfacet
  facet normal 0 -0.500002 0.866024
    outer loop
      vertex -43.9942 9.36602 10.5
      vertex -41.6273 8.5 10
      vertex -41.4338 9.36602 10.5
    endloop
  endfacet
  facet normal 0 -0.500002 0.866024
    outer loop
      vertex -41.6273 8.5 10
      vertex -43.9942 9.36602 10.5
      vertex -44.1878 8.5 10
    endloop
  endfacet
  facet normal 0 1 -0
    outer loop
      vertex -41.7994 7.63397 10.5
      vertex -44.3293 7.63397 11.5
      vertex -41.7994 7.63397 11.5
    endloop
  endfacet
  facet normal 0 1 0
    outer loop
      vertex -44.3293 7.63397 11.5
      vertex -41.7994 7.63397 10.5
      vertex -44.3293 7.63397 10.5
    endloop
  endfacet
  facet normal -0 0.499967 0.866044
    outer loop
      vertex -44.1878 8.5 10
      vertex -41.7472 7.96371 10.3096
      vertex -41.6273 8.5 10
    endloop
  endfacet
  facet normal 9.62436e-05 0.500296 0.865855
    outer loop
      vertex -44.2029 8.43216 10.0392
      vertex -41.7472 7.96371 10.3096
      vertex -44.1878 8.5 10
    endloop
  endfacet
  facet normal 3.23729e-05 0.500044 0.866
    outer loop
      vertex -41.7472 7.96371 10.3096
      vertex -44.2029 8.43216 10.0392
      vertex -41.7994 7.63397 10.5
    endloop
  endfacet
  facet normal 0 0.499971 0.866042
    outer loop
      vertex -41.7994 7.63397 10.5
      vertex -44.2029 8.43216 10.0392
      vertex -44.3293 7.63397 10.5
    endloop
  endfacet
  facet normal 0 0.499967 -0.866044
    outer loop
      vertex -41.7472 7.96371 11.6904
      vertex -44.1878 8.5 12
      vertex -41.6273 8.5 12
    endloop
  endfacet
  facet normal 3.23729e-05 0.500044 -0.866
    outer loop
      vertex -44.2029 8.43216 11.9608
      vertex -41.7472 7.96371 11.6904
      vertex -41.7994 7.63397 11.5
    endloop
  endfacet
  facet normal 9.62436e-05 0.500296 -0.865855
    outer loop
      vertex -41.7472 7.96371 11.6904
      vertex -44.2029 8.43216 11.9608
      vertex -44.1878 8.5 12
    endloop
  endfacet
  facet normal 0 0.499971 -0.866042
    outer loop
      vertex -44.2029 8.43216 11.9608
      vertex -41.7994 7.63397 11.5
      vertex -44.3293 7.63397 11.5
    endloop
  endfacet
  facet normal 0 -0.500002 -0.866024
    outer loop
      vertex -41.6273 8.5 12
      vertex -43.9942 9.36602 11.5
      vertex -41.4338 9.36602 11.5
    endloop
  endfacet
  facet normal 0 -0.500002 -0.866024
    outer loop
      vertex -43.9942 9.36602 11.5
      vertex -41.6273 8.5 12
      vertex -44.1878 8.5 12
    endloop
  endfacet
  facet normal 0 -1 0
    outer loop
      vertex -44.5302 6.36602 10.5
      vertex -42.0003 6.36602 11.5
      vertex -44.5302 6.36602 11.5
    endloop
  endfacet
  facet normal 0 -1 -0
    outer loop
      vertex -42.0003 6.36602 11.5
      vertex -44.5302 6.36602 10.5
      vertex -42.0003 6.36602 10.5
    endloop
  endfacet
  facet normal 0 -0.500002 0.866024
    outer loop
      vertex -44.5302 6.36602 10.5
      vertex -42.1374 5.5 10
      vertex -42.0003 6.36602 10.5
    endloop
  endfacet
  facet normal -9.70473e-06 -0.500022 0.866012
    outer loop
      vertex -44.6452 5.63999 10.0808
      vertex -42.1374 5.5 10
      vertex -44.5302 6.36602 10.5
    endloop
  endfacet
  facet normal 0 -0.499892 0.866088
    outer loop
      vertex -42.1374 5.5 10
      vertex -44.6452 5.63999 10.0808
      vertex -44.6584 5.5 10
    endloop
  endfacet
  facet normal 0 1 -0
    outer loop
      vertex -42.2304 4.63397 10.5
      vertex -44.7403 4.63397 11.5
      vertex -42.2304 4.63397 11.5
    endloop
  endfacet
  facet normal 0 1 0
    outer loop
      vertex -44.7403 4.63397 11.5
      vertex -42.2304 4.63397 10.5
      vertex -44.7403 4.63397 10.5
    endloop
  endfacet
  facet normal -0 0.500083 0.865978
    outer loop
      vertex -44.6584 5.5 10
      vertex -42.1649 5.32666 10.1001
      vertex -42.1374 5.5 10
    endloop
  endfacet
  facet normal -9.76486e-06 0.499977 0.866038
    outer loop
      vertex -44.6584 5.5 10
      vertex -42.2304 4.63397 10.5
      vertex -42.1649 5.32666 10.1001
    endloop
  endfacet
  facet normal 0 0.499998 0.866027
    outer loop
      vertex -42.2304 4.63397 10.5
      vertex -44.6584 5.5 10
      vertex -44.7403 4.63397 10.5
    endloop
  endfacet
  facet normal 0 0.500083 -0.865978
    outer loop
      vertex -42.1649 5.32666 11.8999
      vertex -44.6584 5.5 12
      vertex -42.1374 5.5 12
    endloop
  endfacet
  facet normal -9.76486e-06 0.499977 -0.866038
    outer loop
      vertex -42.2304 4.63397 11.5
      vertex -44.6584 5.5 12
      vertex -42.1649 5.32666 11.8999
    endloop
  endfacet
  facet normal 0 0.499998 -0.866027
    outer loop
      vertex -44.6584 5.5 12
      vertex -42.2304 4.63397 11.5
      vertex -44.7403 4.63397 11.5
    endloop
  endfacet
  facet normal 0 -0.500002 -0.866024
    outer loop
      vertex -42.1374 5.5 12
      vertex -44.5302 6.36602 11.5
      vertex -42.0003 6.36602 11.5
    endloop
  endfacet
  facet normal -9.70473e-06 -0.500022 -0.866012
    outer loop
      vertex -42.1374 5.5 12
      vertex -44.6452 5.63999 11.9192
      vertex -44.5302 6.36602 11.5
    endloop
  endfacet
  facet normal 0 -0.499892 -0.866088
    outer loop
      vertex -44.6452 5.63999 11.9192
      vertex -42.1374 5.5 12
      vertex -44.6584 5.5 12
    endloop
  endfacet
  facet normal 0 -1 0
    outer loop
      vertex -44.8601 3.36602 10.5
      vertex -42.3502 3.36602 11.5
      vertex -44.8601 3.36602 11.5
    endloop
  endfacet
  facet normal 0 -1 -0
    outer loop
      vertex -42.3502 3.36602 11.5
      vertex -44.8601 3.36602 10.5
      vertex -42.3502 3.36602 10.5
    endloop
  endfacet
  facet normal 0 -0.500041 0.866002
    outer loop
      vertex -44.8601 3.36602 10.5
      vertex -42.4161 2.6686 10.0973
      vertex -42.3502 3.36602 10.5
    endloop
  endfacet
  facet normal 2.82031e-05 -0.499967 0.866044
    outer loop
      vertex -44.9112 2.82557 10.188
      vertex -42.4161 2.6686 10.0973
      vertex -44.8601 3.36602 10.5
    endloop
  endfacet
  facet normal 3.87107e-05 -0.499842 0.866117
    outer loop
      vertex -42.4161 2.6686 10.0973
      vertex -44.9112 2.82557 10.188
      vertex -42.4214 2.5 10
    endloop
  endfacet
  facet normal 0 -0.500064 0.865988
    outer loop
      vertex -42.4214 2.5 10
      vertex -44.9112 2.82557 10.188
      vertex -44.9214 2.5 10
    endloop
  endfacet
  facet normal 0 1 -0
    outer loop
      vertex -42.4487 1.63397 10.5
      vertex -44.9487 1.63397 11.5
      vertex -42.4487 1.63397 11.5
    endloop
  endfacet
  facet normal 0 1 0
    outer loop
      vertex -44.9487 1.63397 11.5
      vertex -42.4487 1.63397 10.5
      vertex -44.9487 1.63397 10.5
    endloop
  endfacet
  facet normal -0 0.499998 0.866027
    outer loop
      vertex -44.9214 2.5 10
      vertex -42.4487 1.63397 10.5
      vertex -42.4214 2.5 10
    endloop
  endfacet
  facet normal 0 0.499998 0.866027
    outer loop
      vertex -42.4487 1.63397 10.5
      vertex -44.9214 2.5 10
      vertex -44.9487 1.63397 10.5
    endloop
  endfacet
  facet normal 0 0.499998 -0.866027
    outer loop
      vertex -42.4487 1.63397 11.5
      vertex -44.9214 2.5 12
      vertex -42.4214 2.5 12
    endloop
  endfacet
  facet normal 0 0.499998 -0.866027
    outer loop
      vertex -44.9214 2.5 12
      vertex -42.4487 1.63397 11.5
      vertex -44.9487 1.63397 11.5
    endloop
  endfacet
  facet normal 0 -0.500041 -0.866002
    outer loop
      vertex -42.4161 2.6686 11.9027
      vertex -44.8601 3.36602 11.5
      vertex -42.3502 3.36602 11.5
    endloop
  endfacet
  facet normal 3.87107e-05 -0.499842 -0.866117
    outer loop
      vertex -44.9112 2.82557 11.812
      vertex -42.4161 2.6686 11.9027
      vertex -42.4214 2.5 12
    endloop
  endfacet
  facet normal 2.82031e-05 -0.499967 -0.866044
    outer loop
      vertex -42.4161 2.6686 11.9027
      vertex -44.9112 2.82557 11.812
      vertex -44.8601 3.36602 11.5
    endloop
  endfacet
  facet normal 0 -0.500064 -0.865988
    outer loop
      vertex -44.9112 2.82557 11.812
      vertex -42.4214 2.5 12
      vertex -44.9214 2.5 12
    endloop
  endfacet
  facet normal 0 -1 0
    outer loop
      vertex -44.9885 0.366025 10.5
      vertex -42.4885 0.366025 11.5
      vertex -44.9885 0.366025 11.5
    endloop
  endfacet
  facet normal 0 -1 -0
    outer loop
      vertex -42.4885 0.366025 11.5
      vertex -44.9885 0.366025 10.5
      vertex -42.4885 0.366025 10.5
    endloop
  endfacet
  facet normal 0 -0.499956 0.866051
    outer loop
      vertex -44.9885 0.366025 10.5
      vertex -42.5 0 10.2887
      vertex -42.4885 0.366025 10.5
    endloop
  endfacet
  facet normal 0 -0.499956 0.866051
    outer loop
      vertex -42.5 0 10.2887
      vertex -44.9885 0.366025 10.5
      vertex -45 0 10.2887
    endloop
  endfacet
  facet normal 0 -0.500032 0.866007
    outer loop
      vertex -42.5 0 10.2887
      vertex -45 0 10.2887
      vertex -44.9843 -0.5 10
    endloop
  endfacet
  facet normal 0 -0.500032 0.866007
    outer loop
      vertex -42.4843 -0.5 10
      vertex -42.5 0 10.2887
      vertex -44.9843 -0.5 10
    endloop
  endfacet
  facet normal 0 1 -0
    outer loop
      vertex -42.4571 -1.36602 10.5
      vertex -44.9571 -1.36602 11.5
      vertex -42.4571 -1.36602 11.5
    endloop
  endfacet
  facet normal 0 1 0
    outer loop
      vertex -44.9571 -1.36602 11.5
      vertex -42.4571 -1.36602 10.5
      vertex -44.9571 -1.36602 10.5
    endloop
  endfacet
  facet normal 0 0.500002 0.866024
    outer loop
      vertex -42.4843 -0.5 10
      vertex -44.9571 -1.36602 10.5
      vertex -42.4571 -1.36602 10.5
    endloop
  endfacet
  facet normal 0 0.500002 0.866024
    outer loop
      vertex -44.9571 -1.36602 10.5
      vertex -42.4843 -0.5 10
      vertex -44.9843 -0.5 10
    endloop
  endfacet
  facet normal 0 0.500002 -0.866024
    outer loop
      vertex -44.9571 -1.36602 11.5
      vertex -42.4843 -0.5 12
      vertex -42.4571 -1.36602 11.5
    endloop
  endfacet
  facet normal 0 0.500002 -0.866024
    outer loop
      vertex -42.4843 -0.5 12
      vertex -44.9571 -1.36602 11.5
      vertex -44.9843 -0.5 12
    endloop
  endfacet
  facet normal -0 -0.500032 -0.866007
    outer loop
      vertex -42.4843 -0.5 12
      vertex -44.9843 -0.5 12
      vertex -42.5 0 11.7113
    endloop
  endfacet
  facet normal 0 -0.500032 -0.866007
    outer loop
      vertex -45 0 11.7113
      vertex -42.5 0 11.7113
      vertex -44.9843 -0.5 12
    endloop
  endfacet
  facet normal 0 -0.499956 -0.866051
    outer loop
      vertex -44.9885 0.366025 11.5
      vertex -42.5 0 11.7113
      vertex -45 0 11.7113
    endloop
  endfacet
  facet normal 0 -0.499956 -0.866051
    outer loop
      vertex -42.5 0 11.7113
      vertex -44.9885 0.366025 11.5
      vertex -42.4885 0.366025 11.5
    endloop
  endfacet
  facet normal 0 1 -0
    outer loop
      vertex -42.2557 -4.36602 10.5
      vertex -44.7656 -4.36602 11.5
      vertex -42.2557 -4.36602 11.5
    endloop
  endfacet
  facet normal 0 1 0
    outer loop
      vertex -44.7656 -4.36602 11.5
      vertex -42.2557 -4.36602 10.5
      vertex -44.7656 -4.36602 10.5
    endloop
  endfacet
  facet normal 0 0.500002 0.866024
    outer loop
      vertex -42.3375 -3.5 10
      vertex -44.7656 -4.36602 10.5
      vertex -42.2557 -4.36602 10.5
    endloop
  endfacet
  facet normal 0 0.500002 0.866024
    outer loop
      vertex -44.7656 -4.36602 10.5
      vertex -42.3375 -3.5 10
      vertex -44.8475 -3.5 10
    endloop
  endfacet
  facet normal 0 0.500002 -0.866024
    outer loop
      vertex -44.7656 -4.36602 11.5
      vertex -42.3375 -3.5 12
      vertex -42.2557 -4.36602 11.5
    endloop
  endfacet
  facet normal 0 0.500002 -0.866024
    outer loop
      vertex -42.3375 -3.5 12
      vertex -44.7656 -4.36602 11.5
      vertex -44.8475 -3.5 12
    endloop
  endfacet
  facet normal 0 -0.499993 -0.866029
    outer loop
      vertex -44.8475 -3.5 12
      vertex -42.4161 -2.6686 11.52
      vertex -42.3375 -3.5 12
    endloop
  endfacet
  facet normal 1.06208e-05 -0.500016 -0.866016
    outer loop
      vertex -44.9112 -2.82557 11.6106
      vertex -42.4161 -2.6686 11.52
      vertex -44.8475 -3.5 12
    endloop
  endfacet
  facet normal 1.92239e-05 -0.500119 -0.865957
    outer loop
      vertex -42.4161 -2.6686 11.52
      vertex -44.9112 -2.82557 11.6106
      vertex -42.4172 -2.63397 11.5
    endloop
  endfacet
  facet normal -0 -0.499931 -0.866065
    outer loop
      vertex -42.4172 -2.63397 11.5
      vertex -44.9112 -2.82557 11.6106
      vertex -44.9172 -2.63397 11.5
    endloop
  endfacet
  facet normal 0 -1 0
    outer loop
      vertex -44.9172 -2.63397 10.5
      vertex -42.4172 -2.63397 11.5
      vertex -44.9172 -2.63397 11.5
    endloop
  endfacet
  facet normal 0 -1 -0
    outer loop
      vertex -42.4172 -2.63397 11.5
      vertex -44.9172 -2.63397 10.5
      vertex -42.4172 -2.63397 10.5
    endloop
  endfacet
  facet normal 0 -0.499993 0.866029
    outer loop
      vertex -42.4161 -2.6686 10.48
      vertex -44.8475 -3.5 10
      vertex -42.3375 -3.5 10
    endloop
  endfacet
  facet normal 1.92239e-05 -0.500119 0.865957
    outer loop
      vertex -44.9112 -2.82557 10.3894
      vertex -42.4161 -2.6686 10.48
      vertex -42.4172 -2.63397 10.5
    endloop
  endfacet
  facet normal 1.06208e-05 -0.500016 0.866016
    outer loop
      vertex -42.4161 -2.6686 10.48
      vertex -44.9112 -2.82557 10.3894
      vertex -44.8475 -3.5 10
    endloop
  endfacet
  facet normal 0 -0.499931 0.866065
    outer loop
      vertex -44.9112 -2.82557 10.3894
      vertex -42.4172 -2.63397 10.5
      vertex -44.9172 -2.63397 10.5
    endloop
  endfacet
  facet normal 0 1 -0
    outer loop
      vertex -41.8419 -7.36602 10.5
      vertex -44.3718 -7.36602 11.5
      vertex -41.8419 -7.36602 11.5
    endloop
  endfacet
  facet normal 0 1 0
    outer loop
      vertex -44.3718 -7.36602 11.5
      vertex -41.8419 -7.36602 10.5
      vertex -44.3718 -7.36602 10.5
    endloop
  endfacet
  facet normal 0 0.500002 0.866024
    outer loop
      vertex -41.979 -6.5 10
      vertex -44.3718 -7.36602 10.5
      vertex -41.8419 -7.36602 10.5
    endloop
  endfacet
  facet normal 0 0.500002 0.866024
    outer loop
      vertex -44.3718 -7.36602 10.5
      vertex -41.979 -6.5 10
      vertex -44.5089 -6.5 10
    endloop
  endfacet
  facet normal 0 0.500002 -0.866024
    outer loop
      vertex -44.3718 -7.36602 11.5
      vertex -41.979 -6.5 12
      vertex -41.8419 -7.36602 11.5
    endloop
  endfacet
  facet normal 0 0.500002 -0.866024
    outer loop
      vertex -41.979 -6.5 12
      vertex -44.3718 -7.36602 11.5
      vertex -44.5089 -6.5 12
    endloop
  endfacet
  facet normal 0 -0.499998 -0.866027
    outer loop
      vertex -44.5089 -6.5 12
      vertex -42.1162 -5.63397 11.5
      vertex -41.979 -6.5 12
    endloop
  endfacet
  facet normal -8.40051e-06 -0.499981 -0.866037
    outer loop
      vertex -44.6452 -5.63999 11.5035
      vertex -42.1162 -5.63397 11.5
      vertex -44.5089 -6.5 12
    endloop
  endfacet
  facet normal -0 -0.50262 -0.864507
    outer loop
      vertex -42.1162 -5.63397 11.5
      vertex -44.6452 -5.63999 11.5035
      vertex -44.6457 -5.63397 11.5
    endloop
  endfacet
  facet normal 0 -1 0
    outer loop
      vertex -44.6457 -5.63397 10.5
      vertex -42.1162 -5.63397 11.5
      vertex -44.6457 -5.63397 11.5
    endloop
  endfacet
  facet normal 0 -1 -0
    outer loop
      vertex -42.1162 -5.63397 11.5
      vertex -44.6457 -5.63397 10.5
      vertex -42.1162 -5.63397 10.5
    endloop
  endfacet
  facet normal 0 -0.499998 0.866027
    outer loop
      vertex -42.1162 -5.63397 10.5
      vertex -44.5089 -6.5 10
      vertex -41.979 -6.5 10
    endloop
  endfacet
  facet normal -8.40051e-06 -0.499981 0.866037
    outer loop
      vertex -42.1162 -5.63397 10.5
      vertex -44.6452 -5.63999 10.4965
      vertex -44.5089 -6.5 10
    endloop
  endfacet
  facet normal 0 -0.50262 0.864507
    outer loop
      vertex -44.6452 -5.63999 10.4965
      vertex -42.1162 -5.63397 10.5
      vertex -44.6457 -5.63397 10.5
    endloop
  endfacet
  facet normal 0.987689 -0.156429 0
    outer loop
      vertex -42.1374 5.5 12
      vertex -41.7472 7.96371 11.6904
      vertex -41.7472 7.96371 20
    endloop
  endfacet
  facet normal 0.987679 -0.156493 0
    outer loop
      vertex -41.7994 7.63397 11.5
      vertex -42.0003 6.36602 11.5
      vertex -41.7994 7.63397 10.5
    endloop
  endfacet
  facet normal 0.987686 -0.156448 -0.00015
    outer loop
      vertex -42.0003 6.36602 11.5
      vertex -41.7472 7.96371 11.6904
      vertex -42.1374 5.5 12
    endloop
  endfacet
  facet normal 0.987679 -0.156493 0.000236371
    outer loop
      vertex -41.7472 7.96371 11.6904
      vertex -42.0003 6.36602 11.5
      vertex -41.7994 7.63397 11.5
    endloop
  endfacet
  facet normal 0.987686 -0.156446 5.37267e-06
    outer loop
      vertex -42.1649 5.32666 20
      vertex -42.1374 5.5 12
      vertex -41.7472 7.96371 20
    endloop
  endfacet
  facet normal 0.987648 -0.156688 0
    outer loop
      vertex -42.1374 5.5 12
      vertex -42.1649 5.32666 20
      vertex -42.1649 5.32666 11.8999
    endloop
  endfacet
  facet normal 0.987679 -0.156493 -0.000236371
    outer loop
      vertex -42.0003 6.36602 10.5
      vertex -41.7472 7.96371 10.3096
      vertex -41.7994 7.63397 10.5
    endloop
  endfacet
  facet normal 0.987679 -0.156493 0
    outer loop
      vertex -42.0003 6.36602 10.5
      vertex -41.7994 7.63397 10.5
      vertex -42.0003 6.36602 11.5
    endloop
  endfacet
  facet normal 0.987686 -0.156448 0.00015
    outer loop
      vertex -41.7472 7.96371 10.3096
      vertex -42.0003 6.36602 10.5
      vertex -42.1374 5.5 10
    endloop
  endfacet
  facet normal 0.987689 -0.156429 0
    outer loop
      vertex -41.7472 7.96371 10.3096
      vertex -42.1374 5.5 10
      vertex -41.7472 7.96371 2.5
    endloop
  endfacet
  facet normal 0.987648 -0.156688 0
    outer loop
      vertex -42.1649 5.32666 2.5
      vertex -42.1374 5.5 10
      vertex -42.1649 5.32666 10.1001
    endloop
  endfacet
  facet normal 0.987686 -0.156446 -5.73085e-06
    outer loop
      vertex -42.1374 5.5 10
      vertex -42.1649 5.32666 2.5
      vertex -41.7472 7.96371 2.5
    endloop
  endfacet
  facet normal -0.995564 -0.0940858 0
    outer loop
      vertex 42.4161 2.6686 2.5
      vertex 42.1649 5.32666 20
      vertex 42.1649 5.32666 2.5
    endloop
  endfacet
  facet normal -0.995564 -0.0940858 0
    outer loop
      vertex 42.1649 5.32666 20
      vertex 42.4161 2.6686 2.5
      vertex 42.4161 2.6686 20
    endloop
  endfacet
  facet normal -0.999506 -0.0314242 0
    outer loop
      vertex 42.5 0 2.5
      vertex 42.4161 2.6686 20
      vertex 42.4161 2.6686 2.5
    endloop
  endfacet
  facet normal -0.999506 -0.0314242 0
    outer loop
      vertex 42.4161 2.6686 20
      vertex 42.5 0 2.5
      vertex 42.5 0 20
    endloop
  endfacet
  facet normal -0.987686 -0.156446 0
    outer loop
      vertex 42.1649 5.32666 2.5
      vertex 41.7472 7.96371 20
      vertex 41.7472 7.96371 2.5
    endloop
  endfacet
  facet normal -0.987686 -0.156446 0
    outer loop
      vertex 41.7472 7.96371 20
      vertex 42.1649 5.32666 2.5
      vertex 42.1649 5.32666 20
    endloop
  endfacet
  facet normal -0.397135 0.91776 0
    outer loop
      vertex 18.0956 -38.4552 2.5
      vertex 15.6453 -39.5155 20
      vertex 18.0956 -38.4552 20
    endloop
  endfacet
  facet normal -0.397135 0.91776 0
    outer loop
      vertex 15.6453 -39.5155 20
      vertex 18.0956 -38.4552 2.5
      vertex 15.6453 -39.5155 2.5
    endloop
  endfacet
  facet normal 0.827091 0.562068 0
    outer loop
      vertex -34.3832 -24.9809 20
      vertex -35.8839 -22.7726 2.5
      vertex -35.8839 -22.7726 20
    endloop
  endfacet
  facet normal 0.827091 0.562068 0
    outer loop
      vertex -35.8839 -22.7726 2.5
      vertex -34.3832 -24.9809 20
      vertex -34.3832 -24.9809 2.5
    endloop
  endfacet
  facet normal 0.218137 -0.975918 0
    outer loop
      vertex -10.5693 41.1648 2.5
      vertex -7.96371 41.7472 20
      vertex -10.5693 41.1648 20
    endloop
  endfacet
  facet normal 0.218137 -0.975918 0
    outer loop
      vertex -7.96371 41.7472 20
      vertex -10.5693 41.1648 2.5
      vertex -7.96371 41.7472 2.5
    endloop
  endfacet
  facet normal -0.707107 -0.707107 0
    outer loop
      vertex 30.9812 29.0933 2.5
      vertex 29.0933 30.9812 20
      vertex 29.0933 30.9812 2.5
    endloop
  endfacet
  facet normal -0.707107 -0.707107 0
    outer loop
      vertex 29.0933 30.9812 20
      vertex 30.9812 29.0933 2.5
      vertex 30.9812 29.0933 20
    endloop
  endfacet
  facet normal 0.218137 0.975918 -0
    outer loop
      vertex -7.96371 -41.7472 2.5
      vertex -10.5693 -41.1648 20
      vertex -7.96371 -41.7472 20
    endloop
  endfacet
  facet normal 0.218137 0.975918 0
    outer loop
      vertex -10.5693 -41.1648 20
      vertex -7.96371 -41.7472 2.5
      vertex -10.5693 -41.1648 2.5
    endloop
  endfacet
  facet normal -0.454017 0.890993 0
    outer loop
      vertex 20.4745 -37.243 2.5
      vertex 18.0956 -38.4552 20
      vertex 20.4745 -37.243 20
    endloop
  endfacet
  facet normal -0.454017 0.890993 0
    outer loop
      vertex 18.0956 -38.4552 20
      vertex 20.4745 -37.243 2.5
      vertex 18.0956 -38.4552 2.5
    endloop
  endfacet
  facet normal 0.562068 -0.827091 0
    outer loop
      vertex -24.9809 34.3832 2.5
      vertex -22.7726 35.8839 20
      vertex -24.9809 34.3832 20
    endloop
  endfacet
  facet normal 0.562068 -0.827091 0
    outer loop
      vertex -22.7726 35.8839 20
      vertex -24.9809 34.3832 2.5
      vertex -22.7726 35.8839 2.5
    endloop
  endfacet
  facet normal -0.975918 -0.218137 0
    outer loop
      vertex 41.7472 7.96371 2.5
      vertex 41.1648 10.5693 20
      vertex 41.1648 10.5693 2.5
    endloop
  endfacet
  facet normal -0.975918 -0.218137 0
    outer loop
      vertex 41.1648 10.5693 20
      vertex 41.7472 7.96371 2.5
      vertex 41.7472 7.96371 20
    endloop
  endfacet
  facet normal 0.397135 0.91776 -0
    outer loop
      vertex -15.6453 -39.5155 2.5
      vertex -18.0956 -38.4552 20
      vertex -15.6453 -39.5155 20
    endloop
  endfacet
  facet normal 0.397135 0.91776 0
    outer loop
      vertex -18.0956 -38.4552 20
      vertex -15.6453 -39.5155 2.5
      vertex -18.0956 -38.4552 2.5
    endloop
  endfacet
  facet normal 0.707107 -0.707107 0
    outer loop
      vertex -30.9812 29.0933 20
      vertex -29.0933 30.9812 2.5
      vertex -29.0933 30.9812 20
    endloop
  endfacet
  facet normal 0.707107 -0.707107 0
    outer loop
      vertex -29.0933 30.9812 2.5
      vertex -30.9812 29.0933 20
      vertex -30.9812 29.0933 2.5
    endloop
  endfacet
  facet normal 0.156446 0.987686 -0
    outer loop
      vertex -5.32666 -42.1649 2.5
      vertex -7.96371 -41.7472 20
      vertex -5.32666 -42.1649 20
    endloop
  endfacet
  facet normal 0.156446 0.987686 0
    outer loop
      vertex -7.96371 -41.7472 20
      vertex -5.32666 -42.1649 2.5
      vertex -7.96371 -41.7472 2.5
    endloop
  endfacet
  facet normal 0.612913 -0.79015 0
    outer loop
      vertex -27.0905 32.7468 2.5
      vertex -24.9809 34.3832 20
      vertex -27.0905 32.7468 20
    endloop
  endfacet
  facet normal 0.612913 -0.79015 0
    outer loop
      vertex -24.9809 34.3832 20
      vertex -27.0905 32.7468 2.5
      vertex -24.9809 34.3832 2.5
    endloop
  endfacet
  facet normal 0.338734 -0.940882 0
    outer loop
      vertex -15.6453 39.5155 2.5
      vertex -13.1332 40.4199 20
      vertex -15.6453 39.5155 20
    endloop
  endfacet
  facet normal 0.338734 -0.940882 0
    outer loop
      vertex -13.1332 40.4199 20
      vertex -15.6453 39.5155 2.5
      vertex -13.1332 40.4199 2.5
    endloop
  endfacet
  facet normal 0.397135 -0.91776 0
    outer loop
      vertex -18.0956 38.4552 2.5
      vertex -15.6453 39.5155 20
      vertex -18.0956 38.4552 20
    endloop
  endfacet
  facet normal 0.397135 -0.91776 0
    outer loop
      vertex -15.6453 39.5155 20
      vertex -18.0956 38.4552 2.5
      vertex -15.6453 39.5155 2.5
    endloop
  endfacet
  facet normal -0.218137 0.975918 0
    outer loop
      vertex 10.5693 -41.1648 2.5
      vertex 7.96371 -41.7472 20
      vertex 10.5693 -41.1648 20
    endloop
  endfacet
  facet normal -0.218137 0.975918 0
    outer loop
      vertex 7.96371 -41.7472 20
      vertex 10.5693 -41.1648 2.5
      vertex 7.96371 -41.7472 2.5
    endloop
  endfacet
  facet normal -0.612913 -0.79015 0
    outer loop
      vertex 24.9809 34.3832 2.5
      vertex 27.0905 32.7468 20
      vertex 24.9809 34.3832 20
    endloop
  endfacet
  facet normal -0.612913 -0.79015 -0
    outer loop
      vertex 27.0905 32.7468 20
      vertex 24.9809 34.3832 2.5
      vertex 27.0905 32.7468 2.5
    endloop
  endfacet
  facet normal -0.91776 -0.397135 0
    outer loop
      vertex 39.5155 15.6453 2.5
      vertex 38.4552 18.0956 20
      vertex 38.4552 18.0956 2.5
    endloop
  endfacet
  facet normal -0.91776 -0.397135 0
    outer loop
      vertex 38.4552 18.0956 20
      vertex 39.5155 15.6453 2.5
      vertex 39.5155 15.6453 20
    endloop
  endfacet
  facet normal 0.91776 -0.397135 0
    outer loop
      vertex -39.5155 15.6453 20
      vertex -38.4552 18.0956 2.5
      vertex -38.4552 18.0956 20
    endloop
  endfacet
  facet normal 0.91776 -0.397135 0
    outer loop
      vertex -38.4552 18.0956 2.5
      vertex -39.5155 15.6453 20
      vertex -39.5155 15.6453 2.5
    endloop
  endfacet
  facet normal -0.66129 -0.750131 0
    outer loop
      vertex 27.0905 32.7468 2.5
      vertex 29.0933 30.9812 20
      vertex 27.0905 32.7468 20
    endloop
  endfacet
  facet normal -0.66129 -0.750131 -0
    outer loop
      vertex 29.0933 30.9812 20
      vertex 27.0905 32.7468 2.5
      vertex 29.0933 30.9812 2.5
    endloop
  endfacet
  facet normal 0.940882 0.338734 0
    outer loop
      vertex -39.5155 -15.6453 20
      vertex -40.4199 -13.1332 2.5
      vertex -40.4199 -13.1332 20
    endloop
  endfacet
  facet normal 0.940882 0.338734 0
    outer loop
      vertex -40.4199 -13.1332 2.5
      vertex -39.5155 -15.6453 20
      vertex -39.5155 -15.6453 2.5
    endloop
  endfacet
  facet normal -0.999506 0.0314242 0
    outer loop
      vertex 42.4161 -2.6686 2.5
      vertex 42.5 0 20
      vertex 42.5 0 2.5
    endloop
  endfacet
  facet normal -0.999506 0.0314242 0
    outer loop
      vertex 42.5 0 20
      vertex 42.4161 -2.6686 2.5
      vertex 42.4161 -2.6686 20
    endloop
  endfacet
  facet normal -0.960292 -0.278997 0
    outer loop
      vertex 41.1648 10.5693 2.5
      vertex 40.4199 13.1332 20
      vertex 40.4199 13.1332 2.5
    endloop
  endfacet
  facet normal -0.960292 -0.278997 0
    outer loop
      vertex 40.4199 13.1332 20
      vertex 41.1648 10.5693 2.5
      vertex 41.1648 10.5693 20
    endloop
  endfacet
  facet normal 0.860741 -0.509043 0
    outer loop
      vertex -37.243 20.4745 20
      vertex -35.8839 22.7726 2.5
      vertex -35.8839 22.7726 20
    endloop
  endfacet
  facet normal 0.860741 -0.509043 0
    outer loop
      vertex -35.8839 22.7726 2.5
      vertex -37.243 20.4745 20
      vertex -37.243 20.4745 2.5
    endloop
  endfacet
  facet normal -0.890993 -0.454017 0
    outer loop
      vertex 38.4552 18.0956 2.5
      vertex 37.243 20.4745 20
      vertex 37.243 20.4745 2.5
    endloop
  endfacet
  facet normal -0.890993 -0.454017 0
    outer loop
      vertex 37.243 20.4745 20
      vertex 38.4552 18.0956 2.5
      vertex 38.4552 18.0956 20
    endloop
  endfacet
  facet normal -0.750131 0.66129 0
    outer loop
      vertex 30.9812 -29.0933 2.5
      vertex 32.7468 -27.0905 20
      vertex 32.7468 -27.0905 2.5
    endloop
  endfacet
  facet normal -0.750131 0.66129 0
    outer loop
      vertex 32.7468 -27.0905 20
      vertex 30.9812 -29.0933 2.5
      vertex 30.9812 -29.0933 20
    endloop
  endfacet
  facet normal -0.454017 -0.890993 0
    outer loop
      vertex 18.0956 38.4552 2.5
      vertex 20.4745 37.243 20
      vertex 18.0956 38.4552 20
    endloop
  endfacet
  facet normal -0.454017 -0.890993 -0
    outer loop
      vertex 20.4745 37.243 20
      vertex 18.0956 38.4552 2.5
      vertex 20.4745 37.243 2.5
    endloop
  endfacet
  facet normal -0.960292 0.278997 0
    outer loop
      vertex 40.4199 -13.1332 2.5
      vertex 41.1648 -10.5693 20
      vertex 41.1648 -10.5693 2.5
    endloop
  endfacet
  facet normal -0.960292 0.278997 0
    outer loop
      vertex 41.1648 -10.5693 20
      vertex 40.4199 -13.1332 2.5
      vertex 40.4199 -13.1332 20
    endloop
  endfacet
  facet normal 0.454017 -0.890993 0
    outer loop
      vertex -20.4745 37.243 2.5
      vertex -18.0956 38.4552 20
      vertex -20.4745 37.243 20
    endloop
  endfacet
  facet normal 0.454017 -0.890993 0
    outer loop
      vertex -18.0956 38.4552 20
      vertex -20.4745 37.243 2.5
      vertex -18.0956 38.4552 2.5
    endloop
  endfacet
  facet normal 0.156446 -0.987686 0
    outer loop
      vertex -7.96371 41.7472 2.5
      vertex -5.32666 42.1649 20
      vertex -7.96371 41.7472 20
    endloop
  endfacet
  facet normal 0.156446 -0.987686 0
    outer loop
      vertex -5.32666 42.1649 20
      vertex -7.96371 41.7472 2.5
      vertex -5.32666 42.1649 2.5
    endloop
  endfacet
  facet normal 0.66129 -0.750131 0
    outer loop
      vertex -29.0933 30.9812 2.5
      vertex -27.0905 32.7468 20
      vertex -29.0933 30.9812 20
    endloop
  endfacet
  facet normal 0.66129 -0.750131 0
    outer loop
      vertex -27.0905 32.7468 20
      vertex -29.0933 30.9812 2.5
      vertex -27.0905 32.7468 2.5
    endloop
  endfacet
  facet normal -0.562068 -0.827091 0
    outer loop
      vertex 22.7726 35.8839 2.5
      vertex 24.9809 34.3832 20
      vertex 22.7726 35.8839 20
    endloop
  endfacet
  facet normal -0.562068 -0.827091 -0
    outer loop
      vertex 24.9809 34.3832 20
      vertex 22.7726 35.8839 2.5
      vertex 24.9809 34.3832 2.5
    endloop
  endfacet
  facet normal -0.509043 0.860741 0
    outer loop
      vertex 22.7726 -35.8839 2.5
      vertex 20.4745 -37.243 20
      vertex 22.7726 -35.8839 20
    endloop
  endfacet
  facet normal -0.509043 0.860741 0
    outer loop
      vertex 20.4745 -37.243 20
      vertex 22.7726 -35.8839 2.5
      vertex 20.4745 -37.243 2.5
    endloop
  endfacet
  facet normal 0.0314242 -0.999506 0
    outer loop
      vertex -2.6686 42.4161 2.5
      vertex 0 42.5 20
      vertex -2.6686 42.4161 20
    endloop
  endfacet
  facet normal 0.0314242 -0.999506 0
    outer loop
      vertex 0 42.5 20
      vertex -2.6686 42.4161 2.5
      vertex 0 42.5 2.5
    endloop
  endfacet
  facet normal -0.940882 0.338734 0
    outer loop
      vertex 39.5155 -15.6453 2.5
      vertex 40.4199 -13.1332 20
      vertex 40.4199 -13.1332 2.5
    endloop
  endfacet
  facet normal -0.940882 0.338734 0
    outer loop
      vertex 40.4199 -13.1332 20
      vertex 39.5155 -15.6453 2.5
      vertex 39.5155 -15.6453 20
    endloop
  endfacet
  facet normal -0.278997 0.960292 0
    outer loop
      vertex 13.1332 -40.4199 2.5
      vertex 10.5693 -41.1648 20
      vertex 13.1332 -40.4199 20
    endloop
  endfacet
  facet normal -0.278997 0.960292 0
    outer loop
      vertex 10.5693 -41.1648 20
      vertex 13.1332 -40.4199 2.5
      vertex 10.5693 -41.1648 2.5
    endloop
  endfacet
  facet normal -0.827091 0.562068 0
    outer loop
      vertex 34.3832 -24.9809 2.5
      vertex 35.8839 -22.7726 20
      vertex 35.8839 -22.7726 2.5
    endloop
  endfacet
  facet normal -0.827091 0.562068 0
    outer loop
      vertex 35.8839 -22.7726 20
      vertex 34.3832 -24.9809 2.5
      vertex 34.3832 -24.9809 20
    endloop
  endfacet
  facet normal 0.338734 0.940882 -0
    outer loop
      vertex -13.1332 -40.4199 2.5
      vertex -15.6453 -39.5155 20
      vertex -13.1332 -40.4199 20
    endloop
  endfacet
  facet normal 0.338734 0.940882 0
    outer loop
      vertex -15.6453 -39.5155 20
      vertex -13.1332 -40.4199 2.5
      vertex -15.6453 -39.5155 2.5
    endloop
  endfacet
  facet normal -0.0314242 0.999506 0
    outer loop
      vertex 2.6686 -42.4161 2.5
      vertex 0 -42.5 20
      vertex 2.6686 -42.4161 20
    endloop
  endfacet
  facet normal -0.0314242 0.999506 0
    outer loop
      vertex 0 -42.5 20
      vertex 2.6686 -42.4161 2.5
      vertex 0 -42.5 2.5
    endloop
  endfacet
  facet normal 0.827091 -0.562068 0
    outer loop
      vertex -35.8839 22.7726 20
      vertex -34.3832 24.9809 2.5
      vertex -34.3832 24.9809 20
    endloop
  endfacet
  facet normal 0.827091 -0.562068 0
    outer loop
      vertex -34.3832 24.9809 2.5
      vertex -35.8839 22.7726 20
      vertex -35.8839 22.7726 2.5
    endloop
  endfacet
  facet normal -0.707107 0.707107 0
    outer loop
      vertex 29.0933 -30.9812 2.5
      vertex 30.9812 -29.0933 20
      vertex 30.9812 -29.0933 2.5
    endloop
  endfacet
  facet normal -0.707107 0.707107 0
    outer loop
      vertex 30.9812 -29.0933 20
      vertex 29.0933 -30.9812 2.5
      vertex 29.0933 -30.9812 20
    endloop
  endfacet
  facet normal -0.940882 -0.338734 0
    outer loop
      vertex 40.4199 13.1332 2.5
      vertex 39.5155 15.6453 20
      vertex 39.5155 15.6453 2.5
    endloop
  endfacet
  facet normal -0.940882 -0.338734 0
    outer loop
      vertex 39.5155 15.6453 20
      vertex 40.4199 13.1332 2.5
      vertex 40.4199 13.1332 20
    endloop
  endfacet
  facet normal -0.890993 0.454017 0
    outer loop
      vertex 37.243 -20.4745 2.5
      vertex 38.4552 -18.0956 20
      vertex 38.4552 -18.0956 2.5
    endloop
  endfacet
  facet normal -0.890993 0.454017 0
    outer loop
      vertex 38.4552 -18.0956 20
      vertex 37.243 -20.4745 2.5
      vertex 37.243 -20.4745 20
    endloop
  endfacet
  facet normal -0.397135 -0.91776 0
    outer loop
      vertex 15.6453 39.5155 2.5
      vertex 18.0956 38.4552 20
      vertex 15.6453 39.5155 20
    endloop
  endfacet
  facet normal -0.397135 -0.91776 -0
    outer loop
      vertex 18.0956 38.4552 20
      vertex 15.6453 39.5155 2.5
      vertex 18.0956 38.4552 2.5
    endloop
  endfacet
  facet normal -0.860741 -0.509043 0
    outer loop
      vertex 37.243 20.4745 2.5
      vertex 35.8839 22.7726 20
      vertex 35.8839 22.7726 2.5
    endloop
  endfacet
  facet normal -0.860741 -0.509043 0
    outer loop
      vertex 35.8839 22.7726 20
      vertex 37.243 20.4745 2.5
      vertex 37.243 20.4745 20
    endloop
  endfacet
  facet normal 0.91776 0.397135 0
    outer loop
      vertex -38.4552 -18.0956 20
      vertex -39.5155 -15.6453 2.5
      vertex -39.5155 -15.6453 20
    endloop
  endfacet
  facet normal 0.91776 0.397135 0
    outer loop
      vertex -39.5155 -15.6453 2.5
      vertex -38.4552 -18.0956 20
      vertex -38.4552 -18.0956 2.5
    endloop
  endfacet
  facet normal -0.79015 0.612913 0
    outer loop
      vertex 32.7468 -27.0905 2.5
      vertex 34.3832 -24.9809 20
      vertex 34.3832 -24.9809 2.5
    endloop
  endfacet
  facet normal -0.79015 0.612913 0
    outer loop
      vertex 34.3832 -24.9809 20
      vertex 32.7468 -27.0905 2.5
      vertex 32.7468 -27.0905 20
    endloop
  endfacet
  facet normal 0.707107 0.707107 0
    outer loop
      vertex -29.0933 -30.9812 20
      vertex -30.9812 -29.0933 2.5
      vertex -30.9812 -29.0933 20
    endloop
  endfacet
  facet normal 0.707107 0.707107 0
    outer loop
      vertex -30.9812 -29.0933 2.5
      vertex -29.0933 -30.9812 20
      vertex -29.0933 -30.9812 2.5
    endloop
  endfacet
  facet normal -0.0314242 -0.999506 0
    outer loop
      vertex 0 42.5 2.5
      vertex 2.6686 42.4161 20
      vertex 0 42.5 20
    endloop
  endfacet
  facet normal -0.0314242 -0.999506 -0
    outer loop
      vertex 2.6686 42.4161 20
      vertex 0 42.5 2.5
      vertex 2.6686 42.4161 2.5
    endloop
  endfacet
  facet normal 0.0940858 0.995564 -0
    outer loop
      vertex -2.6686 -42.4161 2.5
      vertex -5.32666 -42.1649 20
      vertex -2.6686 -42.4161 20
    endloop
  endfacet
  facet normal 0.0940858 0.995564 0
    outer loop
      vertex -5.32666 -42.1649 20
      vertex -2.6686 -42.4161 2.5
      vertex -5.32666 -42.1649 2.5
    endloop
  endfacet
  facet normal 0.66129 0.750131 -0
    outer loop
      vertex -27.0905 -32.7468 2.5
      vertex -29.0933 -30.9812 20
      vertex -27.0905 -32.7468 20
    endloop
  endfacet
  facet normal 0.66129 0.750131 0
    outer loop
      vertex -29.0933 -30.9812 20
      vertex -27.0905 -32.7468 2.5
      vertex -29.0933 -30.9812 2.5
    endloop
  endfacet
  facet normal -0.0940858 -0.995564 0
    outer loop
      vertex 2.6686 42.4161 2.5
      vertex 5.32666 42.1649 20
      vertex 2.6686 42.4161 20
    endloop
  endfacet
  facet normal -0.0940858 -0.995564 -0
    outer loop
      vertex 5.32666 42.1649 20
      vertex 2.6686 42.4161 2.5
      vertex 5.32666 42.1649 2.5
    endloop
  endfacet
  facet normal -0.338734 0.940882 0
    outer loop
      vertex 15.6453 -39.5155 2.5
      vertex 13.1332 -40.4199 20
      vertex 15.6453 -39.5155 20
    endloop
  endfacet
  facet normal -0.338734 0.940882 0
    outer loop
      vertex 13.1332 -40.4199 20
      vertex 15.6453 -39.5155 2.5
      vertex 13.1332 -40.4199 2.5
    endloop
  endfacet
  facet normal 0.750131 0.66129 0
    outer loop
      vertex -30.9812 -29.0933 20
      vertex -32.7468 -27.0905 2.5
      vertex -32.7468 -27.0905 20
    endloop
  endfacet
  facet normal 0.750131 0.66129 0
    outer loop
      vertex -32.7468 -27.0905 2.5
      vertex -30.9812 -29.0933 20
      vertex -30.9812 -29.0933 2.5
    endloop
  endfacet
  facet normal -0.0940858 0.995564 0
    outer loop
      vertex 5.32666 -42.1649 2.5
      vertex 2.6686 -42.4161 20
      vertex 5.32666 -42.1649 20
    endloop
  endfacet
  facet normal -0.0940858 0.995564 0
    outer loop
      vertex 2.6686 -42.4161 20
      vertex 5.32666 -42.1649 2.5
      vertex 2.6686 -42.4161 2.5
    endloop
  endfacet
  facet normal 0.999507 0.0313845 0
    outer loop
      vertex -42.5 0 20
      vertex -42.4843 -0.5 12
      vertex -42.5 0 11.7113
    endloop
  endfacet
  facet normal 0.999506 0.0314242 -2.48041e-06
    outer loop
      vertex -42.4161 -2.6686 20
      vertex -42.4843 -0.5 12
      vertex -42.5 0 20
    endloop
  endfacet
  facet normal 0.999505 0.0314525 0
    outer loop
      vertex -42.4571 -1.36602 11.5
      vertex -42.4172 -2.63397 11.5
      vertex -42.4571 -1.36602 10.5
    endloop
  endfacet
  facet normal 0.999506 0.0314333 -0
    outer loop
      vertex -42.4161 -2.6686 11.52
      vertex -42.4843 -0.5 12
      vertex -42.4161 -2.6686 20
    endloop
  endfacet
  facet normal 0.999505 0.0314587 -0.000114575
    outer loop
      vertex -42.4843 -0.5 12
      vertex -42.4161 -2.6686 11.52
      vertex -42.4571 -1.36602 11.5
    endloop
  endfacet
  facet normal 0.999505 0.0314525 -0.0005127
    outer loop
      vertex -42.4571 -1.36602 11.5
      vertex -42.4161 -2.6686 11.52
      vertex -42.4172 -2.63397 11.5
    endloop
  endfacet
  facet normal 0.999507 0.0313845 0
    outer loop
      vertex -42.4843 -0.5 10
      vertex -42.5 0 2.5
      vertex -42.5 0 10.2887
    endloop
  endfacet
  facet normal 0.999505 0.0314587 0.000114575
    outer loop
      vertex -42.4161 -2.6686 10.48
      vertex -42.4843 -0.5 10
      vertex -42.4571 -1.36602 10.5
    endloop
  endfacet
  facet normal 0.999505 0.0314525 -0
    outer loop
      vertex -42.4172 -2.63397 10.5
      vertex -42.4571 -1.36602 10.5
      vertex -42.4172 -2.63397 11.5
    endloop
  endfacet
  facet normal 0.999505 0.0314525 0.0005127
    outer loop
      vertex -42.4161 -2.6686 10.48
      vertex -42.4571 -1.36602 10.5
      vertex -42.4172 -2.63397 10.5
    endloop
  endfacet
  facet normal 0.999506 0.0314333 0
    outer loop
      vertex -42.4843 -0.5 10
      vertex -42.4161 -2.6686 10.48
      vertex -42.4161 -2.6686 2.5
    endloop
  endfacet
  facet normal 0.999506 0.0314242 2.64577e-06
    outer loop
      vertex -42.4843 -0.5 10
      vertex -42.4161 -2.6686 2.5
      vertex -42.5 0 2.5
    endloop
  endfacet
  facet normal -0.66129 0.750131 0
    outer loop
      vertex 29.0933 -30.9812 2.5
      vertex 27.0905 -32.7468 20
      vertex 29.0933 -30.9812 20
    endloop
  endfacet
  facet normal -0.66129 0.750131 0
    outer loop
      vertex 27.0905 -32.7468 20
      vertex 29.0933 -30.9812 2.5
      vertex 27.0905 -32.7468 2.5
    endloop
  endfacet
  facet normal 0.940882 -0.338734 0
    outer loop
      vertex -40.4199 13.1332 20
      vertex -39.5155 15.6453 2.5
      vertex -39.5155 15.6453 20
    endloop
  endfacet
  facet normal 0.940882 -0.338734 0
    outer loop
      vertex -39.5155 15.6453 2.5
      vertex -40.4199 13.1332 20
      vertex -40.4199 13.1332 2.5
    endloop
  endfacet
  facet normal -0.509043 -0.860741 0
    outer loop
      vertex 20.4745 37.243 2.5
      vertex 22.7726 35.8839 20
      vertex 20.4745 37.243 20
    endloop
  endfacet
  facet normal -0.509043 -0.860741 -0
    outer loop
      vertex 22.7726 35.8839 20
      vertex 20.4745 37.243 2.5
      vertex 22.7726 35.8839 2.5
    endloop
  endfacet
  facet normal -0.278997 -0.960292 0
    outer loop
      vertex 10.5693 41.1648 2.5
      vertex 13.1332 40.4199 20
      vertex 10.5693 41.1648 20
    endloop
  endfacet
  facet normal -0.278997 -0.960292 -0
    outer loop
      vertex 13.1332 40.4199 20
      vertex 10.5693 41.1648 2.5
      vertex 13.1332 40.4199 2.5
    endloop
  endfacet
  facet normal -0.860741 0.509043 0
    outer loop
      vertex 35.8839 -22.7726 2.5
      vertex 37.243 -20.4745 20
      vertex 37.243 -20.4745 2.5
    endloop
  endfacet
  facet normal -0.860741 0.509043 0
    outer loop
      vertex 37.243 -20.4745 20
      vertex 35.8839 -22.7726 2.5
      vertex 35.8839 -22.7726 20
    endloop
  endfacet
  facet normal 0.278997 0.960292 -0
    outer loop
      vertex -10.5693 -41.1648 2.5
      vertex -13.1332 -40.4199 20
      vertex -10.5693 -41.1648 20
    endloop
  endfacet
  facet normal 0.278997 0.960292 0
    outer loop
      vertex -13.1332 -40.4199 20
      vertex -10.5693 -41.1648 2.5
      vertex -13.1332 -40.4199 2.5
    endloop
  endfacet
  facet normal -0.995564 0.0940858 0
    outer loop
      vertex 42.1649 -5.32666 2.5
      vertex 42.4161 -2.6686 20
      vertex 42.4161 -2.6686 2.5
    endloop
  endfacet
  facet normal -0.995564 0.0940858 0
    outer loop
      vertex 42.4161 -2.6686 20
      vertex 42.1649 -5.32666 2.5
      vertex 42.1649 -5.32666 20
    endloop
  endfacet
  facet normal 0.562068 0.827091 -0
    outer loop
      vertex -22.7726 -35.8839 2.5
      vertex -24.9809 -34.3832 20
      vertex -22.7726 -35.8839 20
    endloop
  endfacet
  facet normal 0.562068 0.827091 0
    outer loop
      vertex -24.9809 -34.3832 20
      vertex -22.7726 -35.8839 2.5
      vertex -24.9809 -34.3832 2.5
    endloop
  endfacet
  facet normal -0.827091 -0.562068 0
    outer loop
      vertex 35.8839 22.7726 2.5
      vertex 34.3832 24.9809 20
      vertex 34.3832 24.9809 2.5
    endloop
  endfacet
  facet normal -0.827091 -0.562068 0
    outer loop
      vertex 34.3832 24.9809 20
      vertex 35.8839 22.7726 2.5
      vertex 35.8839 22.7726 20
    endloop
  endfacet
  facet normal 0.860741 0.509043 0
    outer loop
      vertex -35.8839 -22.7726 20
      vertex -37.243 -20.4745 2.5
      vertex -37.243 -20.4745 20
    endloop
  endfacet
  facet normal 0.860741 0.509043 0
    outer loop
      vertex -37.243 -20.4745 2.5
      vertex -35.8839 -22.7726 20
      vertex -35.8839 -22.7726 2.5
    endloop
  endfacet
  facet normal 0.960292 -0.278997 0
    outer loop
      vertex -41.1648 10.5693 20
      vertex -40.4199 13.1332 2.5
      vertex -40.4199 13.1332 20
    endloop
  endfacet
  facet normal 0.960292 -0.278997 0
    outer loop
      vertex -40.4199 13.1332 2.5
      vertex -41.1648 10.5693 20
      vertex -41.1648 10.5693 2.5
    endloop
  endfacet
  facet normal 0.890993 -0.454017 0
    outer loop
      vertex -38.4552 18.0956 20
      vertex -37.243 20.4745 2.5
      vertex -37.243 20.4745 20
    endloop
  endfacet
  facet normal 0.890993 -0.454017 0
    outer loop
      vertex -37.243 20.4745 2.5
      vertex -38.4552 18.0956 20
      vertex -38.4552 18.0956 2.5
    endloop
  endfacet
  facet normal 0.278997 -0.960292 0
    outer loop
      vertex -13.1332 40.4199 2.5
      vertex -10.5693 41.1648 20
      vertex -13.1332 40.4199 20
    endloop
  endfacet
  facet normal 0.278997 -0.960292 0
    outer loop
      vertex -10.5693 41.1648 20
      vertex -13.1332 40.4199 2.5
      vertex -10.5693 41.1648 2.5
    endloop
  endfacet
  facet normal -0.156446 0.987686 0
    outer loop
      vertex 7.96371 -41.7472 2.5
      vertex 5.32666 -42.1649 20
      vertex 7.96371 -41.7472 20
    endloop
  endfacet
  facet normal -0.156446 0.987686 0
    outer loop
      vertex 5.32666 -42.1649 20
      vertex 7.96371 -41.7472 2.5
      vertex 5.32666 -42.1649 2.5
    endloop
  endfacet
  facet normal -0.612913 0.79015 0
    outer loop
      vertex 27.0905 -32.7468 2.5
      vertex 24.9809 -34.3832 20
      vertex 27.0905 -32.7468 20
    endloop
  endfacet
  facet normal -0.612913 0.79015 0
    outer loop
      vertex 24.9809 -34.3832 20
      vertex 27.0905 -32.7468 2.5
      vertex 24.9809 -34.3832 2.5
    endloop
  endfacet
  facet normal -0.975918 0.218137 0
    outer loop
      vertex 41.1648 -10.5693 2.5
      vertex 41.7472 -7.96371 20
      vertex 41.7472 -7.96371 2.5
    endloop
  endfacet
  facet normal -0.975918 0.218137 0
    outer loop
      vertex 41.7472 -7.96371 20
      vertex 41.1648 -10.5693 2.5
      vertex 41.1648 -10.5693 20
    endloop
  endfacet
  facet normal 0.999506 -0.0314198 0
    outer loop
      vertex -42.4161 2.6686 20
      vertex -42.4214 2.5 12
      vertex -42.4161 2.6686 11.9027
    endloop
  endfacet
  facet normal 0.999506 -0.0314242 9.17631e-08
    outer loop
      vertex -42.5 0 20
      vertex -42.4214 2.5 12
      vertex -42.4161 2.6686 20
    endloop
  endfacet
  facet normal 0.999508 -0.0313739 0
    outer loop
      vertex -42.4487 1.63397 11.5
      vertex -42.4885 0.366025 11.5
      vertex -42.4487 1.63397 10.5
    endloop
  endfacet
  facet normal 0.999507 -0.0314037 -0.000179957
    outer loop
      vertex -42.4214 2.5 12
      vertex -42.5 0 11.7113
      vertex -42.4487 1.63397 11.5
    endloop
  endfacet
  facet normal 0.999506 -0.0314245 0
    outer loop
      vertex -42.4214 2.5 12
      vertex -42.5 0 20
      vertex -42.5 0 11.7113
    endloop
  endfacet
  facet normal 0.999508 -0.0313739 5.06344e-05
    outer loop
      vertex -42.4487 1.63397 11.5
      vertex -42.5 0 11.7113
      vertex -42.4885 0.366025 11.5
    endloop
  endfacet
  facet normal 0.999506 -0.0314198 0
    outer loop
      vertex -42.4214 2.5 10
      vertex -42.4161 2.6686 2.5
      vertex -42.4161 2.6686 10.0973
    endloop
  endfacet
  facet normal 0.999507 -0.0314037 0.000179957
    outer loop
      vertex -42.5 0 10.2887
      vertex -42.4214 2.5 10
      vertex -42.4487 1.63397 10.5
    endloop
  endfacet
  facet normal 0.999508 -0.0313739 0
    outer loop
      vertex -42.4885 0.366025 10.5
      vertex -42.4487 1.63397 10.5
      vertex -42.4885 0.366025 11.5
    endloop
  endfacet
  facet normal 0.999508 -0.0313739 -5.06344e-05
    outer loop
      vertex -42.5 0 10.2887
      vertex -42.4487 1.63397 10.5
      vertex -42.4885 0.366025 10.5
    endloop
  endfacet
  facet normal 0.999506 -0.0314245 0
    outer loop
      vertex -42.5 0 2.5
      vertex -42.4214 2.5 10
      vertex -42.5 0 10.2887
    endloop
  endfacet
  facet normal 0.999506 -0.0314242 -9.78806e-08
    outer loop
      vertex -42.4214 2.5 10
      vertex -42.5 0 2.5
      vertex -42.4161 2.6686 2.5
    endloop
  endfacet
  facet normal 0.454017 0.890993 -0
    outer loop
      vertex -18.0956 -38.4552 2.5
      vertex -20.4745 -37.243 20
      vertex -18.0956 -38.4552 20
    endloop
  endfacet
  facet normal 0.454017 0.890993 0
    outer loop
      vertex -20.4745 -37.243 20
      vertex -18.0956 -38.4552 2.5
      vertex -20.4745 -37.243 2.5
    endloop
  endfacet
  facet normal -0.156446 -0.987686 0
    outer loop
      vertex 5.32666 42.1649 2.5
      vertex 7.96371 41.7472 20
      vertex 5.32666 42.1649 20
    endloop
  endfacet
  facet normal -0.156446 -0.987686 -0
    outer loop
      vertex 7.96371 41.7472 20
      vertex 5.32666 42.1649 2.5
      vertex 7.96371 41.7472 2.5
    endloop
  endfacet
  facet normal -0.987686 0.156446 0
    outer loop
      vertex 41.7472 -7.96371 2.5
      vertex 42.1649 -5.32666 20
      vertex 42.1649 -5.32666 2.5
    endloop
  endfacet
  facet normal -0.987686 0.156446 0
    outer loop
      vertex 42.1649 -5.32666 20
      vertex 41.7472 -7.96371 2.5
      vertex 41.7472 -7.96371 20
    endloop
  endfacet
  facet normal 0.0940858 -0.995564 0
    outer loop
      vertex -5.32666 42.1649 2.5
      vertex -2.6686 42.4161 20
      vertex -5.32666 42.1649 20
    endloop
  endfacet
  facet normal 0.0940858 -0.995564 0
    outer loop
      vertex -2.6686 42.4161 20
      vertex -5.32666 42.1649 2.5
      vertex -2.6686 42.4161 2.5
    endloop
  endfacet
  facet normal 0.960292 0.278997 0
    outer loop
      vertex -40.4199 -13.1332 20
      vertex -41.1648 -10.5693 2.5
      vertex -41.1648 -10.5693 20
    endloop
  endfacet
  facet normal 0.960292 0.278997 0
    outer loop
      vertex -41.1648 -10.5693 2.5
      vertex -40.4199 -13.1332 20
      vertex -40.4199 -13.1332 2.5
    endloop
  endfacet
  facet normal 0.79015 0.612913 0
    outer loop
      vertex -32.7468 -27.0905 20
      vertex -34.3832 -24.9809 2.5
      vertex -34.3832 -24.9809 20
    endloop
  endfacet
  facet normal 0.79015 0.612913 0
    outer loop
      vertex -34.3832 -24.9809 2.5
      vertex -32.7468 -27.0905 20
      vertex -32.7468 -27.0905 2.5
    endloop
  endfacet
  facet normal 0.509043 -0.860741 0
    outer loop
      vertex -22.7726 35.8839 2.5
      vertex -20.4745 37.243 20
      vertex -22.7726 35.8839 20
    endloop
  endfacet
  facet normal 0.509043 -0.860741 0
    outer loop
      vertex -20.4745 37.243 20
      vertex -22.7726 35.8839 2.5
      vertex -20.4745 37.243 2.5
    endloop
  endfacet
  facet normal 0.0314242 0.999506 -0
    outer loop
      vertex 0 -42.5 2.5
      vertex -2.6686 -42.4161 20
      vertex 0 -42.5 20
    endloop
  endfacet
  facet normal 0.0314242 0.999506 0
    outer loop
      vertex -2.6686 -42.4161 20
      vertex 0 -42.5 2.5
      vertex -2.6686 -42.4161 2.5
    endloop
  endfacet
  facet normal 0.987675 0.156519 0
    outer loop
      vertex -42.1649 -5.32666 20
      vertex -42.1162 -5.63397 11.5
      vertex -42.1649 -5.32666 2.5
    endloop
  endfacet
  facet normal 0.987682 0.156474 1.67297e-06
    outer loop
      vertex -42.1649 -5.32666 20
      vertex -41.979 -6.5 12
      vertex -42.1162 -5.63397 11.5
    endloop
  endfacet
  facet normal 0.987686 0.156446 5.78092e-06
    outer loop
      vertex -41.7472 -7.96371 20
      vertex -41.979 -6.5 12
      vertex -42.1649 -5.32666 20
    endloop
  endfacet
  facet normal 0.987679 0.156491 0
    outer loop
      vertex -41.8419 -7.36602 11.5
      vertex -41.7472 -7.96371 20
      vertex -41.8419 -7.36602 10.5
    endloop
  endfacet
  facet normal 0.987699 0.156368 -8.87058e-06
    outer loop
      vertex -41.979 -6.5 12
      vertex -41.7472 -7.96371 20
      vertex -41.8419 -7.36602 11.5
    endloop
  endfacet
  facet normal 0.987675 0.156519 -0
    outer loop
      vertex -42.1162 -5.63397 10.5
      vertex -42.1649 -5.32666 2.5
      vertex -42.1162 -5.63397 11.5
    endloop
  endfacet
  facet normal 0.987682 0.156474 -1.77526e-06
    outer loop
      vertex -41.979 -6.5 10
      vertex -42.1649 -5.32666 2.5
      vertex -42.1162 -5.63397 10.5
    endloop
  endfacet
  facet normal 0.987699 0.156368 9.40206e-06
    outer loop
      vertex -41.7472 -7.96371 2.5
      vertex -41.979 -6.5 10
      vertex -41.8419 -7.36602 10.5
    endloop
  endfacet
  facet normal 0.987686 0.156446 -6.16631e-06
    outer loop
      vertex -41.979 -6.5 10
      vertex -41.7472 -7.96371 2.5
      vertex -42.1649 -5.32666 2.5
    endloop
  endfacet
  facet normal 0.987679 0.156491 -0
    outer loop
      vertex -41.7472 -7.96371 2.5
      vertex -41.8419 -7.36602 10.5
      vertex -41.7472 -7.96371 20
    endloop
  endfacet
  facet normal 0.995561 0.0941197 0
    outer loop
      vertex -42.4161 -2.6686 20
      vertex -42.3375 -3.5 12
      vertex -42.4161 -2.6686 11.52
    endloop
  endfacet
  facet normal 0.995564 0.0940858 3.5505e-06
    outer loop
      vertex -42.1649 -5.32666 20
      vertex -42.3375 -3.5 12
      vertex -42.4161 -2.6686 20
    endloop
  endfacet
  facet normal 0.995563 0.0941009 0
    outer loop
      vertex -42.2557 -4.36602 11.5
      vertex -42.1649 -5.32666 20
      vertex -42.2557 -4.36602 10.5
    endloop
  endfacet
  facet normal 0.995568 0.0940405 -6.88945e-06
    outer loop
      vertex -42.3375 -3.5 12
      vertex -42.1649 -5.32666 20
      vertex -42.2557 -4.36602 11.5
    endloop
  endfacet
  facet normal 0.995561 0.0941197 0
    outer loop
      vertex -42.3375 -3.5 10
      vertex -42.4161 -2.6686 2.5
      vertex -42.4161 -2.6686 10.48
    endloop
  endfacet
  facet normal 0.995568 0.0940407 7.29212e-06
    outer loop
      vertex -42.1649 -5.32666 2.5
      vertex -42.3375 -3.5 10
      vertex -42.2557 -4.36602 10.5
    endloop
  endfacet
  facet normal 0.995564 0.0940858 -3.7872e-06
    outer loop
      vertex -42.3375 -3.5 10
      vertex -42.1649 -5.32666 2.5
      vertex -42.4161 -2.6686 2.5
    endloop
  endfacet
  facet normal 0.995563 0.0941009 -0
    outer loop
      vertex -42.1649 -5.32666 2.5
      vertex -42.2557 -4.36602 10.5
      vertex -42.1649 -5.32666 20
    endloop
  endfacet
  facet normal -0.562068 0.827091 0
    outer loop
      vertex 24.9809 -34.3832 2.5
      vertex 22.7726 -35.8839 20
      vertex 24.9809 -34.3832 20
    endloop
  endfacet
  facet normal -0.562068 0.827091 0
    outer loop
      vertex 22.7726 -35.8839 20
      vertex 24.9809 -34.3832 2.5
      vertex 22.7726 -35.8839 2.5
    endloop
  endfacet
  facet normal 0.612913 0.79015 -0
    outer loop
      vertex -24.9809 -34.3832 2.5
      vertex -27.0905 -32.7468 20
      vertex -24.9809 -34.3832 20
    endloop
  endfacet
  facet normal 0.612913 0.79015 0
    outer loop
      vertex -27.0905 -32.7468 20
      vertex -24.9809 -34.3832 2.5
      vertex -27.0905 -32.7468 2.5
    endloop
  endfacet
  facet normal -0.338734 -0.940882 0
    outer loop
      vertex 13.1332 40.4199 2.5
      vertex 15.6453 39.5155 20
      vertex 13.1332 40.4199 20
    endloop
  endfacet
  facet normal -0.338734 -0.940882 -0
    outer loop
      vertex 15.6453 39.5155 20
      vertex 13.1332 40.4199 2.5
      vertex 15.6453 39.5155 2.5
    endloop
  endfacet
  facet normal 0.79015 -0.612913 0
    outer loop
      vertex -34.3832 24.9809 20
      vertex -32.7468 27.0905 2.5
      vertex -32.7468 27.0905 20
    endloop
  endfacet
  facet normal 0.79015 -0.612913 0
    outer loop
      vertex -32.7468 27.0905 2.5
      vertex -34.3832 24.9809 20
      vertex -34.3832 24.9809 2.5
    endloop
  endfacet
  facet normal 0.975911 -0.21817 0
    outer loop
      vertex -41.1648 10.5693 20
      vertex -41.4338 9.36602 11.5
      vertex -41.1648 10.5693 2.5
    endloop
  endfacet
  facet normal 0.975934 -0.218067 -1.52834e-05
    outer loop
      vertex -41.1648 10.5693 20
      vertex -41.6273 8.5 12
      vertex -41.4338 9.36602 11.5
    endloop
  endfacet
  facet normal 0.975918 -0.218137 3.50881e-06
    outer loop
      vertex -41.7472 7.96371 20
      vertex -41.6273 8.5 12
      vertex -41.1648 10.5693 20
    endloop
  endfacet
  facet normal 0.975907 -0.218187 0
    outer loop
      vertex -41.6273 8.5 12
      vertex -41.7472 7.96371 20
      vertex -41.7472 7.96371 11.6904
    endloop
  endfacet
  facet normal 0.975911 -0.21817 0
    outer loop
      vertex -41.4338 9.36602 10.5
      vertex -41.1648 10.5693 2.5
      vertex -41.4338 9.36602 11.5
    endloop
  endfacet
  facet normal 0.975934 -0.218068 1.61623e-05
    outer loop
      vertex -41.6273 8.5 10
      vertex -41.1648 10.5693 2.5
      vertex -41.4338 9.36602 10.5
    endloop
  endfacet
  facet normal 0.975907 -0.218187 0
    outer loop
      vertex -41.7472 7.96371 2.5
      vertex -41.6273 8.5 10
      vertex -41.7472 7.96371 10.3096
    endloop
  endfacet
  facet normal 0.975918 -0.218137 -3.74273e-06
    outer loop
      vertex -41.6273 8.5 10
      vertex -41.7472 7.96371 2.5
      vertex -41.1648 10.5693 2.5
    endloop
  endfacet
  facet normal 0.750131 -0.66129 0
    outer loop
      vertex -32.7468 27.0905 20
      vertex -30.9812 29.0933 2.5
      vertex -30.9812 29.0933 20
    endloop
  endfacet
  facet normal 0.750131 -0.66129 0
    outer loop
      vertex -30.9812 29.0933 2.5
      vertex -32.7468 27.0905 20
      vertex -32.7468 27.0905 2.5
    endloop
  endfacet
  facet normal -0.79015 -0.612913 0
    outer loop
      vertex 34.3832 24.9809 2.5
      vertex 32.7468 27.0905 20
      vertex 32.7468 27.0905 2.5
    endloop
  endfacet
  facet normal -0.79015 -0.612913 0
    outer loop
      vertex 32.7468 27.0905 20
      vertex 34.3832 24.9809 2.5
      vertex 34.3832 24.9809 20
    endloop
  endfacet
  facet normal -0.750131 -0.66129 0
    outer loop
      vertex 32.7468 27.0905 2.5
      vertex 30.9812 29.0933 20
      vertex 30.9812 29.0933 2.5
    endloop
  endfacet
  facet normal -0.750131 -0.66129 0
    outer loop
      vertex 30.9812 29.0933 20
      vertex 32.7468 27.0905 2.5
      vertex 32.7468 27.0905 20
    endloop
  endfacet
  facet normal 0.890993 0.454017 0
    outer loop
      vertex -37.243 -20.4745 20
      vertex -38.4552 -18.0956 2.5
      vertex -38.4552 -18.0956 20
    endloop
  endfacet
  facet normal 0.890993 0.454017 0
    outer loop
      vertex -38.4552 -18.0956 2.5
      vertex -37.243 -20.4745 20
      vertex -37.243 -20.4745 2.5
    endloop
  endfacet
  facet normal -0.91776 0.397135 0
    outer loop
      vertex 38.4552 -18.0956 2.5
      vertex 39.5155 -15.6453 20
      vertex 39.5155 -15.6453 2.5
    endloop
  endfacet
  facet normal -0.91776 0.397135 0
    outer loop
      vertex 39.5155 -15.6453 20
      vertex 38.4552 -18.0956 2.5
      vertex 38.4552 -18.0956 20
    endloop
  endfacet
  facet normal 0.995564 -0.0940858 0
    outer loop
      vertex -42.4161 2.6686 11.9027
      vertex -42.1649 5.32666 11.8999
      vertex -42.1649 5.32666 20
    endloop
  endfacet
  facet normal 0.995566 -0.0940643 0
    outer loop
      vertex -42.2304 4.63397 11.5
      vertex -42.3502 3.36602 11.5
      vertex -42.2304 4.63397 10.5
    endloop
  endfacet
  facet normal 0.995564 -0.0940859 -9.27431e-05
    outer loop
      vertex -42.1649 5.32666 11.8999
      vertex -42.4161 2.6686 11.9027
      vertex -42.2304 4.63397 11.5
    endloop
  endfacet
  facet normal 0.995564 -0.0940858 0
    outer loop
      vertex -42.4161 2.6686 11.9027
      vertex -42.1649 5.32666 20
      vertex -42.4161 2.6686 20
    endloop
  endfacet
  facet normal 0.995566 -0.0940643 1.3627e-05
    outer loop
      vertex -42.2304 4.63397 11.5
      vertex -42.4161 2.6686 11.9027
      vertex -42.3502 3.36602 11.5
    endloop
  endfacet
  facet normal 0.995564 -0.0940859 9.27431e-05
    outer loop
      vertex -42.4161 2.6686 10.0973
      vertex -42.1649 5.32666 10.1001
      vertex -42.2304 4.63397 10.5
    endloop
  endfacet
  facet normal 0.995566 -0.0940643 0
    outer loop
      vertex -42.3502 3.36602 10.5
      vertex -42.2304 4.63397 10.5
      vertex -42.3502 3.36602 11.5
    endloop
  endfacet
  facet normal 0.995566 -0.0940643 -1.3627e-05
    outer loop
      vertex -42.4161 2.6686 10.0973
      vertex -42.2304 4.63397 10.5
      vertex -42.3502 3.36602 10.5
    endloop
  endfacet
  facet normal 0.995564 -0.0940858 0
    outer loop
      vertex -42.1649 5.32666 10.1001
      vertex -42.4161 2.6686 10.0973
      vertex -42.1649 5.32666 2.5
    endloop
  endfacet
  facet normal 0.995564 -0.0940858 0
    outer loop
      vertex -42.1649 5.32666 2.5
      vertex -42.4161 2.6686 10.0973
      vertex -42.4161 2.6686 2.5
    endloop
  endfacet
  facet normal 0.975918 0.218137 0
    outer loop
      vertex -41.1648 -10.5693 20
      vertex -41.7472 -7.96371 2.5
      vertex -41.7472 -7.96371 20
    endloop
  endfacet
  facet normal 0.975918 0.218137 0
    outer loop
      vertex -41.7472 -7.96371 2.5
      vertex -41.1648 -10.5693 20
      vertex -41.1648 -10.5693 2.5
    endloop
  endfacet
  facet normal -0.218137 -0.975918 0
    outer loop
      vertex 7.96371 41.7472 2.5
      vertex 10.5693 41.1648 20
      vertex 7.96371 41.7472 20
    endloop
  endfacet
  facet normal -0.218137 -0.975918 -0
    outer loop
      vertex 10.5693 41.1648 20
      vertex 7.96371 41.7472 2.5
      vertex 10.5693 41.1648 2.5
    endloop
  endfacet
  facet normal 0.509043 0.860741 -0
    outer loop
      vertex -20.4745 -37.243 2.5
      vertex -22.7726 -35.8839 20
      vertex -20.4745 -37.243 20
    endloop
  endfacet
  facet normal 0.509043 0.860741 0
    outer loop
      vertex -22.7726 -35.8839 20
      vertex -20.4745 -37.243 2.5
      vertex -22.7726 -35.8839 2.5
    endloop
  endfacet
endsolid OpenSCAD_Model
