solid OpenSCAD_Model
  facet normal 0.156456 0.987685 -0
    outer loop
      vertex 8.43216 44.2029 2
      vertex 5.63999 44.6452 50
      vertex 8.43216 44.2029 50
    endloop
  endfacet
  facet normal 0.156456 0.987685 0
    outer loop
      vertex 5.63999 44.6452 50
      vertex 8.43216 44.2029 2
      vertex 5.63999 44.6452 2
    endloop
  endfacet
  facet normal 0.995562 0.0941131 0
    outer loop
      vertex 44.6452 5.63999 50
      vertex 44.7057 5 20
      vertex 44.6452 5.63999 2
    endloop
  endfacet
  facet normal 0.995563 0.0940939 4.13518e-07
    outer loop
      vertex 44.9112 2.82557 50
      vertex 44.7057 5 20
      vertex 44.6452 5.63999 50
    endloop
  endfacet
  facet normal 0.995564 0.0940883 0
    outer loop
      vertex 44.7057 5 20
      vertex 44.9112 2.82557 50
      vertex 44.9112 2.82557 20
    endloop
  endfacet
  facet normal 0.995562 0.0941131 -0
    outer loop
      vertex 44.7057 5 15
      vertex 44.6452 5.63999 2
      vertex 44.7057 5 20
    endloop
  endfacet
  facet normal 0.995564 0.0940883 -0
    outer loop
      vertex 44.9112 2.82557 2
      vertex 44.7057 5 15
      vertex 44.9112 2.82557 15
    endloop
  endfacet
  facet normal 0.995563 0.0940939 -9.54272e-07
    outer loop
      vertex 44.7057 5 15
      vertex 44.9112 2.82557 2
      vertex 44.6452 5.63999 2
    endloop
  endfacet
  facet normal 0.999507 0.0313976 -0
    outer loop
      vertex 44.9764 0.75 30
      vertex 44.9112 2.82557 50
      vertex 44.9764 0.75 45
    endloop
  endfacet
  facet normal 0.999507 0.0314118 -5.904e-06
    outer loop
      vertex 45 0 50
      vertex 44.9764 0.75 45
      vertex 44.9112 2.82557 50
    endloop
  endfacet
  facet normal 0.999505 0.0314511 0
    outer loop
      vertex 44.9764 0.75 45
      vertex 45 0 50
      vertex 45 0 45
    endloop
  endfacet
  facet normal 0.999507 0.0313976 0
    outer loop
      vertex 44.9112 2.82557 50
      vertex 44.9764 0.75 30
      vertex 44.9112 2.82557 20
    endloop
  endfacet
  facet normal 0.999505 0.0314511 -0
    outer loop
      vertex 45 0 20
      vertex 44.9764 0.75 30
      vertex 45 0 30
    endloop
  endfacet
  facet normal 0.999507 0.0314118 2.952e-06
    outer loop
      vertex 44.9764 0.75 30
      vertex 45 0 20
      vertex 44.9112 2.82557 20
    endloop
  endfacet
  facet normal 0.999507 0.0314118 0
    outer loop
      vertex 45 0 15
      vertex 44.9112 2.82557 2
      vertex 44.9112 2.82557 15
    endloop
  endfacet
  facet normal 0.999507 0.0314118 0
    outer loop
      vertex 44.9112 2.82557 2
      vertex 45 0 15
      vertex 45 0 2
    endloop
  endfacet
  facet normal 0.987685 0.156456 0
    outer loop
      vertex 44.6452 5.63999 50
      vertex 44.2029 8.43216 2
      vertex 44.2029 8.43216 50
    endloop
  endfacet
  facet normal 0.987685 0.156456 0
    outer loop
      vertex 44.2029 8.43216 2
      vertex 44.6452 5.63999 50
      vertex 44.6452 5.63999 2
    endloop
  endfacet
  facet normal 0.975915 0.218152 0
    outer loop
      vertex 44.2029 8.43216 50
      vertex 43.5862 11.191 2
      vertex 43.5862 11.191 50
    endloop
  endfacet
  facet normal 0.975915 0.218152 0
    outer loop
      vertex 43.5862 11.191 2
      vertex 44.2029 8.43216 50
      vertex 44.2029 8.43216 2
    endloop
  endfacet
  facet normal -0.156456 0.987685 0
    outer loop
      vertex -5.63999 44.6452 2
      vertex -8.43216 44.2029 50
      vertex -5.63999 44.6452 50
    endloop
  endfacet
  facet normal -0.156456 0.987685 0
    outer loop
      vertex -8.43216 44.2029 50
      vertex -5.63999 44.6452 2
      vertex -8.43216 44.2029 2
    endloop
  endfacet
  facet normal -0.0314118 -0.999507 -5.904e-06
    outer loop
      vertex -2.82557 -44.9112 50
      vertex -0.75 -44.9764 45
      vertex 0 -45 50
    endloop
  endfacet
  facet normal -0.0313976 -0.999507 0
    outer loop
      vertex -2.82557 -44.9112 50
      vertex -0.75 -44.9764 30
      vertex -0.75 -44.9764 45
    endloop
  endfacet
  facet normal -0.0313976 -0.999507 0
    outer loop
      vertex -2.82557 -44.9112 2
      vertex -0.75 -44.9764 30
      vertex -2.82557 -44.9112 50
    endloop
  endfacet
  facet normal -0.0314118 -0.999507 1.05429e-06
    outer loop
      vertex 0 -45 2
      vertex -0.75 -44.9764 30
      vertex -2.82557 -44.9112 2
    endloop
  endfacet
  facet normal -0.0314511 -0.999505 0
    outer loop
      vertex -0.75 -44.9764 30
      vertex 0 -45 2
      vertex 0 -45 30
    endloop
  endfacet
  facet normal -0.0314511 -0.999505 -0
    outer loop
      vertex 0 -45 50
      vertex -0.75 -44.9764 45
      vertex 0 -45 45
    endloop
  endfacet
  facet normal -0.156456 -0.987685 0
    outer loop
      vertex -8.43216 -44.2029 2
      vertex -5.63999 -44.6452 50
      vertex -8.43216 -44.2029 50
    endloop
  endfacet
  facet normal -0.156456 -0.987685 -0
    outer loop
      vertex -5.63999 -44.6452 50
      vertex -8.43216 -44.2029 2
      vertex -5.63999 -44.6452 2
    endloop
  endfacet
  facet normal -0.338742 0.940879 0
    outer loop
      vertex -13.9058 42.7975 2
      vertex -16.5656 41.8399 50
      vertex -13.9058 42.7975 50
    endloop
  endfacet
  facet normal -0.338742 0.940879 0
    outer loop
      vertex -16.5656 41.8399 50
      vertex -13.9058 42.7975 2
      vertex -16.5656 41.8399 2
    endloop
  endfacet
  facet normal 0.453993 -0.891005 0
    outer loop
      vertex 19.1601 -40.7172 2
      vertex 21.6789 -39.4338 50
      vertex 19.1601 -40.7172 50
    endloop
  endfacet
  facet normal 0.453993 -0.891005 0
    outer loop
      vertex 21.6789 -39.4338 50
      vertex 19.1601 -40.7172 2
      vertex 21.6789 -39.4338 2
    endloop
  endfacet
  facet normal -0.995563 0.0940939 0
    outer loop
      vertex -44.9112 2.82557 2
      vertex -44.6452 5.63999 50
      vertex -44.6452 5.63999 2
    endloop
  endfacet
  facet normal -0.995563 0.0940939 0
    outer loop
      vertex -44.6452 5.63999 50
      vertex -44.9112 2.82557 2
      vertex -44.9112 2.82557 50
    endloop
  endfacet
  facet normal -0.827076 0.56209 0
    outer loop
      vertex -37.9948 24.1122 2
      vertex -36.4058 26.4503 50
      vertex -36.4058 26.4503 2
    endloop
  endfacet
  facet normal -0.827076 0.56209 0
    outer loop
      vertex -36.4058 26.4503 50
      vertex -37.9948 24.1122 2
      vertex -37.9948 24.1122 50
    endloop
  endfacet
  facet normal -0.0940939 0.995563 0
    outer loop
      vertex -2.82557 44.9112 2
      vertex -5.63999 44.6452 50
      vertex -2.82557 44.9112 50
    endloop
  endfacet
  facet normal -0.0940939 0.995563 0
    outer loop
      vertex -5.63999 44.6452 50
      vertex -2.82557 44.9112 2
      vertex -5.63999 44.6452 2
    endloop
  endfacet
  facet normal -0.397136 0.91776 0
    outer loop
      vertex -16.5656 41.8399 2
      vertex -19.1601 40.7172 50
      vertex -16.5656 41.8399 50
    endloop
  endfacet
  facet normal -0.397136 0.91776 0
    outer loop
      vertex -19.1601 40.7172 50
      vertex -16.5656 41.8399 2
      vertex -19.1601 40.7172 2
    endloop
  endfacet
  facet normal -0.661317 0.750106 0
    outer loop
      vertex -28.6841 34.6731 2
      vertex -30.8046 32.8036 50
      vertex -28.6841 34.6731 50
    endloop
  endfacet
  facet normal -0.661317 0.750106 0
    outer loop
      vertex -30.8046 32.8036 50
      vertex -28.6841 34.6731 2
      vertex -30.8046 32.8036 2
    endloop
  endfacet
  facet normal 0.56209 -0.827076 0
    outer loop
      vertex 24.1122 -37.9948 2
      vertex 26.4503 -36.4058 50
      vertex 24.1122 -37.9948 50
    endloop
  endfacet
  facet normal 0.56209 -0.827076 0
    outer loop
      vertex 26.4503 -36.4058 50
      vertex 24.1122 -37.9948 2
      vertex 26.4503 -36.4058 2
    endloop
  endfacet
  facet normal -0.940879 0.338742 0
    outer loop
      vertex -42.7975 13.9058 2
      vertex -41.8399 16.5656 50
      vertex -41.8399 16.5656 2
    endloop
  endfacet
  facet normal -0.940879 0.338742 0
    outer loop
      vertex -41.8399 16.5656 50
      vertex -42.7975 13.9058 2
      vertex -42.7975 13.9058 50
    endloop
  endfacet
  facet normal 0.338742 0.940879 -0
    outer loop
      vertex 16.5656 41.8399 2
      vertex 13.9058 42.7975 50
      vertex 16.5656 41.8399 50
    endloop
  endfacet
  facet normal 0.338742 0.940879 0
    outer loop
      vertex 13.9058 42.7975 50
      vertex 16.5656 41.8399 2
      vertex 13.9058 42.7975 2
    endloop
  endfacet
  facet normal 0.397136 -0.91776 0
    outer loop
      vertex 16.5656 -41.8399 2
      vertex 19.1601 -40.7172 50
      vertex 16.5656 -41.8399 50
    endloop
  endfacet
  facet normal 0.397136 -0.91776 0
    outer loop
      vertex 19.1601 -40.7172 50
      vertex 16.5656 -41.8399 2
      vertex 19.1601 -40.7172 2
    endloop
  endfacet
  facet normal -0.975915 0.218152 0
    outer loop
      vertex -44.2029 8.43216 2
      vertex -43.5862 11.191 50
      vertex -43.5862 11.191 2
    endloop
  endfacet
  facet normal -0.975915 0.218152 0
    outer loop
      vertex -43.5862 11.191 50
      vertex -44.2029 8.43216 2
      vertex -44.2029 8.43216 50
    endloop
  endfacet
  facet normal 0.790157 0.612904 0
    outer loop
      vertex 36.4058 26.4503 50
      vertex 34.6731 28.6841 2
      vertex 34.6731 28.6841 50
    endloop
  endfacet
  facet normal 0.790157 0.612904 0
    outer loop
      vertex 34.6731 28.6841 2
      vertex 36.4058 26.4503 50
      vertex 36.4058 26.4503 2
    endloop
  endfacet
  facet normal 0.86075 0.509028 0
    outer loop
      vertex 39.4338 21.6789 50
      vertex 37.9948 24.1122 2
      vertex 37.9948 24.1122 50
    endloop
  endfacet
  facet normal 0.86075 0.509028 0
    outer loop
      vertex 37.9948 24.1122 2
      vertex 39.4338 21.6789 50
      vertex 39.4338 21.6789 2
    endloop
  endfacet
  facet normal 0.0314511 -0.999505 0
    outer loop
      vertex 0 -45 30
      vertex 0 -45 2
      vertex 0.75 -44.9764 30
    endloop
  endfacet
  facet normal 0.0314511 -0.999505 0
    outer loop
      vertex 0.75 -44.9764 45
      vertex 0 -45 50
      vertex 0 -45 45
    endloop
  endfacet
  facet normal 0.0314118 -0.999507 -5.904e-06
    outer loop
      vertex 0 -45 50
      vertex 0.75 -44.9764 45
      vertex 2.82557 -44.9112 50
    endloop
  endfacet
  facet normal 0.0313976 -0.999507 0
    outer loop
      vertex 0.75 -44.9764 30
      vertex 2.82557 -44.9112 50
      vertex 0.75 -44.9764 45
    endloop
  endfacet
  facet normal 0.0314118 -0.999507 1.05429e-06
    outer loop
      vertex 2.82557 -44.9112 2
      vertex 0.75 -44.9764 30
      vertex 0 -45 2
    endloop
  endfacet
  facet normal 0.0313976 -0.999507 0
    outer loop
      vertex 0.75 -44.9764 30
      vertex 2.82557 -44.9112 2
      vertex 2.82557 -44.9112 50
    endloop
  endfacet
  facet normal -0.891005 0.453993 0
    outer loop
      vertex -40.7172 19.1601 2
      vertex -39.4338 21.6789 50
      vertex -39.4338 21.6789 2
    endloop
  endfacet
  facet normal -0.891005 0.453993 0
    outer loop
      vertex -39.4338 21.6789 50
      vertex -40.7172 19.1601 2
      vertex -40.7172 19.1601 50
    endloop
  endfacet
  facet normal -0.278984 0.960296 0
    outer loop
      vertex -11.191 43.5862 2
      vertex -13.9058 42.7975 50
      vertex -11.191 43.5862 50
    endloop
  endfacet
  facet normal -0.278984 0.960296 0
    outer loop
      vertex -13.9058 42.7975 50
      vertex -11.191 43.5862 2
      vertex -13.9058 42.7975 2
    endloop
  endfacet
  facet normal -0.612904 0.790157 0
    outer loop
      vertex -26.4503 36.4058 2
      vertex -28.6841 34.6731 50
      vertex -26.4503 36.4058 50
    endloop
  endfacet
  facet normal -0.612904 0.790157 0
    outer loop
      vertex -28.6841 34.6731 50
      vertex -26.4503 36.4058 2
      vertex -28.6841 34.6731 2
    endloop
  endfacet
  facet normal -0.827076 -0.56209 0
    outer loop
      vertex -36.4058 -26.4503 2
      vertex -37.9948 -24.1122 50
      vertex -37.9948 -24.1122 2
    endloop
  endfacet
  facet normal -0.827076 -0.56209 0
    outer loop
      vertex -37.9948 -24.1122 50
      vertex -36.4058 -26.4503 2
      vertex -36.4058 -26.4503 50
    endloop
  endfacet
  facet normal 0.707107 -0.707107 0
    outer loop
      vertex 32.3344 -31.2738 30
      vertex 32.8036 -30.8046 50
      vertex 32.3344 -31.2738 45
    endloop
  endfacet
  facet normal 0.707107 -0.707107 0
    outer loop
      vertex 32.8036 -30.8046 50
      vertex 31.2738 -32.3344 45
      vertex 32.3344 -31.2738 45
    endloop
  endfacet
  facet normal 0.707107 -0.707107 0
    outer loop
      vertex 31.2738 -32.3344 45
      vertex 30.8046 -32.8036 50
      vertex 31.2738 -32.3344 30
    endloop
  endfacet
  facet normal 0.707107 -0.707107 0
    outer loop
      vertex 30.8046 -32.8036 50
      vertex 31.2738 -32.3344 45
      vertex 32.8036 -30.8046 50
    endloop
  endfacet
  facet normal 0.707107 -0.707107 0
    outer loop
      vertex 32.8036 -30.8046 50
      vertex 32.3344 -31.2738 30
      vertex 32.8036 -30.8046 2
    endloop
  endfacet
  facet normal 0.707107 -0.707107 0
    outer loop
      vertex 31.2738 -32.3344 30
      vertex 32.8036 -30.8046 2
      vertex 32.3344 -31.2738 30
    endloop
  endfacet
  facet normal 0.707107 -0.707107 0
    outer loop
      vertex 31.2738 -32.3344 30
      vertex 30.8046 -32.8036 2
      vertex 32.8036 -30.8046 2
    endloop
  endfacet
  facet normal 0.707107 -0.707107 0
    outer loop
      vertex 30.8046 -32.8036 2
      vertex 31.2738 -32.3344 30
      vertex 30.8046 -32.8036 50
    endloop
  endfacet
  facet normal -0.960296 0.278984 0
    outer loop
      vertex -43.5862 11.191 2
      vertex -42.7975 13.9058 50
      vertex -42.7975 13.9058 2
    endloop
  endfacet
  facet normal -0.960296 0.278984 0
    outer loop
      vertex -42.7975 13.9058 50
      vertex -43.5862 11.191 2
      vertex -43.5862 11.191 50
    endloop
  endfacet
  facet normal 0.960296 0.278984 0
    outer loop
      vertex 43.5862 11.191 50
      vertex 42.7975 13.9058 2
      vertex 42.7975 13.9058 50
    endloop
  endfacet
  facet normal 0.960296 0.278984 0
    outer loop
      vertex 42.7975 13.9058 2
      vertex 43.5862 11.191 50
      vertex 43.5862 11.191 2
    endloop
  endfacet
  facet normal -0.612904 -0.790157 0
    outer loop
      vertex -28.6841 -34.6731 2
      vertex -26.4503 -36.4058 50
      vertex -28.6841 -34.6731 50
    endloop
  endfacet
  facet normal -0.612904 -0.790157 -0
    outer loop
      vertex -26.4503 -36.4058 50
      vertex -28.6841 -34.6731 2
      vertex -26.4503 -36.4058 2
    endloop
  endfacet
  facet normal 0.509028 0.86075 -0
    outer loop
      vertex 24.1122 37.9948 2
      vertex 21.6789 39.4338 50
      vertex 24.1122 37.9948 50
    endloop
  endfacet
  facet normal 0.509028 0.86075 0
    outer loop
      vertex 21.6789 39.4338 50
      vertex 24.1122 37.9948 2
      vertex 21.6789 39.4338 2
    endloop
  endfacet
  facet normal 0.960296 -0.278984 0
    outer loop
      vertex 42.7975 -13.9058 50
      vertex 43.5862 -11.191 2
      vertex 43.5862 -11.191 50
    endloop
  endfacet
  facet normal 0.960296 -0.278984 0
    outer loop
      vertex 43.5862 -11.191 2
      vertex 42.7975 -13.9058 50
      vertex 42.7975 -13.9058 2
    endloop
  endfacet
  facet normal -0.987685 -0.156456 0
    outer loop
      vertex -44.2029 -8.43216 2
      vertex -44.6452 -5.63999 50
      vertex -44.6452 -5.63999 2
    endloop
  endfacet
  facet normal -0.987685 -0.156456 0
    outer loop
      vertex -44.6452 -5.63999 50
      vertex -44.2029 -8.43216 2
      vertex -44.2029 -8.43216 50
    endloop
  endfacet
  facet normal -0.91776 0.397136 0
    outer loop
      vertex -41.8399 16.5656 2
      vertex -40.7172 19.1601 50
      vertex -40.7172 19.1601 2
    endloop
  endfacet
  facet normal -0.91776 0.397136 0
    outer loop
      vertex -40.7172 19.1601 50
      vertex -41.8399 16.5656 2
      vertex -41.8399 16.5656 50
    endloop
  endfacet
  facet normal -0.987685 0.156456 0
    outer loop
      vertex -44.6452 5.63999 2
      vertex -44.2029 8.43216 50
      vertex -44.2029 8.43216 2
    endloop
  endfacet
  facet normal -0.987685 0.156456 0
    outer loop
      vertex -44.2029 8.43216 50
      vertex -44.6452 5.63999 2
      vertex -44.6452 5.63999 50
    endloop
  endfacet
  facet normal -0.218152 0.975915 0
    outer loop
      vertex -8.43216 44.2029 2
      vertex -11.191 43.5862 50
      vertex -8.43216 44.2029 50
    endloop
  endfacet
  facet normal -0.218152 0.975915 0
    outer loop
      vertex -11.191 43.5862 50
      vertex -8.43216 44.2029 2
      vertex -11.191 43.5862 2
    endloop
  endfacet
  facet normal 0.218152 0.975915 -0
    outer loop
      vertex 11.191 43.5862 2
      vertex 8.43216 44.2029 50
      vertex 11.191 43.5862 50
    endloop
  endfacet
  facet normal 0.218152 0.975915 0
    outer loop
      vertex 8.43216 44.2029 50
      vertex 11.191 43.5862 2
      vertex 8.43216 44.2029 2
    endloop
  endfacet
  facet normal -0.453993 -0.891005 0
    outer loop
      vertex -21.6789 -39.4338 2
      vertex -19.1601 -40.7172 50
      vertex -21.6789 -39.4338 50
    endloop
  endfacet
  facet normal -0.453993 -0.891005 -0
    outer loop
      vertex -19.1601 -40.7172 50
      vertex -21.6789 -39.4338 2
      vertex -19.1601 -40.7172 2
    endloop
  endfacet
  facet normal 0.891005 0.453993 0
    outer loop
      vertex 40.7172 19.1601 50
      vertex 39.4338 21.6789 2
      vertex 39.4338 21.6789 50
    endloop
  endfacet
  facet normal 0.891005 0.453993 0
    outer loop
      vertex 39.4338 21.6789 2
      vertex 40.7172 19.1601 50
      vertex 40.7172 19.1601 2
    endloop
  endfacet
  facet normal 0.278984 -0.960296 0
    outer loop
      vertex 11.191 -43.5862 2
      vertex 13.9058 -42.7975 50
      vertex 11.191 -43.5862 50
    endloop
  endfacet
  facet normal 0.278984 -0.960296 0
    outer loop
      vertex 13.9058 -42.7975 50
      vertex 11.191 -43.5862 2
      vertex 13.9058 -42.7975 2
    endloop
  endfacet
  facet normal 0.987685 -0.156456 0
    outer loop
      vertex 44.2029 -8.43216 50
      vertex 44.6452 -5.63999 2
      vertex 44.6452 -5.63999 50
    endloop
  endfacet
  facet normal 0.987685 -0.156456 0
    outer loop
      vertex 44.6452 -5.63999 2
      vertex 44.2029 -8.43216 50
      vertex 44.2029 -8.43216 2
    endloop
  endfacet
  facet normal -0.0314511 0.999505 0
    outer loop
      vertex 0 45 30
      vertex 0 45 2
      vertex -0.75 44.9764 30
    endloop
  endfacet
  facet normal -0.0314511 0.999505 0
    outer loop
      vertex -0.75 44.9764 45
      vertex 0 45 50
      vertex 0 45 45
    endloop
  endfacet
  facet normal -0.0314118 0.999507 -5.904e-06
    outer loop
      vertex 0 45 50
      vertex -0.75 44.9764 45
      vertex -2.82557 44.9112 50
    endloop
  endfacet
  facet normal -0.0313976 0.999507 0
    outer loop
      vertex -0.75 44.9764 30
      vertex -2.82557 44.9112 50
      vertex -0.75 44.9764 45
    endloop
  endfacet
  facet normal -0.0314118 0.999507 1.05429e-06
    outer loop
      vertex -2.82557 44.9112 2
      vertex -0.75 44.9764 30
      vertex 0 45 2
    endloop
  endfacet
  facet normal -0.0313976 0.999507 0
    outer loop
      vertex -0.75 44.9764 30
      vertex -2.82557 44.9112 2
      vertex -2.82557 44.9112 50
    endloop
  endfacet
  facet normal -0.790157 -0.612904 0
    outer loop
      vertex -34.6731 -28.6841 2
      vertex -36.4058 -26.4503 50
      vertex -36.4058 -26.4503 2
    endloop
  endfacet
  facet normal -0.790157 -0.612904 0
    outer loop
      vertex -36.4058 -26.4503 50
      vertex -34.6731 -28.6841 2
      vertex -34.6731 -28.6841 50
    endloop
  endfacet
  facet normal -0.891005 -0.453993 0
    outer loop
      vertex -39.4338 -21.6789 2
      vertex -40.7172 -19.1601 50
      vertex -40.7172 -19.1601 2
    endloop
  endfacet
  facet normal -0.891005 -0.453993 0
    outer loop
      vertex -40.7172 -19.1601 50
      vertex -39.4338 -21.6789 2
      vertex -39.4338 -21.6789 50
    endloop
  endfacet
  facet normal 0.0940939 -0.995563 0
    outer loop
      vertex 2.82557 -44.9112 2
      vertex 5.63999 -44.6452 50
      vertex 2.82557 -44.9112 50
    endloop
  endfacet
  facet normal 0.0940939 -0.995563 0
    outer loop
      vertex 5.63999 -44.6452 50
      vertex 2.82557 -44.9112 2
      vertex 5.63999 -44.6452 2
    endloop
  endfacet
  facet normal 0.661317 0.750106 -0
    outer loop
      vertex 30.8046 32.8036 2
      vertex 28.6841 34.6731 50
      vertex 30.8046 32.8036 50
    endloop
  endfacet
  facet normal 0.661317 0.750106 0
    outer loop
      vertex 28.6841 34.6731 50
      vertex 30.8046 32.8036 2
      vertex 28.6841 34.6731 2
    endloop
  endfacet
  facet normal 0.56209 0.827076 -0
    outer loop
      vertex 26.4503 36.4058 2
      vertex 24.1122 37.9948 50
      vertex 26.4503 36.4058 50
    endloop
  endfacet
  facet normal 0.56209 0.827076 0
    outer loop
      vertex 24.1122 37.9948 50
      vertex 26.4503 36.4058 2
      vertex 24.1122 37.9948 2
    endloop
  endfacet
  facet normal 0.827076 0.56209 0
    outer loop
      vertex 37.9948 24.1122 50
      vertex 36.4058 26.4503 2
      vertex 36.4058 26.4503 50
    endloop
  endfacet
  facet normal 0.827076 0.56209 0
    outer loop
      vertex 36.4058 26.4503 2
      vertex 37.9948 24.1122 50
      vertex 37.9948 24.1122 2
    endloop
  endfacet
  facet normal 0.999505 -0.0314511 0
    outer loop
      vertex 45 0 50
      vertex 44.9764 -0.75 45
      vertex 45 0 45
    endloop
  endfacet
  facet normal 0.999507 -0.0313976 0
    outer loop
      vertex 44.9764 -0.75 45
      vertex 44.9112 -2.82557 50
      vertex 44.9764 -0.75 30
    endloop
  endfacet
  facet normal 0.999507 -0.0314118 -5.904e-06
    outer loop
      vertex 44.9112 -2.82557 50
      vertex 44.9764 -0.75 45
      vertex 45 0 50
    endloop
  endfacet
  facet normal 0.999505 -0.0314511 0
    outer loop
      vertex 44.9764 -0.75 30
      vertex 45 0 20
      vertex 45 0 30
    endloop
  endfacet
  facet normal 0.999507 -0.0313976 0
    outer loop
      vertex 44.9112 -2.82557 20
      vertex 44.9764 -0.75 30
      vertex 44.9112 -2.82557 50
    endloop
  endfacet
  facet normal 0.999507 -0.0314118 2.952e-06
    outer loop
      vertex 44.9764 -0.75 30
      vertex 44.9112 -2.82557 20
      vertex 45 0 20
    endloop
  endfacet
  facet normal 0.999507 -0.0314118 0
    outer loop
      vertex 44.9112 -2.82557 15
      vertex 45 0 2
      vertex 45 0 15
    endloop
  endfacet
  facet normal 0.999507 -0.0314118 0
    outer loop
      vertex 45 0 2
      vertex 44.9112 -2.82557 15
      vertex 44.9112 -2.82557 2
    endloop
  endfacet
  facet normal -0.509028 -0.86075 0
    outer loop
      vertex -24.1122 -37.9948 2
      vertex -21.6789 -39.4338 50
      vertex -24.1122 -37.9948 50
    endloop
  endfacet
  facet normal -0.509028 -0.86075 -0
    outer loop
      vertex -21.6789 -39.4338 50
      vertex -24.1122 -37.9948 2
      vertex -21.6789 -39.4338 2
    endloop
  endfacet
  facet normal 0.707107 0.707107 -0
    outer loop
      vertex 31.2738 32.3344 30
      vertex 30.8046 32.8036 50
      vertex 31.2738 32.3344 45
    endloop
  endfacet
  facet normal 0.707107 0.707107 0
    outer loop
      vertex 30.8046 32.8036 50
      vertex 32.3344 31.2738 45
      vertex 31.2738 32.3344 45
    endloop
  endfacet
  facet normal 0.707107 0.707107 0
    outer loop
      vertex 32.3344 31.2738 45
      vertex 32.8036 30.8046 50
      vertex 32.3344 31.2738 30
    endloop
  endfacet
  facet normal 0.707107 0.707107 0
    outer loop
      vertex 32.8036 30.8046 50
      vertex 32.3344 31.2738 45
      vertex 30.8046 32.8036 50
    endloop
  endfacet
  facet normal 0.707107 0.707107 0
    outer loop
      vertex 30.8046 32.8036 50
      vertex 31.2738 32.3344 30
      vertex 30.8046 32.8036 2
    endloop
  endfacet
  facet normal 0.707107 0.707107 0
    outer loop
      vertex 32.3344 31.2738 30
      vertex 30.8046 32.8036 2
      vertex 31.2738 32.3344 30
    endloop
  endfacet
  facet normal 0.707107 0.707107 0
    outer loop
      vertex 32.3344 31.2738 30
      vertex 32.8036 30.8046 2
      vertex 30.8046 32.8036 2
    endloop
  endfacet
  facet normal 0.707107 0.707107 -0
    outer loop
      vertex 32.8036 30.8046 2
      vertex 32.3344 31.2738 30
      vertex 32.8036 30.8046 50
    endloop
  endfacet
  facet normal -0.960296 -0.278984 0
    outer loop
      vertex -42.7975 -13.9058 2
      vertex -43.5862 -11.191 50
      vertex -43.5862 -11.191 2
    endloop
  endfacet
  facet normal -0.960296 -0.278984 0
    outer loop
      vertex -43.5862 -11.191 50
      vertex -42.7975 -13.9058 2
      vertex -42.7975 -13.9058 50
    endloop
  endfacet
  facet normal -0.790157 0.612904 0
    outer loop
      vertex -36.4058 26.4503 2
      vertex -34.6731 28.6841 50
      vertex -34.6731 28.6841 2
    endloop
  endfacet
  facet normal -0.790157 0.612904 0
    outer loop
      vertex -34.6731 28.6841 50
      vertex -36.4058 26.4503 2
      vertex -36.4058 26.4503 50
    endloop
  endfacet
  facet normal -0.218152 -0.975915 0
    outer loop
      vertex -11.191 -43.5862 2
      vertex -8.43216 -44.2029 50
      vertex -11.191 -43.5862 50
    endloop
  endfacet
  facet normal -0.218152 -0.975915 -0
    outer loop
      vertex -8.43216 -44.2029 50
      vertex -11.191 -43.5862 2
      vertex -8.43216 -44.2029 2
    endloop
  endfacet
  facet normal -0.453993 0.891005 0
    outer loop
      vertex -19.1601 40.7172 2
      vertex -21.6789 39.4338 50
      vertex -19.1601 40.7172 50
    endloop
  endfacet
  facet normal -0.453993 0.891005 0
    outer loop
      vertex -21.6789 39.4338 50
      vertex -19.1601 40.7172 2
      vertex -21.6789 39.4338 2
    endloop
  endfacet
  facet normal 0.790157 -0.612904 0
    outer loop
      vertex 34.6731 -28.6841 50
      vertex 36.4058 -26.4503 2
      vertex 36.4058 -26.4503 50
    endloop
  endfacet
  facet normal 0.790157 -0.612904 0
    outer loop
      vertex 36.4058 -26.4503 2
      vertex 34.6731 -28.6841 50
      vertex 34.6731 -28.6841 2
    endloop
  endfacet
  facet normal -0.56209 -0.827076 0
    outer loop
      vertex -26.4503 -36.4058 2
      vertex -24.1122 -37.9948 50
      vertex -26.4503 -36.4058 50
    endloop
  endfacet
  facet normal -0.56209 -0.827076 -0
    outer loop
      vertex -24.1122 -37.9948 50
      vertex -26.4503 -36.4058 2
      vertex -24.1122 -37.9948 2
    endloop
  endfacet
  facet normal 0.156456 -0.987685 0
    outer loop
      vertex 5.63999 -44.6452 2
      vertex 8.43216 -44.2029 50
      vertex 5.63999 -44.6452 50
    endloop
  endfacet
  facet normal 0.156456 -0.987685 0
    outer loop
      vertex 8.43216 -44.2029 50
      vertex 5.63999 -44.6452 2
      vertex 8.43216 -44.2029 2
    endloop
  endfacet
  facet normal 0.940879 0.338742 0
    outer loop
      vertex 42.7975 13.9058 50
      vertex 41.8399 16.5656 2
      vertex 41.8399 16.5656 50
    endloop
  endfacet
  facet normal 0.940879 0.338742 0
    outer loop
      vertex 41.8399 16.5656 2
      vertex 42.7975 13.9058 50
      vertex 42.7975 13.9058 2
    endloop
  endfacet
  facet normal -0.86075 0.509028 0
    outer loop
      vertex -39.4338 21.6789 2
      vertex -37.9948 24.1122 50
      vertex -37.9948 24.1122 2
    endloop
  endfacet
  facet normal -0.86075 0.509028 0
    outer loop
      vertex -37.9948 24.1122 50
      vertex -39.4338 21.6789 2
      vertex -39.4338 21.6789 50
    endloop
  endfacet
  facet normal -0.750106 -0.661317 0
    outer loop
      vertex -32.8036 -30.8046 2
      vertex -34.6731 -28.6841 50
      vertex -34.6731 -28.6841 2
    endloop
  endfacet
  facet normal -0.750106 -0.661317 0
    outer loop
      vertex -34.6731 -28.6841 50
      vertex -32.8036 -30.8046 2
      vertex -32.8036 -30.8046 50
    endloop
  endfacet
  facet normal -0.509028 0.86075 0
    outer loop
      vertex -21.6789 39.4338 2
      vertex -24.1122 37.9948 50
      vertex -21.6789 39.4338 50
    endloop
  endfacet
  facet normal -0.509028 0.86075 0
    outer loop
      vertex -24.1122 37.9948 50
      vertex -21.6789 39.4338 2
      vertex -24.1122 37.9948 2
    endloop
  endfacet
  facet normal 0.750106 -0.661317 0
    outer loop
      vertex 32.8036 -30.8046 50
      vertex 34.6731 -28.6841 2
      vertex 34.6731 -28.6841 50
    endloop
  endfacet
  facet normal 0.750106 -0.661317 0
    outer loop
      vertex 34.6731 -28.6841 2
      vertex 32.8036 -30.8046 50
      vertex 32.8036 -30.8046 2
    endloop
  endfacet
  facet normal -0.999505 -0.0314511 0
    outer loop
      vertex -45 0 2
      vertex -44.9764 -0.75 30
      vertex -45 0 30
    endloop
  endfacet
  facet normal -0.999507 -0.0313976 -0
    outer loop
      vertex -44.9112 -2.82557 50
      vertex -44.9764 -0.75 30
      vertex -44.9112 -2.82557 2
    endloop
  endfacet
  facet normal -0.999507 -0.0314118 1.05429e-06
    outer loop
      vertex -44.9112 -2.82557 2
      vertex -44.9764 -0.75 30
      vertex -45 0 2
    endloop
  endfacet
  facet normal -0.999505 -0.0314511 0
    outer loop
      vertex -44.9764 -0.75 45
      vertex -45 0 50
      vertex -45 0 45
    endloop
  endfacet
  facet normal -0.999507 -0.0314118 -5.904e-06
    outer loop
      vertex -44.9764 -0.75 45
      vertex -44.9112 -2.82557 50
      vertex -45 0 50
    endloop
  endfacet
  facet normal -0.999507 -0.0313976 0
    outer loop
      vertex -44.9764 -0.75 30
      vertex -44.9112 -2.82557 50
      vertex -44.9764 -0.75 45
    endloop
  endfacet
  facet normal -0.975915 -0.218152 0
    outer loop
      vertex -43.5862 -11.191 2
      vertex -44.2029 -8.43216 50
      vertex -44.2029 -8.43216 2
    endloop
  endfacet
  facet normal -0.975915 -0.218152 0
    outer loop
      vertex -44.2029 -8.43216 50
      vertex -43.5862 -11.191 2
      vertex -43.5862 -11.191 50
    endloop
  endfacet
  facet normal 0.827076 -0.56209 0
    outer loop
      vertex 36.4058 -26.4503 50
      vertex 37.9948 -24.1122 2
      vertex 37.9948 -24.1122 50
    endloop
  endfacet
  facet normal 0.827076 -0.56209 0
    outer loop
      vertex 37.9948 -24.1122 2
      vertex 36.4058 -26.4503 50
      vertex 36.4058 -26.4503 2
    endloop
  endfacet
  facet normal 0.91776 0.397136 0
    outer loop
      vertex 41.8399 16.5656 50
      vertex 40.7172 19.1601 2
      vertex 40.7172 19.1601 50
    endloop
  endfacet
  facet normal 0.91776 0.397136 0
    outer loop
      vertex 40.7172 19.1601 2
      vertex 41.8399 16.5656 50
      vertex 41.8399 16.5656 2
    endloop
  endfacet
  facet normal 0.397136 0.91776 -0
    outer loop
      vertex 19.1601 40.7172 2
      vertex 16.5656 41.8399 50
      vertex 19.1601 40.7172 50
    endloop
  endfacet
  facet normal 0.397136 0.91776 0
    outer loop
      vertex 16.5656 41.8399 50
      vertex 19.1601 40.7172 2
      vertex 16.5656 41.8399 2
    endloop
  endfacet
  facet normal 0.0314118 0.999507 -5.904e-06
    outer loop
      vertex 2.82557 44.9112 50
      vertex 0.75 44.9764 45
      vertex 0 45 50
    endloop
  endfacet
  facet normal 0.0313976 0.999507 0
    outer loop
      vertex 2.82557 44.9112 50
      vertex 0.75 44.9764 30
      vertex 0.75 44.9764 45
    endloop
  endfacet
  facet normal 0.0313976 0.999507 -0
    outer loop
      vertex 2.82557 44.9112 2
      vertex 0.75 44.9764 30
      vertex 2.82557 44.9112 50
    endloop
  endfacet
  facet normal 0.0314118 0.999507 1.05429e-06
    outer loop
      vertex 0 45 2
      vertex 0.75 44.9764 30
      vertex 2.82557 44.9112 2
    endloop
  endfacet
  facet normal 0.0314511 0.999505 0
    outer loop
      vertex 0.75 44.9764 30
      vertex 0 45 2
      vertex 0 45 30
    endloop
  endfacet
  facet normal 0.0314511 0.999505 0
    outer loop
      vertex 0 45 50
      vertex 0.75 44.9764 45
      vertex 0 45 45
    endloop
  endfacet
  facet normal 0.338742 -0.940879 0
    outer loop
      vertex 13.9058 -42.7975 2
      vertex 16.5656 -41.8399 50
      vertex 13.9058 -42.7975 50
    endloop
  endfacet
  facet normal 0.338742 -0.940879 0
    outer loop
      vertex 16.5656 -41.8399 50
      vertex 13.9058 -42.7975 2
      vertex 16.5656 -41.8399 2
    endloop
  endfacet
  facet normal 0.975915 -0.218152 0
    outer loop
      vertex 43.5862 -11.191 50
      vertex 44.2029 -8.43216 2
      vertex 44.2029 -8.43216 50
    endloop
  endfacet
  facet normal 0.975915 -0.218152 0
    outer loop
      vertex 44.2029 -8.43216 2
      vertex 43.5862 -11.191 50
      vertex 43.5862 -11.191 2
    endloop
  endfacet
  facet normal 0.891005 -0.453993 0
    outer loop
      vertex 39.4338 -21.6789 50
      vertex 40.7172 -19.1601 2
      vertex 40.7172 -19.1601 50
    endloop
  endfacet
  facet normal 0.891005 -0.453993 0
    outer loop
      vertex 40.7172 -19.1601 2
      vertex 39.4338 -21.6789 50
      vertex 39.4338 -21.6789 2
    endloop
  endfacet
  facet normal 0.750106 0.661317 0
    outer loop
      vertex 34.6731 28.6841 50
      vertex 32.8036 30.8046 2
      vertex 32.8036 30.8046 50
    endloop
  endfacet
  facet normal 0.750106 0.661317 0
    outer loop
      vertex 32.8036 30.8046 2
      vertex 34.6731 28.6841 50
      vertex 34.6731 28.6841 2
    endloop
  endfacet
  facet normal 0.612904 0.790157 -0
    outer loop
      vertex 28.6841 34.6731 2
      vertex 26.4503 36.4058 50
      vertex 28.6841 34.6731 50
    endloop
  endfacet
  facet normal 0.612904 0.790157 0
    outer loop
      vertex 26.4503 36.4058 50
      vertex 28.6841 34.6731 2
      vertex 26.4503 36.4058 2
    endloop
  endfacet
  facet normal 0.995564 -0.0940883 0
    outer loop
      vertex 44.9112 -2.82557 50
      vertex 44.7057 -5 20
      vertex 44.9112 -2.82557 20
    endloop
  endfacet
  facet normal 0.995562 -0.0941131 0
    outer loop
      vertex 44.6452 -5.63999 2
      vertex 44.7057 -5 20
      vertex 44.6452 -5.63999 50
    endloop
  endfacet
  facet normal 0.995563 -0.0940939 4.13518e-07
    outer loop
      vertex 44.6452 -5.63999 50
      vertex 44.7057 -5 20
      vertex 44.9112 -2.82557 50
    endloop
  endfacet
  facet normal 0.995564 -0.0940883 0
    outer loop
      vertex 44.7057 -5 15
      vertex 44.9112 -2.82557 2
      vertex 44.9112 -2.82557 15
    endloop
  endfacet
  facet normal 0.995563 -0.0940939 -9.54272e-07
    outer loop
      vertex 44.7057 -5 15
      vertex 44.6452 -5.63999 2
      vertex 44.9112 -2.82557 2
    endloop
  endfacet
  facet normal 0.995562 -0.0941131 0
    outer loop
      vertex 44.7057 -5 20
      vertex 44.6452 -5.63999 2
      vertex 44.7057 -5 15
    endloop
  endfacet
  facet normal 0.453993 0.891005 -0
    outer loop
      vertex 21.6789 39.4338 2
      vertex 19.1601 40.7172 50
      vertex 21.6789 39.4338 50
    endloop
  endfacet
  facet normal 0.453993 0.891005 0
    outer loop
      vertex 19.1601 40.7172 50
      vertex 21.6789 39.4338 2
      vertex 19.1601 40.7172 2
    endloop
  endfacet
  facet normal -0.940879 -0.338742 0
    outer loop
      vertex -41.8399 -16.5656 2
      vertex -42.7975 -13.9058 50
      vertex -42.7975 -13.9058 2
    endloop
  endfacet
  facet normal -0.940879 -0.338742 0
    outer loop
      vertex -42.7975 -13.9058 50
      vertex -41.8399 -16.5656 2
      vertex -41.8399 -16.5656 50
    endloop
  endfacet
  facet normal 0.218152 -0.975915 0
    outer loop
      vertex 8.43216 -44.2029 2
      vertex 11.191 -43.5862 50
      vertex 8.43216 -44.2029 50
    endloop
  endfacet
  facet normal 0.218152 -0.975915 0
    outer loop
      vertex 11.191 -43.5862 50
      vertex 8.43216 -44.2029 2
      vertex 11.191 -43.5862 2
    endloop
  endfacet
  facet normal 0.0940939 0.995563 -0
    outer loop
      vertex 5.63999 44.6452 2
      vertex 2.82557 44.9112 50
      vertex 5.63999 44.6452 50
    endloop
  endfacet
  facet normal 0.0940939 0.995563 0
    outer loop
      vertex 2.82557 44.9112 50
      vertex 5.63999 44.6452 2
      vertex 2.82557 44.9112 2
    endloop
  endfacet
  facet normal -0.999507 0.0313976 0
    outer loop
      vertex -44.9112 2.82557 2
      vertex -44.9764 0.75 30
      vertex -44.9112 2.82557 50
    endloop
  endfacet
  facet normal -0.999507 0.0314118 1.05429e-06
    outer loop
      vertex -45 0 2
      vertex -44.9764 0.75 30
      vertex -44.9112 2.82557 2
    endloop
  endfacet
  facet normal -0.999505 0.0314511 0
    outer loop
      vertex -44.9764 0.75 30
      vertex -45 0 2
      vertex -45 0 30
    endloop
  endfacet
  facet normal -0.999507 0.0313976 0
    outer loop
      vertex -44.9764 0.75 45
      vertex -44.9112 2.82557 50
      vertex -44.9764 0.75 30
    endloop
  endfacet
  facet normal -0.999505 0.0314511 0
    outer loop
      vertex -45 0 50
      vertex -44.9764 0.75 45
      vertex -45 0 45
    endloop
  endfacet
  facet normal -0.999507 0.0314118 -5.904e-06
    outer loop
      vertex -44.9764 0.75 45
      vertex -45 0 50
      vertex -44.9112 2.82557 50
    endloop
  endfacet
  facet normal -0.86075 -0.509028 0
    outer loop
      vertex -37.9948 -24.1122 2
      vertex -39.4338 -21.6789 50
      vertex -39.4338 -21.6789 2
    endloop
  endfacet
  facet normal -0.86075 -0.509028 0
    outer loop
      vertex -39.4338 -21.6789 50
      vertex -37.9948 -24.1122 2
      vertex -37.9948 -24.1122 50
    endloop
  endfacet
  facet normal -0.397136 -0.91776 0
    outer loop
      vertex -19.1601 -40.7172 2
      vertex -16.5656 -41.8399 50
      vertex -19.1601 -40.7172 50
    endloop
  endfacet
  facet normal -0.397136 -0.91776 -0
    outer loop
      vertex -16.5656 -41.8399 50
      vertex -19.1601 -40.7172 2
      vertex -16.5656 -41.8399 2
    endloop
  endfacet
  facet normal -0.338742 -0.940879 0
    outer loop
      vertex -16.5656 -41.8399 2
      vertex -13.9058 -42.7975 50
      vertex -16.5656 -41.8399 50
    endloop
  endfacet
  facet normal -0.338742 -0.940879 -0
    outer loop
      vertex -13.9058 -42.7975 50
      vertex -16.5656 -41.8399 2
      vertex -13.9058 -42.7975 2
    endloop
  endfacet
  facet normal -0.995563 -0.0940939 0
    outer loop
      vertex -44.6452 -5.63999 2
      vertex -44.9112 -2.82557 50
      vertex -44.9112 -2.82557 2
    endloop
  endfacet
  facet normal -0.995563 -0.0940939 0
    outer loop
      vertex -44.9112 -2.82557 50
      vertex -44.6452 -5.63999 2
      vertex -44.6452 -5.63999 50
    endloop
  endfacet
  facet normal -0.56209 0.827076 0
    outer loop
      vertex -24.1122 37.9948 2
      vertex -26.4503 36.4058 50
      vertex -24.1122 37.9948 50
    endloop
  endfacet
  facet normal -0.56209 0.827076 0
    outer loop
      vertex -26.4503 36.4058 50
      vertex -24.1122 37.9948 2
      vertex -26.4503 36.4058 2
    endloop
  endfacet
  facet normal -0.661317 -0.750106 0
    outer loop
      vertex -30.8046 -32.8036 2
      vertex -28.6841 -34.6731 50
      vertex -30.8046 -32.8036 50
    endloop
  endfacet
  facet normal -0.661317 -0.750106 -0
    outer loop
      vertex -28.6841 -34.6731 50
      vertex -30.8046 -32.8036 2
      vertex -28.6841 -34.6731 2
    endloop
  endfacet
  facet normal 0.86075 -0.509028 0
    outer loop
      vertex 37.9948 -24.1122 50
      vertex 39.4338 -21.6789 2
      vertex 39.4338 -21.6789 50
    endloop
  endfacet
  facet normal 0.86075 -0.509028 0
    outer loop
      vertex 39.4338 -21.6789 2
      vertex 37.9948 -24.1122 50
      vertex 37.9948 -24.1122 2
    endloop
  endfacet
  facet normal -0.91776 -0.397136 0
    outer loop
      vertex -40.7172 -19.1601 2
      vertex -41.8399 -16.5656 50
      vertex -41.8399 -16.5656 2
    endloop
  endfacet
  facet normal -0.91776 -0.397136 0
    outer loop
      vertex -41.8399 -16.5656 50
      vertex -40.7172 -19.1601 2
      vertex -40.7172 -19.1601 50
    endloop
  endfacet
  facet normal -0.278984 -0.960296 0
    outer loop
      vertex -13.9058 -42.7975 2
      vertex -11.191 -43.5862 50
      vertex -13.9058 -42.7975 50
    endloop
  endfacet
  facet normal -0.278984 -0.960296 -0
    outer loop
      vertex -11.191 -43.5862 50
      vertex -13.9058 -42.7975 2
      vertex -11.191 -43.5862 2
    endloop
  endfacet
  facet normal 0.509028 -0.86075 0
    outer loop
      vertex 21.6789 -39.4338 2
      vertex 24.1122 -37.9948 50
      vertex 21.6789 -39.4338 50
    endloop
  endfacet
  facet normal 0.509028 -0.86075 0
    outer loop
      vertex 24.1122 -37.9948 50
      vertex 21.6789 -39.4338 2
      vertex 24.1122 -37.9948 2
    endloop
  endfacet
  facet normal 0.612904 -0.790157 0
    outer loop
      vertex 26.4503 -36.4058 2
      vertex 28.6841 -34.6731 50
      vertex 26.4503 -36.4058 50
    endloop
  endfacet
  facet normal 0.612904 -0.790157 0
    outer loop
      vertex 28.6841 -34.6731 50
      vertex 26.4503 -36.4058 2
      vertex 28.6841 -34.6731 2
    endloop
  endfacet
  facet normal 0.278984 0.960296 -0
    outer loop
      vertex 13.9058 42.7975 2
      vertex 11.191 43.5862 50
      vertex 13.9058 42.7975 50
    endloop
  endfacet
  facet normal 0.278984 0.960296 0
    outer loop
      vertex 11.191 43.5862 50
      vertex 13.9058 42.7975 2
      vertex 11.191 43.5862 2
    endloop
  endfacet
  facet normal -0.707107 0.707107 0
    outer loop
      vertex -30.8046 32.8036 2
      vertex -31.2738 32.3344 30
      vertex -30.8046 32.8036 50
    endloop
  endfacet
  facet normal -0.707107 0.707107 0
    outer loop
      vertex -30.8046 32.8036 2
      vertex -32.3344 31.2738 30
      vertex -31.2738 32.3344 30
    endloop
  endfacet
  facet normal -0.707107 0.707107 0
    outer loop
      vertex -32.8036 30.8046 50
      vertex -32.3344 31.2738 30
      vertex -32.8036 30.8046 2
    endloop
  endfacet
  facet normal -0.707107 0.707107 0
    outer loop
      vertex -32.8036 30.8046 2
      vertex -32.3344 31.2738 30
      vertex -30.8046 32.8036 2
    endloop
  endfacet
  facet normal -0.707107 0.707107 0
    outer loop
      vertex -31.2738 32.3344 45
      vertex -30.8046 32.8036 50
      vertex -31.2738 32.3344 30
    endloop
  endfacet
  facet normal -0.707107 0.707107 0
    outer loop
      vertex -32.3344 31.2738 45
      vertex -30.8046 32.8036 50
      vertex -31.2738 32.3344 45
    endloop
  endfacet
  facet normal -0.707107 0.707107 0
    outer loop
      vertex -32.3344 31.2738 45
      vertex -32.8036 30.8046 50
      vertex -30.8046 32.8036 50
    endloop
  endfacet
  facet normal -0.707107 0.707107 0
    outer loop
      vertex -32.3344 31.2738 30
      vertex -32.8036 30.8046 50
      vertex -32.3344 31.2738 45
    endloop
  endfacet
  facet normal -0.750106 0.661317 0
    outer loop
      vertex -34.6731 28.6841 2
      vertex -32.8036 30.8046 50
      vertex -32.8036 30.8046 2
    endloop
  endfacet
  facet normal -0.750106 0.661317 0
    outer loop
      vertex -32.8036 30.8046 50
      vertex -34.6731 28.6841 2
      vertex -34.6731 28.6841 50
    endloop
  endfacet
  facet normal 0.661317 -0.750106 0
    outer loop
      vertex 28.6841 -34.6731 2
      vertex 30.8046 -32.8036 50
      vertex 28.6841 -34.6731 50
    endloop
  endfacet
  facet normal 0.661317 -0.750106 0
    outer loop
      vertex 30.8046 -32.8036 50
      vertex 28.6841 -34.6731 2
      vertex 30.8046 -32.8036 2
    endloop
  endfacet
  facet normal -0.0940939 -0.995563 0
    outer loop
      vertex -5.63999 -44.6452 2
      vertex -2.82557 -44.9112 50
      vertex -5.63999 -44.6452 50
    endloop
  endfacet
  facet normal -0.0940939 -0.995563 -0
    outer loop
      vertex -2.82557 -44.9112 50
      vertex -5.63999 -44.6452 2
      vertex -2.82557 -44.9112 2
    endloop
  endfacet
  facet normal 0.91776 -0.397136 0
    outer loop
      vertex 40.7172 -19.1601 50
      vertex 41.8399 -16.5656 2
      vertex 41.8399 -16.5656 50
    endloop
  endfacet
  facet normal 0.91776 -0.397136 0
    outer loop
      vertex 41.8399 -16.5656 2
      vertex 40.7172 -19.1601 50
      vertex 40.7172 -19.1601 2
    endloop
  endfacet
  facet normal 0.940879 -0.338742 0
    outer loop
      vertex 41.8399 -16.5656 50
      vertex 42.7975 -13.9058 2
      vertex 42.7975 -13.9058 50
    endloop
  endfacet
  facet normal 0.940879 -0.338742 0
    outer loop
      vertex 42.7975 -13.9058 2
      vertex 41.8399 -16.5656 50
      vertex 41.8399 -16.5656 2
    endloop
  endfacet
  facet normal 0 0 1
    outer loop
      vertex 43.125 0 50
      vertex 45 0 50
      vertex 44.9112 2.82557 50
    endloop
  endfacet
  facet normal 0 0 1
    outer loop
      vertex 43.0399 2.70784 50
      vertex 44.9112 2.82557 50
      vertex 44.6452 5.63999 50
    endloop
  endfacet
  facet normal 0 0 1
    outer loop
      vertex 45 0 50
      vertex 43.125 0 50
      vertex 44.9112 -2.82557 50
    endloop
  endfacet
  facet normal 0 0 1
    outer loop
      vertex 42.7849 5.40499 50
      vertex 44.6452 5.63999 50
      vertex 44.2029 8.43216 50
    endloop
  endfacet
  facet normal -0 0 1
    outer loop
      vertex 43.0399 -2.70784 50
      vertex 44.9112 -2.82557 50
      vertex 43.125 0 50
    endloop
  endfacet
  facet normal 0 0 1
    outer loop
      vertex 42.3611 8.08082 50
      vertex 44.2029 8.43216 50
      vertex 43.5862 11.191 50
    endloop
  endfacet
  facet normal 0 0 1
    outer loop
      vertex 44.9112 -2.82557 50
      vertex 43.0399 -2.70784 50
      vertex 44.6452 -5.63999 50
    endloop
  endfacet
  facet normal -0 0 1
    outer loop
      vertex 42.7849 -5.40499 50
      vertex 44.6452 -5.63999 50
      vertex 43.0399 -2.70784 50
    endloop
  endfacet
  facet normal 0 0 1
    outer loop
      vertex 44.9112 2.82557 50
      vertex 43.0399 2.70784 50
      vertex 43.125 0 50
    endloop
  endfacet
  facet normal 0 0 1
    outer loop
      vertex 41.7701 10.7248 50
      vertex 43.5862 11.191 50
      vertex 42.7975 13.9058 50
    endloop
  endfacet
  facet normal 0 0 1
    outer loop
      vertex 44.6452 5.63999 50
      vertex 42.7849 5.40499 50
      vertex 43.0399 2.70784 50
    endloop
  endfacet
  facet normal 0 0 1
    outer loop
      vertex 44.2029 8.43216 50
      vertex 42.3611 8.08082 50
      vertex 42.7849 5.40499 50
    endloop
  endfacet
  facet normal 0 0 1
    outer loop
      vertex 41.0143 13.3264 50
      vertex 42.7975 13.9058 50
      vertex 41.8399 16.5656 50
    endloop
  endfacet
  facet normal 0 0 1
    outer loop
      vertex 43.5862 11.191 50
      vertex 41.7701 10.7248 50
      vertex 42.3611 8.08082 50
    endloop
  endfacet
  facet normal 0 0 1
    outer loop
      vertex 42.7975 13.9058 50
      vertex 41.0143 13.3264 50
      vertex 41.7701 10.7248 50
    endloop
  endfacet
  facet normal 0 0 1
    outer loop
      vertex 40.0966 15.8754 50
      vertex 41.8399 16.5656 50
      vertex 40.7172 19.1601 50
    endloop
  endfacet
  facet normal 0 0 1
    outer loop
      vertex 41.8399 16.5656 50
      vertex 40.0966 15.8754 50
      vertex 41.0143 13.3264 50
    endloop
  endfacet
  facet normal 0 0 1
    outer loop
      vertex 39.0207 18.3617 50
      vertex 40.7172 19.1601 50
      vertex 39.4338 21.6789 50
    endloop
  endfacet
  facet normal 0 0 1
    outer loop
      vertex 40.7172 19.1601 50
      vertex 39.0207 18.3617 50
      vertex 40.0966 15.8754 50
    endloop
  endfacet
  facet normal 0 0 1
    outer loop
      vertex 37.7907 20.7756 50
      vertex 39.4338 21.6789 50
      vertex 37.9948 24.1122 50
    endloop
  endfacet
  facet normal 0 0 1
    outer loop
      vertex 39.4338 21.6789 50
      vertex 37.7907 20.7756 50
      vertex 39.0207 18.3617 50
    endloop
  endfacet
  facet normal 0 0 1
    outer loop
      vertex 37.9948 24.1122 50
      vertex 36.4116 23.1075 50
      vertex 37.7907 20.7756 50
    endloop
  endfacet
  facet normal 0 0 1
    outer loop
      vertex 36.4058 26.4503 50
      vertex 36.4116 23.1075 50
      vertex 37.9948 24.1122 50
    endloop
  endfacet
  facet normal 0 0 1
    outer loop
      vertex 36.4058 26.4503 50
      vertex 34.8889 25.3482 50
      vertex 36.4116 23.1075 50
    endloop
  endfacet
  facet normal 0 0 1
    outer loop
      vertex 34.6731 28.6841 50
      vertex 34.8889 25.3482 50
      vertex 36.4058 26.4503 50
    endloop
  endfacet
  facet normal 0 0 1
    outer loop
      vertex 34.6731 28.6841 50
      vertex 33.2284 27.4889 50
      vertex 34.8889 25.3482 50
    endloop
  endfacet
  facet normal 0 0 1
    outer loop
      vertex 32.8036 30.8046 50
      vertex 33.2284 27.4889 50
      vertex 34.6731 28.6841 50
    endloop
  endfacet
  facet normal 0 0 1
    outer loop
      vertex 32.8036 30.8046 50
      vertex 31.4368 29.5211 50
      vertex 33.2284 27.4889 50
    endloop
  endfacet
  facet normal 0 0 1
    outer loop
      vertex 30.8046 32.8036 50
      vertex 31.4368 29.5211 50
      vertex 32.8036 30.8046 50
    endloop
  endfacet
  facet normal 0 0 1
    outer loop
      vertex 30.8046 32.8036 50
      vertex 29.5211 31.4368 50
      vertex 31.4368 29.5211 50
    endloop
  endfacet
  facet normal 0 0 1
    outer loop
      vertex 28.6841 34.6731 50
      vertex 29.5211 31.4368 50
      vertex 30.8046 32.8036 50
    endloop
  endfacet
  facet normal 0 0 1
    outer loop
      vertex 28.6841 34.6731 50
      vertex 27.4889 33.2284 50
      vertex 29.5211 31.4368 50
    endloop
  endfacet
  facet normal 0 0 1
    outer loop
      vertex 26.4503 36.4058 50
      vertex 27.4889 33.2284 50
      vertex 28.6841 34.6731 50
    endloop
  endfacet
  facet normal 0 0 1
    outer loop
      vertex 26.4503 36.4058 50
      vertex 25.3482 34.8889 50
      vertex 27.4889 33.2284 50
    endloop
  endfacet
  facet normal 0 0 1
    outer loop
      vertex 24.1122 37.9948 50
      vertex 25.3482 34.8889 50
      vertex 26.4503 36.4058 50
    endloop
  endfacet
  facet normal 0 0 1
    outer loop
      vertex 24.1122 37.9948 50
      vertex 23.1075 36.4116 50
      vertex 25.3482 34.8889 50
    endloop
  endfacet
  facet normal 0 0 1
    outer loop
      vertex 21.6789 39.4338 50
      vertex 23.1075 36.4116 50
      vertex 24.1122 37.9948 50
    endloop
  endfacet
  facet normal 0 0 1
    outer loop
      vertex 21.6789 39.4338 50
      vertex 20.7756 37.7907 50
      vertex 23.1075 36.4116 50
    endloop
  endfacet
  facet normal 0 0 1
    outer loop
      vertex 19.1601 40.7172 50
      vertex 20.7756 37.7907 50
      vertex 21.6789 39.4338 50
    endloop
  endfacet
  facet normal 0 0 1
    outer loop
      vertex 19.1601 40.7172 50
      vertex 18.3617 39.0207 50
      vertex 20.7756 37.7907 50
    endloop
  endfacet
  facet normal 0 0 1
    outer loop
      vertex 16.5656 41.8399 50
      vertex 18.3617 39.0207 50
      vertex 19.1601 40.7172 50
    endloop
  endfacet
  facet normal 0 0 1
    outer loop
      vertex 16.5656 41.8399 50
      vertex 15.8754 40.0966 50
      vertex 18.3617 39.0207 50
    endloop
  endfacet
  facet normal 0 0 1
    outer loop
      vertex 13.9058 42.7975 50
      vertex 15.8754 40.0966 50
      vertex 16.5656 41.8399 50
    endloop
  endfacet
  facet normal 0 0 1
    outer loop
      vertex 13.9058 42.7975 50
      vertex 13.3264 41.0143 50
      vertex 15.8754 40.0966 50
    endloop
  endfacet
  facet normal 0 0 1
    outer loop
      vertex 11.191 43.5862 50
      vertex 13.3264 41.0143 50
      vertex 13.9058 42.7975 50
    endloop
  endfacet
  facet normal 0 0 1
    outer loop
      vertex 11.191 43.5862 50
      vertex 10.7248 41.7701 50
      vertex 13.3264 41.0143 50
    endloop
  endfacet
  facet normal 0 0 1
    outer loop
      vertex 8.43216 44.2029 50
      vertex 10.7248 41.7701 50
      vertex 11.191 43.5862 50
    endloop
  endfacet
  facet normal 0 0 1
    outer loop
      vertex 8.43216 44.2029 50
      vertex 8.08082 42.3611 50
      vertex 10.7248 41.7701 50
    endloop
  endfacet
  facet normal 0 0 1
    outer loop
      vertex 5.63999 44.6452 50
      vertex 8.08082 42.3611 50
      vertex 8.43216 44.2029 50
    endloop
  endfacet
  facet normal 0 0 1
    outer loop
      vertex 5.63999 44.6452 50
      vertex 5.40499 42.7849 50
      vertex 8.08082 42.3611 50
    endloop
  endfacet
  facet normal 0 0 1
    outer loop
      vertex 2.82557 44.9112 50
      vertex 5.40499 42.7849 50
      vertex 5.63999 44.6452 50
    endloop
  endfacet
  facet normal 0 0 1
    outer loop
      vertex 2.82557 44.9112 50
      vertex 2.70784 43.0399 50
      vertex 5.40499 42.7849 50
    endloop
  endfacet
  facet normal 0 0 1
    outer loop
      vertex 0 45 50
      vertex 2.70784 43.0399 50
      vertex 2.82557 44.9112 50
    endloop
  endfacet
  facet normal 0 0 1
    outer loop
      vertex 0 45 50
      vertex 0 43.125 50
      vertex 2.70784 43.0399 50
    endloop
  endfacet
  facet normal 0 0 1
    outer loop
      vertex 0 45 50
      vertex -2.70784 43.0399 50
      vertex 0 43.125 50
    endloop
  endfacet
  facet normal -0 0 1
    outer loop
      vertex -2.82557 44.9112 50
      vertex -2.70784 43.0399 50
      vertex 0 45 50
    endloop
  endfacet
  facet normal 0 0 1
    outer loop
      vertex -2.82557 44.9112 50
      vertex -5.40499 42.7849 50
      vertex -2.70784 43.0399 50
    endloop
  endfacet
  facet normal -0 0 1
    outer loop
      vertex -5.63999 44.6452 50
      vertex -5.40499 42.7849 50
      vertex -2.82557 44.9112 50
    endloop
  endfacet
  facet normal 0 0 1
    outer loop
      vertex -5.63999 44.6452 50
      vertex -8.08082 42.3611 50
      vertex -5.40499 42.7849 50
    endloop
  endfacet
  facet normal -0 0 1
    outer loop
      vertex -8.43216 44.2029 50
      vertex -8.08082 42.3611 50
      vertex -5.63999 44.6452 50
    endloop
  endfacet
  facet normal 0 0 1
    outer loop
      vertex -8.43216 44.2029 50
      vertex -10.7248 41.7701 50
      vertex -8.08082 42.3611 50
    endloop
  endfacet
  facet normal -0 0 1
    outer loop
      vertex -11.191 43.5862 50
      vertex -10.7248 41.7701 50
      vertex -8.43216 44.2029 50
    endloop
  endfacet
  facet normal 0 0 1
    outer loop
      vertex -11.191 43.5862 50
      vertex -13.3264 41.0143 50
      vertex -10.7248 41.7701 50
    endloop
  endfacet
  facet normal -0 0 1
    outer loop
      vertex -13.9058 42.7975 50
      vertex -13.3264 41.0143 50
      vertex -11.191 43.5862 50
    endloop
  endfacet
  facet normal 0 0 1
    outer loop
      vertex -13.9058 42.7975 50
      vertex -15.8754 40.0966 50
      vertex -13.3264 41.0143 50
    endloop
  endfacet
  facet normal -0 0 1
    outer loop
      vertex -16.5656 41.8399 50
      vertex -15.8754 40.0966 50
      vertex -13.9058 42.7975 50
    endloop
  endfacet
  facet normal 0 0 1
    outer loop
      vertex -16.5656 41.8399 50
      vertex -18.3617 39.0207 50
      vertex -15.8754 40.0966 50
    endloop
  endfacet
  facet normal -0 0 1
    outer loop
      vertex -19.1601 40.7172 50
      vertex -18.3617 39.0207 50
      vertex -16.5656 41.8399 50
    endloop
  endfacet
  facet normal 0 0 1
    outer loop
      vertex -19.1601 40.7172 50
      vertex -20.7756 37.7907 50
      vertex -18.3617 39.0207 50
    endloop
  endfacet
  facet normal -0 0 1
    outer loop
      vertex -21.6789 39.4338 50
      vertex -20.7756 37.7907 50
      vertex -19.1601 40.7172 50
    endloop
  endfacet
  facet normal 0 0 1
    outer loop
      vertex -21.6789 39.4338 50
      vertex -23.1075 36.4116 50
      vertex -20.7756 37.7907 50
    endloop
  endfacet
  facet normal -0 0 1
    outer loop
      vertex -24.1122 37.9948 50
      vertex -23.1075 36.4116 50
      vertex -21.6789 39.4338 50
    endloop
  endfacet
  facet normal 0 0 1
    outer loop
      vertex -24.1122 37.9948 50
      vertex -25.3482 34.8889 50
      vertex -23.1075 36.4116 50
    endloop
  endfacet
  facet normal -0 0 1
    outer loop
      vertex -26.4503 36.4058 50
      vertex -25.3482 34.8889 50
      vertex -24.1122 37.9948 50
    endloop
  endfacet
  facet normal 0 0 1
    outer loop
      vertex -26.4503 36.4058 50
      vertex -27.4889 33.2284 50
      vertex -25.3482 34.8889 50
    endloop
  endfacet
  facet normal -0 0 1
    outer loop
      vertex -28.6841 34.6731 50
      vertex -27.4889 33.2284 50
      vertex -26.4503 36.4058 50
    endloop
  endfacet
  facet normal 0 0 1
    outer loop
      vertex -28.6841 34.6731 50
      vertex -29.5211 31.4368 50
      vertex -27.4889 33.2284 50
    endloop
  endfacet
  facet normal -0 0 1
    outer loop
      vertex -30.8046 32.8036 50
      vertex -29.5211 31.4368 50
      vertex -28.6841 34.6731 50
    endloop
  endfacet
  facet normal 0 0 1
    outer loop
      vertex -30.8046 32.8036 50
      vertex -31.4368 29.5211 50
      vertex -29.5211 31.4368 50
    endloop
  endfacet
  facet normal -0 0 1
    outer loop
      vertex -32.8036 30.8046 50
      vertex -31.4368 29.5211 50
      vertex -30.8046 32.8036 50
    endloop
  endfacet
  facet normal 0 0 1
    outer loop
      vertex -32.8036 30.8046 50
      vertex -33.2284 27.4889 50
      vertex -31.4368 29.5211 50
    endloop
  endfacet
  facet normal -0 0 1
    outer loop
      vertex -34.6731 28.6841 50
      vertex -33.2284 27.4889 50
      vertex -32.8036 30.8046 50
    endloop
  endfacet
  facet normal 0 0 1
    outer loop
      vertex -34.6731 28.6841 50
      vertex -34.8889 25.3482 50
      vertex -33.2284 27.4889 50
    endloop
  endfacet
  facet normal -0 0 1
    outer loop
      vertex -36.4058 26.4503 50
      vertex -34.8889 25.3482 50
      vertex -34.6731 28.6841 50
    endloop
  endfacet
  facet normal 0 0 1
    outer loop
      vertex -36.4058 26.4503 50
      vertex -36.4116 23.1075 50
      vertex -34.8889 25.3482 50
    endloop
  endfacet
  facet normal -0 0 1
    outer loop
      vertex -37.9948 24.1122 50
      vertex -36.4116 23.1075 50
      vertex -36.4058 26.4503 50
    endloop
  endfacet
  facet normal 0 0 1
    outer loop
      vertex -36.4116 23.1075 50
      vertex -37.9948 24.1122 50
      vertex -37.7907 20.7756 50
    endloop
  endfacet
  facet normal -0 0 1
    outer loop
      vertex -39.4338 21.6789 50
      vertex -37.7907 20.7756 50
      vertex -37.9948 24.1122 50
    endloop
  endfacet
  facet normal 0 0 1
    outer loop
      vertex -37.7907 20.7756 50
      vertex -39.4338 21.6789 50
      vertex -39.0207 18.3617 50
    endloop
  endfacet
  facet normal -0 0 1
    outer loop
      vertex -40.7172 19.1601 50
      vertex -39.0207 18.3617 50
      vertex -39.4338 21.6789 50
    endloop
  endfacet
  facet normal 0 0 1
    outer loop
      vertex -39.0207 18.3617 50
      vertex -40.7172 19.1601 50
      vertex -40.0966 15.8754 50
    endloop
  endfacet
  facet normal -0 0 1
    outer loop
      vertex -41.8399 16.5656 50
      vertex -40.0966 15.8754 50
      vertex -40.7172 19.1601 50
    endloop
  endfacet
  facet normal 0 0 1
    outer loop
      vertex -40.0966 15.8754 50
      vertex -41.8399 16.5656 50
      vertex -41.0143 13.3264 50
    endloop
  endfacet
  facet normal -0 0 1
    outer loop
      vertex -42.7975 13.9058 50
      vertex -41.0143 13.3264 50
      vertex -41.8399 16.5656 50
    endloop
  endfacet
  facet normal 0 0 1
    outer loop
      vertex -41.0143 13.3264 50
      vertex -42.7975 13.9058 50
      vertex -41.7701 10.7248 50
    endloop
  endfacet
  facet normal -0 0 1
    outer loop
      vertex -43.5862 11.191 50
      vertex -41.7701 10.7248 50
      vertex -42.7975 13.9058 50
    endloop
  endfacet
  facet normal 0 0 1
    outer loop
      vertex -41.7701 10.7248 50
      vertex -43.5862 11.191 50
      vertex -42.3611 8.08082 50
    endloop
  endfacet
  facet normal -0 0 1
    outer loop
      vertex -44.2029 8.43216 50
      vertex -42.3611 8.08082 50
      vertex -43.5862 11.191 50
    endloop
  endfacet
  facet normal 0 0 1
    outer loop
      vertex -42.3611 8.08082 50
      vertex -44.2029 8.43216 50
      vertex -42.7849 5.40499 50
    endloop
  endfacet
  facet normal -0 0 1
    outer loop
      vertex -44.6452 5.63999 50
      vertex -42.7849 5.40499 50
      vertex -44.2029 8.43216 50
    endloop
  endfacet
  facet normal 0 0 1
    outer loop
      vertex 44.6452 -5.63999 50
      vertex 42.7849 -5.40499 50
      vertex 44.2029 -8.43216 50
    endloop
  endfacet
  facet normal -0 0 1
    outer loop
      vertex 42.3611 -8.08082 50
      vertex 44.2029 -8.43216 50
      vertex 42.7849 -5.40499 50
    endloop
  endfacet
  facet normal 0 0 1
    outer loop
      vertex 44.2029 -8.43216 50
      vertex 42.3611 -8.08082 50
      vertex 43.5862 -11.191 50
    endloop
  endfacet
  facet normal -0 0 1
    outer loop
      vertex 41.7701 -10.7248 50
      vertex 43.5862 -11.191 50
      vertex 42.3611 -8.08082 50
    endloop
  endfacet
  facet normal 0 0 1
    outer loop
      vertex 43.5862 -11.191 50
      vertex 41.7701 -10.7248 50
      vertex 42.7975 -13.9058 50
    endloop
  endfacet
  facet normal -0 0 1
    outer loop
      vertex 41.0143 -13.3264 50
      vertex 42.7975 -13.9058 50
      vertex 41.7701 -10.7248 50
    endloop
  endfacet
  facet normal 0 0 1
    outer loop
      vertex 42.7975 -13.9058 50
      vertex 41.0143 -13.3264 50
      vertex 41.8399 -16.5656 50
    endloop
  endfacet
  facet normal -0 0 1
    outer loop
      vertex 40.0966 -15.8754 50
      vertex 41.8399 -16.5656 50
      vertex 41.0143 -13.3264 50
    endloop
  endfacet
  facet normal 0 0 1
    outer loop
      vertex 41.8399 -16.5656 50
      vertex 40.0966 -15.8754 50
      vertex 40.7172 -19.1601 50
    endloop
  endfacet
  facet normal -0 0 1
    outer loop
      vertex 39.0207 -18.3617 50
      vertex 40.7172 -19.1601 50
      vertex 40.0966 -15.8754 50
    endloop
  endfacet
  facet normal 0 0 1
    outer loop
      vertex 40.7172 -19.1601 50
      vertex 39.0207 -18.3617 50
      vertex 39.4338 -21.6789 50
    endloop
  endfacet
  facet normal -0 0 1
    outer loop
      vertex 37.7907 -20.7756 50
      vertex 39.4338 -21.6789 50
      vertex 39.0207 -18.3617 50
    endloop
  endfacet
  facet normal 0 0 1
    outer loop
      vertex 39.4338 -21.6789 50
      vertex 37.7907 -20.7756 50
      vertex 37.9948 -24.1122 50
    endloop
  endfacet
  facet normal -0 0 1
    outer loop
      vertex 36.4116 -23.1075 50
      vertex 37.9948 -24.1122 50
      vertex 37.7907 -20.7756 50
    endloop
  endfacet
  facet normal 0 0 1
    outer loop
      vertex 36.4116 -23.1075 50
      vertex 36.4058 -26.4503 50
      vertex 37.9948 -24.1122 50
    endloop
  endfacet
  facet normal -0 0 1
    outer loop
      vertex 34.8889 -25.3482 50
      vertex 36.4058 -26.4503 50
      vertex 36.4116 -23.1075 50
    endloop
  endfacet
  facet normal 0 0 1
    outer loop
      vertex 34.8889 -25.3482 50
      vertex 34.6731 -28.6841 50
      vertex 36.4058 -26.4503 50
    endloop
  endfacet
  facet normal -0 0 1
    outer loop
      vertex 33.2284 -27.4889 50
      vertex 34.6731 -28.6841 50
      vertex 34.8889 -25.3482 50
    endloop
  endfacet
  facet normal 0 0 1
    outer loop
      vertex 33.2284 -27.4889 50
      vertex 32.8036 -30.8046 50
      vertex 34.6731 -28.6841 50
    endloop
  endfacet
  facet normal -0 0 1
    outer loop
      vertex 31.4368 -29.5211 50
      vertex 32.8036 -30.8046 50
      vertex 33.2284 -27.4889 50
    endloop
  endfacet
  facet normal 0 0 1
    outer loop
      vertex 31.4368 -29.5211 50
      vertex 30.8046 -32.8036 50
      vertex 32.8036 -30.8046 50
    endloop
  endfacet
  facet normal -0 0 1
    outer loop
      vertex 29.5211 -31.4368 50
      vertex 30.8046 -32.8036 50
      vertex 31.4368 -29.5211 50
    endloop
  endfacet
  facet normal 0 0 1
    outer loop
      vertex 29.5211 -31.4368 50
      vertex 28.6841 -34.6731 50
      vertex 30.8046 -32.8036 50
    endloop
  endfacet
  facet normal -0 0 1
    outer loop
      vertex 27.4889 -33.2284 50
      vertex 28.6841 -34.6731 50
      vertex 29.5211 -31.4368 50
    endloop
  endfacet
  facet normal 0 0 1
    outer loop
      vertex 27.4889 -33.2284 50
      vertex 26.4503 -36.4058 50
      vertex 28.6841 -34.6731 50
    endloop
  endfacet
  facet normal -0 0 1
    outer loop
      vertex 25.3482 -34.8889 50
      vertex 26.4503 -36.4058 50
      vertex 27.4889 -33.2284 50
    endloop
  endfacet
  facet normal 0 0 1
    outer loop
      vertex 25.3482 -34.8889 50
      vertex 24.1122 -37.9948 50
      vertex 26.4503 -36.4058 50
    endloop
  endfacet
  facet normal -0 0 1
    outer loop
      vertex 23.1075 -36.4116 50
      vertex 24.1122 -37.9948 50
      vertex 25.3482 -34.8889 50
    endloop
  endfacet
  facet normal 0 0 1
    outer loop
      vertex 23.1075 -36.4116 50
      vertex 21.6789 -39.4338 50
      vertex 24.1122 -37.9948 50
    endloop
  endfacet
  facet normal -0 0 1
    outer loop
      vertex 20.7756 -37.7907 50
      vertex 21.6789 -39.4338 50
      vertex 23.1075 -36.4116 50
    endloop
  endfacet
  facet normal 0 0 1
    outer loop
      vertex 20.7756 -37.7907 50
      vertex 19.1601 -40.7172 50
      vertex 21.6789 -39.4338 50
    endloop
  endfacet
  facet normal -0 0 1
    outer loop
      vertex 18.3617 -39.0207 50
      vertex 19.1601 -40.7172 50
      vertex 20.7756 -37.7907 50
    endloop
  endfacet
  facet normal 0 0 1
    outer loop
      vertex 18.3617 -39.0207 50
      vertex 16.5656 -41.8399 50
      vertex 19.1601 -40.7172 50
    endloop
  endfacet
  facet normal -0 0 1
    outer loop
      vertex 15.8754 -40.0966 50
      vertex 16.5656 -41.8399 50
      vertex 18.3617 -39.0207 50
    endloop
  endfacet
  facet normal 0 0 1
    outer loop
      vertex 15.8754 -40.0966 50
      vertex 13.9058 -42.7975 50
      vertex 16.5656 -41.8399 50
    endloop
  endfacet
  facet normal -0 0 1
    outer loop
      vertex 13.3264 -41.0143 50
      vertex 13.9058 -42.7975 50
      vertex 15.8754 -40.0966 50
    endloop
  endfacet
  facet normal 0 0 1
    outer loop
      vertex 13.3264 -41.0143 50
      vertex 11.191 -43.5862 50
      vertex 13.9058 -42.7975 50
    endloop
  endfacet
  facet normal -0 0 1
    outer loop
      vertex 10.7248 -41.7701 50
      vertex 11.191 -43.5862 50
      vertex 13.3264 -41.0143 50
    endloop
  endfacet
  facet normal 0 0 1
    outer loop
      vertex 10.7248 -41.7701 50
      vertex 8.43216 -44.2029 50
      vertex 11.191 -43.5862 50
    endloop
  endfacet
  facet normal -0 0 1
    outer loop
      vertex 8.08082 -42.3611 50
      vertex 8.43216 -44.2029 50
      vertex 10.7248 -41.7701 50
    endloop
  endfacet
  facet normal 0 0 1
    outer loop
      vertex 8.08082 -42.3611 50
      vertex 5.63999 -44.6452 50
      vertex 8.43216 -44.2029 50
    endloop
  endfacet
  facet normal -0 0 1
    outer loop
      vertex 5.40499 -42.7849 50
      vertex 5.63999 -44.6452 50
      vertex 8.08082 -42.3611 50
    endloop
  endfacet
  facet normal 0 0 1
    outer loop
      vertex 5.40499 -42.7849 50
      vertex 2.82557 -44.9112 50
      vertex 5.63999 -44.6452 50
    endloop
  endfacet
  facet normal -0 0 1
    outer loop
      vertex 2.70784 -43.0399 50
      vertex 2.82557 -44.9112 50
      vertex 5.40499 -42.7849 50
    endloop
  endfacet
  facet normal -0 0 1
    outer loop
      vertex 0 -43.125 50
      vertex 2.82557 -44.9112 50
      vertex 2.70784 -43.0399 50
    endloop
  endfacet
  facet normal 0 0 1
    outer loop
      vertex 0 -43.125 50
      vertex 0 -45 50
      vertex 2.82557 -44.9112 50
    endloop
  endfacet
  facet normal 0 0 1
    outer loop
      vertex -2.70784 -43.0399 50
      vertex 0 -45 50
      vertex 0 -43.125 50
    endloop
  endfacet
  facet normal 0 0 1
    outer loop
      vertex -2.70784 -43.0399 50
      vertex -2.82557 -44.9112 50
      vertex 0 -45 50
    endloop
  endfacet
  facet normal 0 0 1
    outer loop
      vertex -5.40499 -42.7849 50
      vertex -2.82557 -44.9112 50
      vertex -2.70784 -43.0399 50
    endloop
  endfacet
  facet normal 0 0 1
    outer loop
      vertex -5.40499 -42.7849 50
      vertex -5.63999 -44.6452 50
      vertex -2.82557 -44.9112 50
    endloop
  endfacet
  facet normal 0 0 1
    outer loop
      vertex -8.08082 -42.3611 50
      vertex -5.63999 -44.6452 50
      vertex -5.40499 -42.7849 50
    endloop
  endfacet
  facet normal 0 0 1
    outer loop
      vertex -8.08082 -42.3611 50
      vertex -8.43216 -44.2029 50
      vertex -5.63999 -44.6452 50
    endloop
  endfacet
  facet normal 0 0 1
    outer loop
      vertex -10.7248 -41.7701 50
      vertex -8.43216 -44.2029 50
      vertex -8.08082 -42.3611 50
    endloop
  endfacet
  facet normal 0 0 1
    outer loop
      vertex -10.7248 -41.7701 50
      vertex -11.191 -43.5862 50
      vertex -8.43216 -44.2029 50
    endloop
  endfacet
  facet normal 0 0 1
    outer loop
      vertex -13.3264 -41.0143 50
      vertex -11.191 -43.5862 50
      vertex -10.7248 -41.7701 50
    endloop
  endfacet
  facet normal 0 0 1
    outer loop
      vertex -13.3264 -41.0143 50
      vertex -13.9058 -42.7975 50
      vertex -11.191 -43.5862 50
    endloop
  endfacet
  facet normal 0 0 1
    outer loop
      vertex -15.8754 -40.0966 50
      vertex -13.9058 -42.7975 50
      vertex -13.3264 -41.0143 50
    endloop
  endfacet
  facet normal 0 0 1
    outer loop
      vertex -15.8754 -40.0966 50
      vertex -16.5656 -41.8399 50
      vertex -13.9058 -42.7975 50
    endloop
  endfacet
  facet normal 0 0 1
    outer loop
      vertex -18.3617 -39.0207 50
      vertex -16.5656 -41.8399 50
      vertex -15.8754 -40.0966 50
    endloop
  endfacet
  facet normal 0 0 1
    outer loop
      vertex -18.3617 -39.0207 50
      vertex -19.1601 -40.7172 50
      vertex -16.5656 -41.8399 50
    endloop
  endfacet
  facet normal 0 0 1
    outer loop
      vertex -20.7756 -37.7907 50
      vertex -19.1601 -40.7172 50
      vertex -18.3617 -39.0207 50
    endloop
  endfacet
  facet normal 0 0 1
    outer loop
      vertex -20.7756 -37.7907 50
      vertex -21.6789 -39.4338 50
      vertex -19.1601 -40.7172 50
    endloop
  endfacet
  facet normal 0 0 1
    outer loop
      vertex -23.1075 -36.4116 50
      vertex -21.6789 -39.4338 50
      vertex -20.7756 -37.7907 50
    endloop
  endfacet
  facet normal 0 0 1
    outer loop
      vertex -23.1075 -36.4116 50
      vertex -24.1122 -37.9948 50
      vertex -21.6789 -39.4338 50
    endloop
  endfacet
  facet normal 0 0 1
    outer loop
      vertex -25.3482 -34.8889 50
      vertex -24.1122 -37.9948 50
      vertex -23.1075 -36.4116 50
    endloop
  endfacet
  facet normal 0 0 1
    outer loop
      vertex -25.3482 -34.8889 50
      vertex -26.4503 -36.4058 50
      vertex -24.1122 -37.9948 50
    endloop
  endfacet
  facet normal 0 0 1
    outer loop
      vertex -27.4889 -33.2284 50
      vertex -26.4503 -36.4058 50
      vertex -25.3482 -34.8889 50
    endloop
  endfacet
  facet normal 0 0 1
    outer loop
      vertex -27.4889 -33.2284 50
      vertex -28.6841 -34.6731 50
      vertex -26.4503 -36.4058 50
    endloop
  endfacet
  facet normal 0 0 1
    outer loop
      vertex -29.5211 -31.4368 50
      vertex -28.6841 -34.6731 50
      vertex -27.4889 -33.2284 50
    endloop
  endfacet
  facet normal 0 0 1
    outer loop
      vertex -29.5211 -31.4368 50
      vertex -30.8046 -32.8036 50
      vertex -28.6841 -34.6731 50
    endloop
  endfacet
  facet normal 0 0 1
    outer loop
      vertex -31.4368 -29.5211 50
      vertex -30.8046 -32.8036 50
      vertex -29.5211 -31.4368 50
    endloop
  endfacet
  facet normal 0 0 1
    outer loop
      vertex -31.4368 -29.5211 50
      vertex -32.8036 -30.8046 50
      vertex -30.8046 -32.8036 50
    endloop
  endfacet
  facet normal 0 0 1
    outer loop
      vertex -33.2284 -27.4889 50
      vertex -32.8036 -30.8046 50
      vertex -31.4368 -29.5211 50
    endloop
  endfacet
  facet normal 0 0 1
    outer loop
      vertex -33.2284 -27.4889 50
      vertex -34.6731 -28.6841 50
      vertex -32.8036 -30.8046 50
    endloop
  endfacet
  facet normal 0 0 1
    outer loop
      vertex -34.8889 -25.3482 50
      vertex -34.6731 -28.6841 50
      vertex -33.2284 -27.4889 50
    endloop
  endfacet
  facet normal 0 0 1
    outer loop
      vertex -34.8889 -25.3482 50
      vertex -36.4058 -26.4503 50
      vertex -34.6731 -28.6841 50
    endloop
  endfacet
  facet normal 0 0 1
    outer loop
      vertex -36.4116 -23.1075 50
      vertex -36.4058 -26.4503 50
      vertex -34.8889 -25.3482 50
    endloop
  endfacet
  facet normal 0 0 1
    outer loop
      vertex -37.9948 -24.1122 50
      vertex -36.4116 -23.1075 50
      vertex -37.7907 -20.7756 50
    endloop
  endfacet
  facet normal 0 0 1
    outer loop
      vertex -36.4116 -23.1075 50
      vertex -37.9948 -24.1122 50
      vertex -36.4058 -26.4503 50
    endloop
  endfacet
  facet normal 0 0 1
    outer loop
      vertex -39.4338 -21.6789 50
      vertex -37.7907 -20.7756 50
      vertex -39.0207 -18.3617 50
    endloop
  endfacet
  facet normal 0 0 1
    outer loop
      vertex -37.7907 -20.7756 50
      vertex -39.4338 -21.6789 50
      vertex -37.9948 -24.1122 50
    endloop
  endfacet
  facet normal 0 0 1
    outer loop
      vertex -40.7172 -19.1601 50
      vertex -39.0207 -18.3617 50
      vertex -40.0966 -15.8754 50
    endloop
  endfacet
  facet normal 0 0 1
    outer loop
      vertex -39.0207 -18.3617 50
      vertex -40.7172 -19.1601 50
      vertex -39.4338 -21.6789 50
    endloop
  endfacet
  facet normal 0 0 1
    outer loop
      vertex -41.8399 -16.5656 50
      vertex -40.0966 -15.8754 50
      vertex -41.0143 -13.3264 50
    endloop
  endfacet
  facet normal 0 0 1
    outer loop
      vertex -42.7975 -13.9058 50
      vertex -41.0143 -13.3264 50
      vertex -41.7701 -10.7248 50
    endloop
  endfacet
  facet normal 0 0 1
    outer loop
      vertex -40.0966 -15.8754 50
      vertex -41.8399 -16.5656 50
      vertex -40.7172 -19.1601 50
    endloop
  endfacet
  facet normal 0 0 1
    outer loop
      vertex -43.5862 -11.191 50
      vertex -41.7701 -10.7248 50
      vertex -42.3611 -8.08082 50
    endloop
  endfacet
  facet normal 0 0 1
    outer loop
      vertex -44.2029 -8.43216 50
      vertex -42.3611 -8.08082 50
      vertex -42.7849 -5.40499 50
    endloop
  endfacet
  facet normal 0 0 1
    outer loop
      vertex -41.0143 -13.3264 50
      vertex -42.7975 -13.9058 50
      vertex -41.8399 -16.5656 50
    endloop
  endfacet
  facet normal 0 0 1
    outer loop
      vertex -44.6452 -5.63999 50
      vertex -42.7849 -5.40499 50
      vertex -43.0399 -2.70784 50
    endloop
  endfacet
  facet normal 0 0 1
    outer loop
      vertex -44.9112 -2.82557 50
      vertex -43.0399 -2.70784 50
      vertex -43.125 0 50
    endloop
  endfacet
  facet normal 0 0 1
    outer loop
      vertex -42.7849 5.40499 50
      vertex -44.6452 5.63999 50
      vertex -43.0399 2.70784 50
    endloop
  endfacet
  facet normal 0 0 1
    outer loop
      vertex -41.7701 -10.7248 50
      vertex -43.5862 -11.191 50
      vertex -42.7975 -13.9058 50
    endloop
  endfacet
  facet normal -0 0 1
    outer loop
      vertex -44.9112 2.82557 50
      vertex -43.0399 2.70784 50
      vertex -44.6452 5.63999 50
    endloop
  endfacet
  facet normal 0 0 1
    outer loop
      vertex -42.3611 -8.08082 50
      vertex -44.2029 -8.43216 50
      vertex -43.5862 -11.191 50
    endloop
  endfacet
  facet normal 0 0 1
    outer loop
      vertex -43.0399 2.70784 50
      vertex -44.9112 2.82557 50
      vertex -43.125 0 50
    endloop
  endfacet
  facet normal 0 0 1
    outer loop
      vertex -42.7849 -5.40499 50
      vertex -44.6452 -5.63999 50
      vertex -44.2029 -8.43216 50
    endloop
  endfacet
  facet normal 0 0 1
    outer loop
      vertex -45 0 50
      vertex -43.125 0 50
      vertex -44.9112 2.82557 50
    endloop
  endfacet
  facet normal 0 0 1
    outer loop
      vertex -43.0399 -2.70784 50
      vertex -44.9112 -2.82557 50
      vertex -44.6452 -5.63999 50
    endloop
  endfacet
  facet normal 0 0 1
    outer loop
      vertex -43.125 0 50
      vertex -45 0 50
      vertex -44.9112 -2.82557 50
    endloop
  endfacet
  facet normal -0.707107 -0.707107 0
    outer loop
      vertex -32.8036 -30.8046 2
      vertex -32.3344 -31.2738 30
      vertex -32.8036 -30.8046 50
    endloop
  endfacet
  facet normal -0.707107 -0.707107 0
    outer loop
      vertex -32.8036 -30.8046 2
      vertex -31.2738 -32.3344 30
      vertex -32.3344 -31.2738 30
    endloop
  endfacet
  facet normal -0.707107 -0.707107 -0
    outer loop
      vertex -30.8046 -32.8036 50
      vertex -31.2738 -32.3344 30
      vertex -30.8046 -32.8036 2
    endloop
  endfacet
  facet normal -0.707107 -0.707107 0
    outer loop
      vertex -30.8046 -32.8036 2
      vertex -31.2738 -32.3344 30
      vertex -32.8036 -30.8046 2
    endloop
  endfacet
  facet normal -0.707107 -0.707107 -0
    outer loop
      vertex -32.3344 -31.2738 45
      vertex -32.8036 -30.8046 50
      vertex -32.3344 -31.2738 30
    endloop
  endfacet
  facet normal -0.707107 -0.707107 0
    outer loop
      vertex -31.2738 -32.3344 45
      vertex -32.8036 -30.8046 50
      vertex -32.3344 -31.2738 45
    endloop
  endfacet
  facet normal -0.707107 -0.707107 0
    outer loop
      vertex -31.2738 -32.3344 45
      vertex -30.8046 -32.8036 50
      vertex -32.8036 -30.8046 50
    endloop
  endfacet
  facet normal -0.707107 -0.707107 0
    outer loop
      vertex -31.2738 -32.3344 30
      vertex -30.8046 -32.8036 50
      vertex -31.2738 -32.3344 45
    endloop
  endfacet
  facet normal 0 0 -1
    outer loop
      vertex 45.9092 -2.88836 0
      vertex 45.9092 2.88836 0
      vertex 46 0 0
    endloop
  endfacet
  facet normal 0 0 -1
    outer loop
      vertex 45.6373 -5.76533 0
      vertex 45.9092 2.88836 0
      vertex 45.9092 -2.88836 0
    endloop
  endfacet
  facet normal 0 0 -1
    outer loop
      vertex 45.6373 -5.76533 0
      vertex 45.6373 5.76533 0
      vertex 45.9092 2.88836 0
    endloop
  endfacet
  facet normal 0 0 -1
    outer loop
      vertex 45.1852 -8.61954 0
      vertex 45.6373 5.76533 0
      vertex 45.6373 -5.76533 0
    endloop
  endfacet
  facet normal 0 0 -1
    outer loop
      vertex 45.1852 -8.61954 0
      vertex 45.1852 8.61954 0
      vertex 45.6373 5.76533 0
    endloop
  endfacet
  facet normal 0 0 -1
    outer loop
      vertex 44.5548 -11.4397 0
      vertex 45.1852 8.61954 0
      vertex 45.1852 -8.61954 0
    endloop
  endfacet
  facet normal 0 0 -1
    outer loop
      vertex 44.5548 -11.4397 0
      vertex 44.5548 11.4397 0
      vertex 45.1852 8.61954 0
    endloop
  endfacet
  facet normal 0 0 -1
    outer loop
      vertex 43.7486 -14.2148 0
      vertex 44.5548 11.4397 0
      vertex 44.5548 -11.4397 0
    endloop
  endfacet
  facet normal 0 0 -1
    outer loop
      vertex 43.7486 -14.2148 0
      vertex 43.7486 14.2148 0
      vertex 44.5548 11.4397 0
    endloop
  endfacet
  facet normal 0 0 -1
    outer loop
      vertex 42.7697 -16.9337 0
      vertex 43.7486 14.2148 0
      vertex 43.7486 -14.2148 0
    endloop
  endfacet
  facet normal 0 0 -1
    outer loop
      vertex 42.7697 -16.9337 0
      vertex 42.7697 16.9337 0
      vertex 43.7486 14.2148 0
    endloop
  endfacet
  facet normal 0 0 -1
    outer loop
      vertex 41.622 -19.5858 0
      vertex 42.7697 16.9337 0
      vertex 42.7697 -16.9337 0
    endloop
  endfacet
  facet normal 0 0 -1
    outer loop
      vertex 41.622 -19.5858 0
      vertex 41.622 19.5858 0
      vertex 42.7697 16.9337 0
    endloop
  endfacet
  facet normal 0 0 -1
    outer loop
      vertex 40.3101 -22.1607 0
      vertex 41.622 19.5858 0
      vertex 41.622 -19.5858 0
    endloop
  endfacet
  facet normal 0 0 -1
    outer loop
      vertex 40.3101 -22.1607 0
      vertex 40.3101 22.1607 0
      vertex 41.622 19.5858 0
    endloop
  endfacet
  facet normal 0 0 -1
    outer loop
      vertex 38.8391 -24.648 0
      vertex 40.3101 22.1607 0
      vertex 40.3101 -22.1607 0
    endloop
  endfacet
  facet normal 0 0 -1
    outer loop
      vertex 38.8391 -24.648 0
      vertex 38.8391 24.648 0
      vertex 40.3101 22.1607 0
    endloop
  endfacet
  facet normal 0 0 -1
    outer loop
      vertex 37.2148 -27.0381 0
      vertex 38.8391 24.648 0
      vertex 38.8391 -24.648 0
    endloop
  endfacet
  facet normal 0 0 -1
    outer loop
      vertex 37.2148 -27.0381 0
      vertex 37.2148 27.0381 0
      vertex 38.8391 24.648 0
    endloop
  endfacet
  facet normal 0 0 -1
    outer loop
      vertex 35.4436 -29.3215 0
      vertex 37.2148 27.0381 0
      vertex 37.2148 -27.0381 0
    endloop
  endfacet
  facet normal 0 0 -1
    outer loop
      vertex 35.4436 -29.3215 0
      vertex 35.4436 29.3215 0
      vertex 37.2148 27.0381 0
    endloop
  endfacet
  facet normal 0 0 -1
    outer loop
      vertex 33.5326 -31.4892 0
      vertex 35.4436 29.3215 0
      vertex 35.4436 -29.3215 0
    endloop
  endfacet
  facet normal 0 0 -1
    outer loop
      vertex 33.5326 -31.4892 0
      vertex 33.5326 31.4892 0
      vertex 35.4436 29.3215 0
    endloop
  endfacet
  facet normal 0 0 -1
    outer loop
      vertex 31.4892 -33.5326 0
      vertex 33.5326 31.4892 0
      vertex 33.5326 -31.4892 0
    endloop
  endfacet
  facet normal 0 0 -1
    outer loop
      vertex 31.4892 -33.5326 0
      vertex 31.4892 33.5326 0
      vertex 33.5326 31.4892 0
    endloop
  endfacet
  facet normal 0 0 -1
    outer loop
      vertex 29.3215 -35.4436 0
      vertex 31.4892 33.5326 0
      vertex 31.4892 -33.5326 0
    endloop
  endfacet
  facet normal 0 0 -1
    outer loop
      vertex 29.3215 -35.4436 0
      vertex 29.3215 35.4436 0
      vertex 31.4892 33.5326 0
    endloop
  endfacet
  facet normal 0 0 -1
    outer loop
      vertex 27.0381 -37.2148 0
      vertex 29.3215 35.4436 0
      vertex 29.3215 -35.4436 0
    endloop
  endfacet
  facet normal 0 0 -1
    outer loop
      vertex 27.0381 -37.2148 0
      vertex 27.0381 37.2148 0
      vertex 29.3215 35.4436 0
    endloop
  endfacet
  facet normal 0 0 -1
    outer loop
      vertex 24.648 -38.8391 0
      vertex 27.0381 37.2148 0
      vertex 27.0381 -37.2148 0
    endloop
  endfacet
  facet normal 0 0 -1
    outer loop
      vertex 24.648 -38.8391 0
      vertex 24.648 38.8391 0
      vertex 27.0381 37.2148 0
    endloop
  endfacet
  facet normal 0 0 -1
    outer loop
      vertex 22.1607 -40.3101 0
      vertex 24.648 38.8391 0
      vertex 24.648 -38.8391 0
    endloop
  endfacet
  facet normal 0 0 -1
    outer loop
      vertex 22.1607 -40.3101 0
      vertex 22.1607 40.3101 0
      vertex 24.648 38.8391 0
    endloop
  endfacet
  facet normal 0 0 -1
    outer loop
      vertex 19.5858 -41.622 0
      vertex 22.1607 40.3101 0
      vertex 22.1607 -40.3101 0
    endloop
  endfacet
  facet normal 0 0 -1
    outer loop
      vertex 19.5858 -41.622 0
      vertex 19.5858 41.622 0
      vertex 22.1607 40.3101 0
    endloop
  endfacet
  facet normal 0 0 -1
    outer loop
      vertex 16.9337 -42.7697 0
      vertex 19.5858 41.622 0
      vertex 19.5858 -41.622 0
    endloop
  endfacet
  facet normal 0 0 -1
    outer loop
      vertex 16.9337 -42.7697 0
      vertex 16.9337 42.7697 0
      vertex 19.5858 41.622 0
    endloop
  endfacet
  facet normal 0 0 -1
    outer loop
      vertex 14.2148 -43.7486 0
      vertex 16.9337 42.7697 0
      vertex 16.9337 -42.7697 0
    endloop
  endfacet
  facet normal 0 0 -1
    outer loop
      vertex 14.2148 -43.7486 0
      vertex 14.2148 43.7486 0
      vertex 16.9337 42.7697 0
    endloop
  endfacet
  facet normal 0 0 -1
    outer loop
      vertex 11.4397 -44.5548 0
      vertex 14.2148 43.7486 0
      vertex 14.2148 -43.7486 0
    endloop
  endfacet
  facet normal 0 0 -1
    outer loop
      vertex 11.4397 -44.5548 0
      vertex 11.4397 44.5548 0
      vertex 14.2148 43.7486 0
    endloop
  endfacet
  facet normal 0 0 -1
    outer loop
      vertex 8.61954 -45.1852 0
      vertex 11.4397 44.5548 0
      vertex 11.4397 -44.5548 0
    endloop
  endfacet
  facet normal 0 0 -1
    outer loop
      vertex 8.61954 -45.1852 0
      vertex 8.61954 45.1852 0
      vertex 11.4397 44.5548 0
    endloop
  endfacet
  facet normal 0 0 -1
    outer loop
      vertex 5.76533 -45.6373 0
      vertex 8.61954 45.1852 0
      vertex 8.61954 -45.1852 0
    endloop
  endfacet
  facet normal 0 0 -1
    outer loop
      vertex 5.76533 -45.6373 0
      vertex 5.76533 45.6373 0
      vertex 8.61954 45.1852 0
    endloop
  endfacet
  facet normal 0 0 -1
    outer loop
      vertex 2.88836 -45.9092 0
      vertex 5.76533 45.6373 0
      vertex 5.76533 -45.6373 0
    endloop
  endfacet
  facet normal 0 0 -1
    outer loop
      vertex 2.88836 -45.9092 0
      vertex 2.88836 45.9092 0
      vertex 5.76533 45.6373 0
    endloop
  endfacet
  facet normal 0 0 -1
    outer loop
      vertex 0 -46 0
      vertex 2.88836 45.9092 0
      vertex 2.88836 -45.9092 0
    endloop
  endfacet
  facet normal 0 0 -1
    outer loop
      vertex 0 -46 0
      vertex 0 46 0
      vertex 2.88836 45.9092 0
    endloop
  endfacet
  facet normal 0 0 -1
    outer loop
      vertex -2.88836 -45.9092 0
      vertex 0 46 0
      vertex 0 -46 0
    endloop
  endfacet
  facet normal 0 0 -1
    outer loop
      vertex -2.88836 -45.9092 0
      vertex -2.88836 45.9092 0
      vertex 0 46 0
    endloop
  endfacet
  facet normal 0 0 -1
    outer loop
      vertex -5.76533 -45.6373 0
      vertex -2.88836 45.9092 0
      vertex -2.88836 -45.9092 0
    endloop
  endfacet
  facet normal 0 0 -1
    outer loop
      vertex -5.76533 -45.6373 0
      vertex -5.76533 45.6373 0
      vertex -2.88836 45.9092 0
    endloop
  endfacet
  facet normal 0 0 -1
    outer loop
      vertex -8.61954 -45.1852 0
      vertex -5.76533 45.6373 0
      vertex -5.76533 -45.6373 0
    endloop
  endfacet
  facet normal 0 0 -1
    outer loop
      vertex -8.61954 -45.1852 0
      vertex -8.61954 45.1852 0
      vertex -5.76533 45.6373 0
    endloop
  endfacet
  facet normal 0 0 -1
    outer loop
      vertex -11.4397 -44.5548 0
      vertex -8.61954 45.1852 0
      vertex -8.61954 -45.1852 0
    endloop
  endfacet
  facet normal 0 0 -1
    outer loop
      vertex -11.4397 -44.5548 0
      vertex -11.4397 44.5548 0
      vertex -8.61954 45.1852 0
    endloop
  endfacet
  facet normal 0 0 -1
    outer loop
      vertex -14.2148 -43.7486 0
      vertex -11.4397 44.5548 0
      vertex -11.4397 -44.5548 0
    endloop
  endfacet
  facet normal 0 0 -1
    outer loop
      vertex -14.2148 -43.7486 0
      vertex -14.2148 43.7486 0
      vertex -11.4397 44.5548 0
    endloop
  endfacet
  facet normal 0 0 -1
    outer loop
      vertex -16.9337 -42.7697 0
      vertex -14.2148 43.7486 0
      vertex -14.2148 -43.7486 0
    endloop
  endfacet
  facet normal 0 0 -1
    outer loop
      vertex -16.9337 -42.7697 0
      vertex -16.9337 42.7697 0
      vertex -14.2148 43.7486 0
    endloop
  endfacet
  facet normal 0 0 -1
    outer loop
      vertex -19.5858 -41.622 0
      vertex -16.9337 42.7697 0
      vertex -16.9337 -42.7697 0
    endloop
  endfacet
  facet normal 0 0 -1
    outer loop
      vertex -19.5858 -41.622 0
      vertex -19.5858 41.622 0
      vertex -16.9337 42.7697 0
    endloop
  endfacet
  facet normal 0 0 -1
    outer loop
      vertex -22.1607 -40.3101 0
      vertex -19.5858 41.622 0
      vertex -19.5858 -41.622 0
    endloop
  endfacet
  facet normal 0 0 -1
    outer loop
      vertex -22.1607 -40.3101 0
      vertex -22.1607 40.3101 0
      vertex -19.5858 41.622 0
    endloop
  endfacet
  facet normal 0 0 -1
    outer loop
      vertex -24.648 -38.8391 0
      vertex -22.1607 40.3101 0
      vertex -22.1607 -40.3101 0
    endloop
  endfacet
  facet normal 0 0 -1
    outer loop
      vertex -24.648 -38.8391 0
      vertex -24.648 38.8391 0
      vertex -22.1607 40.3101 0
    endloop
  endfacet
  facet normal 0 0 -1
    outer loop
      vertex -27.0381 -37.2148 0
      vertex -24.648 38.8391 0
      vertex -24.648 -38.8391 0
    endloop
  endfacet
  facet normal 0 0 -1
    outer loop
      vertex -27.0381 -37.2148 0
      vertex -27.0381 37.2148 0
      vertex -24.648 38.8391 0
    endloop
  endfacet
  facet normal 0 0 -1
    outer loop
      vertex -29.3215 -35.4436 0
      vertex -27.0381 37.2148 0
      vertex -27.0381 -37.2148 0
    endloop
  endfacet
  facet normal 0 0 -1
    outer loop
      vertex -29.3215 -35.4436 0
      vertex -29.3215 35.4436 0
      vertex -27.0381 37.2148 0
    endloop
  endfacet
  facet normal 0 0 -1
    outer loop
      vertex -31.4892 -33.5326 0
      vertex -29.3215 35.4436 0
      vertex -29.3215 -35.4436 0
    endloop
  endfacet
  facet normal 0 0 -1
    outer loop
      vertex -31.4892 -33.5326 0
      vertex -31.4892 33.5326 0
      vertex -29.3215 35.4436 0
    endloop
  endfacet
  facet normal 0 0 -1
    outer loop
      vertex -33.5326 -31.4892 0
      vertex -31.4892 33.5326 0
      vertex -31.4892 -33.5326 0
    endloop
  endfacet
  facet normal 0 0 -1
    outer loop
      vertex -33.5326 -31.4892 0
      vertex -33.5326 31.4892 0
      vertex -31.4892 33.5326 0
    endloop
  endfacet
  facet normal 0 0 -1
    outer loop
      vertex -35.4436 -29.3215 0
      vertex -33.5326 31.4892 0
      vertex -33.5326 -31.4892 0
    endloop
  endfacet
  facet normal 0 0 -1
    outer loop
      vertex -35.4436 -29.3215 0
      vertex -35.4436 29.3215 0
      vertex -33.5326 31.4892 0
    endloop
  endfacet
  facet normal 0 0 -1
    outer loop
      vertex -37.2148 -27.0381 0
      vertex -35.4436 29.3215 0
      vertex -35.4436 -29.3215 0
    endloop
  endfacet
  facet normal 0 0 -1
    outer loop
      vertex -37.2148 -27.0381 0
      vertex -37.2148 27.0381 0
      vertex -35.4436 29.3215 0
    endloop
  endfacet
  facet normal 0 0 -1
    outer loop
      vertex -38.8391 -24.648 0
      vertex -37.2148 27.0381 0
      vertex -37.2148 -27.0381 0
    endloop
  endfacet
  facet normal 0 0 -1
    outer loop
      vertex -38.8391 -24.648 0
      vertex -38.8391 24.648 0
      vertex -37.2148 27.0381 0
    endloop
  endfacet
  facet normal 0 0 -1
    outer loop
      vertex -40.3101 -22.1607 0
      vertex -38.8391 24.648 0
      vertex -38.8391 -24.648 0
    endloop
  endfacet
  facet normal 0 0 -1
    outer loop
      vertex -40.3101 -22.1607 0
      vertex -40.3101 22.1607 0
      vertex -38.8391 24.648 0
    endloop
  endfacet
  facet normal 0 0 -1
    outer loop
      vertex -41.622 -19.5858 0
      vertex -40.3101 22.1607 0
      vertex -40.3101 -22.1607 0
    endloop
  endfacet
  facet normal 0 0 -1
    outer loop
      vertex -41.622 -19.5858 0
      vertex -41.622 19.5858 0
      vertex -40.3101 22.1607 0
    endloop
  endfacet
  facet normal 0 0 -1
    outer loop
      vertex -42.7697 -16.9337 0
      vertex -41.622 19.5858 0
      vertex -41.622 -19.5858 0
    endloop
  endfacet
  facet normal 0 0 -1
    outer loop
      vertex -42.7697 -16.9337 0
      vertex -42.7697 16.9337 0
      vertex -41.622 19.5858 0
    endloop
  endfacet
  facet normal 0 0 -1
    outer loop
      vertex -43.7486 -14.2148 0
      vertex -42.7697 16.9337 0
      vertex -42.7697 -16.9337 0
    endloop
  endfacet
  facet normal 0 0 -1
    outer loop
      vertex -43.7486 -14.2148 0
      vertex -43.7486 14.2148 0
      vertex -42.7697 16.9337 0
    endloop
  endfacet
  facet normal 0 0 -1
    outer loop
      vertex -44.5548 -11.4397 0
      vertex -43.7486 14.2148 0
      vertex -43.7486 -14.2148 0
    endloop
  endfacet
  facet normal 0 0 -1
    outer loop
      vertex -44.5548 -11.4397 0
      vertex -44.5548 11.4397 0
      vertex -43.7486 14.2148 0
    endloop
  endfacet
  facet normal 0 0 -1
    outer loop
      vertex -45.1852 -8.61954 0
      vertex -44.5548 11.4397 0
      vertex -44.5548 -11.4397 0
    endloop
  endfacet
  facet normal 0 0 -1
    outer loop
      vertex -45.1852 -8.61954 0
      vertex -45.1852 8.61954 0
      vertex -44.5548 11.4397 0
    endloop
  endfacet
  facet normal 0 0 -1
    outer loop
      vertex -45.6373 -5.76533 0
      vertex -45.1852 8.61954 0
      vertex -45.1852 -8.61954 0
    endloop
  endfacet
  facet normal 0 0 -1
    outer loop
      vertex -45.6373 -5.76533 0
      vertex -45.6373 5.76533 0
      vertex -45.1852 8.61954 0
    endloop
  endfacet
  facet normal 0 0 -1
    outer loop
      vertex -45.9092 -2.88836 0
      vertex -45.6373 5.76533 0
      vertex -45.6373 -5.76533 0
    endloop
  endfacet
  facet normal 0 0 -1
    outer loop
      vertex -45.9092 -2.88836 0
      vertex -45.9092 2.88836 0
      vertex -45.6373 5.76533 0
    endloop
  endfacet
  facet normal 0 -0 -1
    outer loop
      vertex -45.9092 2.88836 0
      vertex -45.9092 -2.88836 0
      vertex -46 0 0
    endloop
  endfacet
  facet normal 0.894074 0.0281066 0.447037
    outer loop
      vertex 45.9092 2.88836 0
      vertex 45 0 2
      vertex 46 0 0
    endloop
  endfacet
  facet normal -0.303014 0.841623 0.447049
    outer loop
      vertex -14.2148 43.7486 0
      vertex -16.9337 42.7697 0
      vertex -13.9058 42.7975 2
    endloop
  endfacet
  facet normal -0.894079 0.0280985 0.447027
    outer loop
      vertex -44.9112 2.82557 2
      vertex -45.9092 2.88836 0
      vertex -45 0 2
    endloop
  endfacet
  facet normal 0.139944 0.883498 0.447042
    outer loop
      vertex 8.61954 45.1852 0
      vertex 5.76533 45.6373 0
      vertex 8.43216 44.2029 2
    endloop
  endfacet
  facet normal -0.894074 -0.0281066 0.447037
    outer loop
      vertex -45 0 2
      vertex -46 0 0
      vertex -45.9092 -2.88836 0
    endloop
  endfacet
  facet normal -0.0280985 -0.894079 0.447027
    outer loop
      vertex -2.82557 -44.9112 2
      vertex -2.88836 -45.9092 0
      vertex 0 -45 2
    endloop
  endfacet
  facet normal -0.797038 0.406087 0.447016
    outer loop
      vertex -40.3101 22.1607 0
      vertex -41.622 19.5858 0
      vertex -40.7172 19.1601 2
    endloop
  endfacet
  facet normal -0.0841653 0.890552 0.447028
    outer loop
      vertex -2.88836 45.9092 0
      vertex -5.76533 45.6373 0
      vertex -2.82557 44.9112 2
    endloop
  endfacet
  facet normal 0.63251 -0.63251 0.447058
    outer loop
      vertex 30.8046 -32.8036 2
      vertex 33.5326 -31.4892 0
      vertex 32.8036 -30.8046 2
    endloop
  endfacet
  facet normal 0.63251 -0.63251 0.447058
    outer loop
      vertex 33.5326 -31.4892 0
      vertex 30.8046 -32.8036 2
      vertex 31.4892 -33.5326 0
    endloop
  endfacet
  facet normal -0.195138 0.872968 0.447044
    outer loop
      vertex -8.61954 45.1852 0
      vertex -11.4397 44.5548 0
      vertex -11.191 43.5862 2
    endloop
  endfacet
  facet normal -0.54826 0.706807 0.447028
    outer loop
      vertex -27.0381 37.2148 0
      vertex -29.3215 35.4436 0
      vertex -28.6841 34.6731 2
    endloop
  endfacet
  facet normal 0.406102 -0.797016 0.447042
    outer loop
      vertex 21.6789 -39.4338 2
      vertex 19.1601 -40.7172 2
      vertex 22.1607 -40.3101 0
    endloop
  endfacet
  facet normal -0.872969 0.19514 0.447041
    outer loop
      vertex -43.5862 11.191 2
      vertex -45.1852 8.61954 0
      vertex -44.2029 8.43216 2
    endloop
  endfacet
  facet normal 0.303014 0.841623 0.447049
    outer loop
      vertex 14.2148 43.7486 0
      vertex 13.9058 42.7975 2
      vertex 16.9337 42.7697 0
    endloop
  endfacet
  facet normal -0.502791 -0.739839 0.447035
    outer loop
      vertex -26.4503 -36.4058 2
      vertex -27.0381 -37.2148 0
      vertex -24.648 -38.8391 0
    endloop
  endfacet
  facet normal 0.0280985 -0.894079 0.447027
    outer loop
      vertex 2.82557 -44.9112 2
      vertex 0 -45 2
      vertex 2.88836 -45.9092 0
    endloop
  endfacet
  facet normal 0.455352 0.769951 0.447024
    outer loop
      vertex 24.648 38.8391 0
      vertex 22.1607 40.3101 0
      vertex 24.1122 37.9948 2
    endloop
  endfacet
  facet normal -0.502802 0.739838 0.447023
    outer loop
      vertex -24.648 38.8391 0
      vertex -26.4503 36.4058 2
      vertex -24.1122 37.9948 2
    endloop
  endfacet
  facet normal -0.406087 -0.797038 0.447016
    outer loop
      vertex -19.1601 -40.7172 2
      vertex -22.1607 -40.3101 0
      vertex -19.5858 -41.622 0
    endloop
  endfacet
  facet normal 0.894074 -0.0281066 0.447037
    outer loop
      vertex 46 0 0
      vertex 45 0 2
      vertex 45.9092 -2.88836 0
    endloop
  endfacet
  facet normal 0.883498 0.139944 0.447042
    outer loop
      vertex 45.1852 8.61954 0
      vertex 44.2029 8.43216 2
      vertex 45.6373 5.76533 0
    endloop
  endfacet
  facet normal 0.591552 -0.670974 0.447058
    outer loop
      vertex 30.8046 -32.8036 2
      vertex 28.6841 -34.6731 2
      vertex 31.4892 -33.5326 0
    endloop
  endfacet
  facet normal 0.872969 0.19514 0.447041
    outer loop
      vertex 45.1852 8.61954 0
      vertex 43.5862 11.191 2
      vertex 44.2029 8.43216 2
    endloop
  endfacet
  facet normal -0.591552 -0.670974 0.447058
    outer loop
      vertex -30.8046 -32.8036 2
      vertex -31.4892 -33.5326 0
      vertex -28.6841 -34.6731 2
    endloop
  endfacet
  facet normal 0.19514 0.872969 0.447041
    outer loop
      vertex 8.61954 45.1852 0
      vertex 8.43216 44.2029 2
      vertex 11.191 43.5862 2
    endloop
  endfacet
  facet normal 0.249554 0.858996 0.447044
    outer loop
      vertex 11.4397 44.5548 0
      vertex 11.191 43.5862 2
      vertex 13.9058 42.7975 2
    endloop
  endfacet
  facet normal 0.769951 -0.455332 0.447044
    outer loop
      vertex 39.4338 -21.6789 2
      vertex 37.9948 -24.1122 2
      vertex 40.3101 -22.1607 0
    endloop
  endfacet
  facet normal 0.797016 0.406102 0.447042
    outer loop
      vertex 40.3101 22.1607 0
      vertex 39.4338 21.6789 2
      vertex 40.7172 19.1601 2
    endloop
  endfacet
  facet normal -0.769951 0.455332 0.447044
    outer loop
      vertex -37.9948 24.1122 2
      vertex -40.3101 22.1607 0
      vertex -39.4338 21.6789 2
    endloop
  endfacet
  facet normal 0.841629 0.303009 0.447042
    outer loop
      vertex 42.7697 16.9337 0
      vertex 41.8399 16.5656 2
      vertex 42.7975 13.9058 2
    endloop
  endfacet
  facet normal 0.883502 0.139953 0.447032
    outer loop
      vertex 45.6373 5.76533 0
      vertex 44.2029 8.43216 2
      vertex 44.6452 5.63999 2
    endloop
  endfacet
  facet normal -0.820948 -0.355243 0.447041
    outer loop
      vertex -41.8399 -16.5656 2
      vertex -42.7697 -16.9337 0
      vertex -40.7172 -19.1601 2
    endloop
  endfacet
  facet normal -0.303009 -0.841629 0.447042
    outer loop
      vertex -16.5656 -41.8399 2
      vertex -16.9337 -42.7697 0
      vertex -13.9058 -42.7975 2
    endloop
  endfacet
  facet normal 0.872968 -0.195138 0.447044
    outer loop
      vertex 45.1852 -8.61954 0
      vertex 43.5862 -11.191 2
      vertex 44.5548 -11.4397 0
    endloop
  endfacet
  facet normal 0.883502 -0.139953 0.447032
    outer loop
      vertex 44.6452 -5.63999 2
      vertex 44.2029 -8.43216 2
      vertex 45.6373 -5.76533 0
    endloop
  endfacet
  facet normal 0.797016 -0.406102 0.447042
    outer loop
      vertex 40.7172 -19.1601 2
      vertex 39.4338 -21.6789 2
      vertex 40.3101 -22.1607 0
    endloop
  endfacet
  facet normal -0.195138 -0.872968 0.447044
    outer loop
      vertex -11.191 -43.5862 2
      vertex -11.4397 -44.5548 0
      vertex -8.61954 -45.1852 0
    endloop
  endfacet
  facet normal 0.894079 0.0280985 0.447027
    outer loop
      vertex 45.9092 2.88836 0
      vertex 44.9112 2.82557 2
      vertex 45 0 2
    endloop
  endfacet
  facet normal -0.0280985 0.894079 0.447027
    outer loop
      vertex 0 45 2
      vertex -2.88836 45.9092 0
      vertex -2.82557 44.9112 2
    endloop
  endfacet
  facet normal 0.54826 0.706807 0.447028
    outer loop
      vertex 29.3215 35.4436 0
      vertex 27.0381 37.2148 0
      vertex 28.6841 34.6731 2
    endloop
  endfacet
  facet normal -0.0841687 0.890549 0.447032
    outer loop
      vertex -2.82557 44.9112 2
      vertex -5.76533 45.6373 0
      vertex -5.63999 44.6452 2
    endloop
  endfacet
  facet normal -0.671002 0.591542 0.447028
    outer loop
      vertex -33.5326 31.4892 0
      vertex -35.4436 29.3215 0
      vertex -34.6731 28.6841 2
    endloop
  endfacet
  facet normal 0.0841687 0.890549 0.447032
    outer loop
      vertex 5.76533 45.6373 0
      vertex 2.82557 44.9112 2
      vertex 5.63999 44.6452 2
    endloop
  endfacet
  facet normal 0.820948 -0.355243 0.447041
    outer loop
      vertex 41.8399 -16.5656 2
      vertex 40.7172 -19.1601 2
      vertex 42.7697 -16.9337 0
    endloop
  endfacet
  facet normal -0.0281066 0.894074 0.447037
    outer loop
      vertex 0 46 0
      vertex -2.88836 45.9092 0
      vertex 0 45 2
    endloop
  endfacet
  facet normal -0.406087 0.797038 0.447016
    outer loop
      vertex -19.5858 41.622 0
      vertex -22.1607 40.3101 0
      vertex -19.1601 40.7172 2
    endloop
  endfacet
  facet normal -0.591542 -0.671002 0.447028
    outer loop
      vertex -28.6841 -34.6731 2
      vertex -31.4892 -33.5326 0
      vertex -29.3215 -35.4436 0
    endloop
  endfacet
  facet normal 0.706808 0.548253 0.447036
    outer loop
      vertex 37.2148 27.0381 0
      vertex 34.6731 28.6841 2
      vertex 36.4058 26.4503 2
    endloop
  endfacet
  facet normal -0.841623 -0.303014 0.447049
    outer loop
      vertex -42.7975 -13.9058 2
      vertex -43.7486 -14.2148 0
      vertex -42.7697 -16.9337 0
    endloop
  endfacet
  facet normal 0.872968 0.195138 0.447044
    outer loop
      vertex 44.5548 11.4397 0
      vertex 43.5862 11.191 2
      vertex 45.1852 8.61954 0
    endloop
  endfacet
  facet normal 0.858995 0.249548 0.44705
    outer loop
      vertex 43.7486 14.2148 0
      vertex 42.7975 13.9058 2
      vertex 44.5548 11.4397 0
    endloop
  endfacet
  facet normal 0.670974 0.591552 0.447058
    outer loop
      vertex 33.5326 31.4892 0
      vertex 32.8036 30.8046 2
      vertex 34.6731 28.6841 2
    endloop
  endfacet
  facet normal 0.841629 -0.303009 0.447042
    outer loop
      vertex 42.7975 -13.9058 2
      vertex 41.8399 -16.5656 2
      vertex 42.7697 -16.9337 0
    endloop
  endfacet
  facet normal 0.797038 0.406087 0.447016
    outer loop
      vertex 41.622 19.5858 0
      vertex 40.3101 22.1607 0
      vertex 40.7172 19.1601 2
    endloop
  endfacet
  facet normal 0.0281066 0.894074 0.447037
    outer loop
      vertex 0 46 0
      vertex 0 45 2
      vertex 2.88836 45.9092 0
    endloop
  endfacet
  facet normal -0.0281066 -0.894074 0.447037
    outer loop
      vertex 0 -45 2
      vertex -2.88836 -45.9092 0
      vertex 0 -46 0
    endloop
  endfacet
  facet normal -0.883498 0.139944 0.447042
    outer loop
      vertex -45.1852 8.61954 0
      vertex -45.6373 5.76533 0
      vertex -44.2029 8.43216 2
    endloop
  endfacet
  facet normal -0.548253 0.706808 0.447036
    outer loop
      vertex -27.0381 37.2148 0
      vertex -28.6841 34.6731 2
      vertex -26.4503 36.4058 2
    endloop
  endfacet
  facet normal -0.894079 -0.0280985 0.447027
    outer loop
      vertex -45 0 2
      vertex -45.9092 -2.88836 0
      vertex -44.9112 -2.82557 2
    endloop
  endfacet
  facet normal 0.249548 -0.858995 0.44705
    outer loop
      vertex 13.9058 -42.7975 2
      vertex 11.4397 -44.5548 0
      vertex 14.2148 -43.7486 0
    endloop
  endfacet
  facet normal -0.502791 0.739839 0.447035
    outer loop
      vertex -24.648 38.8391 0
      vertex -27.0381 37.2148 0
      vertex -26.4503 36.4058 2
    endloop
  endfacet
  facet normal -0.63251 -0.63251 0.447058
    outer loop
      vertex -33.5326 -31.4892 0
      vertex -30.8046 -32.8036 2
      vertex -32.8036 -30.8046 2
    endloop
  endfacet
  facet normal -0.63251 -0.63251 0.447058
    outer loop
      vertex -30.8046 -32.8036 2
      vertex -33.5326 -31.4892 0
      vertex -31.4892 -33.5326 0
    endloop
  endfacet
  facet normal -0.406102 -0.797016 0.447042
    outer loop
      vertex -21.6789 -39.4338 2
      vertex -22.1607 -40.3101 0
      vertex -19.1601 -40.7172 2
    endloop
  endfacet
  facet normal -0.455352 0.769951 0.447024
    outer loop
      vertex -22.1607 40.3101 0
      vertex -24.648 38.8391 0
      vertex -24.1122 37.9948 2
    endloop
  endfacet
  facet normal -0.670974 0.591552 0.447058
    outer loop
      vertex -33.5326 31.4892 0
      vertex -34.6731 28.6841 2
      vertex -32.8036 30.8046 2
    endloop
  endfacet
  facet normal 0.883498 -0.139944 0.447042
    outer loop
      vertex 45.6373 -5.76533 0
      vertex 44.2029 -8.43216 2
      vertex 45.1852 -8.61954 0
    endloop
  endfacet
  facet normal -0.894074 0.0281066 0.447037
    outer loop
      vertex -45.9092 2.88836 0
      vertex -46 0 0
      vertex -45 0 2
    endloop
  endfacet
  facet normal 0.890549 -0.0841687 0.447032
    outer loop
      vertex 44.9112 -2.82557 2
      vertex 44.6452 -5.63999 2
      vertex 45.6373 -5.76533 0
    endloop
  endfacet
  facet normal 0.890549 0.0841687 0.447032
    outer loop
      vertex 45.6373 5.76533 0
      vertex 44.6452 5.63999 2
      vertex 44.9112 2.82557 2
    endloop
  endfacet
  facet normal -0.872968 0.195138 0.447044
    outer loop
      vertex -44.5548 11.4397 0
      vertex -45.1852 8.61954 0
      vertex -43.5862 11.191 2
    endloop
  endfacet
  facet normal 0.706807 0.54826 0.447028
    outer loop
      vertex 35.4436 29.3215 0
      vertex 34.6731 28.6841 2
      vertex 37.2148 27.0381 0
    endloop
  endfacet
  facet normal -0.797038 -0.406087 0.447016
    outer loop
      vertex -40.7172 -19.1601 2
      vertex -41.622 -19.5858 0
      vertex -40.3101 -22.1607 0
    endloop
  endfacet
  facet normal 0.195138 0.872968 0.447044
    outer loop
      vertex 11.4397 44.5548 0
      vertex 8.61954 45.1852 0
      vertex 11.191 43.5862 2
    endloop
  endfacet
  facet normal 0.872969 -0.19514 0.447041
    outer loop
      vertex 44.2029 -8.43216 2
      vertex 43.5862 -11.191 2
      vertex 45.1852 -8.61954 0
    endloop
  endfacet
  facet normal -0.139953 -0.883502 0.447032
    outer loop
      vertex -5.63999 -44.6452 2
      vertex -8.43216 -44.2029 2
      vertex -5.76533 -45.6373 0
    endloop
  endfacet
  facet normal -0.769951 -0.455352 0.447024
    outer loop
      vertex -37.9948 -24.1122 2
      vertex -40.3101 -22.1607 0
      vertex -38.8391 -24.648 0
    endloop
  endfacet
  facet normal -0.303009 0.841629 0.447042
    outer loop
      vertex -13.9058 42.7975 2
      vertex -16.9337 42.7697 0
      vertex -16.5656 41.8399 2
    endloop
  endfacet
  facet normal -0.0841653 -0.890552 0.447028
    outer loop
      vertex -2.82557 -44.9112 2
      vertex -5.76533 -45.6373 0
      vertex -2.88836 -45.9092 0
    endloop
  endfacet
  facet normal 0.54826 -0.706807 0.447028
    outer loop
      vertex 28.6841 -34.6731 2
      vertex 27.0381 -37.2148 0
      vertex 29.3215 -35.4436 0
    endloop
  endfacet
  facet normal -0.890552 0.0841653 0.447028
    outer loop
      vertex -45.6373 5.76533 0
      vertex -45.9092 2.88836 0
      vertex -44.9112 2.82557 2
    endloop
  endfacet
  facet normal -0.406102 0.797016 0.447042
    outer loop
      vertex -19.1601 40.7172 2
      vertex -22.1607 40.3101 0
      vertex -21.6789 39.4338 2
    endloop
  endfacet
  facet normal 0.670974 -0.591552 0.447058
    outer loop
      vertex 34.6731 -28.6841 2
      vertex 32.8036 -30.8046 2
      vertex 33.5326 -31.4892 0
    endloop
  endfacet
  facet normal -0.249548 0.858995 0.44705
    outer loop
      vertex -11.4397 44.5548 0
      vertex -14.2148 43.7486 0
      vertex -13.9058 42.7975 2
    endloop
  endfacet
  facet normal 0.591552 0.670974 0.447058
    outer loop
      vertex 31.4892 33.5326 0
      vertex 28.6841 34.6731 2
      vertex 30.8046 32.8036 2
    endloop
  endfacet
  facet normal 0.858996 0.249554 0.447044
    outer loop
      vertex 44.5548 11.4397 0
      vertex 42.7975 13.9058 2
      vertex 43.5862 11.191 2
    endloop
  endfacet
  facet normal 0.139944 -0.883498 0.447042
    outer loop
      vertex 8.43216 -44.2029 2
      vertex 5.76533 -45.6373 0
      vertex 8.61954 -45.1852 0
    endloop
  endfacet
  facet normal 0.739839 0.502791 0.447035
    outer loop
      vertex 37.2148 27.0381 0
      vertex 36.4058 26.4503 2
      vertex 38.8391 24.648 0
    endloop
  endfacet
  facet normal 0.63251 0.63251 0.447058
    outer loop
      vertex 30.8046 32.8036 2
      vertex 33.5326 31.4892 0
      vertex 31.4892 33.5326 0
    endloop
  endfacet
  facet normal 0.63251 0.63251 0.447058
    outer loop
      vertex 33.5326 31.4892 0
      vertex 30.8046 32.8036 2
      vertex 32.8036 30.8046 2
    endloop
  endfacet
  facet normal -0.54826 -0.706807 0.447028
    outer loop
      vertex -28.6841 -34.6731 2
      vertex -29.3215 -35.4436 0
      vertex -27.0381 -37.2148 0
    endloop
  endfacet
  facet normal -0.883502 0.139953 0.447032
    outer loop
      vertex -44.2029 8.43216 2
      vertex -45.6373 5.76533 0
      vertex -44.6452 5.63999 2
    endloop
  endfacet
  facet normal -0.890549 -0.0841687 0.447032
    outer loop
      vertex -44.9112 -2.82557 2
      vertex -45.6373 -5.76533 0
      vertex -44.6452 -5.63999 2
    endloop
  endfacet
  facet normal -0.706807 0.54826 0.447028
    outer loop
      vertex -35.4436 29.3215 0
      vertex -37.2148 27.0381 0
      vertex -34.6731 28.6841 2
    endloop
  endfacet
  facet normal 0.820948 0.355243 0.447041
    outer loop
      vertex 42.7697 16.9337 0
      vertex 40.7172 19.1601 2
      vertex 41.8399 16.5656 2
    endloop
  endfacet
  facet normal -0.19514 -0.872969 0.447041
    outer loop
      vertex -8.43216 -44.2029 2
      vertex -11.191 -43.5862 2
      vertex -8.61954 -45.1852 0
    endloop
  endfacet
  facet normal -0.769951 -0.455332 0.447044
    outer loop
      vertex -39.4338 -21.6789 2
      vertex -40.3101 -22.1607 0
      vertex -37.9948 -24.1122 2
    endloop
  endfacet
  facet normal -0.841623 0.303014 0.447049
    outer loop
      vertex -42.7697 16.9337 0
      vertex -43.7486 14.2148 0
      vertex -42.7975 13.9058 2
    endloop
  endfacet
  facet normal 0.0280985 0.894079 0.447027
    outer loop
      vertex 2.88836 45.9092 0
      vertex 0 45 2
      vertex 2.82557 44.9112 2
    endloop
  endfacet
  facet normal 0.858996 -0.249554 0.447044
    outer loop
      vertex 43.5862 -11.191 2
      vertex 42.7975 -13.9058 2
      vertex 44.5548 -11.4397 0
    endloop
  endfacet
  facet normal 0.890552 0.0841653 0.447028
    outer loop
      vertex 45.6373 5.76533 0
      vertex 44.9112 2.82557 2
      vertex 45.9092 2.88836 0
    endloop
  endfacet
  facet normal 0.139953 -0.883502 0.447032
    outer loop
      vertex 8.43216 -44.2029 2
      vertex 5.63999 -44.6452 2
      vertex 5.76533 -45.6373 0
    endloop
  endfacet
  facet normal 0.820951 0.355268 0.447017
    outer loop
      vertex 41.622 19.5858 0
      vertex 40.7172 19.1601 2
      vertex 42.7697 16.9337 0
    endloop
  endfacet
  facet normal 0.769951 0.455332 0.447044
    outer loop
      vertex 40.3101 22.1607 0
      vertex 37.9948 24.1122 2
      vertex 39.4338 21.6789 2
    endloop
  endfacet
  facet normal 0.769951 0.455352 0.447024
    outer loop
      vertex 38.8391 24.648 0
      vertex 37.9948 24.1122 2
      vertex 40.3101 22.1607 0
    endloop
  endfacet
  facet normal 0.890552 -0.0841653 0.447028
    outer loop
      vertex 45.9092 -2.88836 0
      vertex 44.9112 -2.82557 2
      vertex 45.6373 -5.76533 0
    endloop
  endfacet
  facet normal 0.894079 -0.0280985 0.447027
    outer loop
      vertex 45 0 2
      vertex 44.9112 -2.82557 2
      vertex 45.9092 -2.88836 0
    endloop
  endfacet
  facet normal -0.139944 -0.883498 0.447042
    outer loop
      vertex -8.43216 -44.2029 2
      vertex -8.61954 -45.1852 0
      vertex -5.76533 -45.6373 0
    endloop
  endfacet
  facet normal -0.19514 0.872969 0.447041
    outer loop
      vertex -8.61954 45.1852 0
      vertex -11.191 43.5862 2
      vertex -8.43216 44.2029 2
    endloop
  endfacet
  facet normal 0.139953 0.883502 0.447032
    outer loop
      vertex 5.76533 45.6373 0
      vertex 5.63999 44.6452 2
      vertex 8.43216 44.2029 2
    endloop
  endfacet
  facet normal 0.303009 0.841629 0.447042
    outer loop
      vertex 16.9337 42.7697 0
      vertex 13.9058 42.7975 2
      vertex 16.5656 41.8399 2
    endloop
  endfacet
  facet normal -0.355243 0.820948 0.447041
    outer loop
      vertex -16.9337 42.7697 0
      vertex -19.1601 40.7172 2
      vertex -16.5656 41.8399 2
    endloop
  endfacet
  facet normal 0.0281066 -0.894074 0.447037
    outer loop
      vertex 0 -45 2
      vertex 0 -46 0
      vertex 2.88836 -45.9092 0
    endloop
  endfacet
  facet normal -0.883502 -0.139953 0.447032
    outer loop
      vertex -44.6452 -5.63999 2
      vertex -45.6373 -5.76533 0
      vertex -44.2029 -8.43216 2
    endloop
  endfacet
  facet normal 0.706807 -0.54826 0.447028
    outer loop
      vertex 37.2148 -27.0381 0
      vertex 34.6731 -28.6841 2
      vertex 35.4436 -29.3215 0
    endloop
  endfacet
  facet normal 0.502802 0.739838 0.447023
    outer loop
      vertex 24.648 38.8391 0
      vertex 24.1122 37.9948 2
      vertex 26.4503 36.4058 2
    endloop
  endfacet
  facet normal -0.249554 0.858996 0.447044
    outer loop
      vertex -11.4397 44.5548 0
      vertex -13.9058 42.7975 2
      vertex -11.191 43.5862 2
    endloop
  endfacet
  facet normal -0.591542 0.671002 0.447028
    outer loop
      vertex -29.3215 35.4436 0
      vertex -31.4892 33.5326 0
      vertex -28.6841 34.6731 2
    endloop
  endfacet
  facet normal -0.139944 0.883498 0.447042
    outer loop
      vertex -5.76533 45.6373 0
      vertex -8.61954 45.1852 0
      vertex -8.43216 44.2029 2
    endloop
  endfacet
  facet normal -0.139953 0.883502 0.447032
    outer loop
      vertex -5.76533 45.6373 0
      vertex -8.43216 44.2029 2
      vertex -5.63999 44.6452 2
    endloop
  endfacet
  facet normal -0.63251 0.63251 0.447058
    outer loop
      vertex -33.5326 31.4892 0
      vertex -30.8046 32.8036 2
      vertex -31.4892 33.5326 0
    endloop
  endfacet
  facet normal -0.63251 0.63251 0.447058
    outer loop
      vertex -30.8046 32.8036 2
      vertex -33.5326 31.4892 0
      vertex -32.8036 30.8046 2
    endloop
  endfacet
  facet normal 0.455352 -0.769951 0.447024
    outer loop
      vertex 24.1122 -37.9948 2
      vertex 22.1607 -40.3101 0
      vertex 24.648 -38.8391 0
    endloop
  endfacet
  facet normal 0.355243 0.820948 0.447041
    outer loop
      vertex 16.9337 42.7697 0
      vertex 16.5656 41.8399 2
      vertex 19.1601 40.7172 2
    endloop
  endfacet
  facet normal -0.883498 -0.139944 0.447042
    outer loop
      vertex -44.2029 -8.43216 2
      vertex -45.6373 -5.76533 0
      vertex -45.1852 -8.61954 0
    endloop
  endfacet
  facet normal 0.455332 -0.769951 0.447044
    outer loop
      vertex 24.1122 -37.9948 2
      vertex 21.6789 -39.4338 2
      vertex 22.1607 -40.3101 0
    endloop
  endfacet
  facet normal 0.406087 0.797038 0.447016
    outer loop
      vertex 19.5858 41.622 0
      vertex 19.1601 40.7172 2
      vertex 22.1607 40.3101 0
    endloop
  endfacet
  facet normal -0.841629 -0.303009 0.447042
    outer loop
      vertex -41.8399 -16.5656 2
      vertex -42.7975 -13.9058 2
      vertex -42.7697 -16.9337 0
    endloop
  endfacet
  facet normal -0.591552 0.670974 0.447058
    outer loop
      vertex -28.6841 34.6731 2
      vertex -31.4892 33.5326 0
      vertex -30.8046 32.8036 2
    endloop
  endfacet
  facet normal -0.872969 -0.19514 0.447041
    outer loop
      vertex -44.2029 -8.43216 2
      vertex -45.1852 -8.61954 0
      vertex -43.5862 -11.191 2
    endloop
  endfacet
  facet normal -0.841629 0.303009 0.447042
    outer loop
      vertex -42.7697 16.9337 0
      vertex -42.7975 13.9058 2
      vertex -41.8399 16.5656 2
    endloop
  endfacet
  facet normal 0.797038 -0.406087 0.447016
    outer loop
      vertex 40.7172 -19.1601 2
      vertex 40.3101 -22.1607 0
      vertex 41.622 -19.5858 0
    endloop
  endfacet
  facet normal 0.548253 -0.706808 0.447036
    outer loop
      vertex 28.6841 -34.6731 2
      vertex 26.4503 -36.4058 2
      vertex 27.0381 -37.2148 0
    endloop
  endfacet
  facet normal 0.820951 -0.355268 0.447017
    outer loop
      vertex 42.7697 -16.9337 0
      vertex 40.7172 -19.1601 2
      vertex 41.622 -19.5858 0
    endloop
  endfacet
  facet normal 0.249548 0.858995 0.44705
    outer loop
      vertex 14.2148 43.7486 0
      vertex 11.4397 44.5548 0
      vertex 13.9058 42.7975 2
    endloop
  endfacet
  facet normal -0.739839 -0.502791 0.447035
    outer loop
      vertex -36.4058 -26.4503 2
      vertex -38.8391 -24.648 0
      vertex -37.2148 -27.0381 0
    endloop
  endfacet
  facet normal 0.671002 0.591542 0.447028
    outer loop
      vertex 35.4436 29.3215 0
      vertex 33.5326 31.4892 0
      vertex 34.6731 28.6841 2
    endloop
  endfacet
  facet normal 0.195138 -0.872968 0.447044
    outer loop
      vertex 11.191 -43.5862 2
      vertex 8.61954 -45.1852 0
      vertex 11.4397 -44.5548 0
    endloop
  endfacet
  facet normal 0.502791 0.739839 0.447035
    outer loop
      vertex 27.0381 37.2148 0
      vertex 24.648 38.8391 0
      vertex 26.4503 36.4058 2
    endloop
  endfacet
  facet normal -0.455332 0.769951 0.447044
    outer loop
      vertex -22.1607 40.3101 0
      vertex -24.1122 37.9948 2
      vertex -21.6789 39.4338 2
    endloop
  endfacet
  facet normal 0.0841653 0.890552 0.447028
    outer loop
      vertex 2.88836 45.9092 0
      vertex 2.82557 44.9112 2
      vertex 5.76533 45.6373 0
    endloop
  endfacet
  facet normal 0.548253 0.706808 0.447036
    outer loop
      vertex 27.0381 37.2148 0
      vertex 26.4503 36.4058 2
      vertex 28.6841 34.6731 2
    endloop
  endfacet
  facet normal 0.591542 -0.671002 0.447028
    outer loop
      vertex 31.4892 -33.5326 0
      vertex 28.6841 -34.6731 2
      vertex 29.3215 -35.4436 0
    endloop
  endfacet
  facet normal -0.455332 -0.769951 0.447044
    outer loop
      vertex -21.6789 -39.4338 2
      vertex -24.1122 -37.9948 2
      vertex -22.1607 -40.3101 0
    endloop
  endfacet
  facet normal 0.841623 0.303014 0.447049
    outer loop
      vertex 43.7486 14.2148 0
      vertex 42.7697 16.9337 0
      vertex 42.7975 13.9058 2
    endloop
  endfacet
  facet normal 0.858995 -0.249548 0.44705
    outer loop
      vertex 44.5548 -11.4397 0
      vertex 42.7975 -13.9058 2
      vertex 43.7486 -14.2148 0
    endloop
  endfacet
  facet normal -0.706808 0.548253 0.447036
    outer loop
      vertex -34.6731 28.6841 2
      vertex -37.2148 27.0381 0
      vertex -36.4058 26.4503 2
    endloop
  endfacet
  facet normal -0.769951 0.455352 0.447024
    outer loop
      vertex -38.8391 24.648 0
      vertex -40.3101 22.1607 0
      vertex -37.9948 24.1122 2
    endloop
  endfacet
  facet normal -0.502802 -0.739838 0.447023
    outer loop
      vertex -24.1122 -37.9948 2
      vertex -26.4503 -36.4058 2
      vertex -24.648 -38.8391 0
    endloop
  endfacet
  facet normal 0.739839 -0.502791 0.447035
    outer loop
      vertex 38.8391 -24.648 0
      vertex 36.4058 -26.4503 2
      vertex 37.2148 -27.0381 0
    endloop
  endfacet
  facet normal 0.841623 -0.303014 0.447049
    outer loop
      vertex 42.7975 -13.9058 2
      vertex 42.7697 -16.9337 0
      vertex 43.7486 -14.2148 0
    endloop
  endfacet
  facet normal 0.455332 0.769951 0.447044
    outer loop
      vertex 22.1607 40.3101 0
      vertex 21.6789 39.4338 2
      vertex 24.1122 37.9948 2
    endloop
  endfacet
  facet normal 0.303009 -0.841629 0.447042
    outer loop
      vertex 16.5656 -41.8399 2
      vertex 13.9058 -42.7975 2
      vertex 16.9337 -42.7697 0
    endloop
  endfacet
  facet normal -0.671002 -0.591542 0.447028
    outer loop
      vertex -34.6731 -28.6841 2
      vertex -35.4436 -29.3215 0
      vertex -33.5326 -31.4892 0
    endloop
  endfacet
  facet normal -0.355243 -0.820948 0.447041
    outer loop
      vertex -16.5656 -41.8399 2
      vertex -19.1601 -40.7172 2
      vertex -16.9337 -42.7697 0
    endloop
  endfacet
  facet normal 0.706808 -0.548253 0.447036
    outer loop
      vertex 36.4058 -26.4503 2
      vertex 34.6731 -28.6841 2
      vertex 37.2148 -27.0381 0
    endloop
  endfacet
  facet normal 0.591542 0.671002 0.447028
    outer loop
      vertex 29.3215 35.4436 0
      vertex 28.6841 34.6731 2
      vertex 31.4892 33.5326 0
    endloop
  endfacet
  facet normal 0.739838 0.502802 0.447023
    outer loop
      vertex 38.8391 24.648 0
      vertex 36.4058 26.4503 2
      vertex 37.9948 24.1122 2
    endloop
  endfacet
  facet normal -0.872968 -0.195138 0.447044
    outer loop
      vertex -43.5862 -11.191 2
      vertex -45.1852 -8.61954 0
      vertex -44.5548 -11.4397 0
    endloop
  endfacet
  facet normal -0.858995 0.249548 0.44705
    outer loop
      vertex -43.7486 14.2148 0
      vertex -44.5548 11.4397 0
      vertex -42.7975 13.9058 2
    endloop
  endfacet
  facet normal 0.0841687 -0.890549 0.447032
    outer loop
      vertex 5.63999 -44.6452 2
      vertex 2.82557 -44.9112 2
      vertex 5.76533 -45.6373 0
    endloop
  endfacet
  facet normal 0.0841653 -0.890552 0.447028
    outer loop
      vertex 5.76533 -45.6373 0
      vertex 2.82557 -44.9112 2
      vertex 2.88836 -45.9092 0
    endloop
  endfacet
  facet normal 0.406102 0.797016 0.447042
    outer loop
      vertex 22.1607 40.3101 0
      vertex 19.1601 40.7172 2
      vertex 21.6789 39.4338 2
    endloop
  endfacet
  facet normal 0.769951 -0.455352 0.447024
    outer loop
      vertex 40.3101 -22.1607 0
      vertex 37.9948 -24.1122 2
      vertex 38.8391 -24.648 0
    endloop
  endfacet
  facet normal -0.858996 0.249554 0.447044
    outer loop
      vertex -42.7975 13.9058 2
      vertex -44.5548 11.4397 0
      vertex -43.5862 11.191 2
    endloop
  endfacet
  facet normal -0.820951 0.355268 0.447017
    outer loop
      vertex -41.622 19.5858 0
      vertex -42.7697 16.9337 0
      vertex -40.7172 19.1601 2
    endloop
  endfacet
  facet normal 0.355268 0.820951 0.447017
    outer loop
      vertex 19.5858 41.622 0
      vertex 16.9337 42.7697 0
      vertex 19.1601 40.7172 2
    endloop
  endfacet
  facet normal 0.355243 -0.820948 0.447041
    outer loop
      vertex 19.1601 -40.7172 2
      vertex 16.5656 -41.8399 2
      vertex 16.9337 -42.7697 0
    endloop
  endfacet
  facet normal 0.406087 -0.797038 0.447016
    outer loop
      vertex 22.1607 -40.3101 0
      vertex 19.1601 -40.7172 2
      vertex 19.5858 -41.622 0
    endloop
  endfacet
  facet normal -0.355268 0.820951 0.447017
    outer loop
      vertex -16.9337 42.7697 0
      vertex -19.5858 41.622 0
      vertex -19.1601 40.7172 2
    endloop
  endfacet
  facet normal 0.671002 -0.591542 0.447028
    outer loop
      vertex 34.6731 -28.6841 2
      vertex 33.5326 -31.4892 0
      vertex 35.4436 -29.3215 0
    endloop
  endfacet
  facet normal -0.739839 0.502791 0.447035
    outer loop
      vertex -37.2148 27.0381 0
      vertex -38.8391 24.648 0
      vertex -36.4058 26.4503 2
    endloop
  endfacet
  facet normal -0.739838 0.502802 0.447023
    outer loop
      vertex -36.4058 26.4503 2
      vertex -38.8391 24.648 0
      vertex -37.9948 24.1122 2
    endloop
  endfacet
  facet normal -0.548253 -0.706808 0.447036
    outer loop
      vertex -26.4503 -36.4058 2
      vertex -28.6841 -34.6731 2
      vertex -27.0381 -37.2148 0
    endloop
  endfacet
  facet normal -0.355268 -0.820951 0.447017
    outer loop
      vertex -19.1601 -40.7172 2
      vertex -19.5858 -41.622 0
      vertex -16.9337 -42.7697 0
    endloop
  endfacet
  facet normal 0.303014 -0.841623 0.447049
    outer loop
      vertex 16.9337 -42.7697 0
      vertex 13.9058 -42.7975 2
      vertex 14.2148 -43.7486 0
    endloop
  endfacet
  facet normal 0.739838 -0.502802 0.447023
    outer loop
      vertex 37.9948 -24.1122 2
      vertex 36.4058 -26.4503 2
      vertex 38.8391 -24.648 0
    endloop
  endfacet
  facet normal -0.858996 -0.249554 0.447044
    outer loop
      vertex -43.5862 -11.191 2
      vertex -44.5548 -11.4397 0
      vertex -42.7975 -13.9058 2
    endloop
  endfacet
  facet normal 0.502791 -0.739839 0.447035
    outer loop
      vertex 26.4503 -36.4058 2
      vertex 24.648 -38.8391 0
      vertex 27.0381 -37.2148 0
    endloop
  endfacet
  facet normal -0.249554 -0.858996 0.447044
    outer loop
      vertex -11.191 -43.5862 2
      vertex -13.9058 -42.7975 2
      vertex -11.4397 -44.5548 0
    endloop
  endfacet
  facet normal 0.355268 -0.820951 0.447017
    outer loop
      vertex 19.1601 -40.7172 2
      vertex 16.9337 -42.7697 0
      vertex 19.5858 -41.622 0
    endloop
  endfacet
  facet normal -0.706807 -0.54826 0.447028
    outer loop
      vertex -34.6731 -28.6841 2
      vertex -37.2148 -27.0381 0
      vertex -35.4436 -29.3215 0
    endloop
  endfacet
  facet normal -0.706808 -0.548253 0.447036
    outer loop
      vertex -36.4058 -26.4503 2
      vertex -37.2148 -27.0381 0
      vertex -34.6731 -28.6841 2
    endloop
  endfacet
  facet normal -0.890552 -0.0841653 0.447028
    outer loop
      vertex -44.9112 -2.82557 2
      vertex -45.9092 -2.88836 0
      vertex -45.6373 -5.76533 0
    endloop
  endfacet
  facet normal -0.455352 -0.769951 0.447024
    outer loop
      vertex -24.1122 -37.9948 2
      vertex -24.648 -38.8391 0
      vertex -22.1607 -40.3101 0
    endloop
  endfacet
  facet normal -0.797016 -0.406102 0.447042
    outer loop
      vertex -39.4338 -21.6789 2
      vertex -40.7172 -19.1601 2
      vertex -40.3101 -22.1607 0
    endloop
  endfacet
  facet normal -0.797016 0.406102 0.447042
    outer loop
      vertex -40.3101 22.1607 0
      vertex -40.7172 19.1601 2
      vertex -39.4338 21.6789 2
    endloop
  endfacet
  facet normal -0.890549 0.0841687 0.447032
    outer loop
      vertex -44.6452 5.63999 2
      vertex -45.6373 5.76533 0
      vertex -44.9112 2.82557 2
    endloop
  endfacet
  facet normal -0.249548 -0.858995 0.44705
    outer loop
      vertex -13.9058 -42.7975 2
      vertex -14.2148 -43.7486 0
      vertex -11.4397 -44.5548 0
    endloop
  endfacet
  facet normal -0.303014 -0.841623 0.447049
    outer loop
      vertex -13.9058 -42.7975 2
      vertex -16.9337 -42.7697 0
      vertex -14.2148 -43.7486 0
    endloop
  endfacet
  facet normal -0.670974 -0.591552 0.447058
    outer loop
      vertex -32.8036 -30.8046 2
      vertex -34.6731 -28.6841 2
      vertex -33.5326 -31.4892 0
    endloop
  endfacet
  facet normal 0.502802 -0.739838 0.447023
    outer loop
      vertex 26.4503 -36.4058 2
      vertex 24.1122 -37.9948 2
      vertex 24.648 -38.8391 0
    endloop
  endfacet
  facet normal -0.820948 0.355243 0.447041
    outer loop
      vertex -40.7172 19.1601 2
      vertex -42.7697 16.9337 0
      vertex -41.8399 16.5656 2
    endloop
  endfacet
  facet normal -0.0841687 -0.890549 0.447032
    outer loop
      vertex -5.63999 -44.6452 2
      vertex -5.76533 -45.6373 0
      vertex -2.82557 -44.9112 2
    endloop
  endfacet
  facet normal -0.739838 -0.502802 0.447023
    outer loop
      vertex -37.9948 -24.1122 2
      vertex -38.8391 -24.648 0
      vertex -36.4058 -26.4503 2
    endloop
  endfacet
  facet normal -0.820951 -0.355268 0.447017
    outer loop
      vertex -40.7172 -19.1601 2
      vertex -42.7697 -16.9337 0
      vertex -41.622 -19.5858 0
    endloop
  endfacet
  facet normal -0.858995 -0.249548 0.44705
    outer loop
      vertex -42.7975 -13.9058 2
      vertex -44.5548 -11.4397 0
      vertex -43.7486 -14.2148 0
    endloop
  endfacet
  facet normal 0.19514 -0.872969 0.447041
    outer loop
      vertex 11.191 -43.5862 2
      vertex 8.43216 -44.2029 2
      vertex 8.61954 -45.1852 0
    endloop
  endfacet
  facet normal 0.249554 -0.858996 0.447044
    outer loop
      vertex 13.9058 -42.7975 2
      vertex 11.191 -43.5862 2
      vertex 11.4397 -44.5548 0
    endloop
  endfacet
  facet normal 0 0 -1
    outer loop
      vertex 42.5 0 45
      vertex 45 0 45
      vertex 44.9764 -0.75 45
    endloop
  endfacet
  facet normal 0 0 -1
    outer loop
      vertex 45 0 45
      vertex 42.5 0 45
      vertex 44.9764 0.75 45
    endloop
  endfacet
  facet normal 0 -0 -1
    outer loop
      vertex 42.5 0 45
      vertex 44.9764 -0.75 45
      vertex 42.4764 -0.75 45
    endloop
  endfacet
  facet normal -0 0 -1
    outer loop
      vertex 44.9764 0.75 45
      vertex 42.5 0 45
      vertex 42.4764 0.75 45
    endloop
  endfacet
  facet normal 0 0 1
    outer loop
      vertex 42.5 0 30
      vertex 45 0 30
      vertex 44.9764 0.75 30
    endloop
  endfacet
  facet normal 0 0 1
    outer loop
      vertex 45 0 30
      vertex 42.5 0 30
      vertex 44.9764 -0.75 30
    endloop
  endfacet
  facet normal 0 -0 1
    outer loop
      vertex 42.5 0 30
      vertex 44.9764 0.75 30
      vertex 42.4764 0.75 30
    endloop
  endfacet
  facet normal 0 0 1
    outer loop
      vertex 44.9764 -0.75 30
      vertex 42.5 0 30
      vertex 42.4764 -0.75 30
    endloop
  endfacet
  facet normal 0 -1 0
    outer loop
      vertex 42.4764 0.75 42
      vertex 44.9764 0.75 45
      vertex 42.4764 0.75 45
    endloop
  endfacet
  facet normal 0 -1 0
    outer loop
      vertex 42.4764 0.75 40
      vertex 44.9764 0.75 45
      vertex 42.4764 0.75 42
    endloop
  endfacet
  facet normal 0 -1 0
    outer loop
      vertex 44.9764 0.75 30
      vertex 42.4764 0.75 40
      vertex 42.4764 0.75 30
    endloop
  endfacet
  facet normal 0 -1 0
    outer loop
      vertex 42.4764 0.75 40
      vertex 44.9764 0.75 30
      vertex 44.9764 0.75 45
    endloop
  endfacet
  facet normal 0 1 0
    outer loop
      vertex 44.9764 -0.75 45
      vertex 42.4764 -0.75 42
      vertex 42.4764 -0.75 45
    endloop
  endfacet
  facet normal 0 1 0
    outer loop
      vertex 44.9764 -0.75 45
      vertex 42.4764 -0.75 40
      vertex 42.4764 -0.75 42
    endloop
  endfacet
  facet normal 0 1 -0
    outer loop
      vertex 44.9764 -0.75 30
      vertex 42.4764 -0.75 40
      vertex 44.9764 -0.75 45
    endloop
  endfacet
  facet normal 0 1 0
    outer loop
      vertex 42.4764 -0.75 40
      vertex 44.9764 -0.75 30
      vertex 42.4764 -0.75 30
    endloop
  endfacet
  facet normal 0 0 -1
    outer loop
      vertex 30.5675 29.5069 45
      vertex 31.2738 32.3344 45
      vertex 32.3344 31.2738 45
    endloop
  endfacet
  facet normal 0 0 -1
    outer loop
      vertex 31.2738 32.3344 45
      vertex 30.5675 29.5069 45
      vertex 29.5069 30.5675 45
    endloop
  endfacet
  facet normal 0.707107 -0.707107 0
    outer loop
      vertex 29.5069 30.5675 42
      vertex 31.2738 32.3344 45
      vertex 29.5069 30.5675 45
    endloop
  endfacet
  facet normal 0.707107 -0.707107 0
    outer loop
      vertex 29.5069 30.5675 40
      vertex 31.2738 32.3344 45
      vertex 29.5069 30.5675 42
    endloop
  endfacet
  facet normal 0.707107 -0.707107 0
    outer loop
      vertex 31.2738 32.3344 45
      vertex 29.5069 30.5675 40
      vertex 31.2738 32.3344 30
    endloop
  endfacet
  facet normal 0.707107 -0.707107 0
    outer loop
      vertex 31.2738 32.3344 30
      vertex 29.5069 30.5675 40
      vertex 29.5069 30.5675 30
    endloop
  endfacet
  facet normal 0 0 1
    outer loop
      vertex 31.2738 32.3344 30
      vertex 30.5675 29.5069 30
      vertex 32.3344 31.2738 30
    endloop
  endfacet
  facet normal 0 -0 1
    outer loop
      vertex 30.5675 29.5069 30
      vertex 31.2738 32.3344 30
      vertex 29.5069 30.5675 30
    endloop
  endfacet
  facet normal -0.707107 0.707107 0
    outer loop
      vertex 30.5675 29.5069 40
      vertex 32.3344 31.2738 30
      vertex 30.5675 29.5069 30
    endloop
  endfacet
  facet normal -0.707107 0.707107 0
    outer loop
      vertex 32.3344 31.2738 30
      vertex 30.5675 29.5069 40
      vertex 32.3344 31.2738 45
    endloop
  endfacet
  facet normal -0.707107 0.707107 0
    outer loop
      vertex 30.5675 29.5069 42
      vertex 32.3344 31.2738 45
      vertex 30.5675 29.5069 40
    endloop
  endfacet
  facet normal -0.707107 0.707107 0
    outer loop
      vertex 32.3344 31.2738 45
      vertex 30.5675 29.5069 42
      vertex 30.5675 29.5069 45
    endloop
  endfacet
  facet normal 0 0 -1
    outer loop
      vertex 0 42.5 45
      vertex 0.75 44.9764 45
      vertex 0.75 42.4764 45
    endloop
  endfacet
  facet normal 0 0 -1
    outer loop
      vertex 0 42.5 45
      vertex 0 45 45
      vertex 0.75 44.9764 45
    endloop
  endfacet
  facet normal 0 0 -1
    outer loop
      vertex -0.75 44.9764 45
      vertex 0 42.5 45
      vertex -0.75 42.4764 45
    endloop
  endfacet
  facet normal 0 0 -1
    outer loop
      vertex 0 42.5 45
      vertex -0.75 44.9764 45
      vertex 0 45 45
    endloop
  endfacet
  facet normal 1 0 0
    outer loop
      vertex -0.75 42.4764 42
      vertex -0.75 44.9764 45
      vertex -0.75 42.4764 45
    endloop
  endfacet
  facet normal 1 0 0
    outer loop
      vertex -0.75 42.4764 40
      vertex -0.75 44.9764 45
      vertex -0.75 42.4764 42
    endloop
  endfacet
  facet normal 1 0 0
    outer loop
      vertex -0.75 44.9764 45
      vertex -0.75 42.4764 40
      vertex -0.75 44.9764 30
    endloop
  endfacet
  facet normal 1 0 0
    outer loop
      vertex -0.75 44.9764 30
      vertex -0.75 42.4764 40
      vertex -0.75 42.4764 30
    endloop
  endfacet
  facet normal 0 0 1
    outer loop
      vertex 0 42.5 30
      vertex 0.75 44.9764 30
      vertex 0 45 30
    endloop
  endfacet
  facet normal 0 0 1
    outer loop
      vertex 0.75 44.9764 30
      vertex 0 42.5 30
      vertex 0.75 42.4764 30
    endloop
  endfacet
  facet normal -0 0 1
    outer loop
      vertex -0.75 44.9764 30
      vertex 0 42.5 30
      vertex 0 45 30
    endloop
  endfacet
  facet normal 0 0 1
    outer loop
      vertex 0 42.5 30
      vertex -0.75 44.9764 30
      vertex -0.75 42.4764 30
    endloop
  endfacet
  facet normal -1 0 0
    outer loop
      vertex 0.75 42.4764 40
      vertex 0.75 44.9764 30
      vertex 0.75 42.4764 30
    endloop
  endfacet
  facet normal -1 0 0
    outer loop
      vertex 0.75 44.9764 30
      vertex 0.75 42.4764 40
      vertex 0.75 44.9764 45
    endloop
  endfacet
  facet normal -1 0 0
    outer loop
      vertex 0.75 42.4764 42
      vertex 0.75 44.9764 45
      vertex 0.75 42.4764 40
    endloop
  endfacet
  facet normal -1 -0 0
    outer loop
      vertex 0.75 44.9764 45
      vertex 0.75 42.4764 42
      vertex 0.75 42.4764 45
    endloop
  endfacet
  facet normal 0 0 -1
    outer loop
      vertex -30.5675 29.5069 45
      vertex -31.2738 32.3344 45
      vertex -29.5069 30.5675 45
    endloop
  endfacet
  facet normal 0 -0 -1
    outer loop
      vertex -31.2738 32.3344 45
      vertex -30.5675 29.5069 45
      vertex -32.3344 31.2738 45
    endloop
  endfacet
  facet normal 0 0 1
    outer loop
      vertex -31.2738 32.3344 30
      vertex -30.5675 29.5069 30
      vertex -29.5069 30.5675 30
    endloop
  endfacet
  facet normal 0 0 1
    outer loop
      vertex -30.5675 29.5069 30
      vertex -31.2738 32.3344 30
      vertex -32.3344 31.2738 30
    endloop
  endfacet
  facet normal -0.707107 -0.707107 -0
    outer loop
      vertex -29.5069 30.5675 40
      vertex -31.2738 32.3344 30
      vertex -29.5069 30.5675 30
    endloop
  endfacet
  facet normal -0.707107 -0.707107 0
    outer loop
      vertex -31.2738 32.3344 30
      vertex -29.5069 30.5675 40
      vertex -31.2738 32.3344 45
    endloop
  endfacet
  facet normal -0.707107 -0.707107 -0
    outer loop
      vertex -29.5069 30.5675 42
      vertex -31.2738 32.3344 45
      vertex -29.5069 30.5675 40
    endloop
  endfacet
  facet normal -0.707107 -0.707107 0
    outer loop
      vertex -31.2738 32.3344 45
      vertex -29.5069 30.5675 42
      vertex -29.5069 30.5675 45
    endloop
  endfacet
  facet normal 0.707107 0.707107 -0
    outer loop
      vertex -30.5675 29.5069 42
      vertex -32.3344 31.2738 45
      vertex -30.5675 29.5069 45
    endloop
  endfacet
  facet normal 0.707107 0.707107 -0
    outer loop
      vertex -30.5675 29.5069 40
      vertex -32.3344 31.2738 45
      vertex -30.5675 29.5069 42
    endloop
  endfacet
  facet normal 0.707107 0.707107 0
    outer loop
      vertex -32.3344 31.2738 45
      vertex -30.5675 29.5069 40
      vertex -32.3344 31.2738 30
    endloop
  endfacet
  facet normal 0.707107 0.707107 0
    outer loop
      vertex -32.3344 31.2738 30
      vertex -30.5675 29.5069 40
      vertex -30.5675 29.5069 30
    endloop
  endfacet
  facet normal 0 0 -1
    outer loop
      vertex -42.4764 -0.75 45
      vertex -44.9764 -0.75 45
      vertex -42.5 0 45
    endloop
  endfacet
  facet normal 0 0 -1
    outer loop
      vertex -45 0 45
      vertex -42.5 0 45
      vertex -44.9764 -0.75 45
    endloop
  endfacet
  facet normal 0 -0 -1
    outer loop
      vertex -44.9764 0.75 45
      vertex -42.5 0 45
      vertex -45 0 45
    endloop
  endfacet
  facet normal 0 0 -1
    outer loop
      vertex -42.5 0 45
      vertex -44.9764 0.75 45
      vertex -42.4764 0.75 45
    endloop
  endfacet
  facet normal 0 0 1
    outer loop
      vertex -42.4764 0.75 30
      vertex -44.9764 0.75 30
      vertex -42.5 0 30
    endloop
  endfacet
  facet normal 0 0 1
    outer loop
      vertex -45 0 30
      vertex -42.5 0 30
      vertex -44.9764 0.75 30
    endloop
  endfacet
  facet normal 0 -0 1
    outer loop
      vertex -44.9764 -0.75 30
      vertex -42.5 0 30
      vertex -45 0 30
    endloop
  endfacet
  facet normal 0 0 1
    outer loop
      vertex -42.5 0 30
      vertex -44.9764 -0.75 30
      vertex -42.4764 -0.75 30
    endloop
  endfacet
  facet normal 0 -1 0
    outer loop
      vertex -44.9764 0.75 45
      vertex -42.4764 0.75 42
      vertex -42.4764 0.75 45
    endloop
  endfacet
  facet normal 0 -1 0
    outer loop
      vertex -44.9764 0.75 45
      vertex -42.4764 0.75 40
      vertex -42.4764 0.75 42
    endloop
  endfacet
  facet normal 0 -1 0
    outer loop
      vertex -44.9764 0.75 30
      vertex -42.4764 0.75 40
      vertex -44.9764 0.75 45
    endloop
  endfacet
  facet normal 0 -1 -0
    outer loop
      vertex -42.4764 0.75 40
      vertex -44.9764 0.75 30
      vertex -42.4764 0.75 30
    endloop
  endfacet
  facet normal 0 1 -0
    outer loop
      vertex -42.4764 -0.75 42
      vertex -44.9764 -0.75 45
      vertex -42.4764 -0.75 45
    endloop
  endfacet
  facet normal 0 1 -0
    outer loop
      vertex -42.4764 -0.75 40
      vertex -44.9764 -0.75 45
      vertex -42.4764 -0.75 42
    endloop
  endfacet
  facet normal 0 1 0
    outer loop
      vertex -44.9764 -0.75 30
      vertex -42.4764 -0.75 40
      vertex -42.4764 -0.75 30
    endloop
  endfacet
  facet normal 0 1 0
    outer loop
      vertex -42.4764 -0.75 40
      vertex -44.9764 -0.75 30
      vertex -44.9764 -0.75 45
    endloop
  endfacet
  facet normal 0 0 -1
    outer loop
      vertex -31.2738 -32.3344 45
      vertex -30.5675 -29.5069 45
      vertex -29.5069 -30.5675 45
    endloop
  endfacet
  facet normal 0 0 -1
    outer loop
      vertex -30.5675 -29.5069 45
      vertex -31.2738 -32.3344 45
      vertex -32.3344 -31.2738 45
    endloop
  endfacet
  facet normal 0 0 1
    outer loop
      vertex -30.5675 -29.5069 30
      vertex -31.2738 -32.3344 30
      vertex -29.5069 -30.5675 30
    endloop
  endfacet
  facet normal 0 -0 1
    outer loop
      vertex -31.2738 -32.3344 30
      vertex -30.5675 -29.5069 30
      vertex -32.3344 -31.2738 30
    endloop
  endfacet
  facet normal -0.707107 0.707107 0
    outer loop
      vertex -31.2738 -32.3344 30
      vertex -29.5069 -30.5675 40
      vertex -29.5069 -30.5675 30
    endloop
  endfacet
  facet normal -0.707107 0.707107 0
    outer loop
      vertex -31.2738 -32.3344 45
      vertex -29.5069 -30.5675 40
      vertex -31.2738 -32.3344 30
    endloop
  endfacet
  facet normal -0.707107 0.707107 0
    outer loop
      vertex -29.5069 -30.5675 40
      vertex -31.2738 -32.3344 45
      vertex -29.5069 -30.5675 42
    endloop
  endfacet
  facet normal -0.707107 0.707107 0
    outer loop
      vertex -29.5069 -30.5675 42
      vertex -31.2738 -32.3344 45
      vertex -29.5069 -30.5675 45
    endloop
  endfacet
  facet normal 0.707107 -0.707107 0
    outer loop
      vertex -32.3344 -31.2738 45
      vertex -30.5675 -29.5069 42
      vertex -30.5675 -29.5069 45
    endloop
  endfacet
  facet normal 0.707107 -0.707107 0
    outer loop
      vertex -30.5675 -29.5069 42
      vertex -32.3344 -31.2738 45
      vertex -30.5675 -29.5069 40
    endloop
  endfacet
  facet normal 0.707107 -0.707107 0
    outer loop
      vertex -32.3344 -31.2738 30
      vertex -30.5675 -29.5069 40
      vertex -32.3344 -31.2738 45
    endloop
  endfacet
  facet normal 0.707107 -0.707107 0
    outer loop
      vertex -30.5675 -29.5069 40
      vertex -32.3344 -31.2738 30
      vertex -30.5675 -29.5069 30
    endloop
  endfacet
  facet normal 0 0 -1
    outer loop
      vertex 0 -42.5 45
      vertex 0.75 -44.9764 45
      vertex 0 -45 45
    endloop
  endfacet
  facet normal 0 0 -1
    outer loop
      vertex 0.75 -44.9764 45
      vertex 0 -42.5 45
      vertex 0.75 -42.4764 45
    endloop
  endfacet
  facet normal 0 0 -1
    outer loop
      vertex -0.75 -44.9764 45
      vertex 0 -42.5 45
      vertex 0 -45 45
    endloop
  endfacet
  facet normal -0 0 -1
    outer loop
      vertex 0 -42.5 45
      vertex -0.75 -44.9764 45
      vertex -0.75 -42.4764 45
    endloop
  endfacet
  facet normal -0 0 1
    outer loop
      vertex 0 -42.5 30
      vertex 0.75 -44.9764 30
      vertex 0.75 -42.4764 30
    endloop
  endfacet
  facet normal 0 0 1
    outer loop
      vertex 0 -42.5 30
      vertex 0 -45 30
      vertex 0.75 -44.9764 30
    endloop
  endfacet
  facet normal 0 0 1
    outer loop
      vertex -0.75 -44.9764 30
      vertex 0 -42.5 30
      vertex -0.75 -42.4764 30
    endloop
  endfacet
  facet normal 0 0 1
    outer loop
      vertex 0 -42.5 30
      vertex -0.75 -44.9764 30
      vertex 0 -45 30
    endloop
  endfacet
  facet normal -1 0 0
    outer loop
      vertex 0.75 -44.9764 30
      vertex 0.75 -42.4764 40
      vertex 0.75 -42.4764 30
    endloop
  endfacet
  facet normal -1 0 0
    outer loop
      vertex 0.75 -44.9764 45
      vertex 0.75 -42.4764 40
      vertex 0.75 -44.9764 30
    endloop
  endfacet
  facet normal -1 0 0
    outer loop
      vertex 0.75 -42.4764 40
      vertex 0.75 -44.9764 45
      vertex 0.75 -42.4764 42
    endloop
  endfacet
  facet normal -1 0 0
    outer loop
      vertex 0.75 -42.4764 42
      vertex 0.75 -44.9764 45
      vertex 0.75 -42.4764 45
    endloop
  endfacet
  facet normal 1 -0 0
    outer loop
      vertex -0.75 -44.9764 45
      vertex -0.75 -42.4764 42
      vertex -0.75 -42.4764 45
    endloop
  endfacet
  facet normal 1 0 0
    outer loop
      vertex -0.75 -42.4764 42
      vertex -0.75 -44.9764 45
      vertex -0.75 -42.4764 40
    endloop
  endfacet
  facet normal 1 0 0
    outer loop
      vertex -0.75 -44.9764 30
      vertex -0.75 -42.4764 40
      vertex -0.75 -44.9764 45
    endloop
  endfacet
  facet normal 1 0 0
    outer loop
      vertex -0.75 -42.4764 40
      vertex -0.75 -44.9764 30
      vertex -0.75 -42.4764 30
    endloop
  endfacet
  facet normal 0 0 -1
    outer loop
      vertex 31.2738 -32.3344 45
      vertex 30.5675 -29.5069 45
      vertex 32.3344 -31.2738 45
    endloop
  endfacet
  facet normal 0 -0 -1
    outer loop
      vertex 30.5675 -29.5069 45
      vertex 31.2738 -32.3344 45
      vertex 29.5069 -30.5675 45
    endloop
  endfacet
  facet normal 0 0 1
    outer loop
      vertex 30.5675 -29.5069 30
      vertex 31.2738 -32.3344 30
      vertex 32.3344 -31.2738 30
    endloop
  endfacet
  facet normal 0 0 1
    outer loop
      vertex 31.2738 -32.3344 30
      vertex 30.5675 -29.5069 30
      vertex 29.5069 -30.5675 30
    endloop
  endfacet
  facet normal -0.707107 -0.707107 0
    outer loop
      vertex 32.3344 -31.2738 30
      vertex 30.5675 -29.5069 40
      vertex 30.5675 -29.5069 30
    endloop
  endfacet
  facet normal -0.707107 -0.707107 -0
    outer loop
      vertex 32.3344 -31.2738 45
      vertex 30.5675 -29.5069 40
      vertex 32.3344 -31.2738 30
    endloop
  endfacet
  facet normal -0.707107 -0.707107 0
    outer loop
      vertex 30.5675 -29.5069 40
      vertex 32.3344 -31.2738 45
      vertex 30.5675 -29.5069 42
    endloop
  endfacet
  facet normal -0.707107 -0.707107 0
    outer loop
      vertex 30.5675 -29.5069 42
      vertex 32.3344 -31.2738 45
      vertex 30.5675 -29.5069 45
    endloop
  endfacet
  facet normal 0.707107 0.707107 0
    outer loop
      vertex 31.2738 -32.3344 45
      vertex 29.5069 -30.5675 42
      vertex 29.5069 -30.5675 45
    endloop
  endfacet
  facet normal 0.707107 0.707107 0
    outer loop
      vertex 29.5069 -30.5675 42
      vertex 31.2738 -32.3344 45
      vertex 29.5069 -30.5675 40
    endloop
  endfacet
  facet normal 0.707107 0.707107 -0
    outer loop
      vertex 31.2738 -32.3344 30
      vertex 29.5069 -30.5675 40
      vertex 31.2738 -32.3344 45
    endloop
  endfacet
  facet normal 0.707107 0.707107 0
    outer loop
      vertex 29.5069 -30.5675 40
      vertex 31.2738 -32.3344 30
      vertex 29.5069 -30.5675 30
    endloop
  endfacet
  facet normal -0.999507 0.0314118 0
    outer loop
      vertex 43.0399 -2.70784 47
      vertex 43.125 0 50
      vertex 43.125 0 47
    endloop
  endfacet
  facet normal -0.999507 0.0314118 0
    outer loop
      vertex 43.125 0 50
      vertex 43.0399 -2.70784 47
      vertex 43.0399 -2.70784 50
    endloop
  endfacet
  facet normal -0.99556 -0.0941245 0
    outer loop
      vertex 43.0399 2.70784 47
      vertex 42.7849 5.40499 50
      vertex 42.7849 5.40499 47
    endloop
  endfacet
  facet normal -0.99556 -0.0941245 0
    outer loop
      vertex 42.7849 5.40499 50
      vertex 43.0399 2.70784 47
      vertex 43.0399 2.70784 50
    endloop
  endfacet
  facet normal -0.999507 -0.0314118 0
    outer loop
      vertex 43.125 0 47
      vertex 43.0399 2.70784 50
      vertex 43.0399 2.70784 47
    endloop
  endfacet
  facet normal -0.999507 -0.0314118 0
    outer loop
      vertex 43.0399 2.70784 50
      vertex 43.125 0 47
      vertex 43.125 0 50
    endloop
  endfacet
  facet normal 0.612908 -0.790154 0
    outer loop
      vertex -27.4889 33.2284 47
      vertex -25.3482 34.8889 50
      vertex -27.4889 33.2284 50
    endloop
  endfacet
  facet normal 0.612908 -0.790154 0
    outer loop
      vertex -25.3482 34.8889 50
      vertex -27.4889 33.2284 47
      vertex -25.3482 34.8889 47
    endloop
  endfacet
  facet normal -0.454007 0.890998 0
    outer loop
      vertex 20.7756 -37.7907 47
      vertex 18.3617 -39.0207 50
      vertex 20.7756 -37.7907 50
    endloop
  endfacet
  facet normal -0.454007 0.890998 0
    outer loop
      vertex 18.3617 -39.0207 50
      vertex 20.7756 -37.7907 47
      vertex 18.3617 -39.0207 47
    endloop
  endfacet
  facet normal 0.707107 0.707107 0
    outer loop
      vertex -29.5211 -31.4368 50
      vertex -31.4368 -29.5211 47
      vertex -31.4368 -29.5211 50
    endloop
  endfacet
  facet normal 0.707107 0.707107 0
    outer loop
      vertex -31.4368 -29.5211 47
      vertex -29.5211 -31.4368 50
      vertex -29.5211 -31.4368 47
    endloop
  endfacet
  facet normal 0.94088 0.338739 0
    outer loop
      vertex -40.0966 -15.8754 50
      vertex -41.0143 -13.3264 47
      vertex -41.0143 -13.3264 50
    endloop
  endfacet
  facet normal 0.94088 0.338739 0
    outer loop
      vertex -41.0143 -13.3264 47
      vertex -40.0966 -15.8754 50
      vertex -40.0966 -15.8754 47
    endloop
  endfacet
  facet normal 0.397142 -0.917757 0
    outer loop
      vertex -18.3617 39.0207 47
      vertex -15.8754 40.0966 50
      vertex -18.3617 39.0207 50
    endloop
  endfacet
  facet normal 0.397142 -0.917757 0
    outer loop
      vertex -15.8754 40.0966 50
      vertex -18.3617 39.0207 47
      vertex -15.8754 40.0966 47
    endloop
  endfacet
  facet normal 0.890998 -0.454007 0
    outer loop
      vertex -39.0207 18.3617 50
      vertex -37.7907 20.7756 47
      vertex -37.7907 20.7756 50
    endloop
  endfacet
  facet normal 0.890998 -0.454007 0
    outer loop
      vertex -37.7907 20.7756 47
      vertex -39.0207 18.3617 50
      vertex -39.0207 18.3617 47
    endloop
  endfacet
  facet normal 0.218143 -0.975917 0
    outer loop
      vertex -10.7248 41.7701 47
      vertex -8.08082 42.3611 50
      vertex -10.7248 41.7701 50
    endloop
  endfacet
  facet normal 0.218143 -0.975917 0
    outer loop
      vertex -8.08082 42.3611 50
      vertex -10.7248 41.7701 47
      vertex -8.08082 42.3611 47
    endloop
  endfacet
  facet normal 0.99556 0.0941245 0
    outer loop
      vertex -42.7849 -5.40499 50
      vertex -43.0399 -2.70784 47
      vertex -43.0399 -2.70784 50
    endloop
  endfacet
  facet normal 0.99556 0.0941245 0
    outer loop
      vertex -43.0399 -2.70784 47
      vertex -42.7849 -5.40499 50
      vertex -42.7849 -5.40499 47
    endloop
  endfacet
  facet normal 0.509046 -0.860739 0
    outer loop
      vertex -23.1075 36.4116 47
      vertex -20.7756 37.7907 50
      vertex -23.1075 36.4116 50
    endloop
  endfacet
  facet normal 0.509046 -0.860739 0
    outer loop
      vertex -20.7756 37.7907 50
      vertex -23.1075 36.4116 47
      vertex -20.7756 37.7907 47
    endloop
  endfacet
  facet normal -0.661307 0.750116 0
    outer loop
      vertex 29.5211 -31.4368 47
      vertex 27.4889 -33.2284 50
      vertex 29.5211 -31.4368 50
    endloop
  endfacet
  facet normal -0.661307 0.750116 0
    outer loop
      vertex 27.4889 -33.2284 50
      vertex 29.5211 -31.4368 47
      vertex 27.4889 -33.2284 47
    endloop
  endfacet
  facet normal -0.0314118 0.999507 0
    outer loop
      vertex 2.70784 -43.0399 47
      vertex 0 -43.125 50
      vertex 2.70784 -43.0399 50
    endloop
  endfacet
  facet normal -0.0314118 0.999507 0
    outer loop
      vertex 0 -43.125 50
      vertex 2.70784 -43.0399 47
      vertex 0 -43.125 47
    endloop
  endfacet
  facet normal -0.156431 0.987689 0
    outer loop
      vertex 8.08082 -42.3611 47
      vertex 5.40499 -42.7849 50
      vertex 8.08082 -42.3611 50
    endloop
  endfacet
  facet normal -0.156431 0.987689 0
    outer loop
      vertex 5.40499 -42.7849 50
      vertex 8.08082 -42.3611 47
      vertex 5.40499 -42.7849 47
    endloop
  endfacet
  facet normal -0.509046 0.860739 0
    outer loop
      vertex 23.1075 -36.4116 47
      vertex 20.7756 -37.7907 50
      vertex 23.1075 -36.4116 50
    endloop
  endfacet
  facet normal -0.509046 0.860739 0
    outer loop
      vertex 20.7756 -37.7907 50
      vertex 23.1075 -36.4116 47
      vertex 20.7756 -37.7907 47
    endloop
  endfacet
  facet normal -0.890998 0.454007 0
    outer loop
      vertex 37.7907 -20.7756 47
      vertex 39.0207 -18.3617 50
      vertex 39.0207 -18.3617 47
    endloop
  endfacet
  facet normal -0.890998 0.454007 0
    outer loop
      vertex 39.0207 -18.3617 50
      vertex 37.7907 -20.7756 47
      vertex 37.7907 -20.7756 50
    endloop
  endfacet
  facet normal -0.338739 0.94088 0
    outer loop
      vertex 15.8754 -40.0966 47
      vertex 13.3264 -41.0143 50
      vertex 15.8754 -40.0966 50
    endloop
  endfacet
  facet normal -0.338739 0.94088 0
    outer loop
      vertex 13.3264 -41.0143 50
      vertex 15.8754 -40.0966 47
      vertex 13.3264 -41.0143 47
    endloop
  endfacet
  facet normal -0.562064 -0.827094 0
    outer loop
      vertex 23.1075 36.4116 47
      vertex 25.3482 34.8889 50
      vertex 23.1075 36.4116 50
    endloop
  endfacet
  facet normal -0.562064 -0.827094 -0
    outer loop
      vertex 25.3482 34.8889 50
      vertex 23.1075 36.4116 47
      vertex 25.3482 34.8889 47
    endloop
  endfacet
  facet normal 0.960297 0.278979 0
    outer loop
      vertex -41.0143 -13.3264 50
      vertex -41.7701 -10.7248 47
      vertex -41.7701 -10.7248 50
    endloop
  endfacet
  facet normal 0.960297 0.278979 0
    outer loop
      vertex -41.7701 -10.7248 47
      vertex -41.0143 -13.3264 50
      vertex -41.0143 -13.3264 47
    endloop
  endfacet
  facet normal 0.750116 0.661307 0
    outer loop
      vertex -31.4368 -29.5211 50
      vertex -33.2284 -27.4889 47
      vertex -33.2284 -27.4889 50
    endloop
  endfacet
  facet normal 0.750116 0.661307 0
    outer loop
      vertex -33.2284 -27.4889 47
      vertex -31.4368 -29.5211 50
      vertex -31.4368 -29.5211 47
    endloop
  endfacet
  facet normal 0.917757 0.397142 0
    outer loop
      vertex -39.0207 -18.3617 50
      vertex -40.0966 -15.8754 47
      vertex -40.0966 -15.8754 50
    endloop
  endfacet
  facet normal 0.917757 0.397142 0
    outer loop
      vertex -40.0966 -15.8754 47
      vertex -39.0207 -18.3617 50
      vertex -39.0207 -18.3617 47
    endloop
  endfacet
  facet normal -0.397142 -0.917757 0
    outer loop
      vertex 15.8754 40.0966 47
      vertex 18.3617 39.0207 50
      vertex 15.8754 40.0966 50
    endloop
  endfacet
  facet normal -0.397142 -0.917757 -0
    outer loop
      vertex 18.3617 39.0207 50
      vertex 15.8754 40.0966 47
      vertex 18.3617 39.0207 47
    endloop
  endfacet
  facet normal -0.827094 -0.562064 0
    outer loop
      vertex 36.4116 23.1075 47
      vertex 34.8889 25.3482 50
      vertex 34.8889 25.3482 47
    endloop
  endfacet
  facet normal -0.827094 -0.562064 0
    outer loop
      vertex 34.8889 25.3482 50
      vertex 36.4116 23.1075 47
      vertex 36.4116 23.1075 50
    endloop
  endfacet
  facet normal 0.156431 0.987689 -0
    outer loop
      vertex -5.40499 -42.7849 47
      vertex -8.08082 -42.3611 50
      vertex -5.40499 -42.7849 50
    endloop
  endfacet
  facet normal 0.156431 0.987689 0
    outer loop
      vertex -8.08082 -42.3611 50
      vertex -5.40499 -42.7849 47
      vertex -8.08082 -42.3611 47
    endloop
  endfacet
  facet normal 0.338739 -0.94088 0
    outer loop
      vertex -15.8754 40.0966 47
      vertex -13.3264 41.0143 50
      vertex -15.8754 40.0966 50
    endloop
  endfacet
  facet normal 0.338739 -0.94088 0
    outer loop
      vertex -13.3264 41.0143 50
      vertex -15.8754 40.0966 47
      vertex -13.3264 41.0143 47
    endloop
  endfacet
  facet normal -0.612908 0.790154 0
    outer loop
      vertex 27.4889 -33.2284 47
      vertex 25.3482 -34.8889 50
      vertex 27.4889 -33.2284 50
    endloop
  endfacet
  facet normal -0.612908 0.790154 0
    outer loop
      vertex 25.3482 -34.8889 50
      vertex 27.4889 -33.2284 47
      vertex 25.3482 -34.8889 47
    endloop
  endfacet
  facet normal -0.790154 0.612908 0
    outer loop
      vertex 33.2284 -27.4889 47
      vertex 34.8889 -25.3482 50
      vertex 34.8889 -25.3482 47
    endloop
  endfacet
  facet normal -0.790154 0.612908 0
    outer loop
      vertex 34.8889 -25.3482 50
      vertex 33.2284 -27.4889 47
      vertex 33.2284 -27.4889 50
    endloop
  endfacet
  facet normal 0.278979 -0.960297 0
    outer loop
      vertex -13.3264 41.0143 47
      vertex -10.7248 41.7701 50
      vertex -13.3264 41.0143 50
    endloop
  endfacet
  facet normal 0.278979 -0.960297 0
    outer loop
      vertex -10.7248 41.7701 50
      vertex -13.3264 41.0143 47
      vertex -10.7248 41.7701 47
    endloop
  endfacet
  facet normal -0.750116 0.661307 0
    outer loop
      vertex 31.4368 -29.5211 47
      vertex 33.2284 -27.4889 50
      vertex 33.2284 -27.4889 47
    endloop
  endfacet
  facet normal -0.750116 0.661307 0
    outer loop
      vertex 33.2284 -27.4889 50
      vertex 31.4368 -29.5211 47
      vertex 31.4368 -29.5211 50
    endloop
  endfacet
  facet normal -0.612908 -0.790154 0
    outer loop
      vertex 25.3482 34.8889 47
      vertex 27.4889 33.2284 50
      vertex 25.3482 34.8889 50
    endloop
  endfacet
  facet normal -0.612908 -0.790154 -0
    outer loop
      vertex 27.4889 33.2284 50
      vertex 25.3482 34.8889 47
      vertex 27.4889 33.2284 47
    endloop
  endfacet
  facet normal 0.562064 0.827094 -0
    outer loop
      vertex -23.1075 -36.4116 47
      vertex -25.3482 -34.8889 50
      vertex -23.1075 -36.4116 50
    endloop
  endfacet
  facet normal 0.562064 0.827094 0
    outer loop
      vertex -25.3482 -34.8889 50
      vertex -23.1075 -36.4116 47
      vertex -25.3482 -34.8889 47
    endloop
  endfacet
  facet normal 0.156431 -0.987689 0
    outer loop
      vertex -8.08082 42.3611 47
      vertex -5.40499 42.7849 50
      vertex -8.08082 42.3611 50
    endloop
  endfacet
  facet normal 0.156431 -0.987689 0
    outer loop
      vertex -5.40499 42.7849 50
      vertex -8.08082 42.3611 47
      vertex -5.40499 42.7849 47
    endloop
  endfacet
  facet normal -0.338739 -0.94088 0
    outer loop
      vertex 13.3264 41.0143 47
      vertex 15.8754 40.0966 50
      vertex 13.3264 41.0143 50
    endloop
  endfacet
  facet normal -0.338739 -0.94088 -0
    outer loop
      vertex 15.8754 40.0966 50
      vertex 13.3264 41.0143 47
      vertex 15.8754 40.0966 47
    endloop
  endfacet
  facet normal -0.987689 0.156431 0
    outer loop
      vertex 42.3611 -8.08082 47
      vertex 42.7849 -5.40499 50
      vertex 42.7849 -5.40499 47
    endloop
  endfacet
  facet normal -0.987689 0.156431 0
    outer loop
      vertex 42.7849 -5.40499 50
      vertex 42.3611 -8.08082 47
      vertex 42.3611 -8.08082 50
    endloop
  endfacet
  facet normal 0.0941245 0.99556 -0
    outer loop
      vertex -2.70784 -43.0399 47
      vertex -5.40499 -42.7849 50
      vertex -2.70784 -43.0399 50
    endloop
  endfacet
  facet normal 0.0941245 0.99556 0
    outer loop
      vertex -5.40499 -42.7849 50
      vertex -2.70784 -43.0399 47
      vertex -5.40499 -42.7849 47
    endloop
  endfacet
  facet normal -0.99556 0.0941245 0
    outer loop
      vertex 42.7849 -5.40499 47
      vertex 43.0399 -2.70784 50
      vertex 43.0399 -2.70784 47
    endloop
  endfacet
  facet normal -0.99556 0.0941245 0
    outer loop
      vertex 43.0399 -2.70784 50
      vertex 42.7849 -5.40499 47
      vertex 42.7849 -5.40499 50
    endloop
  endfacet
  facet normal -0.278979 -0.960297 0
    outer loop
      vertex 10.7248 41.7701 47
      vertex 13.3264 41.0143 50
      vertex 10.7248 41.7701 50
    endloop
  endfacet
  facet normal -0.278979 -0.960297 -0
    outer loop
      vertex 13.3264 41.0143 50
      vertex 10.7248 41.7701 47
      vertex 13.3264 41.0143 47
    endloop
  endfacet
  facet normal -0.960297 -0.278979 0
    outer loop
      vertex 41.7701 10.7248 47
      vertex 41.0143 13.3264 50
      vertex 41.0143 13.3264 47
    endloop
  endfacet
  facet normal -0.960297 -0.278979 0
    outer loop
      vertex 41.0143 13.3264 50
      vertex 41.7701 10.7248 47
      vertex 41.7701 10.7248 50
    endloop
  endfacet
  facet normal -0.960297 0.278979 0
    outer loop
      vertex 41.0143 -13.3264 47
      vertex 41.7701 -10.7248 50
      vertex 41.7701 -10.7248 47
    endloop
  endfacet
  facet normal -0.960297 0.278979 0
    outer loop
      vertex 41.7701 -10.7248 50
      vertex 41.0143 -13.3264 47
      vertex 41.0143 -13.3264 50
    endloop
  endfacet
  facet normal -0.0941245 -0.99556 0
    outer loop
      vertex 2.70784 43.0399 47
      vertex 5.40499 42.7849 50
      vertex 2.70784 43.0399 50
    endloop
  endfacet
  facet normal -0.0941245 -0.99556 -0
    outer loop
      vertex 5.40499 42.7849 50
      vertex 2.70784 43.0399 47
      vertex 5.40499 42.7849 47
    endloop
  endfacet
  facet normal -0.661307 -0.750116 0
    outer loop
      vertex 27.4889 33.2284 47
      vertex 29.5211 31.4368 50
      vertex 27.4889 33.2284 50
    endloop
  endfacet
  facet normal -0.661307 -0.750116 -0
    outer loop
      vertex 29.5211 31.4368 50
      vertex 27.4889 33.2284 47
      vertex 29.5211 31.4368 47
    endloop
  endfacet
  facet normal -0.975917 0.218143 0
    outer loop
      vertex 41.7701 -10.7248 47
      vertex 42.3611 -8.08082 50
      vertex 42.3611 -8.08082 47
    endloop
  endfacet
  facet normal -0.975917 0.218143 0
    outer loop
      vertex 42.3611 -8.08082 50
      vertex 41.7701 -10.7248 47
      vertex 41.7701 -10.7248 50
    endloop
  endfacet
  facet normal 0.0314118 -0.999507 0
    outer loop
      vertex -2.70784 43.0399 47
      vertex 0 43.125 50
      vertex -2.70784 43.0399 50
    endloop
  endfacet
  facet normal 0.0314118 -0.999507 0
    outer loop
      vertex 0 43.125 50
      vertex -2.70784 43.0399 47
      vertex 0 43.125 47
    endloop
  endfacet
  facet normal -0.562064 0.827094 0
    outer loop
      vertex 25.3482 -34.8889 47
      vertex 23.1075 -36.4116 50
      vertex 25.3482 -34.8889 50
    endloop
  endfacet
  facet normal -0.562064 0.827094 0
    outer loop
      vertex 23.1075 -36.4116 50
      vertex 25.3482 -34.8889 47
      vertex 23.1075 -36.4116 47
    endloop
  endfacet
  facet normal 0.562064 -0.827094 0
    outer loop
      vertex -25.3482 34.8889 47
      vertex -23.1075 36.4116 50
      vertex -25.3482 34.8889 50
    endloop
  endfacet
  facet normal 0.562064 -0.827094 0
    outer loop
      vertex -23.1075 36.4116 50
      vertex -25.3482 34.8889 47
      vertex -23.1075 36.4116 47
    endloop
  endfacet
  facet normal 0.454007 -0.890998 0
    outer loop
      vertex -20.7756 37.7907 47
      vertex -18.3617 39.0207 50
      vertex -20.7756 37.7907 50
    endloop
  endfacet
  facet normal 0.454007 -0.890998 0
    outer loop
      vertex -18.3617 39.0207 50
      vertex -20.7756 37.7907 47
      vertex -18.3617 39.0207 47
    endloop
  endfacet
  facet normal -0.860739 -0.509046 0
    outer loop
      vertex 37.7907 20.7756 47
      vertex 36.4116 23.1075 50
      vertex 36.4116 23.1075 47
    endloop
  endfacet
  facet normal -0.860739 -0.509046 0
    outer loop
      vertex 36.4116 23.1075 50
      vertex 37.7907 20.7756 47
      vertex 37.7907 20.7756 50
    endloop
  endfacet
  facet normal 0.987689 0.156431 0
    outer loop
      vertex -42.3611 -8.08082 50
      vertex -42.7849 -5.40499 47
      vertex -42.7849 -5.40499 50
    endloop
  endfacet
  facet normal 0.987689 0.156431 0
    outer loop
      vertex -42.7849 -5.40499 47
      vertex -42.3611 -8.08082 50
      vertex -42.3611 -8.08082 47
    endloop
  endfacet
  facet normal -0.890998 -0.454007 0
    outer loop
      vertex 39.0207 18.3617 47
      vertex 37.7907 20.7756 50
      vertex 37.7907 20.7756 47
    endloop
  endfacet
  facet normal -0.890998 -0.454007 0
    outer loop
      vertex 37.7907 20.7756 50
      vertex 39.0207 18.3617 47
      vertex 39.0207 18.3617 50
    endloop
  endfacet
  facet normal 0.890998 0.454007 0
    outer loop
      vertex -37.7907 -20.7756 50
      vertex -39.0207 -18.3617 47
      vertex -39.0207 -18.3617 50
    endloop
  endfacet
  facet normal 0.890998 0.454007 0
    outer loop
      vertex -39.0207 -18.3617 47
      vertex -37.7907 -20.7756 50
      vertex -37.7907 -20.7756 47
    endloop
  endfacet
  facet normal -0.156431 -0.987689 0
    outer loop
      vertex 5.40499 42.7849 47
      vertex 8.08082 42.3611 50
      vertex 5.40499 42.7849 50
    endloop
  endfacet
  facet normal -0.156431 -0.987689 -0
    outer loop
      vertex 8.08082 42.3611 50
      vertex 5.40499 42.7849 47
      vertex 8.08082 42.3611 47
    endloop
  endfacet
  facet normal -0.707107 -0.707107 0
    outer loop
      vertex 31.4368 29.5211 47
      vertex 29.5211 31.4368 50
      vertex 29.5211 31.4368 47
    endloop
  endfacet
  facet normal -0.707107 -0.707107 0
    outer loop
      vertex 29.5211 31.4368 50
      vertex 31.4368 29.5211 47
      vertex 31.4368 29.5211 50
    endloop
  endfacet
  facet normal -0.278979 0.960297 0
    outer loop
      vertex 13.3264 -41.0143 47
      vertex 10.7248 -41.7701 50
      vertex 13.3264 -41.0143 50
    endloop
  endfacet
  facet normal -0.278979 0.960297 0
    outer loop
      vertex 10.7248 -41.7701 50
      vertex 13.3264 -41.0143 47
      vertex 10.7248 -41.7701 47
    endloop
  endfacet
  facet normal -0.860739 0.509046 0
    outer loop
      vertex 36.4116 -23.1075 47
      vertex 37.7907 -20.7756 50
      vertex 37.7907 -20.7756 47
    endloop
  endfacet
  facet normal -0.860739 0.509046 0
    outer loop
      vertex 37.7907 -20.7756 50
      vertex 36.4116 -23.1075 47
      vertex 36.4116 -23.1075 50
    endloop
  endfacet
  facet normal -0.0314118 -0.999507 0
    outer loop
      vertex 0 43.125 47
      vertex 2.70784 43.0399 50
      vertex 0 43.125 50
    endloop
  endfacet
  facet normal -0.0314118 -0.999507 -0
    outer loop
      vertex 2.70784 43.0399 50
      vertex 0 43.125 47
      vertex 2.70784 43.0399 47
    endloop
  endfacet
  facet normal 0.454007 0.890998 -0
    outer loop
      vertex -18.3617 -39.0207 47
      vertex -20.7756 -37.7907 50
      vertex -18.3617 -39.0207 50
    endloop
  endfacet
  facet normal 0.454007 0.890998 0
    outer loop
      vertex -20.7756 -37.7907 50
      vertex -18.3617 -39.0207 47
      vertex -20.7756 -37.7907 47
    endloop
  endfacet
  facet normal 0.999507 -0.0314118 0
    outer loop
      vertex -43.125 0 50
      vertex -43.0399 2.70784 47
      vertex -43.0399 2.70784 50
    endloop
  endfacet
  facet normal 0.999507 -0.0314118 0
    outer loop
      vertex -43.0399 2.70784 47
      vertex -43.125 0 50
      vertex -43.125 0 47
    endloop
  endfacet
  facet normal -0.917757 -0.397142 0
    outer loop
      vertex 40.0966 15.8754 47
      vertex 39.0207 18.3617 50
      vertex 39.0207 18.3617 47
    endloop
  endfacet
  facet normal -0.917757 -0.397142 0
    outer loop
      vertex 39.0207 18.3617 50
      vertex 40.0966 15.8754 47
      vertex 40.0966 15.8754 50
    endloop
  endfacet
  facet normal 0.827094 0.562064 0
    outer loop
      vertex -34.8889 -25.3482 50
      vertex -36.4116 -23.1075 47
      vertex -36.4116 -23.1075 50
    endloop
  endfacet
  facet normal 0.827094 0.562064 0
    outer loop
      vertex -36.4116 -23.1075 47
      vertex -34.8889 -25.3482 50
      vertex -34.8889 -25.3482 47
    endloop
  endfacet
  facet normal 0.661307 0.750116 -0
    outer loop
      vertex -27.4889 -33.2284 47
      vertex -29.5211 -31.4368 50
      vertex -27.4889 -33.2284 50
    endloop
  endfacet
  facet normal 0.661307 0.750116 0
    outer loop
      vertex -29.5211 -31.4368 50
      vertex -27.4889 -33.2284 47
      vertex -29.5211 -31.4368 47
    endloop
  endfacet
  facet normal 0.0941245 -0.99556 0
    outer loop
      vertex -5.40499 42.7849 47
      vertex -2.70784 43.0399 50
      vertex -5.40499 42.7849 50
    endloop
  endfacet
  facet normal 0.0941245 -0.99556 0
    outer loop
      vertex -2.70784 43.0399 50
      vertex -5.40499 42.7849 47
      vertex -2.70784 43.0399 47
    endloop
  endfacet
  facet normal -0.0941245 0.99556 0
    outer loop
      vertex 5.40499 -42.7849 47
      vertex 2.70784 -43.0399 50
      vertex 5.40499 -42.7849 50
    endloop
  endfacet
  facet normal -0.0941245 0.99556 0
    outer loop
      vertex 2.70784 -43.0399 50
      vertex 5.40499 -42.7849 47
      vertex 2.70784 -43.0399 47
    endloop
  endfacet
  facet normal 0.661307 -0.750116 0
    outer loop
      vertex -29.5211 31.4368 47
      vertex -27.4889 33.2284 50
      vertex -29.5211 31.4368 50
    endloop
  endfacet
  facet normal 0.661307 -0.750116 0
    outer loop
      vertex -27.4889 33.2284 50
      vertex -29.5211 31.4368 47
      vertex -27.4889 33.2284 47
    endloop
  endfacet
  facet normal -0.454007 -0.890998 0
    outer loop
      vertex 18.3617 39.0207 47
      vertex 20.7756 37.7907 50
      vertex 18.3617 39.0207 50
    endloop
  endfacet
  facet normal -0.454007 -0.890998 -0
    outer loop
      vertex 20.7756 37.7907 50
      vertex 18.3617 39.0207 47
      vertex 20.7756 37.7907 47
    endloop
  endfacet
  facet normal 0.218143 0.975917 -0
    outer loop
      vertex -8.08082 -42.3611 47
      vertex -10.7248 -41.7701 50
      vertex -8.08082 -42.3611 50
    endloop
  endfacet
  facet normal 0.218143 0.975917 0
    outer loop
      vertex -10.7248 -41.7701 50
      vertex -8.08082 -42.3611 47
      vertex -10.7248 -41.7701 47
    endloop
  endfacet
  facet normal 0 0 1
    outer loop
      vertex 42.5 0 47
      vertex 43.125 0 47
      vertex 43.0399 2.70784 47
    endloop
  endfacet
  facet normal 0 0 1
    outer loop
      vertex 42.4161 2.6686 47
      vertex 43.0399 2.70784 47
      vertex 42.7849 5.40499 47
    endloop
  endfacet
  facet normal 0 0 1
    outer loop
      vertex 43.125 0 47
      vertex 42.5 0 47
      vertex 43.0399 -2.70784 47
    endloop
  endfacet
  facet normal -0 0 1
    outer loop
      vertex 42.4161 -2.6686 47
      vertex 43.0399 -2.70784 47
      vertex 42.5 0 47
    endloop
  endfacet
  facet normal 0 0 1
    outer loop
      vertex 43.0399 2.70784 47
      vertex 42.4161 2.6686 47
      vertex 42.5 0 47
    endloop
  endfacet
  facet normal 0 0 1
    outer loop
      vertex 42.1649 5.32666 47
      vertex 42.7849 5.40499 47
      vertex 42.3611 8.08082 47
    endloop
  endfacet
  facet normal 0 0 1
    outer loop
      vertex 42.7849 5.40499 47
      vertex 42.1649 5.32666 47
      vertex 42.4161 2.6686 47
    endloop
  endfacet
  facet normal 0 0 1
    outer loop
      vertex 41.7472 7.96371 47
      vertex 42.3611 8.08082 47
      vertex 41.7701 10.7248 47
    endloop
  endfacet
  facet normal 0 0 1
    outer loop
      vertex 42.3611 8.08082 47
      vertex 41.7472 7.96371 47
      vertex 42.1649 5.32666 47
    endloop
  endfacet
  facet normal 0 0 1
    outer loop
      vertex 41.7701 10.7248 47
      vertex 41.1648 10.5693 47
      vertex 41.7472 7.96371 47
    endloop
  endfacet
  facet normal 0 0 1
    outer loop
      vertex 41.0143 13.3264 47
      vertex 41.1648 10.5693 47
      vertex 41.7701 10.7248 47
    endloop
  endfacet
  facet normal 0 0 1
    outer loop
      vertex 41.0143 13.3264 47
      vertex 40.4199 13.1332 47
      vertex 41.1648 10.5693 47
    endloop
  endfacet
  facet normal 0 0 1
    outer loop
      vertex 40.0966 15.8754 47
      vertex 40.4199 13.1332 47
      vertex 41.0143 13.3264 47
    endloop
  endfacet
  facet normal 0 0 1
    outer loop
      vertex 40.0966 15.8754 47
      vertex 39.5155 15.6453 47
      vertex 40.4199 13.1332 47
    endloop
  endfacet
  facet normal 0 0 1
    outer loop
      vertex 39.0207 18.3617 47
      vertex 39.5155 15.6453 47
      vertex 40.0966 15.8754 47
    endloop
  endfacet
  facet normal 0 0 1
    outer loop
      vertex 39.0207 18.3617 47
      vertex 38.4552 18.0956 47
      vertex 39.5155 15.6453 47
    endloop
  endfacet
  facet normal 0 0 1
    outer loop
      vertex 37.7907 20.7756 47
      vertex 38.4552 18.0956 47
      vertex 39.0207 18.3617 47
    endloop
  endfacet
  facet normal 0 0 1
    outer loop
      vertex 37.7907 20.7756 47
      vertex 37.243 20.4745 47
      vertex 38.4552 18.0956 47
    endloop
  endfacet
  facet normal 0 0 1
    outer loop
      vertex 36.4116 23.1075 47
      vertex 37.243 20.4745 47
      vertex 37.7907 20.7756 47
    endloop
  endfacet
  facet normal 0 0 1
    outer loop
      vertex 36.4116 23.1075 47
      vertex 35.8839 22.7726 47
      vertex 37.243 20.4745 47
    endloop
  endfacet
  facet normal 0 0 1
    outer loop
      vertex 34.8889 25.3482 47
      vertex 35.8839 22.7726 47
      vertex 36.4116 23.1075 47
    endloop
  endfacet
  facet normal 0 0 1
    outer loop
      vertex 34.8889 25.3482 47
      vertex 34.3832 24.9809 47
      vertex 35.8839 22.7726 47
    endloop
  endfacet
  facet normal 0 0 1
    outer loop
      vertex 33.2284 27.4889 47
      vertex 34.3832 24.9809 47
      vertex 34.8889 25.3482 47
    endloop
  endfacet
  facet normal 0 0 1
    outer loop
      vertex 33.2284 27.4889 47
      vertex 32.7468 27.0905 47
      vertex 34.3832 24.9809 47
    endloop
  endfacet
  facet normal 0 0 1
    outer loop
      vertex 31.4368 29.5211 47
      vertex 32.7468 27.0905 47
      vertex 33.2284 27.4889 47
    endloop
  endfacet
  facet normal 0 0 1
    outer loop
      vertex 31.4368 29.5211 47
      vertex 30.9812 29.0933 47
      vertex 32.7468 27.0905 47
    endloop
  endfacet
  facet normal 0 0 1
    outer loop
      vertex 29.5211 31.4368 47
      vertex 30.9812 29.0933 47
      vertex 31.4368 29.5211 47
    endloop
  endfacet
  facet normal 0 0 1
    outer loop
      vertex 29.5211 31.4368 47
      vertex 29.0933 30.9812 47
      vertex 30.9812 29.0933 47
    endloop
  endfacet
  facet normal 0 0 1
    outer loop
      vertex 27.4889 33.2284 47
      vertex 29.0933 30.9812 47
      vertex 29.5211 31.4368 47
    endloop
  endfacet
  facet normal 0 0 1
    outer loop
      vertex 27.4889 33.2284 47
      vertex 27.0905 32.7468 47
      vertex 29.0933 30.9812 47
    endloop
  endfacet
  facet normal 0 0 1
    outer loop
      vertex 25.3482 34.8889 47
      vertex 27.0905 32.7468 47
      vertex 27.4889 33.2284 47
    endloop
  endfacet
  facet normal 0 0 1
    outer loop
      vertex 25.3482 34.8889 47
      vertex 24.9809 34.3832 47
      vertex 27.0905 32.7468 47
    endloop
  endfacet
  facet normal 0 0 1
    outer loop
      vertex 23.1075 36.4116 47
      vertex 24.9809 34.3832 47
      vertex 25.3482 34.8889 47
    endloop
  endfacet
  facet normal 0 0 1
    outer loop
      vertex 23.1075 36.4116 47
      vertex 22.7726 35.8839 47
      vertex 24.9809 34.3832 47
    endloop
  endfacet
  facet normal 0 0 1
    outer loop
      vertex 20.7756 37.7907 47
      vertex 22.7726 35.8839 47
      vertex 23.1075 36.4116 47
    endloop
  endfacet
  facet normal 0 0 1
    outer loop
      vertex 20.7756 37.7907 47
      vertex 20.4745 37.243 47
      vertex 22.7726 35.8839 47
    endloop
  endfacet
  facet normal 0 0 1
    outer loop
      vertex 18.3617 39.0207 47
      vertex 20.4745 37.243 47
      vertex 20.7756 37.7907 47
    endloop
  endfacet
  facet normal 0 0 1
    outer loop
      vertex 18.3617 39.0207 47
      vertex 18.0956 38.4552 47
      vertex 20.4745 37.243 47
    endloop
  endfacet
  facet normal 0 0 1
    outer loop
      vertex 15.8754 40.0966 47
      vertex 18.0956 38.4552 47
      vertex 18.3617 39.0207 47
    endloop
  endfacet
  facet normal 0 0 1
    outer loop
      vertex 15.8754 40.0966 47
      vertex 15.6453 39.5155 47
      vertex 18.0956 38.4552 47
    endloop
  endfacet
  facet normal 0 0 1
    outer loop
      vertex 13.3264 41.0143 47
      vertex 15.6453 39.5155 47
      vertex 15.8754 40.0966 47
    endloop
  endfacet
  facet normal 0 0 1
    outer loop
      vertex 13.3264 41.0143 47
      vertex 13.1332 40.4199 47
      vertex 15.6453 39.5155 47
    endloop
  endfacet
  facet normal 0 0 1
    outer loop
      vertex 10.7248 41.7701 47
      vertex 13.1332 40.4199 47
      vertex 13.3264 41.0143 47
    endloop
  endfacet
  facet normal 0 0 1
    outer loop
      vertex 10.7248 41.7701 47
      vertex 10.5693 41.1648 47
      vertex 13.1332 40.4199 47
    endloop
  endfacet
  facet normal 0 0 1
    outer loop
      vertex 8.08082 42.3611 47
      vertex 10.5693 41.1648 47
      vertex 10.7248 41.7701 47
    endloop
  endfacet
  facet normal 0 0 1
    outer loop
      vertex 8.08082 42.3611 47
      vertex 7.96371 41.7472 47
      vertex 10.5693 41.1648 47
    endloop
  endfacet
  facet normal 0 0 1
    outer loop
      vertex 5.40499 42.7849 47
      vertex 7.96371 41.7472 47
      vertex 8.08082 42.3611 47
    endloop
  endfacet
  facet normal 0 0 1
    outer loop
      vertex 5.40499 42.7849 47
      vertex 5.32666 42.1649 47
      vertex 7.96371 41.7472 47
    endloop
  endfacet
  facet normal 0 0 1
    outer loop
      vertex 2.70784 43.0399 47
      vertex 5.32666 42.1649 47
      vertex 5.40499 42.7849 47
    endloop
  endfacet
  facet normal 0 0 1
    outer loop
      vertex 2.70784 43.0399 47
      vertex 2.6686 42.4161 47
      vertex 5.32666 42.1649 47
    endloop
  endfacet
  facet normal 0 0 1
    outer loop
      vertex 0 43.125 47
      vertex 2.6686 42.4161 47
      vertex 2.70784 43.0399 47
    endloop
  endfacet
  facet normal 0 0 1
    outer loop
      vertex 0 43.125 47
      vertex 0 42.5 47
      vertex 2.6686 42.4161 47
    endloop
  endfacet
  facet normal 0 0 1
    outer loop
      vertex 0 43.125 47
      vertex -2.6686 42.4161 47
      vertex 0 42.5 47
    endloop
  endfacet
  facet normal -0 0 1
    outer loop
      vertex -2.70784 43.0399 47
      vertex -2.6686 42.4161 47
      vertex 0 43.125 47
    endloop
  endfacet
  facet normal 0 0 1
    outer loop
      vertex -2.70784 43.0399 47
      vertex -5.32666 42.1649 47
      vertex -2.6686 42.4161 47
    endloop
  endfacet
  facet normal -0 0 1
    outer loop
      vertex -5.40499 42.7849 47
      vertex -5.32666 42.1649 47
      vertex -2.70784 43.0399 47
    endloop
  endfacet
  facet normal 0 0 1
    outer loop
      vertex -5.40499 42.7849 47
      vertex -7.96371 41.7472 47
      vertex -5.32666 42.1649 47
    endloop
  endfacet
  facet normal -0 0 1
    outer loop
      vertex -8.08082 42.3611 47
      vertex -7.96371 41.7472 47
      vertex -5.40499 42.7849 47
    endloop
  endfacet
  facet normal 0 0 1
    outer loop
      vertex -8.08082 42.3611 47
      vertex -10.5693 41.1648 47
      vertex -7.96371 41.7472 47
    endloop
  endfacet
  facet normal -0 0 1
    outer loop
      vertex -10.7248 41.7701 47
      vertex -10.5693 41.1648 47
      vertex -8.08082 42.3611 47
    endloop
  endfacet
  facet normal 0 0 1
    outer loop
      vertex -10.7248 41.7701 47
      vertex -13.1332 40.4199 47
      vertex -10.5693 41.1648 47
    endloop
  endfacet
  facet normal -0 0 1
    outer loop
      vertex -13.3264 41.0143 47
      vertex -13.1332 40.4199 47
      vertex -10.7248 41.7701 47
    endloop
  endfacet
  facet normal 0 0 1
    outer loop
      vertex -13.3264 41.0143 47
      vertex -15.6453 39.5155 47
      vertex -13.1332 40.4199 47
    endloop
  endfacet
  facet normal -0 0 1
    outer loop
      vertex -15.8754 40.0966 47
      vertex -15.6453 39.5155 47
      vertex -13.3264 41.0143 47
    endloop
  endfacet
  facet normal 0 0 1
    outer loop
      vertex -15.8754 40.0966 47
      vertex -18.0956 38.4552 47
      vertex -15.6453 39.5155 47
    endloop
  endfacet
  facet normal -0 0 1
    outer loop
      vertex -18.3617 39.0207 47
      vertex -18.0956 38.4552 47
      vertex -15.8754 40.0966 47
    endloop
  endfacet
  facet normal 0 0 1
    outer loop
      vertex -18.3617 39.0207 47
      vertex -20.4745 37.243 47
      vertex -18.0956 38.4552 47
    endloop
  endfacet
  facet normal -0 0 1
    outer loop
      vertex -20.7756 37.7907 47
      vertex -20.4745 37.243 47
      vertex -18.3617 39.0207 47
    endloop
  endfacet
  facet normal 0 0 1
    outer loop
      vertex -20.7756 37.7907 47
      vertex -22.7726 35.8839 47
      vertex -20.4745 37.243 47
    endloop
  endfacet
  facet normal -0 0 1
    outer loop
      vertex -23.1075 36.4116 47
      vertex -22.7726 35.8839 47
      vertex -20.7756 37.7907 47
    endloop
  endfacet
  facet normal 0 0 1
    outer loop
      vertex -23.1075 36.4116 47
      vertex -24.9809 34.3832 47
      vertex -22.7726 35.8839 47
    endloop
  endfacet
  facet normal -0 0 1
    outer loop
      vertex -25.3482 34.8889 47
      vertex -24.9809 34.3832 47
      vertex -23.1075 36.4116 47
    endloop
  endfacet
  facet normal 0 0 1
    outer loop
      vertex -25.3482 34.8889 47
      vertex -27.0905 32.7468 47
      vertex -24.9809 34.3832 47
    endloop
  endfacet
  facet normal -0 0 1
    outer loop
      vertex -27.4889 33.2284 47
      vertex -27.0905 32.7468 47
      vertex -25.3482 34.8889 47
    endloop
  endfacet
  facet normal 0 0 1
    outer loop
      vertex -27.4889 33.2284 47
      vertex -29.0933 30.9812 47
      vertex -27.0905 32.7468 47
    endloop
  endfacet
  facet normal -0 0 1
    outer loop
      vertex -29.5211 31.4368 47
      vertex -29.0933 30.9812 47
      vertex -27.4889 33.2284 47
    endloop
  endfacet
  facet normal 0 0 1
    outer loop
      vertex -29.5211 31.4368 47
      vertex -30.9812 29.0933 47
      vertex -29.0933 30.9812 47
    endloop
  endfacet
  facet normal -0 0 1
    outer loop
      vertex -31.4368 29.5211 47
      vertex -30.9812 29.0933 47
      vertex -29.5211 31.4368 47
    endloop
  endfacet
  facet normal 0 0 1
    outer loop
      vertex -31.4368 29.5211 47
      vertex -32.7468 27.0905 47
      vertex -30.9812 29.0933 47
    endloop
  endfacet
  facet normal -0 0 1
    outer loop
      vertex -33.2284 27.4889 47
      vertex -32.7468 27.0905 47
      vertex -31.4368 29.5211 47
    endloop
  endfacet
  facet normal 0 0 1
    outer loop
      vertex -33.2284 27.4889 47
      vertex -34.3832 24.9809 47
      vertex -32.7468 27.0905 47
    endloop
  endfacet
  facet normal -0 0 1
    outer loop
      vertex -34.8889 25.3482 47
      vertex -34.3832 24.9809 47
      vertex -33.2284 27.4889 47
    endloop
  endfacet
  facet normal 0 0 1
    outer loop
      vertex -34.8889 25.3482 47
      vertex -35.8839 22.7726 47
      vertex -34.3832 24.9809 47
    endloop
  endfacet
  facet normal -0 0 1
    outer loop
      vertex -36.4116 23.1075 47
      vertex -35.8839 22.7726 47
      vertex -34.8889 25.3482 47
    endloop
  endfacet
  facet normal 0 0 1
    outer loop
      vertex -36.4116 23.1075 47
      vertex -37.243 20.4745 47
      vertex -35.8839 22.7726 47
    endloop
  endfacet
  facet normal -0 0 1
    outer loop
      vertex -37.7907 20.7756 47
      vertex -37.243 20.4745 47
      vertex -36.4116 23.1075 47
    endloop
  endfacet
  facet normal 0 0 1
    outer loop
      vertex -37.7907 20.7756 47
      vertex -38.4552 18.0956 47
      vertex -37.243 20.4745 47
    endloop
  endfacet
  facet normal -0 0 1
    outer loop
      vertex -39.0207 18.3617 47
      vertex -38.4552 18.0956 47
      vertex -37.7907 20.7756 47
    endloop
  endfacet
  facet normal 0 0 1
    outer loop
      vertex -39.0207 18.3617 47
      vertex -39.5155 15.6453 47
      vertex -38.4552 18.0956 47
    endloop
  endfacet
  facet normal -0 0 1
    outer loop
      vertex -40.0966 15.8754 47
      vertex -39.5155 15.6453 47
      vertex -39.0207 18.3617 47
    endloop
  endfacet
  facet normal 0 0 1
    outer loop
      vertex -40.0966 15.8754 47
      vertex -40.4199 13.1332 47
      vertex -39.5155 15.6453 47
    endloop
  endfacet
  facet normal -0 0 1
    outer loop
      vertex -41.0143 13.3264 47
      vertex -40.4199 13.1332 47
      vertex -40.0966 15.8754 47
    endloop
  endfacet
  facet normal 0 0 1
    outer loop
      vertex -41.0143 13.3264 47
      vertex -41.1648 10.5693 47
      vertex -40.4199 13.1332 47
    endloop
  endfacet
  facet normal -0 0 1
    outer loop
      vertex -41.7701 10.7248 47
      vertex -41.1648 10.5693 47
      vertex -41.0143 13.3264 47
    endloop
  endfacet
  facet normal 0 0 1
    outer loop
      vertex -41.1648 10.5693 47
      vertex -41.7701 10.7248 47
      vertex -41.7472 7.96371 47
    endloop
  endfacet
  facet normal -0 0 1
    outer loop
      vertex -42.3611 8.08082 47
      vertex -41.7472 7.96371 47
      vertex -41.7701 10.7248 47
    endloop
  endfacet
  facet normal 0 0 1
    outer loop
      vertex -41.7472 7.96371 47
      vertex -42.3611 8.08082 47
      vertex -42.1649 5.32666 47
    endloop
  endfacet
  facet normal -0 0 1
    outer loop
      vertex -42.7849 5.40499 47
      vertex -42.1649 5.32666 47
      vertex -42.3611 8.08082 47
    endloop
  endfacet
  facet normal 0 0 1
    outer loop
      vertex -42.1649 5.32666 47
      vertex -42.7849 5.40499 47
      vertex -42.4161 2.6686 47
    endloop
  endfacet
  facet normal -0 0 1
    outer loop
      vertex -43.0399 2.70784 47
      vertex -42.4161 2.6686 47
      vertex -42.7849 5.40499 47
    endloop
  endfacet
  facet normal 0 0 1
    outer loop
      vertex 43.0399 -2.70784 47
      vertex 42.4161 -2.6686 47
      vertex 42.7849 -5.40499 47
    endloop
  endfacet
  facet normal -0 0 1
    outer loop
      vertex 42.1649 -5.32666 47
      vertex 42.7849 -5.40499 47
      vertex 42.4161 -2.6686 47
    endloop
  endfacet
  facet normal 0 0 1
    outer loop
      vertex 42.7849 -5.40499 47
      vertex 42.1649 -5.32666 47
      vertex 42.3611 -8.08082 47
    endloop
  endfacet
  facet normal -0 0 1
    outer loop
      vertex 41.7472 -7.96371 47
      vertex 42.3611 -8.08082 47
      vertex 42.1649 -5.32666 47
    endloop
  endfacet
  facet normal 0 0 1
    outer loop
      vertex 42.3611 -8.08082 47
      vertex 41.7472 -7.96371 47
      vertex 41.7701 -10.7248 47
    endloop
  endfacet
  facet normal -0 0 1
    outer loop
      vertex 41.1648 -10.5693 47
      vertex 41.7701 -10.7248 47
      vertex 41.7472 -7.96371 47
    endloop
  endfacet
  facet normal 0 0 1
    outer loop
      vertex 41.1648 -10.5693 47
      vertex 41.0143 -13.3264 47
      vertex 41.7701 -10.7248 47
    endloop
  endfacet
  facet normal -0 0 1
    outer loop
      vertex 40.4199 -13.1332 47
      vertex 41.0143 -13.3264 47
      vertex 41.1648 -10.5693 47
    endloop
  endfacet
  facet normal 0 0 1
    outer loop
      vertex 40.4199 -13.1332 47
      vertex 40.0966 -15.8754 47
      vertex 41.0143 -13.3264 47
    endloop
  endfacet
  facet normal -0 0 1
    outer loop
      vertex 39.5155 -15.6453 47
      vertex 40.0966 -15.8754 47
      vertex 40.4199 -13.1332 47
    endloop
  endfacet
  facet normal 0 0 1
    outer loop
      vertex 39.5155 -15.6453 47
      vertex 39.0207 -18.3617 47
      vertex 40.0966 -15.8754 47
    endloop
  endfacet
  facet normal -0 0 1
    outer loop
      vertex 38.4552 -18.0956 47
      vertex 39.0207 -18.3617 47
      vertex 39.5155 -15.6453 47
    endloop
  endfacet
  facet normal 0 0 1
    outer loop
      vertex 38.4552 -18.0956 47
      vertex 37.7907 -20.7756 47
      vertex 39.0207 -18.3617 47
    endloop
  endfacet
  facet normal -0 0 1
    outer loop
      vertex 37.243 -20.4745 47
      vertex 37.7907 -20.7756 47
      vertex 38.4552 -18.0956 47
    endloop
  endfacet
  facet normal 0 0 1
    outer loop
      vertex 37.243 -20.4745 47
      vertex 36.4116 -23.1075 47
      vertex 37.7907 -20.7756 47
    endloop
  endfacet
  facet normal -0 0 1
    outer loop
      vertex 35.8839 -22.7726 47
      vertex 36.4116 -23.1075 47
      vertex 37.243 -20.4745 47
    endloop
  endfacet
  facet normal 0 0 1
    outer loop
      vertex 35.8839 -22.7726 47
      vertex 34.8889 -25.3482 47
      vertex 36.4116 -23.1075 47
    endloop
  endfacet
  facet normal -0 0 1
    outer loop
      vertex 34.3832 -24.9809 47
      vertex 34.8889 -25.3482 47
      vertex 35.8839 -22.7726 47
    endloop
  endfacet
  facet normal 0 0 1
    outer loop
      vertex 34.3832 -24.9809 47
      vertex 33.2284 -27.4889 47
      vertex 34.8889 -25.3482 47
    endloop
  endfacet
  facet normal -0 0 1
    outer loop
      vertex 32.7468 -27.0905 47
      vertex 33.2284 -27.4889 47
      vertex 34.3832 -24.9809 47
    endloop
  endfacet
  facet normal 0 0 1
    outer loop
      vertex 32.7468 -27.0905 47
      vertex 31.4368 -29.5211 47
      vertex 33.2284 -27.4889 47
    endloop
  endfacet
  facet normal -0 0 1
    outer loop
      vertex 30.9812 -29.0933 47
      vertex 31.4368 -29.5211 47
      vertex 32.7468 -27.0905 47
    endloop
  endfacet
  facet normal 0 0 1
    outer loop
      vertex 30.9812 -29.0933 47
      vertex 29.5211 -31.4368 47
      vertex 31.4368 -29.5211 47
    endloop
  endfacet
  facet normal -0 0 1
    outer loop
      vertex 29.0933 -30.9812 47
      vertex 29.5211 -31.4368 47
      vertex 30.9812 -29.0933 47
    endloop
  endfacet
  facet normal 0 0 1
    outer loop
      vertex 29.0933 -30.9812 47
      vertex 27.4889 -33.2284 47
      vertex 29.5211 -31.4368 47
    endloop
  endfacet
  facet normal -0 0 1
    outer loop
      vertex 27.0905 -32.7468 47
      vertex 27.4889 -33.2284 47
      vertex 29.0933 -30.9812 47
    endloop
  endfacet
  facet normal 0 0 1
    outer loop
      vertex 27.0905 -32.7468 47
      vertex 25.3482 -34.8889 47
      vertex 27.4889 -33.2284 47
    endloop
  endfacet
  facet normal -0 0 1
    outer loop
      vertex 24.9809 -34.3832 47
      vertex 25.3482 -34.8889 47
      vertex 27.0905 -32.7468 47
    endloop
  endfacet
  facet normal 0 0 1
    outer loop
      vertex 24.9809 -34.3832 47
      vertex 23.1075 -36.4116 47
      vertex 25.3482 -34.8889 47
    endloop
  endfacet
  facet normal -0 0 1
    outer loop
      vertex 22.7726 -35.8839 47
      vertex 23.1075 -36.4116 47
      vertex 24.9809 -34.3832 47
    endloop
  endfacet
  facet normal 0 0 1
    outer loop
      vertex 22.7726 -35.8839 47
      vertex 20.7756 -37.7907 47
      vertex 23.1075 -36.4116 47
    endloop
  endfacet
  facet normal -0 0 1
    outer loop
      vertex 20.4745 -37.243 47
      vertex 20.7756 -37.7907 47
      vertex 22.7726 -35.8839 47
    endloop
  endfacet
  facet normal 0 0 1
    outer loop
      vertex 20.4745 -37.243 47
      vertex 18.3617 -39.0207 47
      vertex 20.7756 -37.7907 47
    endloop
  endfacet
  facet normal -0 0 1
    outer loop
      vertex 18.0956 -38.4552 47
      vertex 18.3617 -39.0207 47
      vertex 20.4745 -37.243 47
    endloop
  endfacet
  facet normal 0 0 1
    outer loop
      vertex 18.0956 -38.4552 47
      vertex 15.8754 -40.0966 47
      vertex 18.3617 -39.0207 47
    endloop
  endfacet
  facet normal -0 0 1
    outer loop
      vertex 15.6453 -39.5155 47
      vertex 15.8754 -40.0966 47
      vertex 18.0956 -38.4552 47
    endloop
  endfacet
  facet normal 0 0 1
    outer loop
      vertex 15.6453 -39.5155 47
      vertex 13.3264 -41.0143 47
      vertex 15.8754 -40.0966 47
    endloop
  endfacet
  facet normal -0 0 1
    outer loop
      vertex 13.1332 -40.4199 47
      vertex 13.3264 -41.0143 47
      vertex 15.6453 -39.5155 47
    endloop
  endfacet
  facet normal 0 0 1
    outer loop
      vertex 13.1332 -40.4199 47
      vertex 10.7248 -41.7701 47
      vertex 13.3264 -41.0143 47
    endloop
  endfacet
  facet normal -0 0 1
    outer loop
      vertex 10.5693 -41.1648 47
      vertex 10.7248 -41.7701 47
      vertex 13.1332 -40.4199 47
    endloop
  endfacet
  facet normal 0 0 1
    outer loop
      vertex 10.5693 -41.1648 47
      vertex 8.08082 -42.3611 47
      vertex 10.7248 -41.7701 47
    endloop
  endfacet
  facet normal -0 0 1
    outer loop
      vertex 7.96371 -41.7472 47
      vertex 8.08082 -42.3611 47
      vertex 10.5693 -41.1648 47
    endloop
  endfacet
  facet normal 0 0 1
    outer loop
      vertex 7.96371 -41.7472 47
      vertex 5.40499 -42.7849 47
      vertex 8.08082 -42.3611 47
    endloop
  endfacet
  facet normal -0 0 1
    outer loop
      vertex 5.32666 -42.1649 47
      vertex 5.40499 -42.7849 47
      vertex 7.96371 -41.7472 47
    endloop
  endfacet
  facet normal 0 0 1
    outer loop
      vertex 5.32666 -42.1649 47
      vertex 2.70784 -43.0399 47
      vertex 5.40499 -42.7849 47
    endloop
  endfacet
  facet normal -0 0 1
    outer loop
      vertex 2.6686 -42.4161 47
      vertex 2.70784 -43.0399 47
      vertex 5.32666 -42.1649 47
    endloop
  endfacet
  facet normal -0 0 1
    outer loop
      vertex 0 -42.5 47
      vertex 2.70784 -43.0399 47
      vertex 2.6686 -42.4161 47
    endloop
  endfacet
  facet normal 0 0 1
    outer loop
      vertex 0 -42.5 47
      vertex 0 -43.125 47
      vertex 2.70784 -43.0399 47
    endloop
  endfacet
  facet normal 0 0 1
    outer loop
      vertex -2.6686 -42.4161 47
      vertex 0 -43.125 47
      vertex 0 -42.5 47
    endloop
  endfacet
  facet normal 0 0 1
    outer loop
      vertex -2.6686 -42.4161 47
      vertex -2.70784 -43.0399 47
      vertex 0 -43.125 47
    endloop
  endfacet
  facet normal 0 0 1
    outer loop
      vertex -5.32666 -42.1649 47
      vertex -2.70784 -43.0399 47
      vertex -2.6686 -42.4161 47
    endloop
  endfacet
  facet normal 0 0 1
    outer loop
      vertex -5.32666 -42.1649 47
      vertex -5.40499 -42.7849 47
      vertex -2.70784 -43.0399 47
    endloop
  endfacet
  facet normal 0 0 1
    outer loop
      vertex -7.96371 -41.7472 47
      vertex -5.40499 -42.7849 47
      vertex -5.32666 -42.1649 47
    endloop
  endfacet
  facet normal 0 0 1
    outer loop
      vertex -7.96371 -41.7472 47
      vertex -8.08082 -42.3611 47
      vertex -5.40499 -42.7849 47
    endloop
  endfacet
  facet normal 0 0 1
    outer loop
      vertex -10.5693 -41.1648 47
      vertex -8.08082 -42.3611 47
      vertex -7.96371 -41.7472 47
    endloop
  endfacet
  facet normal 0 0 1
    outer loop
      vertex -10.5693 -41.1648 47
      vertex -10.7248 -41.7701 47
      vertex -8.08082 -42.3611 47
    endloop
  endfacet
  facet normal 0 0 1
    outer loop
      vertex -13.1332 -40.4199 47
      vertex -10.7248 -41.7701 47
      vertex -10.5693 -41.1648 47
    endloop
  endfacet
  facet normal 0 0 1
    outer loop
      vertex -13.1332 -40.4199 47
      vertex -13.3264 -41.0143 47
      vertex -10.7248 -41.7701 47
    endloop
  endfacet
  facet normal 0 0 1
    outer loop
      vertex -15.6453 -39.5155 47
      vertex -13.3264 -41.0143 47
      vertex -13.1332 -40.4199 47
    endloop
  endfacet
  facet normal 0 0 1
    outer loop
      vertex -15.6453 -39.5155 47
      vertex -15.8754 -40.0966 47
      vertex -13.3264 -41.0143 47
    endloop
  endfacet
  facet normal 0 0 1
    outer loop
      vertex -18.0956 -38.4552 47
      vertex -15.8754 -40.0966 47
      vertex -15.6453 -39.5155 47
    endloop
  endfacet
  facet normal 0 0 1
    outer loop
      vertex -18.0956 -38.4552 47
      vertex -18.3617 -39.0207 47
      vertex -15.8754 -40.0966 47
    endloop
  endfacet
  facet normal 0 0 1
    outer loop
      vertex -20.4745 -37.243 47
      vertex -18.3617 -39.0207 47
      vertex -18.0956 -38.4552 47
    endloop
  endfacet
  facet normal 0 0 1
    outer loop
      vertex -20.4745 -37.243 47
      vertex -20.7756 -37.7907 47
      vertex -18.3617 -39.0207 47
    endloop
  endfacet
  facet normal 0 0 1
    outer loop
      vertex -22.7726 -35.8839 47
      vertex -20.7756 -37.7907 47
      vertex -20.4745 -37.243 47
    endloop
  endfacet
  facet normal 0 0 1
    outer loop
      vertex -22.7726 -35.8839 47
      vertex -23.1075 -36.4116 47
      vertex -20.7756 -37.7907 47
    endloop
  endfacet
  facet normal 0 0 1
    outer loop
      vertex -24.9809 -34.3832 47
      vertex -23.1075 -36.4116 47
      vertex -22.7726 -35.8839 47
    endloop
  endfacet
  facet normal 0 0 1
    outer loop
      vertex -24.9809 -34.3832 47
      vertex -25.3482 -34.8889 47
      vertex -23.1075 -36.4116 47
    endloop
  endfacet
  facet normal 0 0 1
    outer loop
      vertex -27.0905 -32.7468 47
      vertex -25.3482 -34.8889 47
      vertex -24.9809 -34.3832 47
    endloop
  endfacet
  facet normal 0 0 1
    outer loop
      vertex -27.0905 -32.7468 47
      vertex -27.4889 -33.2284 47
      vertex -25.3482 -34.8889 47
    endloop
  endfacet
  facet normal 0 0 1
    outer loop
      vertex -29.0933 -30.9812 47
      vertex -27.4889 -33.2284 47
      vertex -27.0905 -32.7468 47
    endloop
  endfacet
  facet normal 0 0 1
    outer loop
      vertex -29.0933 -30.9812 47
      vertex -29.5211 -31.4368 47
      vertex -27.4889 -33.2284 47
    endloop
  endfacet
  facet normal 0 0 1
    outer loop
      vertex -30.9812 -29.0933 47
      vertex -29.5211 -31.4368 47
      vertex -29.0933 -30.9812 47
    endloop
  endfacet
  facet normal 0 0 1
    outer loop
      vertex -30.9812 -29.0933 47
      vertex -31.4368 -29.5211 47
      vertex -29.5211 -31.4368 47
    endloop
  endfacet
  facet normal 0 0 1
    outer loop
      vertex -32.7468 -27.0905 47
      vertex -31.4368 -29.5211 47
      vertex -30.9812 -29.0933 47
    endloop
  endfacet
  facet normal 0 0 1
    outer loop
      vertex -32.7468 -27.0905 47
      vertex -33.2284 -27.4889 47
      vertex -31.4368 -29.5211 47
    endloop
  endfacet
  facet normal 0 0 1
    outer loop
      vertex -34.3832 -24.9809 47
      vertex -33.2284 -27.4889 47
      vertex -32.7468 -27.0905 47
    endloop
  endfacet
  facet normal 0 0 1
    outer loop
      vertex -34.3832 -24.9809 47
      vertex -34.8889 -25.3482 47
      vertex -33.2284 -27.4889 47
    endloop
  endfacet
  facet normal 0 0 1
    outer loop
      vertex -35.8839 -22.7726 47
      vertex -34.8889 -25.3482 47
      vertex -34.3832 -24.9809 47
    endloop
  endfacet
  facet normal 0 0 1
    outer loop
      vertex -35.8839 -22.7726 47
      vertex -36.4116 -23.1075 47
      vertex -34.8889 -25.3482 47
    endloop
  endfacet
  facet normal 0 0 1
    outer loop
      vertex -37.243 -20.4745 47
      vertex -36.4116 -23.1075 47
      vertex -35.8839 -22.7726 47
    endloop
  endfacet
  facet normal 0 0 1
    outer loop
      vertex -37.243 -20.4745 47
      vertex -37.7907 -20.7756 47
      vertex -36.4116 -23.1075 47
    endloop
  endfacet
  facet normal 0 0 1
    outer loop
      vertex -38.4552 -18.0956 47
      vertex -37.7907 -20.7756 47
      vertex -37.243 -20.4745 47
    endloop
  endfacet
  facet normal 0 0 1
    outer loop
      vertex -38.4552 -18.0956 47
      vertex -39.0207 -18.3617 47
      vertex -37.7907 -20.7756 47
    endloop
  endfacet
  facet normal 0 0 1
    outer loop
      vertex -39.5155 -15.6453 47
      vertex -39.0207 -18.3617 47
      vertex -38.4552 -18.0956 47
    endloop
  endfacet
  facet normal 0 0 1
    outer loop
      vertex -39.5155 -15.6453 47
      vertex -40.0966 -15.8754 47
      vertex -39.0207 -18.3617 47
    endloop
  endfacet
  facet normal 0 0 1
    outer loop
      vertex -40.4199 -13.1332 47
      vertex -40.0966 -15.8754 47
      vertex -39.5155 -15.6453 47
    endloop
  endfacet
  facet normal 0 0 1
    outer loop
      vertex -40.4199 -13.1332 47
      vertex -41.0143 -13.3264 47
      vertex -40.0966 -15.8754 47
    endloop
  endfacet
  facet normal 0 0 1
    outer loop
      vertex -41.1648 -10.5693 47
      vertex -41.0143 -13.3264 47
      vertex -40.4199 -13.1332 47
    endloop
  endfacet
  facet normal 0 0 1
    outer loop
      vertex -41.7701 -10.7248 47
      vertex -41.1648 -10.5693 47
      vertex -41.7472 -7.96371 47
    endloop
  endfacet
  facet normal 0 0 1
    outer loop
      vertex -41.1648 -10.5693 47
      vertex -41.7701 -10.7248 47
      vertex -41.0143 -13.3264 47
    endloop
  endfacet
  facet normal 0 0 1
    outer loop
      vertex -42.3611 -8.08082 47
      vertex -41.7472 -7.96371 47
      vertex -42.1649 -5.32666 47
    endloop
  endfacet
  facet normal 0 0 1
    outer loop
      vertex -41.7472 -7.96371 47
      vertex -42.3611 -8.08082 47
      vertex -41.7701 -10.7248 47
    endloop
  endfacet
  facet normal 0 0 1
    outer loop
      vertex -42.7849 -5.40499 47
      vertex -42.1649 -5.32666 47
      vertex -42.4161 -2.6686 47
    endloop
  endfacet
  facet normal 0 0 1
    outer loop
      vertex -43.0399 -2.70784 47
      vertex -42.4161 -2.6686 47
      vertex -42.5 0 47
    endloop
  endfacet
  facet normal 0 0 1
    outer loop
      vertex -42.4161 2.6686 47
      vertex -43.0399 2.70784 47
      vertex -42.5 0 47
    endloop
  endfacet
  facet normal 0 0 1
    outer loop
      vertex -42.1649 -5.32666 47
      vertex -42.7849 -5.40499 47
      vertex -42.3611 -8.08082 47
    endloop
  endfacet
  facet normal 0 0 1
    outer loop
      vertex -43.125 0 47
      vertex -42.5 0 47
      vertex -43.0399 2.70784 47
    endloop
  endfacet
  facet normal 0 0 1
    outer loop
      vertex -42.4161 -2.6686 47
      vertex -43.0399 -2.70784 47
      vertex -42.7849 -5.40499 47
    endloop
  endfacet
  facet normal 0 0 1
    outer loop
      vertex -42.5 0 47
      vertex -43.125 0 47
      vertex -43.0399 -2.70784 47
    endloop
  endfacet
  facet normal 0.0314118 0.999507 -0
    outer loop
      vertex 0 -43.125 47
      vertex -2.70784 -43.0399 50
      vertex 0 -43.125 50
    endloop
  endfacet
  facet normal 0.0314118 0.999507 0
    outer loop
      vertex -2.70784 -43.0399 50
      vertex 0 -43.125 47
      vertex -2.70784 -43.0399 47
    endloop
  endfacet
  facet normal -0.218143 0.975917 0
    outer loop
      vertex 10.7248 -41.7701 47
      vertex 8.08082 -42.3611 50
      vertex 10.7248 -41.7701 50
    endloop
  endfacet
  facet normal -0.218143 0.975917 0
    outer loop
      vertex 8.08082 -42.3611 50
      vertex 10.7248 -41.7701 47
      vertex 8.08082 -42.3611 47
    endloop
  endfacet
  facet normal -0.94088 -0.338739 0
    outer loop
      vertex 41.0143 13.3264 47
      vertex 40.0966 15.8754 50
      vertex 40.0966 15.8754 47
    endloop
  endfacet
  facet normal -0.94088 -0.338739 0
    outer loop
      vertex 40.0966 15.8754 50
      vertex 41.0143 13.3264 47
      vertex 41.0143 13.3264 50
    endloop
  endfacet
  facet normal 0.917757 -0.397142 0
    outer loop
      vertex -40.0966 15.8754 50
      vertex -39.0207 18.3617 47
      vertex -39.0207 18.3617 50
    endloop
  endfacet
  facet normal 0.917757 -0.397142 0
    outer loop
      vertex -39.0207 18.3617 47
      vertex -40.0966 15.8754 50
      vertex -40.0966 15.8754 47
    endloop
  endfacet
  facet normal 0.987689 -0.156431 0
    outer loop
      vertex -42.7849 5.40499 50
      vertex -42.3611 8.08082 47
      vertex -42.3611 8.08082 50
    endloop
  endfacet
  facet normal 0.987689 -0.156431 0
    outer loop
      vertex -42.3611 8.08082 47
      vertex -42.7849 5.40499 50
      vertex -42.7849 5.40499 47
    endloop
  endfacet
  facet normal -0.975917 -0.218143 0
    outer loop
      vertex 42.3611 8.08082 47
      vertex 41.7701 10.7248 50
      vertex 41.7701 10.7248 47
    endloop
  endfacet
  facet normal -0.975917 -0.218143 0
    outer loop
      vertex 41.7701 10.7248 50
      vertex 42.3611 8.08082 47
      vertex 42.3611 8.08082 50
    endloop
  endfacet
  facet normal 0.338739 0.94088 -0
    outer loop
      vertex -13.3264 -41.0143 47
      vertex -15.8754 -40.0966 50
      vertex -13.3264 -41.0143 50
    endloop
  endfacet
  facet normal 0.338739 0.94088 0
    outer loop
      vertex -15.8754 -40.0966 50
      vertex -13.3264 -41.0143 47
      vertex -15.8754 -40.0966 47
    endloop
  endfacet
  facet normal -0.987689 -0.156431 0
    outer loop
      vertex 42.7849 5.40499 47
      vertex 42.3611 8.08082 50
      vertex 42.3611 8.08082 47
    endloop
  endfacet
  facet normal -0.987689 -0.156431 0
    outer loop
      vertex 42.3611 8.08082 50
      vertex 42.7849 5.40499 47
      vertex 42.7849 5.40499 50
    endloop
  endfacet
  facet normal -0.827094 0.562064 0
    outer loop
      vertex 34.8889 -25.3482 47
      vertex 36.4116 -23.1075 50
      vertex 36.4116 -23.1075 47
    endloop
  endfacet
  facet normal -0.827094 0.562064 0
    outer loop
      vertex 36.4116 -23.1075 50
      vertex 34.8889 -25.3482 47
      vertex 34.8889 -25.3482 50
    endloop
  endfacet
  facet normal -0.397142 0.917757 0
    outer loop
      vertex 18.3617 -39.0207 47
      vertex 15.8754 -40.0966 50
      vertex 18.3617 -39.0207 50
    endloop
  endfacet
  facet normal -0.397142 0.917757 0
    outer loop
      vertex 15.8754 -40.0966 50
      vertex 18.3617 -39.0207 47
      vertex 15.8754 -40.0966 47
    endloop
  endfacet
  facet normal 0.999507 0.0314118 0
    outer loop
      vertex -43.0399 -2.70784 50
      vertex -43.125 0 47
      vertex -43.125 0 50
    endloop
  endfacet
  facet normal 0.999507 0.0314118 0
    outer loop
      vertex -43.125 0 47
      vertex -43.0399 -2.70784 50
      vertex -43.0399 -2.70784 47
    endloop
  endfacet
  facet normal 0.790154 0.612908 0
    outer loop
      vertex -33.2284 -27.4889 50
      vertex -34.8889 -25.3482 47
      vertex -34.8889 -25.3482 50
    endloop
  endfacet
  facet normal 0.790154 0.612908 0
    outer loop
      vertex -34.8889 -25.3482 47
      vertex -33.2284 -27.4889 50
      vertex -33.2284 -27.4889 47
    endloop
  endfacet
  facet normal -0.509046 -0.860739 0
    outer loop
      vertex 20.7756 37.7907 47
      vertex 23.1075 36.4116 50
      vertex 20.7756 37.7907 50
    endloop
  endfacet
  facet normal -0.509046 -0.860739 -0
    outer loop
      vertex 23.1075 36.4116 50
      vertex 20.7756 37.7907 47
      vertex 23.1075 36.4116 47
    endloop
  endfacet
  facet normal 0.960297 -0.278979 0
    outer loop
      vertex -41.7701 10.7248 50
      vertex -41.0143 13.3264 47
      vertex -41.0143 13.3264 50
    endloop
  endfacet
  facet normal 0.960297 -0.278979 0
    outer loop
      vertex -41.0143 13.3264 47
      vertex -41.7701 10.7248 50
      vertex -41.7701 10.7248 47
    endloop
  endfacet
  facet normal 0.94088 -0.338739 0
    outer loop
      vertex -41.0143 13.3264 50
      vertex -40.0966 15.8754 47
      vertex -40.0966 15.8754 50
    endloop
  endfacet
  facet normal 0.94088 -0.338739 0
    outer loop
      vertex -40.0966 15.8754 47
      vertex -41.0143 13.3264 50
      vertex -41.0143 13.3264 47
    endloop
  endfacet
  facet normal -0.707107 0.707107 0
    outer loop
      vertex 29.5211 -31.4368 47
      vertex 31.4368 -29.5211 50
      vertex 31.4368 -29.5211 47
    endloop
  endfacet
  facet normal -0.707107 0.707107 0
    outer loop
      vertex 31.4368 -29.5211 50
      vertex 29.5211 -31.4368 47
      vertex 29.5211 -31.4368 50
    endloop
  endfacet
  facet normal 0.612908 0.790154 -0
    outer loop
      vertex -25.3482 -34.8889 47
      vertex -27.4889 -33.2284 50
      vertex -25.3482 -34.8889 50
    endloop
  endfacet
  facet normal 0.612908 0.790154 0
    outer loop
      vertex -27.4889 -33.2284 50
      vertex -25.3482 -34.8889 47
      vertex -27.4889 -33.2284 47
    endloop
  endfacet
  facet normal 0.278979 0.960297 -0
    outer loop
      vertex -10.7248 -41.7701 47
      vertex -13.3264 -41.0143 50
      vertex -10.7248 -41.7701 50
    endloop
  endfacet
  facet normal 0.278979 0.960297 0
    outer loop
      vertex -13.3264 -41.0143 50
      vertex -10.7248 -41.7701 47
      vertex -13.3264 -41.0143 47
    endloop
  endfacet
  facet normal 0.707107 -0.707107 0
    outer loop
      vertex -31.4368 29.5211 50
      vertex -29.5211 31.4368 47
      vertex -29.5211 31.4368 50
    endloop
  endfacet
  facet normal 0.707107 -0.707107 0
    outer loop
      vertex -29.5211 31.4368 47
      vertex -31.4368 29.5211 50
      vertex -31.4368 29.5211 47
    endloop
  endfacet
  facet normal 0.860739 -0.509046 0
    outer loop
      vertex -37.7907 20.7756 50
      vertex -36.4116 23.1075 47
      vertex -36.4116 23.1075 50
    endloop
  endfacet
  facet normal 0.860739 -0.509046 0
    outer loop
      vertex -36.4116 23.1075 47
      vertex -37.7907 20.7756 50
      vertex -37.7907 20.7756 47
    endloop
  endfacet
  facet normal 0.790154 -0.612908 0
    outer loop
      vertex -34.8889 25.3482 50
      vertex -33.2284 27.4889 47
      vertex -33.2284 27.4889 50
    endloop
  endfacet
  facet normal 0.790154 -0.612908 0
    outer loop
      vertex -33.2284 27.4889 47
      vertex -34.8889 25.3482 50
      vertex -34.8889 25.3482 47
    endloop
  endfacet
  facet normal 0.975917 -0.218143 0
    outer loop
      vertex -42.3611 8.08082 50
      vertex -41.7701 10.7248 47
      vertex -41.7701 10.7248 50
    endloop
  endfacet
  facet normal 0.975917 -0.218143 0
    outer loop
      vertex -41.7701 10.7248 47
      vertex -42.3611 8.08082 50
      vertex -42.3611 8.08082 47
    endloop
  endfacet
  facet normal 0.750116 -0.661307 0
    outer loop
      vertex -33.2284 27.4889 50
      vertex -31.4368 29.5211 47
      vertex -31.4368 29.5211 50
    endloop
  endfacet
  facet normal 0.750116 -0.661307 0
    outer loop
      vertex -31.4368 29.5211 47
      vertex -33.2284 27.4889 50
      vertex -33.2284 27.4889 47
    endloop
  endfacet
  facet normal -0.790154 -0.612908 0
    outer loop
      vertex 34.8889 25.3482 47
      vertex 33.2284 27.4889 50
      vertex 33.2284 27.4889 47
    endloop
  endfacet
  facet normal -0.790154 -0.612908 0
    outer loop
      vertex 33.2284 27.4889 50
      vertex 34.8889 25.3482 47
      vertex 34.8889 25.3482 50
    endloop
  endfacet
  facet normal -0.750116 -0.661307 0
    outer loop
      vertex 33.2284 27.4889 47
      vertex 31.4368 29.5211 50
      vertex 31.4368 29.5211 47
    endloop
  endfacet
  facet normal -0.750116 -0.661307 0
    outer loop
      vertex 31.4368 29.5211 50
      vertex 33.2284 27.4889 47
      vertex 33.2284 27.4889 50
    endloop
  endfacet
  facet normal 0.397142 0.917757 -0
    outer loop
      vertex -15.8754 -40.0966 47
      vertex -18.3617 -39.0207 50
      vertex -15.8754 -40.0966 50
    endloop
  endfacet
  facet normal 0.397142 0.917757 0
    outer loop
      vertex -18.3617 -39.0207 50
      vertex -15.8754 -40.0966 47
      vertex -18.3617 -39.0207 47
    endloop
  endfacet
  facet normal -0.917757 0.397142 0
    outer loop
      vertex 39.0207 -18.3617 47
      vertex 40.0966 -15.8754 50
      vertex 40.0966 -15.8754 47
    endloop
  endfacet
  facet normal -0.917757 0.397142 0
    outer loop
      vertex 40.0966 -15.8754 50
      vertex 39.0207 -18.3617 47
      vertex 39.0207 -18.3617 50
    endloop
  endfacet
  facet normal 0.860739 0.509046 0
    outer loop
      vertex -36.4116 -23.1075 50
      vertex -37.7907 -20.7756 47
      vertex -37.7907 -20.7756 50
    endloop
  endfacet
  facet normal 0.860739 0.509046 0
    outer loop
      vertex -37.7907 -20.7756 47
      vertex -36.4116 -23.1075 50
      vertex -36.4116 -23.1075 47
    endloop
  endfacet
  facet normal 0.99556 -0.0941245 0
    outer loop
      vertex -43.0399 2.70784 50
      vertex -42.7849 5.40499 47
      vertex -42.7849 5.40499 50
    endloop
  endfacet
  facet normal 0.99556 -0.0941245 0
    outer loop
      vertex -42.7849 5.40499 47
      vertex -43.0399 2.70784 50
      vertex -43.0399 2.70784 47
    endloop
  endfacet
  facet normal -0.94088 0.338739 0
    outer loop
      vertex 40.0966 -15.8754 47
      vertex 41.0143 -13.3264 50
      vertex 41.0143 -13.3264 47
    endloop
  endfacet
  facet normal -0.94088 0.338739 0
    outer loop
      vertex 41.0143 -13.3264 50
      vertex 40.0966 -15.8754 47
      vertex 40.0966 -15.8754 50
    endloop
  endfacet
  facet normal 0.975917 0.218143 0
    outer loop
      vertex -41.7701 -10.7248 50
      vertex -42.3611 -8.08082 47
      vertex -42.3611 -8.08082 50
    endloop
  endfacet
  facet normal 0.975917 0.218143 0
    outer loop
      vertex -42.3611 -8.08082 47
      vertex -41.7701 -10.7248 50
      vertex -41.7701 -10.7248 47
    endloop
  endfacet
  facet normal -0.218143 -0.975917 0
    outer loop
      vertex 8.08082 42.3611 47
      vertex 10.7248 41.7701 50
      vertex 8.08082 42.3611 50
    endloop
  endfacet
  facet normal -0.218143 -0.975917 -0
    outer loop
      vertex 10.7248 41.7701 50
      vertex 8.08082 42.3611 47
      vertex 10.7248 41.7701 47
    endloop
  endfacet
  facet normal 0.509046 0.860739 -0
    outer loop
      vertex -20.7756 -37.7907 47
      vertex -23.1075 -36.4116 50
      vertex -20.7756 -37.7907 50
    endloop
  endfacet
  facet normal 0.509046 0.860739 0
    outer loop
      vertex -23.1075 -36.4116 50
      vertex -20.7756 -37.7907 47
      vertex -23.1075 -36.4116 47
    endloop
  endfacet
  facet normal 0.827094 -0.562064 0
    outer loop
      vertex -36.4116 23.1075 50
      vertex -34.8889 25.3482 47
      vertex -34.8889 25.3482 50
    endloop
  endfacet
  facet normal 0.827094 -0.562064 0
    outer loop
      vertex -34.8889 25.3482 47
      vertex -36.4116 23.1075 50
      vertex -36.4116 23.1075 47
    endloop
  endfacet
  facet normal 0.987686 -0.156446 0
    outer loop
      vertex -42.1649 5.32666 40
      vertex -41.7472 7.96371 2.5
      vertex -41.7472 7.96371 40
    endloop
  endfacet
  facet normal 0.987686 -0.156446 0
    outer loop
      vertex -41.7472 7.96371 2.5
      vertex -42.1649 5.32666 40
      vertex -42.1649 5.32666 2.5
    endloop
  endfacet
  facet normal 0.987686 -0.156446 0
    outer loop
      vertex -42.1649 5.32666 47
      vertex -41.7472 7.96371 42
      vertex -41.7472 7.96371 47
    endloop
  endfacet
  facet normal 0.987686 -0.156446 0
    outer loop
      vertex -41.7472 7.96371 42
      vertex -42.1649 5.32666 47
      vertex -42.1649 5.32666 42
    endloop
  endfacet
  facet normal -0.995564 -0.0940858 0
    outer loop
      vertex 42.4161 2.6686 42
      vertex 42.1649 5.32666 47
      vertex 42.1649 5.32666 42
    endloop
  endfacet
  facet normal -0.995564 -0.0940858 0
    outer loop
      vertex 42.1649 5.32666 47
      vertex 42.4161 2.6686 42
      vertex 42.4161 2.6686 47
    endloop
  endfacet
  facet normal -0.995556 -0.0941734 0
    outer loop
      vertex 42.1649 5.32666 2.5
      vertex 42.1958 5 15
      vertex 42.1649 5.32666 40
    endloop
  endfacet
  facet normal -0.995564 -0.0940858 2.30906e-06
    outer loop
      vertex 42.4161 2.6686 2.5
      vertex 42.1958 5 15
      vertex 42.1649 5.32666 2.5
    endloop
  endfacet
  facet normal -0.995565 -0.0940735 0
    outer loop
      vertex 42.1958 5 15
      vertex 42.4161 2.6686 2.5
      vertex 42.4161 2.6686 15
    endloop
  endfacet
  facet normal -0.995556 -0.0941734 -0
    outer loop
      vertex 42.1958 5 20
      vertex 42.1649 5.32666 40
      vertex 42.1958 5 15
    endloop
  endfacet
  facet normal -0.995565 -0.0940735 -0
    outer loop
      vertex 42.4161 2.6686 40
      vertex 42.1958 5 20
      vertex 42.4161 2.6686 20
    endloop
  endfacet
  facet normal -0.995564 -0.0940858 -1.44316e-06
    outer loop
      vertex 42.1958 5 20
      vertex 42.4161 2.6686 40
      vertex 42.1649 5.32666 40
    endloop
  endfacet
  facet normal 0.999505 0.0314511 0
    outer loop
      vertex 42.5 0 42
      vertex 42.4764 0.75 40
      vertex 42.4764 0.75 42
    endloop
  endfacet
  facet normal 0.999505 0.0314511 0
    outer loop
      vertex 42.4764 0.75 40
      vertex 42.5 0 42
      vertex 42.5 0 40
    endloop
  endfacet
  facet normal -0.999506 -0.0314137 -0
    outer loop
      vertex 42.4764 0.75 45
      vertex 42.4161 2.6686 42
      vertex 42.4764 0.75 42
    endloop
  endfacet
  facet normal -0.999506 -0.0314137 0
    outer loop
      vertex 42.4161 2.6686 42
      vertex 42.4764 0.75 45
      vertex 42.4161 2.6686 47
    endloop
  endfacet
  facet normal -0.999505 -0.0314511 -0
    outer loop
      vertex 42.5 0 47
      vertex 42.4764 0.75 45
      vertex 42.5 0 45
    endloop
  endfacet
  facet normal -0.999506 -0.0314242 1.01052e-05
    outer loop
      vertex 42.4764 0.75 45
      vertex 42.5 0 47
      vertex 42.4161 2.6686 47
    endloop
  endfacet
  facet normal -0.999506 -0.0314137 0
    outer loop
      vertex 42.4161 2.6686 20
      vertex 42.4764 0.75 30
      vertex 42.4161 2.6686 40
    endloop
  endfacet
  facet normal -0.999506 -0.0314242 -2.02104e-06
    outer loop
      vertex 42.5 0 20
      vertex 42.4764 0.75 30
      vertex 42.4161 2.6686 20
    endloop
  endfacet
  facet normal -0.999505 -0.0314511 0
    outer loop
      vertex 42.4764 0.75 30
      vertex 42.5 0 20
      vertex 42.5 0 30
    endloop
  endfacet
  facet normal -0.999506 -0.0314137 0
    outer loop
      vertex 42.4161 2.6686 40
      vertex 42.4764 0.75 30
      vertex 42.4764 0.75 40
    endloop
  endfacet
  facet normal -0.999506 -0.0314242 0
    outer loop
      vertex 42.5 0 2.5
      vertex 42.4161 2.6686 15
      vertex 42.4161 2.6686 2.5
    endloop
  endfacet
  facet normal -0.999506 -0.0314242 0
    outer loop
      vertex 42.4161 2.6686 15
      vertex 42.5 0 2.5
      vertex 42.5 0 15
    endloop
  endfacet
  facet normal -0.987686 -0.156446 0
    outer loop
      vertex 42.1649 5.32666 42
      vertex 41.7472 7.96371 47
      vertex 41.7472 7.96371 42
    endloop
  endfacet
  facet normal -0.987686 -0.156446 0
    outer loop
      vertex 41.7472 7.96371 47
      vertex 42.1649 5.32666 42
      vertex 42.1649 5.32666 47
    endloop
  endfacet
  facet normal -0.987686 -0.156446 0
    outer loop
      vertex 42.1649 5.32666 2.5
      vertex 41.7472 7.96371 40
      vertex 41.7472 7.96371 2.5
    endloop
  endfacet
  facet normal -0.987686 -0.156446 0
    outer loop
      vertex 41.7472 7.96371 40
      vertex 42.1649 5.32666 2.5
      vertex 42.1649 5.32666 40
    endloop
  endfacet
  facet normal -0.397135 0.91776 0
    outer loop
      vertex 18.0956 -38.4552 2.5
      vertex 15.6453 -39.5155 40
      vertex 18.0956 -38.4552 40
    endloop
  endfacet
  facet normal -0.397135 0.91776 0
    outer loop
      vertex 15.6453 -39.5155 40
      vertex 18.0956 -38.4552 2.5
      vertex 15.6453 -39.5155 2.5
    endloop
  endfacet
  facet normal -0.397135 0.91776 0
    outer loop
      vertex 18.0956 -38.4552 42
      vertex 15.6453 -39.5155 47
      vertex 18.0956 -38.4552 47
    endloop
  endfacet
  facet normal -0.397135 0.91776 0
    outer loop
      vertex 15.6453 -39.5155 47
      vertex 18.0956 -38.4552 42
      vertex 15.6453 -39.5155 42
    endloop
  endfacet
  facet normal 0.827091 0.562068 0
    outer loop
      vertex -34.3832 -24.9809 40
      vertex -35.8839 -22.7726 2.5
      vertex -35.8839 -22.7726 40
    endloop
  endfacet
  facet normal 0.827091 0.562068 0
    outer loop
      vertex -35.8839 -22.7726 2.5
      vertex -34.3832 -24.9809 40
      vertex -34.3832 -24.9809 2.5
    endloop
  endfacet
  facet normal 0.827091 0.562068 0
    outer loop
      vertex -34.3832 -24.9809 47
      vertex -35.8839 -22.7726 42
      vertex -35.8839 -22.7726 47
    endloop
  endfacet
  facet normal 0.827091 0.562068 0
    outer loop
      vertex -35.8839 -22.7726 42
      vertex -34.3832 -24.9809 47
      vertex -34.3832 -24.9809 42
    endloop
  endfacet
  facet normal 0.218137 -0.975918 0
    outer loop
      vertex -10.5693 41.1648 2.5
      vertex -7.96371 41.7472 40
      vertex -10.5693 41.1648 40
    endloop
  endfacet
  facet normal 0.218137 -0.975918 0
    outer loop
      vertex -7.96371 41.7472 40
      vertex -10.5693 41.1648 2.5
      vertex -7.96371 41.7472 2.5
    endloop
  endfacet
  facet normal 0.218137 -0.975918 0
    outer loop
      vertex -10.5693 41.1648 42
      vertex -7.96371 41.7472 47
      vertex -10.5693 41.1648 47
    endloop
  endfacet
  facet normal 0.218137 -0.975918 0
    outer loop
      vertex -7.96371 41.7472 47
      vertex -10.5693 41.1648 42
      vertex -7.96371 41.7472 42
    endloop
  endfacet
  facet normal -0.707192 -0.707021 0
    outer loop
      vertex 29.0933 30.9812 2.5
      vertex 29.5069 30.5675 30
      vertex 29.0933 30.9812 40
    endloop
  endfacet
  facet normal -0.707107 -0.707107 -2.5713e-06
    outer loop
      vertex 29.0933 30.9812 2.5
      vertex 30.5675 29.5069 30
      vertex 29.5069 30.5675 30
    endloop
  endfacet
  facet normal -0.707107 -0.707107 -2.5713e-06
    outer loop
      vertex 30.9812 29.0933 2.5
      vertex 30.5675 29.5069 30
      vertex 29.0933 30.9812 2.5
    endloop
  endfacet
  facet normal -0.707021 -0.707192 -0
    outer loop
      vertex 30.9812 29.0933 40
      vertex 30.5675 29.5069 30
      vertex 30.9812 29.0933 2.5
    endloop
  endfacet
  facet normal -0.707021 -0.707192 0
    outer loop
      vertex 30.5675 29.5069 30
      vertex 30.9812 29.0933 40
      vertex 30.5675 29.5069 40
    endloop
  endfacet
  facet normal -0.707192 -0.707021 0
    outer loop
      vertex 29.0933 30.9812 40
      vertex 29.5069 30.5675 30
      vertex 29.5069 30.5675 40
    endloop
  endfacet
  facet normal -0.707021 -0.707192 0
    outer loop
      vertex 30.5675 29.5069 42
      vertex 30.9812 29.0933 42
      vertex 30.5675 29.5069 45
    endloop
  endfacet
  facet normal -0.707192 -0.707021 -0
    outer loop
      vertex 29.5069 30.5675 45
      vertex 29.0933 30.9812 42
      vertex 29.5069 30.5675 42
    endloop
  endfacet
  facet normal -0.707192 -0.707021 0
    outer loop
      vertex 29.0933 30.9812 42
      vertex 29.5069 30.5675 45
      vertex 29.0933 30.9812 47
    endloop
  endfacet
  facet normal -0.707107 -0.707107 3.53553e-05
    outer loop
      vertex 30.5675 29.5069 45
      vertex 29.0933 30.9812 47
      vertex 29.5069 30.5675 45
    endloop
  endfacet
  facet normal -0.707107 -0.707107 3.53553e-05
    outer loop
      vertex 30.5675 29.5069 45
      vertex 30.9812 29.0933 47
      vertex 29.0933 30.9812 47
    endloop
  endfacet
  facet normal -0.707021 -0.707192 -0
    outer loop
      vertex 30.9812 29.0933 47
      vertex 30.5675 29.5069 45
      vertex 30.9812 29.0933 42
    endloop
  endfacet
  facet normal 0.707107 0.707107 0
    outer loop
      vertex 30.5675 29.5069 42
      vertex 29.5069 30.5675 40
      vertex 29.5069 30.5675 42
    endloop
  endfacet
  facet normal 0.707107 0.707107 0
    outer loop
      vertex 29.5069 30.5675 40
      vertex 30.5675 29.5069 42
      vertex 30.5675 29.5069 40
    endloop
  endfacet
  facet normal 0.218137 0.975918 -0
    outer loop
      vertex -7.96371 -41.7472 42
      vertex -10.5693 -41.1648 47
      vertex -7.96371 -41.7472 47
    endloop
  endfacet
  facet normal 0.218137 0.975918 0
    outer loop
      vertex -10.5693 -41.1648 47
      vertex -7.96371 -41.7472 42
      vertex -10.5693 -41.1648 42
    endloop
  endfacet
  facet normal 0.218137 0.975918 -0
    outer loop
      vertex -7.96371 -41.7472 2.5
      vertex -10.5693 -41.1648 40
      vertex -7.96371 -41.7472 40
    endloop
  endfacet
  facet normal 0.218137 0.975918 0
    outer loop
      vertex -10.5693 -41.1648 40
      vertex -7.96371 -41.7472 2.5
      vertex -10.5693 -41.1648 2.5
    endloop
  endfacet
  facet normal -0.454017 0.890993 0
    outer loop
      vertex 20.4745 -37.243 2.5
      vertex 18.0956 -38.4552 40
      vertex 20.4745 -37.243 40
    endloop
  endfacet
  facet normal -0.454017 0.890993 0
    outer loop
      vertex 18.0956 -38.4552 40
      vertex 20.4745 -37.243 2.5
      vertex 18.0956 -38.4552 2.5
    endloop
  endfacet
  facet normal -0.454017 0.890993 0
    outer loop
      vertex 20.4745 -37.243 42
      vertex 18.0956 -38.4552 47
      vertex 20.4745 -37.243 47
    endloop
  endfacet
  facet normal -0.454017 0.890993 0
    outer loop
      vertex 18.0956 -38.4552 47
      vertex 20.4745 -37.243 42
      vertex 18.0956 -38.4552 42
    endloop
  endfacet
  facet normal 0.562068 -0.827091 0
    outer loop
      vertex -24.9809 34.3832 42
      vertex -22.7726 35.8839 47
      vertex -24.9809 34.3832 47
    endloop
  endfacet
  facet normal 0.562068 -0.827091 0
    outer loop
      vertex -22.7726 35.8839 47
      vertex -24.9809 34.3832 42
      vertex -22.7726 35.8839 42
    endloop
  endfacet
  facet normal 0.562068 -0.827091 0
    outer loop
      vertex -24.9809 34.3832 2.5
      vertex -22.7726 35.8839 40
      vertex -24.9809 34.3832 40
    endloop
  endfacet
  facet normal 0.562068 -0.827091 0
    outer loop
      vertex -22.7726 35.8839 40
      vertex -24.9809 34.3832 2.5
      vertex -22.7726 35.8839 2.5
    endloop
  endfacet
  facet normal -0.975918 -0.218137 0
    outer loop
      vertex 41.7472 7.96371 2.5
      vertex 41.1648 10.5693 40
      vertex 41.1648 10.5693 2.5
    endloop
  endfacet
  facet normal -0.975918 -0.218137 0
    outer loop
      vertex 41.1648 10.5693 40
      vertex 41.7472 7.96371 2.5
      vertex 41.7472 7.96371 40
    endloop
  endfacet
  facet normal -0.975918 -0.218137 0
    outer loop
      vertex 41.7472 7.96371 42
      vertex 41.1648 10.5693 47
      vertex 41.1648 10.5693 42
    endloop
  endfacet
  facet normal -0.975918 -0.218137 0
    outer loop
      vertex 41.1648 10.5693 47
      vertex 41.7472 7.96371 42
      vertex 41.7472 7.96371 47
    endloop
  endfacet
  facet normal 0.397135 0.91776 -0
    outer loop
      vertex -15.6453 -39.5155 42
      vertex -18.0956 -38.4552 47
      vertex -15.6453 -39.5155 47
    endloop
  endfacet
  facet normal 0.397135 0.91776 0
    outer loop
      vertex -18.0956 -38.4552 47
      vertex -15.6453 -39.5155 42
      vertex -18.0956 -38.4552 42
    endloop
  endfacet
  facet normal 0.397135 0.91776 -0
    outer loop
      vertex -15.6453 -39.5155 2.5
      vertex -18.0956 -38.4552 40
      vertex -15.6453 -39.5155 40
    endloop
  endfacet
  facet normal 0.397135 0.91776 0
    outer loop
      vertex -18.0956 -38.4552 40
      vertex -15.6453 -39.5155 2.5
      vertex -18.0956 -38.4552 2.5
    endloop
  endfacet
  facet normal 0.707192 -0.707021 0
    outer loop
      vertex -29.0933 30.9812 47
      vertex -29.5069 30.5675 45
      vertex -29.0933 30.9812 42
    endloop
  endfacet
  facet normal 0.707107 -0.707107 3.53553e-05
    outer loop
      vertex -29.0933 30.9812 47
      vertex -30.5675 29.5069 45
      vertex -29.5069 30.5675 45
    endloop
  endfacet
  facet normal 0.707107 -0.707107 3.53553e-05
    outer loop
      vertex -30.9812 29.0933 47
      vertex -30.5675 29.5069 45
      vertex -29.0933 30.9812 47
    endloop
  endfacet
  facet normal 0.707021 -0.707192 0
    outer loop
      vertex -30.9812 29.0933 42
      vertex -30.5675 29.5069 45
      vertex -30.9812 29.0933 47
    endloop
  endfacet
  facet normal 0.707021 -0.707192 0
    outer loop
      vertex -30.5675 29.5069 45
      vertex -30.9812 29.0933 42
      vertex -30.5675 29.5069 42
    endloop
  endfacet
  facet normal 0.707192 -0.707021 0
    outer loop
      vertex -29.0933 30.9812 42
      vertex -29.5069 30.5675 45
      vertex -29.5069 30.5675 42
    endloop
  endfacet
  facet normal 0.707021 -0.707192 0
    outer loop
      vertex -30.5675 29.5069 40
      vertex -30.9812 29.0933 40
      vertex -30.5675 29.5069 30
    endloop
  endfacet
  facet normal 0.707192 -0.707021 0
    outer loop
      vertex -29.5069 30.5675 30
      vertex -29.0933 30.9812 40
      vertex -29.5069 30.5675 40
    endloop
  endfacet
  facet normal 0.707192 -0.707021 0
    outer loop
      vertex -29.0933 30.9812 40
      vertex -29.5069 30.5675 30
      vertex -29.0933 30.9812 2.5
    endloop
  endfacet
  facet normal 0.707107 -0.707107 -2.5713e-06
    outer loop
      vertex -30.5675 29.5069 30
      vertex -29.0933 30.9812 2.5
      vertex -29.5069 30.5675 30
    endloop
  endfacet
  facet normal 0.707107 -0.707107 -2.5713e-06
    outer loop
      vertex -30.5675 29.5069 30
      vertex -30.9812 29.0933 2.5
      vertex -29.0933 30.9812 2.5
    endloop
  endfacet
  facet normal 0.707021 -0.707192 0
    outer loop
      vertex -30.9812 29.0933 2.5
      vertex -30.5675 29.5069 30
      vertex -30.9812 29.0933 40
    endloop
  endfacet
  facet normal -0.707107 0.707107 0
    outer loop
      vertex -30.5675 29.5069 40
      vertex -29.5069 30.5675 42
      vertex -29.5069 30.5675 40
    endloop
  endfacet
  facet normal -0.707107 0.707107 0
    outer loop
      vertex -29.5069 30.5675 42
      vertex -30.5675 29.5069 40
      vertex -30.5675 29.5069 42
    endloop
  endfacet
  facet normal 0.156446 0.987686 -0
    outer loop
      vertex -5.32666 -42.1649 42
      vertex -7.96371 -41.7472 47
      vertex -5.32666 -42.1649 47
    endloop
  endfacet
  facet normal 0.156446 0.987686 0
    outer loop
      vertex -7.96371 -41.7472 47
      vertex -5.32666 -42.1649 42
      vertex -7.96371 -41.7472 42
    endloop
  endfacet
  facet normal 0.156446 0.987686 -0
    outer loop
      vertex -5.32666 -42.1649 2.5
      vertex -7.96371 -41.7472 40
      vertex -5.32666 -42.1649 40
    endloop
  endfacet
  facet normal 0.156446 0.987686 0
    outer loop
      vertex -7.96371 -41.7472 40
      vertex -5.32666 -42.1649 2.5
      vertex -7.96371 -41.7472 2.5
    endloop
  endfacet
  facet normal 0.612913 -0.79015 0
    outer loop
      vertex -27.0905 32.7468 42
      vertex -24.9809 34.3832 47
      vertex -27.0905 32.7468 47
    endloop
  endfacet
  facet normal 0.612913 -0.79015 0
    outer loop
      vertex -24.9809 34.3832 47
      vertex -27.0905 32.7468 42
      vertex -24.9809 34.3832 42
    endloop
  endfacet
  facet normal 0.612913 -0.79015 0
    outer loop
      vertex -27.0905 32.7468 2.5
      vertex -24.9809 34.3832 40
      vertex -27.0905 32.7468 40
    endloop
  endfacet
  facet normal 0.612913 -0.79015 0
    outer loop
      vertex -24.9809 34.3832 40
      vertex -27.0905 32.7468 2.5
      vertex -24.9809 34.3832 2.5
    endloop
  endfacet
  facet normal 0.338734 -0.940882 0
    outer loop
      vertex -15.6453 39.5155 42
      vertex -13.1332 40.4199 47
      vertex -15.6453 39.5155 47
    endloop
  endfacet
  facet normal 0.338734 -0.940882 0
    outer loop
      vertex -13.1332 40.4199 47
      vertex -15.6453 39.5155 42
      vertex -13.1332 40.4199 42
    endloop
  endfacet
  facet normal 0.338734 -0.940882 0
    outer loop
      vertex -15.6453 39.5155 2.5
      vertex -13.1332 40.4199 40
      vertex -15.6453 39.5155 40
    endloop
  endfacet
  facet normal 0.338734 -0.940882 0
    outer loop
      vertex -13.1332 40.4199 40
      vertex -15.6453 39.5155 2.5
      vertex -13.1332 40.4199 2.5
    endloop
  endfacet
  facet normal 0.397135 -0.91776 0
    outer loop
      vertex -18.0956 38.4552 42
      vertex -15.6453 39.5155 47
      vertex -18.0956 38.4552 47
    endloop
  endfacet
  facet normal 0.397135 -0.91776 0
    outer loop
      vertex -15.6453 39.5155 47
      vertex -18.0956 38.4552 42
      vertex -15.6453 39.5155 42
    endloop
  endfacet
  facet normal 0.397135 -0.91776 0
    outer loop
      vertex -18.0956 38.4552 2.5
      vertex -15.6453 39.5155 40
      vertex -18.0956 38.4552 40
    endloop
  endfacet
  facet normal 0.397135 -0.91776 0
    outer loop
      vertex -15.6453 39.5155 40
      vertex -18.0956 38.4552 2.5
      vertex -15.6453 39.5155 2.5
    endloop
  endfacet
  facet normal -0.218137 0.975918 0
    outer loop
      vertex 10.5693 -41.1648 2.5
      vertex 7.96371 -41.7472 40
      vertex 10.5693 -41.1648 40
    endloop
  endfacet
  facet normal -0.218137 0.975918 0
    outer loop
      vertex 7.96371 -41.7472 40
      vertex 10.5693 -41.1648 2.5
      vertex 7.96371 -41.7472 2.5
    endloop
  endfacet
  facet normal -0.218137 0.975918 0
    outer loop
      vertex 10.5693 -41.1648 42
      vertex 7.96371 -41.7472 47
      vertex 10.5693 -41.1648 47
    endloop
  endfacet
  facet normal -0.218137 0.975918 0
    outer loop
      vertex 7.96371 -41.7472 47
      vertex 10.5693 -41.1648 42
      vertex 7.96371 -41.7472 42
    endloop
  endfacet
  facet normal -0.612913 -0.79015 0
    outer loop
      vertex 24.9809 34.3832 2.5
      vertex 27.0905 32.7468 40
      vertex 24.9809 34.3832 40
    endloop
  endfacet
  facet normal -0.612913 -0.79015 -0
    outer loop
      vertex 27.0905 32.7468 40
      vertex 24.9809 34.3832 2.5
      vertex 27.0905 32.7468 2.5
    endloop
  endfacet
  facet normal -0.612913 -0.79015 0
    outer loop
      vertex 24.9809 34.3832 42
      vertex 27.0905 32.7468 47
      vertex 24.9809 34.3832 47
    endloop
  endfacet
  facet normal -0.612913 -0.79015 -0
    outer loop
      vertex 27.0905 32.7468 47
      vertex 24.9809 34.3832 42
      vertex 27.0905 32.7468 42
    endloop
  endfacet
  facet normal -0.91776 -0.397135 0
    outer loop
      vertex 39.5155 15.6453 2.5
      vertex 38.4552 18.0956 40
      vertex 38.4552 18.0956 2.5
    endloop
  endfacet
  facet normal -0.91776 -0.397135 0
    outer loop
      vertex 38.4552 18.0956 40
      vertex 39.5155 15.6453 2.5
      vertex 39.5155 15.6453 40
    endloop
  endfacet
  facet normal -0.91776 -0.397135 0
    outer loop
      vertex 39.5155 15.6453 42
      vertex 38.4552 18.0956 47
      vertex 38.4552 18.0956 42
    endloop
  endfacet
  facet normal -0.91776 -0.397135 0
    outer loop
      vertex 38.4552 18.0956 47
      vertex 39.5155 15.6453 42
      vertex 39.5155 15.6453 47
    endloop
  endfacet
  facet normal 0.91776 -0.397135 0
    outer loop
      vertex -39.5155 15.6453 40
      vertex -38.4552 18.0956 2.5
      vertex -38.4552 18.0956 40
    endloop
  endfacet
  facet normal 0.91776 -0.397135 0
    outer loop
      vertex -38.4552 18.0956 2.5
      vertex -39.5155 15.6453 40
      vertex -39.5155 15.6453 2.5
    endloop
  endfacet
  facet normal 0.91776 -0.397135 0
    outer loop
      vertex -39.5155 15.6453 47
      vertex -38.4552 18.0956 42
      vertex -38.4552 18.0956 47
    endloop
  endfacet
  facet normal 0.91776 -0.397135 0
    outer loop
      vertex -38.4552 18.0956 42
      vertex -39.5155 15.6453 47
      vertex -39.5155 15.6453 42
    endloop
  endfacet
  facet normal -0.66129 -0.750131 0
    outer loop
      vertex 27.0905 32.7468 2.5
      vertex 29.0933 30.9812 40
      vertex 27.0905 32.7468 40
    endloop
  endfacet
  facet normal -0.66129 -0.750131 -0
    outer loop
      vertex 29.0933 30.9812 40
      vertex 27.0905 32.7468 2.5
      vertex 29.0933 30.9812 2.5
    endloop
  endfacet
  facet normal -0.66129 -0.750131 0
    outer loop
      vertex 27.0905 32.7468 42
      vertex 29.0933 30.9812 47
      vertex 27.0905 32.7468 47
    endloop
  endfacet
  facet normal -0.66129 -0.750131 -0
    outer loop
      vertex 29.0933 30.9812 47
      vertex 27.0905 32.7468 42
      vertex 29.0933 30.9812 42
    endloop
  endfacet
  facet normal 0.940882 0.338734 0
    outer loop
      vertex -39.5155 -15.6453 40
      vertex -40.4199 -13.1332 2.5
      vertex -40.4199 -13.1332 40
    endloop
  endfacet
  facet normal 0.940882 0.338734 0
    outer loop
      vertex -40.4199 -13.1332 2.5
      vertex -39.5155 -15.6453 40
      vertex -39.5155 -15.6453 2.5
    endloop
  endfacet
  facet normal 0.940882 0.338734 0
    outer loop
      vertex -39.5155 -15.6453 47
      vertex -40.4199 -13.1332 42
      vertex -40.4199 -13.1332 47
    endloop
  endfacet
  facet normal 0.940882 0.338734 0
    outer loop
      vertex -40.4199 -13.1332 42
      vertex -39.5155 -15.6453 47
      vertex -39.5155 -15.6453 42
    endloop
  endfacet
  facet normal 0.999505 -0.0314511 0
    outer loop
      vertex 42.4764 -0.75 42
      vertex 42.5 0 40
      vertex 42.5 0 42
    endloop
  endfacet
  facet normal 0.999505 -0.0314511 0
    outer loop
      vertex 42.5 0 40
      vertex 42.4764 -0.75 42
      vertex 42.4764 -0.75 40
    endloop
  endfacet
  facet normal -0.999505 0.0314511 0
    outer loop
      vertex 42.5 0 20
      vertex 42.4764 -0.75 30
      vertex 42.5 0 30
    endloop
  endfacet
  facet normal -0.999506 0.0314242 -2.02104e-06
    outer loop
      vertex 42.4161 -2.6686 20
      vertex 42.4764 -0.75 30
      vertex 42.5 0 20
    endloop
  endfacet
  facet normal -0.999506 0.0314137 0
    outer loop
      vertex 42.4161 -2.6686 40
      vertex 42.4764 -0.75 30
      vertex 42.4161 -2.6686 20
    endloop
  endfacet
  facet normal -0.999506 0.0314137 0
    outer loop
      vertex 42.4764 -0.75 30
      vertex 42.4161 -2.6686 40
      vertex 42.4764 -0.75 40
    endloop
  endfacet
  facet normal -0.999506 0.0314137 0
    outer loop
      vertex 42.4764 -0.75 42
      vertex 42.4161 -2.6686 42
      vertex 42.4764 -0.75 45
    endloop
  endfacet
  facet normal -0.999505 0.0314511 0
    outer loop
      vertex 42.4764 -0.75 45
      vertex 42.5 0 47
      vertex 42.5 0 45
    endloop
  endfacet
  facet normal -0.999506 0.0314137 0
    outer loop
      vertex 42.4161 -2.6686 47
      vertex 42.4764 -0.75 45
      vertex 42.4161 -2.6686 42
    endloop
  endfacet
  facet normal -0.999506 0.0314242 1.01052e-05
    outer loop
      vertex 42.4764 -0.75 45
      vertex 42.4161 -2.6686 47
      vertex 42.5 0 47
    endloop
  endfacet
  facet normal -0.999506 0.0314242 0
    outer loop
      vertex 42.4161 -2.6686 2.5
      vertex 42.5 0 15
      vertex 42.5 0 2.5
    endloop
  endfacet
  facet normal -0.999506 0.0314242 0
    outer loop
      vertex 42.5 0 15
      vertex 42.4161 -2.6686 2.5
      vertex 42.4161 -2.6686 15
    endloop
  endfacet
  facet normal -0.960292 -0.278997 0
    outer loop
      vertex 41.1648 10.5693 42
      vertex 40.4199 13.1332 47
      vertex 40.4199 13.1332 42
    endloop
  endfacet
  facet normal -0.960292 -0.278997 0
    outer loop
      vertex 40.4199 13.1332 47
      vertex 41.1648 10.5693 42
      vertex 41.1648 10.5693 47
    endloop
  endfacet
  facet normal -0.960292 -0.278997 0
    outer loop
      vertex 41.1648 10.5693 2.5
      vertex 40.4199 13.1332 40
      vertex 40.4199 13.1332 2.5
    endloop
  endfacet
  facet normal -0.960292 -0.278997 0
    outer loop
      vertex 40.4199 13.1332 40
      vertex 41.1648 10.5693 2.5
      vertex 41.1648 10.5693 40
    endloop
  endfacet
  facet normal 0.860741 -0.509043 0
    outer loop
      vertex -37.243 20.4745 47
      vertex -35.8839 22.7726 42
      vertex -35.8839 22.7726 47
    endloop
  endfacet
  facet normal 0.860741 -0.509043 0
    outer loop
      vertex -35.8839 22.7726 42
      vertex -37.243 20.4745 47
      vertex -37.243 20.4745 42
    endloop
  endfacet
  facet normal 0.860741 -0.509043 0
    outer loop
      vertex -37.243 20.4745 40
      vertex -35.8839 22.7726 2.5
      vertex -35.8839 22.7726 40
    endloop
  endfacet
  facet normal 0.860741 -0.509043 0
    outer loop
      vertex -35.8839 22.7726 2.5
      vertex -37.243 20.4745 40
      vertex -37.243 20.4745 2.5
    endloop
  endfacet
  facet normal -0.890993 -0.454017 0
    outer loop
      vertex 38.4552 18.0956 2.5
      vertex 37.243 20.4745 40
      vertex 37.243 20.4745 2.5
    endloop
  endfacet
  facet normal -0.890993 -0.454017 0
    outer loop
      vertex 37.243 20.4745 40
      vertex 38.4552 18.0956 2.5
      vertex 38.4552 18.0956 40
    endloop
  endfacet
  facet normal -0.890993 -0.454017 0
    outer loop
      vertex 38.4552 18.0956 42
      vertex 37.243 20.4745 47
      vertex 37.243 20.4745 42
    endloop
  endfacet
  facet normal -0.890993 -0.454017 0
    outer loop
      vertex 37.243 20.4745 47
      vertex 38.4552 18.0956 42
      vertex 38.4552 18.0956 47
    endloop
  endfacet
  facet normal -0.750131 0.66129 0
    outer loop
      vertex 30.9812 -29.0933 2.5
      vertex 32.7468 -27.0905 40
      vertex 32.7468 -27.0905 2.5
    endloop
  endfacet
  facet normal -0.750131 0.66129 0
    outer loop
      vertex 32.7468 -27.0905 40
      vertex 30.9812 -29.0933 2.5
      vertex 30.9812 -29.0933 40
    endloop
  endfacet
  facet normal -0.750131 0.66129 0
    outer loop
      vertex 30.9812 -29.0933 42
      vertex 32.7468 -27.0905 47
      vertex 32.7468 -27.0905 42
    endloop
  endfacet
  facet normal -0.750131 0.66129 0
    outer loop
      vertex 32.7468 -27.0905 47
      vertex 30.9812 -29.0933 42
      vertex 30.9812 -29.0933 47
    endloop
  endfacet
  facet normal -0.454017 -0.890993 0
    outer loop
      vertex 18.0956 38.4552 2.5
      vertex 20.4745 37.243 40
      vertex 18.0956 38.4552 40
    endloop
  endfacet
  facet normal -0.454017 -0.890993 -0
    outer loop
      vertex 20.4745 37.243 40
      vertex 18.0956 38.4552 2.5
      vertex 20.4745 37.243 2.5
    endloop
  endfacet
  facet normal -0.454017 -0.890993 0
    outer loop
      vertex 18.0956 38.4552 42
      vertex 20.4745 37.243 47
      vertex 18.0956 38.4552 47
    endloop
  endfacet
  facet normal -0.454017 -0.890993 -0
    outer loop
      vertex 20.4745 37.243 47
      vertex 18.0956 38.4552 42
      vertex 20.4745 37.243 42
    endloop
  endfacet
  facet normal -0.960292 0.278997 0
    outer loop
      vertex 40.4199 -13.1332 2.5
      vertex 41.1648 -10.5693 40
      vertex 41.1648 -10.5693 2.5
    endloop
  endfacet
  facet normal -0.960292 0.278997 0
    outer loop
      vertex 41.1648 -10.5693 40
      vertex 40.4199 -13.1332 2.5
      vertex 40.4199 -13.1332 40
    endloop
  endfacet
  facet normal -0.960292 0.278997 0
    outer loop
      vertex 40.4199 -13.1332 42
      vertex 41.1648 -10.5693 47
      vertex 41.1648 -10.5693 42
    endloop
  endfacet
  facet normal -0.960292 0.278997 0
    outer loop
      vertex 41.1648 -10.5693 47
      vertex 40.4199 -13.1332 42
      vertex 40.4199 -13.1332 47
    endloop
  endfacet
  facet normal 0.454017 -0.890993 0
    outer loop
      vertex -20.4745 37.243 42
      vertex -18.0956 38.4552 47
      vertex -20.4745 37.243 47
    endloop
  endfacet
  facet normal 0.454017 -0.890993 0
    outer loop
      vertex -18.0956 38.4552 47
      vertex -20.4745 37.243 42
      vertex -18.0956 38.4552 42
    endloop
  endfacet
  facet normal 0.454017 -0.890993 0
    outer loop
      vertex -20.4745 37.243 2.5
      vertex -18.0956 38.4552 40
      vertex -20.4745 37.243 40
    endloop
  endfacet
  facet normal 0.454017 -0.890993 0
    outer loop
      vertex -18.0956 38.4552 40
      vertex -20.4745 37.243 2.5
      vertex -18.0956 38.4552 2.5
    endloop
  endfacet
  facet normal 0.156446 -0.987686 0
    outer loop
      vertex -7.96371 41.7472 2.5
      vertex -5.32666 42.1649 40
      vertex -7.96371 41.7472 40
    endloop
  endfacet
  facet normal 0.156446 -0.987686 0
    outer loop
      vertex -5.32666 42.1649 40
      vertex -7.96371 41.7472 2.5
      vertex -5.32666 42.1649 2.5
    endloop
  endfacet
  facet normal 0.156446 -0.987686 0
    outer loop
      vertex -7.96371 41.7472 42
      vertex -5.32666 42.1649 47
      vertex -7.96371 41.7472 47
    endloop
  endfacet
  facet normal 0.156446 -0.987686 0
    outer loop
      vertex -5.32666 42.1649 47
      vertex -7.96371 41.7472 42
      vertex -5.32666 42.1649 42
    endloop
  endfacet
  facet normal 0.66129 -0.750131 0
    outer loop
      vertex -29.0933 30.9812 42
      vertex -27.0905 32.7468 47
      vertex -29.0933 30.9812 47
    endloop
  endfacet
  facet normal 0.66129 -0.750131 0
    outer loop
      vertex -27.0905 32.7468 47
      vertex -29.0933 30.9812 42
      vertex -27.0905 32.7468 42
    endloop
  endfacet
  facet normal 0.66129 -0.750131 0
    outer loop
      vertex -29.0933 30.9812 2.5
      vertex -27.0905 32.7468 40
      vertex -29.0933 30.9812 40
    endloop
  endfacet
  facet normal 0.66129 -0.750131 0
    outer loop
      vertex -27.0905 32.7468 40
      vertex -29.0933 30.9812 2.5
      vertex -27.0905 32.7468 2.5
    endloop
  endfacet
  facet normal -0.562068 -0.827091 0
    outer loop
      vertex 22.7726 35.8839 2.5
      vertex 24.9809 34.3832 40
      vertex 22.7726 35.8839 40
    endloop
  endfacet
  facet normal -0.562068 -0.827091 -0
    outer loop
      vertex 24.9809 34.3832 40
      vertex 22.7726 35.8839 2.5
      vertex 24.9809 34.3832 2.5
    endloop
  endfacet
  facet normal -0.562068 -0.827091 0
    outer loop
      vertex 22.7726 35.8839 42
      vertex 24.9809 34.3832 47
      vertex 22.7726 35.8839 47
    endloop
  endfacet
  facet normal -0.562068 -0.827091 -0
    outer loop
      vertex 24.9809 34.3832 47
      vertex 22.7726 35.8839 42
      vertex 24.9809 34.3832 42
    endloop
  endfacet
  facet normal -0.509043 0.860741 0
    outer loop
      vertex 22.7726 -35.8839 2.5
      vertex 20.4745 -37.243 40
      vertex 22.7726 -35.8839 40
    endloop
  endfacet
  facet normal -0.509043 0.860741 0
    outer loop
      vertex 20.4745 -37.243 40
      vertex 22.7726 -35.8839 2.5
      vertex 20.4745 -37.243 2.5
    endloop
  endfacet
  facet normal -0.509043 0.860741 0
    outer loop
      vertex 22.7726 -35.8839 42
      vertex 20.4745 -37.243 47
      vertex 22.7726 -35.8839 47
    endloop
  endfacet
  facet normal -0.509043 0.860741 0
    outer loop
      vertex 20.4745 -37.243 47
      vertex 22.7726 -35.8839 42
      vertex 20.4745 -37.243 42
    endloop
  endfacet
  facet normal -0.0314511 0.999505 0
    outer loop
      vertex 0 42.5 40
      vertex -0.75 42.4764 42
      vertex 0 42.5 42
    endloop
  endfacet
  facet normal -0.0314511 0.999505 0
    outer loop
      vertex -0.75 42.4764 42
      vertex 0 42.5 40
      vertex -0.75 42.4764 40
    endloop
  endfacet
  facet normal 0.0314137 -0.999506 0
    outer loop
      vertex -2.6686 42.4161 40
      vertex -0.75 42.4764 30
      vertex -0.75 42.4764 40
    endloop
  endfacet
  facet normal 0.0314137 -0.999506 0
    outer loop
      vertex -2.6686 42.4161 2.5
      vertex -0.75 42.4764 30
      vertex -2.6686 42.4161 40
    endloop
  endfacet
  facet normal 0.0314242 -0.999506 -7.34922e-07
    outer loop
      vertex 0 42.5 2.5
      vertex -0.75 42.4764 30
      vertex -2.6686 42.4161 2.5
    endloop
  endfacet
  facet normal 0.0314511 -0.999505 0
    outer loop
      vertex -0.75 42.4764 30
      vertex 0 42.5 2.5
      vertex 0 42.5 30
    endloop
  endfacet
  facet normal 0.0314242 -0.999506 1.01052e-05
    outer loop
      vertex -2.6686 42.4161 47
      vertex -0.75 42.4764 45
      vertex 0 42.5 47
    endloop
  endfacet
  facet normal 0.0314137 -0.999506 0
    outer loop
      vertex -2.6686 42.4161 42
      vertex -0.75 42.4764 45
      vertex -2.6686 42.4161 47
    endloop
  endfacet
  facet normal 0.0314137 -0.999506 0
    outer loop
      vertex -0.75 42.4764 45
      vertex -2.6686 42.4161 42
      vertex -0.75 42.4764 42
    endloop
  endfacet
  facet normal 0.0314511 -0.999505 0
    outer loop
      vertex 0 42.5 47
      vertex -0.75 42.4764 45
      vertex 0 42.5 45
    endloop
  endfacet
  facet normal -0.940882 0.338734 0
    outer loop
      vertex 39.5155 -15.6453 2.5
      vertex 40.4199 -13.1332 40
      vertex 40.4199 -13.1332 2.5
    endloop
  endfacet
  facet normal -0.940882 0.338734 0
    outer loop
      vertex 40.4199 -13.1332 40
      vertex 39.5155 -15.6453 2.5
      vertex 39.5155 -15.6453 40
    endloop
  endfacet
  facet normal -0.940882 0.338734 0
    outer loop
      vertex 39.5155 -15.6453 42
      vertex 40.4199 -13.1332 47
      vertex 40.4199 -13.1332 42
    endloop
  endfacet
  facet normal -0.940882 0.338734 0
    outer loop
      vertex 40.4199 -13.1332 47
      vertex 39.5155 -15.6453 42
      vertex 39.5155 -15.6453 47
    endloop
  endfacet
  facet normal -0.278997 0.960292 0
    outer loop
      vertex 13.1332 -40.4199 42
      vertex 10.5693 -41.1648 47
      vertex 13.1332 -40.4199 47
    endloop
  endfacet
  facet normal -0.278997 0.960292 0
    outer loop
      vertex 10.5693 -41.1648 47
      vertex 13.1332 -40.4199 42
      vertex 10.5693 -41.1648 42
    endloop
  endfacet
  facet normal -0.278997 0.960292 0
    outer loop
      vertex 13.1332 -40.4199 2.5
      vertex 10.5693 -41.1648 40
      vertex 13.1332 -40.4199 40
    endloop
  endfacet
  facet normal -0.278997 0.960292 0
    outer loop
      vertex 10.5693 -41.1648 40
      vertex 13.1332 -40.4199 2.5
      vertex 10.5693 -41.1648 2.5
    endloop
  endfacet
  facet normal -0.827091 0.562068 0
    outer loop
      vertex 34.3832 -24.9809 2.5
      vertex 35.8839 -22.7726 40
      vertex 35.8839 -22.7726 2.5
    endloop
  endfacet
  facet normal -0.827091 0.562068 0
    outer loop
      vertex 35.8839 -22.7726 40
      vertex 34.3832 -24.9809 2.5
      vertex 34.3832 -24.9809 40
    endloop
  endfacet
  facet normal -0.827091 0.562068 0
    outer loop
      vertex 34.3832 -24.9809 42
      vertex 35.8839 -22.7726 47
      vertex 35.8839 -22.7726 42
    endloop
  endfacet
  facet normal -0.827091 0.562068 0
    outer loop
      vertex 35.8839 -22.7726 47
      vertex 34.3832 -24.9809 42
      vertex 34.3832 -24.9809 47
    endloop
  endfacet
  facet normal 0.338734 0.940882 -0
    outer loop
      vertex -13.1332 -40.4199 42
      vertex -15.6453 -39.5155 47
      vertex -13.1332 -40.4199 47
    endloop
  endfacet
  facet normal 0.338734 0.940882 0
    outer loop
      vertex -15.6453 -39.5155 47
      vertex -13.1332 -40.4199 42
      vertex -15.6453 -39.5155 42
    endloop
  endfacet
  facet normal 0.338734 0.940882 -0
    outer loop
      vertex -13.1332 -40.4199 2.5
      vertex -15.6453 -39.5155 40
      vertex -13.1332 -40.4199 40
    endloop
  endfacet
  facet normal 0.338734 0.940882 0
    outer loop
      vertex -15.6453 -39.5155 40
      vertex -13.1332 -40.4199 2.5
      vertex -15.6453 -39.5155 2.5
    endloop
  endfacet
  facet normal -0.0314242 0.999506 1.01052e-05
    outer loop
      vertex 2.6686 -42.4161 47
      vertex 0.75 -42.4764 45
      vertex 0 -42.5 47
    endloop
  endfacet
  facet normal -0.0314137 0.999506 0
    outer loop
      vertex 2.6686 -42.4161 42
      vertex 0.75 -42.4764 45
      vertex 2.6686 -42.4161 47
    endloop
  endfacet
  facet normal -0.0314137 0.999506 0
    outer loop
      vertex 0.75 -42.4764 45
      vertex 2.6686 -42.4161 42
      vertex 0.75 -42.4764 42
    endloop
  endfacet
  facet normal -0.0314511 0.999505 0
    outer loop
      vertex 0 -42.5 47
      vertex 0.75 -42.4764 45
      vertex 0 -42.5 45
    endloop
  endfacet
  facet normal 0.0314511 -0.999505 0
    outer loop
      vertex 0 -42.5 40
      vertex 0.75 -42.4764 42
      vertex 0 -42.5 42
    endloop
  endfacet
  facet normal 0.0314511 -0.999505 0
    outer loop
      vertex 0.75 -42.4764 42
      vertex 0 -42.5 40
      vertex 0.75 -42.4764 40
    endloop
  endfacet
  facet normal -0.0314137 0.999506 0
    outer loop
      vertex 2.6686 -42.4161 40
      vertex 0.75 -42.4764 30
      vertex 0.75 -42.4764 40
    endloop
  endfacet
  facet normal -0.0314137 0.999506 0
    outer loop
      vertex 2.6686 -42.4161 2.5
      vertex 0.75 -42.4764 30
      vertex 2.6686 -42.4161 40
    endloop
  endfacet
  facet normal -0.0314242 0.999506 -7.34922e-07
    outer loop
      vertex 0 -42.5 2.5
      vertex 0.75 -42.4764 30
      vertex 2.6686 -42.4161 2.5
    endloop
  endfacet
  facet normal -0.0314511 0.999505 0
    outer loop
      vertex 0.75 -42.4764 30
      vertex 0 -42.5 2.5
      vertex 0 -42.5 30
    endloop
  endfacet
  facet normal 0.827091 -0.562068 0
    outer loop
      vertex -35.8839 22.7726 47
      vertex -34.3832 24.9809 42
      vertex -34.3832 24.9809 47
    endloop
  endfacet
  facet normal 0.827091 -0.562068 0
    outer loop
      vertex -34.3832 24.9809 42
      vertex -35.8839 22.7726 47
      vertex -35.8839 22.7726 42
    endloop
  endfacet
  facet normal 0.827091 -0.562068 0
    outer loop
      vertex -35.8839 22.7726 40
      vertex -34.3832 24.9809 2.5
      vertex -34.3832 24.9809 40
    endloop
  endfacet
  facet normal 0.827091 -0.562068 0
    outer loop
      vertex -34.3832 24.9809 2.5
      vertex -35.8839 22.7726 40
      vertex -35.8839 22.7726 2.5
    endloop
  endfacet
  facet normal -0.707192 0.707021 0
    outer loop
      vertex 29.5069 -30.5675 42
      vertex 29.0933 -30.9812 42
      vertex 29.5069 -30.5675 45
    endloop
  endfacet
  facet normal -0.707021 0.707192 0
    outer loop
      vertex 30.5675 -29.5069 45
      vertex 30.9812 -29.0933 42
      vertex 30.5675 -29.5069 42
    endloop
  endfacet
  facet normal -0.707021 0.707192 0
    outer loop
      vertex 30.9812 -29.0933 42
      vertex 30.5675 -29.5069 45
      vertex 30.9812 -29.0933 47
    endloop
  endfacet
  facet normal -0.707107 0.707107 3.53553e-05
    outer loop
      vertex 29.5069 -30.5675 45
      vertex 30.9812 -29.0933 47
      vertex 30.5675 -29.5069 45
    endloop
  endfacet
  facet normal -0.707107 0.707107 3.53553e-05
    outer loop
      vertex 29.5069 -30.5675 45
      vertex 29.0933 -30.9812 47
      vertex 30.9812 -29.0933 47
    endloop
  endfacet
  facet normal -0.707192 0.707021 0
    outer loop
      vertex 29.0933 -30.9812 47
      vertex 29.5069 -30.5675 45
      vertex 29.0933 -30.9812 42
    endloop
  endfacet
  facet normal -0.707021 0.707192 0
    outer loop
      vertex 30.9812 -29.0933 2.5
      vertex 30.5675 -29.5069 30
      vertex 30.9812 -29.0933 40
    endloop
  endfacet
  facet normal -0.707107 0.707107 -2.5713e-06
    outer loop
      vertex 30.9812 -29.0933 2.5
      vertex 29.5069 -30.5675 30
      vertex 30.5675 -29.5069 30
    endloop
  endfacet
  facet normal -0.707107 0.707107 -2.5713e-06
    outer loop
      vertex 29.0933 -30.9812 2.5
      vertex 29.5069 -30.5675 30
      vertex 30.9812 -29.0933 2.5
    endloop
  endfacet
  facet normal -0.707192 0.707021 0
    outer loop
      vertex 29.0933 -30.9812 40
      vertex 29.5069 -30.5675 30
      vertex 29.0933 -30.9812 2.5
    endloop
  endfacet
  facet normal -0.707192 0.707021 0
    outer loop
      vertex 29.5069 -30.5675 30
      vertex 29.0933 -30.9812 40
      vertex 29.5069 -30.5675 40
    endloop
  endfacet
  facet normal -0.707021 0.707192 0
    outer loop
      vertex 30.9812 -29.0933 40
      vertex 30.5675 -29.5069 30
      vertex 30.5675 -29.5069 40
    endloop
  endfacet
  facet normal 0.707107 -0.707107 0
    outer loop
      vertex 29.5069 -30.5675 42
      vertex 30.5675 -29.5069 40
      vertex 30.5675 -29.5069 42
    endloop
  endfacet
  facet normal 0.707107 -0.707107 0
    outer loop
      vertex 30.5675 -29.5069 40
      vertex 29.5069 -30.5675 42
      vertex 29.5069 -30.5675 40
    endloop
  endfacet
  facet normal -0.940882 -0.338734 0
    outer loop
      vertex 40.4199 13.1332 42
      vertex 39.5155 15.6453 47
      vertex 39.5155 15.6453 42
    endloop
  endfacet
  facet normal -0.940882 -0.338734 0
    outer loop
      vertex 39.5155 15.6453 47
      vertex 40.4199 13.1332 42
      vertex 40.4199 13.1332 47
    endloop
  endfacet
  facet normal -0.940882 -0.338734 0
    outer loop
      vertex 40.4199 13.1332 2.5
      vertex 39.5155 15.6453 40
      vertex 39.5155 15.6453 2.5
    endloop
  endfacet
  facet normal -0.940882 -0.338734 0
    outer loop
      vertex 39.5155 15.6453 40
      vertex 40.4199 13.1332 2.5
      vertex 40.4199 13.1332 40
    endloop
  endfacet
  facet normal -0.890993 0.454017 0
    outer loop
      vertex 37.243 -20.4745 2.5
      vertex 38.4552 -18.0956 40
      vertex 38.4552 -18.0956 2.5
    endloop
  endfacet
  facet normal -0.890993 0.454017 0
    outer loop
      vertex 38.4552 -18.0956 40
      vertex 37.243 -20.4745 2.5
      vertex 37.243 -20.4745 40
    endloop
  endfacet
  facet normal -0.890993 0.454017 0
    outer loop
      vertex 37.243 -20.4745 42
      vertex 38.4552 -18.0956 47
      vertex 38.4552 -18.0956 42
    endloop
  endfacet
  facet normal -0.890993 0.454017 0
    outer loop
      vertex 38.4552 -18.0956 47
      vertex 37.243 -20.4745 42
      vertex 37.243 -20.4745 47
    endloop
  endfacet
  facet normal -0.397135 -0.91776 0
    outer loop
      vertex 15.6453 39.5155 2.5
      vertex 18.0956 38.4552 40
      vertex 15.6453 39.5155 40
    endloop
  endfacet
  facet normal -0.397135 -0.91776 -0
    outer loop
      vertex 18.0956 38.4552 40
      vertex 15.6453 39.5155 2.5
      vertex 18.0956 38.4552 2.5
    endloop
  endfacet
  facet normal -0.397135 -0.91776 0
    outer loop
      vertex 15.6453 39.5155 42
      vertex 18.0956 38.4552 47
      vertex 15.6453 39.5155 47
    endloop
  endfacet
  facet normal -0.397135 -0.91776 -0
    outer loop
      vertex 18.0956 38.4552 47
      vertex 15.6453 39.5155 42
      vertex 18.0956 38.4552 42
    endloop
  endfacet
  facet normal -0.860741 -0.509043 0
    outer loop
      vertex 37.243 20.4745 2.5
      vertex 35.8839 22.7726 40
      vertex 35.8839 22.7726 2.5
    endloop
  endfacet
  facet normal -0.860741 -0.509043 0
    outer loop
      vertex 35.8839 22.7726 40
      vertex 37.243 20.4745 2.5
      vertex 37.243 20.4745 40
    endloop
  endfacet
  facet normal -0.860741 -0.509043 0
    outer loop
      vertex 37.243 20.4745 42
      vertex 35.8839 22.7726 47
      vertex 35.8839 22.7726 42
    endloop
  endfacet
  facet normal -0.860741 -0.509043 0
    outer loop
      vertex 35.8839 22.7726 47
      vertex 37.243 20.4745 42
      vertex 37.243 20.4745 47
    endloop
  endfacet
  facet normal 0.91776 0.397135 0
    outer loop
      vertex -38.4552 -18.0956 40
      vertex -39.5155 -15.6453 2.5
      vertex -39.5155 -15.6453 40
    endloop
  endfacet
  facet normal 0.91776 0.397135 0
    outer loop
      vertex -39.5155 -15.6453 2.5
      vertex -38.4552 -18.0956 40
      vertex -38.4552 -18.0956 2.5
    endloop
  endfacet
  facet normal 0.91776 0.397135 0
    outer loop
      vertex -38.4552 -18.0956 47
      vertex -39.5155 -15.6453 42
      vertex -39.5155 -15.6453 47
    endloop
  endfacet
  facet normal 0.91776 0.397135 0
    outer loop
      vertex -39.5155 -15.6453 42
      vertex -38.4552 -18.0956 47
      vertex -38.4552 -18.0956 42
    endloop
  endfacet
  facet normal -0.79015 0.612913 0
    outer loop
      vertex 32.7468 -27.0905 2.5
      vertex 34.3832 -24.9809 40
      vertex 34.3832 -24.9809 2.5
    endloop
  endfacet
  facet normal -0.79015 0.612913 0
    outer loop
      vertex 34.3832 -24.9809 40
      vertex 32.7468 -27.0905 2.5
      vertex 32.7468 -27.0905 40
    endloop
  endfacet
  facet normal -0.79015 0.612913 0
    outer loop
      vertex 32.7468 -27.0905 42
      vertex 34.3832 -24.9809 47
      vertex 34.3832 -24.9809 42
    endloop
  endfacet
  facet normal -0.79015 0.612913 0
    outer loop
      vertex 34.3832 -24.9809 47
      vertex 32.7468 -27.0905 42
      vertex 32.7468 -27.0905 47
    endloop
  endfacet
  facet normal 0.707021 0.707192 0
    outer loop
      vertex -30.9812 -29.0933 47
      vertex -30.5675 -29.5069 45
      vertex -30.9812 -29.0933 42
    endloop
  endfacet
  facet normal 0.707107 0.707107 3.53553e-05
    outer loop
      vertex -30.9812 -29.0933 47
      vertex -29.5069 -30.5675 45
      vertex -30.5675 -29.5069 45
    endloop
  endfacet
  facet normal 0.707107 0.707107 3.53553e-05
    outer loop
      vertex -29.0933 -30.9812 47
      vertex -29.5069 -30.5675 45
      vertex -30.9812 -29.0933 47
    endloop
  endfacet
  facet normal 0.707192 0.707021 -0
    outer loop
      vertex -29.0933 -30.9812 42
      vertex -29.5069 -30.5675 45
      vertex -29.0933 -30.9812 47
    endloop
  endfacet
  facet normal 0.707192 0.707021 0
    outer loop
      vertex -29.5069 -30.5675 45
      vertex -29.0933 -30.9812 42
      vertex -29.5069 -30.5675 42
    endloop
  endfacet
  facet normal 0.707021 0.707192 0
    outer loop
      vertex -30.9812 -29.0933 42
      vertex -30.5675 -29.5069 45
      vertex -30.5675 -29.5069 42
    endloop
  endfacet
  facet normal 0.707192 0.707021 0
    outer loop
      vertex -29.5069 -30.5675 40
      vertex -29.0933 -30.9812 40
      vertex -29.5069 -30.5675 30
    endloop
  endfacet
  facet normal 0.707021 0.707192 -0
    outer loop
      vertex -30.5675 -29.5069 30
      vertex -30.9812 -29.0933 40
      vertex -30.5675 -29.5069 40
    endloop
  endfacet
  facet normal 0.707021 0.707192 0
    outer loop
      vertex -30.9812 -29.0933 40
      vertex -30.5675 -29.5069 30
      vertex -30.9812 -29.0933 2.5
    endloop
  endfacet
  facet normal 0.707107 0.707107 -2.5713e-06
    outer loop
      vertex -29.5069 -30.5675 30
      vertex -30.9812 -29.0933 2.5
      vertex -30.5675 -29.5069 30
    endloop
  endfacet
  facet normal 0.707107 0.707107 -2.5713e-06
    outer loop
      vertex -29.5069 -30.5675 30
      vertex -29.0933 -30.9812 2.5
      vertex -30.9812 -29.0933 2.5
    endloop
  endfacet
  facet normal 0.707192 0.707021 -0
    outer loop
      vertex -29.0933 -30.9812 2.5
      vertex -29.5069 -30.5675 30
      vertex -29.0933 -30.9812 40
    endloop
  endfacet
  facet normal -0.707107 -0.707107 0
    outer loop
      vertex -29.5069 -30.5675 40
      vertex -30.5675 -29.5069 42
      vertex -30.5675 -29.5069 40
    endloop
  endfacet
  facet normal -0.707107 -0.707107 0
    outer loop
      vertex -30.5675 -29.5069 42
      vertex -29.5069 -30.5675 40
      vertex -29.5069 -30.5675 42
    endloop
  endfacet
  facet normal -0.0314511 -0.999505 0
    outer loop
      vertex 0.75 42.4764 45
      vertex 0 42.5 47
      vertex 0 42.5 45
    endloop
  endfacet
  facet normal -0.0314242 -0.999506 1.01052e-05
    outer loop
      vertex 0 42.5 47
      vertex 0.75 42.4764 45
      vertex 2.6686 42.4161 47
    endloop
  endfacet
  facet normal -0.0314137 -0.999506 0
    outer loop
      vertex 2.6686 42.4161 42
      vertex 0.75 42.4764 45
      vertex 0.75 42.4764 42
    endloop
  endfacet
  facet normal -0.0314137 -0.999506 0
    outer loop
      vertex 0.75 42.4764 45
      vertex 2.6686 42.4161 42
      vertex 2.6686 42.4161 47
    endloop
  endfacet
  facet normal -0.0314511 -0.999505 -0
    outer loop
      vertex 0 42.5 30
      vertex 0 42.5 2.5
      vertex 0.75 42.4764 30
    endloop
  endfacet
  facet normal -0.0314137 -0.999506 0
    outer loop
      vertex 0.75 42.4764 30
      vertex 2.6686 42.4161 40
      vertex 0.75 42.4764 40
    endloop
  endfacet
  facet normal -0.0314242 -0.999506 -7.34922e-07
    outer loop
      vertex 2.6686 42.4161 2.5
      vertex 0.75 42.4764 30
      vertex 0 42.5 2.5
    endloop
  endfacet
  facet normal -0.0314137 -0.999506 0
    outer loop
      vertex 0.75 42.4764 30
      vertex 2.6686 42.4161 2.5
      vertex 2.6686 42.4161 40
    endloop
  endfacet
  facet normal 0.0314511 0.999505 -0
    outer loop
      vertex 0.75 42.4764 40
      vertex 0 42.5 42
      vertex 0.75 42.4764 42
    endloop
  endfacet
  facet normal 0.0314511 0.999505 0
    outer loop
      vertex 0 42.5 42
      vertex 0.75 42.4764 40
      vertex 0 42.5 40
    endloop
  endfacet
  facet normal 0.0940858 0.995564 -0
    outer loop
      vertex -2.6686 -42.4161 2.5
      vertex -5.32666 -42.1649 40
      vertex -2.6686 -42.4161 40
    endloop
  endfacet
  facet normal 0.0940858 0.995564 0
    outer loop
      vertex -5.32666 -42.1649 40
      vertex -2.6686 -42.4161 2.5
      vertex -5.32666 -42.1649 2.5
    endloop
  endfacet
  facet normal 0.0940858 0.995564 -0
    outer loop
      vertex -2.6686 -42.4161 42
      vertex -5.32666 -42.1649 47
      vertex -2.6686 -42.4161 47
    endloop
  endfacet
  facet normal 0.0940858 0.995564 0
    outer loop
      vertex -5.32666 -42.1649 47
      vertex -2.6686 -42.4161 42
      vertex -5.32666 -42.1649 42
    endloop
  endfacet
  facet normal 0.66129 0.750131 -0
    outer loop
      vertex -27.0905 -32.7468 2.5
      vertex -29.0933 -30.9812 40
      vertex -27.0905 -32.7468 40
    endloop
  endfacet
  facet normal 0.66129 0.750131 0
    outer loop
      vertex -29.0933 -30.9812 40
      vertex -27.0905 -32.7468 2.5
      vertex -29.0933 -30.9812 2.5
    endloop
  endfacet
  facet normal 0.66129 0.750131 -0
    outer loop
      vertex -27.0905 -32.7468 42
      vertex -29.0933 -30.9812 47
      vertex -27.0905 -32.7468 47
    endloop
  endfacet
  facet normal 0.66129 0.750131 0
    outer loop
      vertex -29.0933 -30.9812 47
      vertex -27.0905 -32.7468 42
      vertex -29.0933 -30.9812 42
    endloop
  endfacet
  facet normal -0.0940858 -0.995564 0
    outer loop
      vertex 2.6686 42.4161 42
      vertex 5.32666 42.1649 47
      vertex 2.6686 42.4161 47
    endloop
  endfacet
  facet normal -0.0940858 -0.995564 -0
    outer loop
      vertex 5.32666 42.1649 47
      vertex 2.6686 42.4161 42
      vertex 5.32666 42.1649 42
    endloop
  endfacet
  facet normal -0.0940858 -0.995564 0
    outer loop
      vertex 2.6686 42.4161 2.5
      vertex 5.32666 42.1649 40
      vertex 2.6686 42.4161 40
    endloop
  endfacet
  facet normal -0.0940858 -0.995564 -0
    outer loop
      vertex 5.32666 42.1649 40
      vertex 2.6686 42.4161 2.5
      vertex 5.32666 42.1649 2.5
    endloop
  endfacet
  facet normal -0.338734 0.940882 0
    outer loop
      vertex 15.6453 -39.5155 42
      vertex 13.1332 -40.4199 47
      vertex 15.6453 -39.5155 47
    endloop
  endfacet
  facet normal -0.338734 0.940882 0
    outer loop
      vertex 13.1332 -40.4199 47
      vertex 15.6453 -39.5155 42
      vertex 13.1332 -40.4199 42
    endloop
  endfacet
  facet normal -0.338734 0.940882 0
    outer loop
      vertex 15.6453 -39.5155 2.5
      vertex 13.1332 -40.4199 40
      vertex 15.6453 -39.5155 40
    endloop
  endfacet
  facet normal -0.338734 0.940882 0
    outer loop
      vertex 13.1332 -40.4199 40
      vertex 15.6453 -39.5155 2.5
      vertex 13.1332 -40.4199 2.5
    endloop
  endfacet
  facet normal 0.750131 0.66129 0
    outer loop
      vertex -30.9812 -29.0933 47
      vertex -32.7468 -27.0905 42
      vertex -32.7468 -27.0905 47
    endloop
  endfacet
  facet normal 0.750131 0.66129 0
    outer loop
      vertex -32.7468 -27.0905 42
      vertex -30.9812 -29.0933 47
      vertex -30.9812 -29.0933 42
    endloop
  endfacet
  facet normal 0.750131 0.66129 0
    outer loop
      vertex -30.9812 -29.0933 40
      vertex -32.7468 -27.0905 2.5
      vertex -32.7468 -27.0905 40
    endloop
  endfacet
  facet normal 0.750131 0.66129 0
    outer loop
      vertex -32.7468 -27.0905 2.5
      vertex -30.9812 -29.0933 40
      vertex -30.9812 -29.0933 2.5
    endloop
  endfacet
  facet normal -0.0940858 0.995564 0
    outer loop
      vertex 5.32666 -42.1649 42
      vertex 2.6686 -42.4161 47
      vertex 5.32666 -42.1649 47
    endloop
  endfacet
  facet normal -0.0940858 0.995564 0
    outer loop
      vertex 2.6686 -42.4161 47
      vertex 5.32666 -42.1649 42
      vertex 2.6686 -42.4161 42
    endloop
  endfacet
  facet normal -0.0940858 0.995564 0
    outer loop
      vertex 5.32666 -42.1649 2.5
      vertex 2.6686 -42.4161 40
      vertex 5.32666 -42.1649 40
    endloop
  endfacet
  facet normal -0.0940858 0.995564 0
    outer loop
      vertex 2.6686 -42.4161 40
      vertex 5.32666 -42.1649 2.5
      vertex 2.6686 -42.4161 2.5
    endloop
  endfacet
  facet normal 0.999505 0.0314511 0
    outer loop
      vertex -42.5 0 47
      vertex -42.4764 -0.75 45
      vertex -42.5 0 45
    endloop
  endfacet
  facet normal 0.999506 0.0314242 1.01052e-05
    outer loop
      vertex -42.4161 -2.6686 47
      vertex -42.4764 -0.75 45
      vertex -42.5 0 47
    endloop
  endfacet
  facet normal 0.999506 0.0314137 -0
    outer loop
      vertex -42.4161 -2.6686 42
      vertex -42.4764 -0.75 45
      vertex -42.4161 -2.6686 47
    endloop
  endfacet
  facet normal 0.999506 0.0314137 0
    outer loop
      vertex -42.4764 -0.75 45
      vertex -42.4161 -2.6686 42
      vertex -42.4764 -0.75 42
    endloop
  endfacet
  facet normal -0.999505 -0.0314511 0
    outer loop
      vertex -42.4764 -0.75 40
      vertex -42.5 0 42
      vertex -42.5 0 40
    endloop
  endfacet
  facet normal -0.999505 -0.0314511 0
    outer loop
      vertex -42.5 0 42
      vertex -42.4764 -0.75 40
      vertex -42.4764 -0.75 42
    endloop
  endfacet
  facet normal 0.999506 0.0314137 0
    outer loop
      vertex -42.4764 -0.75 40
      vertex -42.4161 -2.6686 40
      vertex -42.4764 -0.75 30
    endloop
  endfacet
  facet normal 0.999505 0.0314511 0
    outer loop
      vertex -42.4764 -0.75 30
      vertex -42.5 0 2.5
      vertex -42.5 0 30
    endloop
  endfacet
  facet normal 0.999506 0.0314137 -0
    outer loop
      vertex -42.4161 -2.6686 2.5
      vertex -42.4764 -0.75 30
      vertex -42.4161 -2.6686 40
    endloop
  endfacet
  facet normal 0.999506 0.0314242 -7.34922e-07
    outer loop
      vertex -42.4764 -0.75 30
      vertex -42.4161 -2.6686 2.5
      vertex -42.5 0 2.5
    endloop
  endfacet
  facet normal -0.66129 0.750131 0
    outer loop
      vertex 29.0933 -30.9812 2.5
      vertex 27.0905 -32.7468 40
      vertex 29.0933 -30.9812 40
    endloop
  endfacet
  facet normal -0.66129 0.750131 0
    outer loop
      vertex 27.0905 -32.7468 40
      vertex 29.0933 -30.9812 2.5
      vertex 27.0905 -32.7468 2.5
    endloop
  endfacet
  facet normal -0.66129 0.750131 0
    outer loop
      vertex 29.0933 -30.9812 42
      vertex 27.0905 -32.7468 47
      vertex 29.0933 -30.9812 47
    endloop
  endfacet
  facet normal -0.66129 0.750131 0
    outer loop
      vertex 27.0905 -32.7468 47
      vertex 29.0933 -30.9812 42
      vertex 27.0905 -32.7468 42
    endloop
  endfacet
  facet normal 0.940882 -0.338734 0
    outer loop
      vertex -40.4199 13.1332 47
      vertex -39.5155 15.6453 42
      vertex -39.5155 15.6453 47
    endloop
  endfacet
  facet normal 0.940882 -0.338734 0
    outer loop
      vertex -39.5155 15.6453 42
      vertex -40.4199 13.1332 47
      vertex -40.4199 13.1332 42
    endloop
  endfacet
  facet normal 0.940882 -0.338734 0
    outer loop
      vertex -40.4199 13.1332 40
      vertex -39.5155 15.6453 2.5
      vertex -39.5155 15.6453 40
    endloop
  endfacet
  facet normal 0.940882 -0.338734 0
    outer loop
      vertex -39.5155 15.6453 2.5
      vertex -40.4199 13.1332 40
      vertex -40.4199 13.1332 2.5
    endloop
  endfacet
  facet normal -0.509043 -0.860741 0
    outer loop
      vertex 20.4745 37.243 42
      vertex 22.7726 35.8839 47
      vertex 20.4745 37.243 47
    endloop
  endfacet
  facet normal -0.509043 -0.860741 -0
    outer loop
      vertex 22.7726 35.8839 47
      vertex 20.4745 37.243 42
      vertex 22.7726 35.8839 42
    endloop
  endfacet
  facet normal -0.509043 -0.860741 0
    outer loop
      vertex 20.4745 37.243 2.5
      vertex 22.7726 35.8839 40
      vertex 20.4745 37.243 40
    endloop
  endfacet
  facet normal -0.509043 -0.860741 -0
    outer loop
      vertex 22.7726 35.8839 40
      vertex 20.4745 37.243 2.5
      vertex 22.7726 35.8839 2.5
    endloop
  endfacet
  facet normal -0.278997 -0.960292 0
    outer loop
      vertex 10.5693 41.1648 42
      vertex 13.1332 40.4199 47
      vertex 10.5693 41.1648 47
    endloop
  endfacet
  facet normal -0.278997 -0.960292 -0
    outer loop
      vertex 13.1332 40.4199 47
      vertex 10.5693 41.1648 42
      vertex 13.1332 40.4199 42
    endloop
  endfacet
  facet normal -0.278997 -0.960292 0
    outer loop
      vertex 10.5693 41.1648 2.5
      vertex 13.1332 40.4199 40
      vertex 10.5693 41.1648 40
    endloop
  endfacet
  facet normal -0.278997 -0.960292 -0
    outer loop
      vertex 13.1332 40.4199 40
      vertex 10.5693 41.1648 2.5
      vertex 13.1332 40.4199 2.5
    endloop
  endfacet
  facet normal -0.860741 0.509043 0
    outer loop
      vertex 35.8839 -22.7726 2.5
      vertex 37.243 -20.4745 40
      vertex 37.243 -20.4745 2.5
    endloop
  endfacet
  facet normal -0.860741 0.509043 0
    outer loop
      vertex 37.243 -20.4745 40
      vertex 35.8839 -22.7726 2.5
      vertex 35.8839 -22.7726 40
    endloop
  endfacet
  facet normal -0.860741 0.509043 0
    outer loop
      vertex 35.8839 -22.7726 42
      vertex 37.243 -20.4745 47
      vertex 37.243 -20.4745 42
    endloop
  endfacet
  facet normal -0.860741 0.509043 0
    outer loop
      vertex 37.243 -20.4745 47
      vertex 35.8839 -22.7726 42
      vertex 35.8839 -22.7726 47
    endloop
  endfacet
  facet normal 0.278997 0.960292 -0
    outer loop
      vertex -10.5693 -41.1648 42
      vertex -13.1332 -40.4199 47
      vertex -10.5693 -41.1648 47
    endloop
  endfacet
  facet normal 0.278997 0.960292 0
    outer loop
      vertex -13.1332 -40.4199 47
      vertex -10.5693 -41.1648 42
      vertex -13.1332 -40.4199 42
    endloop
  endfacet
  facet normal 0.278997 0.960292 -0
    outer loop
      vertex -10.5693 -41.1648 2.5
      vertex -13.1332 -40.4199 40
      vertex -10.5693 -41.1648 40
    endloop
  endfacet
  facet normal 0.278997 0.960292 0
    outer loop
      vertex -13.1332 -40.4199 40
      vertex -10.5693 -41.1648 2.5
      vertex -13.1332 -40.4199 2.5
    endloop
  endfacet
  facet normal -0.995564 0.0940858 0
    outer loop
      vertex 42.1649 -5.32666 42
      vertex 42.4161 -2.6686 47
      vertex 42.4161 -2.6686 42
    endloop
  endfacet
  facet normal -0.995564 0.0940858 0
    outer loop
      vertex 42.4161 -2.6686 47
      vertex 42.1649 -5.32666 42
      vertex 42.1649 -5.32666 47
    endloop
  endfacet
  facet normal -0.995565 0.0940735 0
    outer loop
      vertex 42.4161 -2.6686 2.5
      vertex 42.1958 -5 15
      vertex 42.4161 -2.6686 15
    endloop
  endfacet
  facet normal -0.995556 0.0941734 0
    outer loop
      vertex 42.1958 -5 15
      vertex 42.1649 -5.32666 2.5
      vertex 42.1958 -5 20
    endloop
  endfacet
  facet normal -0.995564 0.0940858 2.30906e-06
    outer loop
      vertex 42.1649 -5.32666 2.5
      vertex 42.1958 -5 15
      vertex 42.4161 -2.6686 2.5
    endloop
  endfacet
  facet normal -0.995565 0.0940735 0
    outer loop
      vertex 42.1958 -5 20
      vertex 42.4161 -2.6686 40
      vertex 42.4161 -2.6686 20
    endloop
  endfacet
  facet normal -0.995564 0.0940858 -1.44316e-06
    outer loop
      vertex 42.1958 -5 20
      vertex 42.1649 -5.32666 40
      vertex 42.4161 -2.6686 40
    endloop
  endfacet
  facet normal -0.995556 0.0941734 0
    outer loop
      vertex 42.1649 -5.32666 40
      vertex 42.1958 -5 20
      vertex 42.1649 -5.32666 2.5
    endloop
  endfacet
  facet normal 0.562068 0.827091 -0
    outer loop
      vertex -22.7726 -35.8839 42
      vertex -24.9809 -34.3832 47
      vertex -22.7726 -35.8839 47
    endloop
  endfacet
  facet normal 0.562068 0.827091 0
    outer loop
      vertex -24.9809 -34.3832 47
      vertex -22.7726 -35.8839 42
      vertex -24.9809 -34.3832 42
    endloop
  endfacet
  facet normal 0.562068 0.827091 -0
    outer loop
      vertex -22.7726 -35.8839 2.5
      vertex -24.9809 -34.3832 40
      vertex -22.7726 -35.8839 40
    endloop
  endfacet
  facet normal 0.562068 0.827091 0
    outer loop
      vertex -24.9809 -34.3832 40
      vertex -22.7726 -35.8839 2.5
      vertex -24.9809 -34.3832 2.5
    endloop
  endfacet
  facet normal -0.827091 -0.562068 0
    outer loop
      vertex 35.8839 22.7726 2.5
      vertex 34.3832 24.9809 40
      vertex 34.3832 24.9809 2.5
    endloop
  endfacet
  facet normal -0.827091 -0.562068 0
    outer loop
      vertex 34.3832 24.9809 40
      vertex 35.8839 22.7726 2.5
      vertex 35.8839 22.7726 40
    endloop
  endfacet
  facet normal -0.827091 -0.562068 0
    outer loop
      vertex 35.8839 22.7726 42
      vertex 34.3832 24.9809 47
      vertex 34.3832 24.9809 42
    endloop
  endfacet
  facet normal -0.827091 -0.562068 0
    outer loop
      vertex 34.3832 24.9809 47
      vertex 35.8839 22.7726 42
      vertex 35.8839 22.7726 47
    endloop
  endfacet
  facet normal 0 0 1
    outer loop
      vertex 42.4161 2.6686 2.5
      vertex 42.4161 -2.6686 2.5
      vertex 42.5 0 2.5
    endloop
  endfacet
  facet normal 0 0 1
    outer loop
      vertex 39.5 14.7 2.5
      vertex 42.4161 2.6686 2.5
      vertex 42.1649 5.32666 2.5
    endloop
  endfacet
  facet normal 0 0 1
    outer loop
      vertex 42.4161 2.6686 2.5
      vertex 39.5 14.7 2.5
      vertex 42.4161 -2.6686 2.5
    endloop
  endfacet
  facet normal 0 0 1
    outer loop
      vertex 39.5 14.7 2.5
      vertex 42.1649 5.32666 2.5
      vertex 41.7472 7.96371 2.5
    endloop
  endfacet
  facet normal 0 0 1
    outer loop
      vertex 39.5 -14.7 2.5
      vertex 42.4161 -2.6686 2.5
      vertex 39.5 14.7 2.5
    endloop
  endfacet
  facet normal 0 0 1
    outer loop
      vertex 39.5 14.7 2.5
      vertex 41.7472 7.96371 2.5
      vertex 41.1648 10.5693 2.5
    endloop
  endfacet
  facet normal 0 0 1
    outer loop
      vertex 42.4161 -2.6686 2.5
      vertex 39.5 -14.7 2.5
      vertex 42.1649 -5.32666 2.5
    endloop
  endfacet
  facet normal 0 0 1
    outer loop
      vertex 39.5 14.7 2.5
      vertex 41.1648 10.5693 2.5
      vertex 40.4199 13.1332 2.5
    endloop
  endfacet
  facet normal 0 0 1
    outer loop
      vertex 42.1649 -5.32666 2.5
      vertex 39.5 -14.7 2.5
      vertex 41.7472 -7.96371 2.5
    endloop
  endfacet
  facet normal -0 0 1
    outer loop
      vertex 39.5 14.7 2.5
      vertex 40.4199 13.1332 2.5
      vertex 39.5155 15.6453 2.5
    endloop
  endfacet
  facet normal 0 0 1
    outer loop
      vertex 41.7472 -7.96371 2.5
      vertex 39.5 -14.7 2.5
      vertex 41.1648 -10.5693 2.5
    endloop
  endfacet
  facet normal 0 0 1
    outer loop
      vertex 41.1648 -10.5693 2.5
      vertex 39.5 -14.7 2.5
      vertex 40.4199 -13.1332 2.5
    endloop
  endfacet
  facet normal 0 0 1
    outer loop
      vertex 38.4552 18.0956 2.5
      vertex 39.5 14.7 2.5
      vertex 39.5155 15.6453 2.5
    endloop
  endfacet
  facet normal 0 0 1
    outer loop
      vertex 37.243 20.4745 2.5
      vertex 39.5 14.7 2.5
      vertex 38.4552 18.0956 2.5
    endloop
  endfacet
  facet normal 0 0 1
    outer loop
      vertex 35.8839 22.7726 2.5
      vertex 39.5 14.7 2.5
      vertex 37.243 20.4745 2.5
    endloop
  endfacet
  facet normal 0 0 1
    outer loop
      vertex -15.3 14.7 2.5
      vertex 35.8839 22.7726 2.5
      vertex 34.3832 24.9809 2.5
    endloop
  endfacet
  facet normal 0 0 1
    outer loop
      vertex -15.3 14.7 2.5
      vertex 34.3832 24.9809 2.5
      vertex 32.7468 27.0905 2.5
    endloop
  endfacet
  facet normal 0 0 1
    outer loop
      vertex -15.3 14.7 2.5
      vertex 32.7468 27.0905 2.5
      vertex 30.9812 29.0933 2.5
    endloop
  endfacet
  facet normal 0 0 1
    outer loop
      vertex -15.3 14.7 2.5
      vertex 30.9812 29.0933 2.5
      vertex 29.0933 30.9812 2.5
    endloop
  endfacet
  facet normal 0 0 1
    outer loop
      vertex -15.3 14.7 2.5
      vertex 29.0933 30.9812 2.5
      vertex 27.0905 32.7468 2.5
    endloop
  endfacet
  facet normal 0 0 1
    outer loop
      vertex -15.3 14.7 2.5
      vertex 27.0905 32.7468 2.5
      vertex 24.9809 34.3832 2.5
    endloop
  endfacet
  facet normal 0 0 1
    outer loop
      vertex -15.3 14.7 2.5
      vertex 24.9809 34.3832 2.5
      vertex 22.7726 35.8839 2.5
    endloop
  endfacet
  facet normal 0 0 1
    outer loop
      vertex -15.3 14.7 2.5
      vertex 22.7726 35.8839 2.5
      vertex 20.4745 37.243 2.5
    endloop
  endfacet
  facet normal 0 0 1
    outer loop
      vertex -15.3 14.7 2.5
      vertex 20.4745 37.243 2.5
      vertex 18.0956 38.4552 2.5
    endloop
  endfacet
  facet normal 0 0 1
    outer loop
      vertex -15.3 14.7 2.5
      vertex 18.0956 38.4552 2.5
      vertex 15.6453 39.5155 2.5
    endloop
  endfacet
  facet normal 0 0 1
    outer loop
      vertex -15.3 14.7 2.5
      vertex 15.6453 39.5155 2.5
      vertex 13.1332 40.4199 2.5
    endloop
  endfacet
  facet normal 0 0 1
    outer loop
      vertex -15.3 14.7 2.5
      vertex 13.1332 40.4199 2.5
      vertex 10.5693 41.1648 2.5
    endloop
  endfacet
  facet normal 0 0 1
    outer loop
      vertex -15.3 14.7 2.5
      vertex 10.5693 41.1648 2.5
      vertex 7.96371 41.7472 2.5
    endloop
  endfacet
  facet normal 0 0 1
    outer loop
      vertex -15.3 14.7 2.5
      vertex 7.96371 41.7472 2.5
      vertex 5.32666 42.1649 2.5
    endloop
  endfacet
  facet normal 0 0 1
    outer loop
      vertex -15.3 14.7 2.5
      vertex 5.32666 42.1649 2.5
      vertex 2.6686 42.4161 2.5
    endloop
  endfacet
  facet normal 0 0 1
    outer loop
      vertex -15.3 14.7 2.5
      vertex 2.6686 42.4161 2.5
      vertex 0 42.5 2.5
    endloop
  endfacet
  facet normal 0 0 1
    outer loop
      vertex -15.3 14.7 2.5
      vertex 0 42.5 2.5
      vertex -2.6686 42.4161 2.5
    endloop
  endfacet
  facet normal 0 0 1
    outer loop
      vertex -15.3 14.7 2.5
      vertex -2.6686 42.4161 2.5
      vertex -5.32666 42.1649 2.5
    endloop
  endfacet
  facet normal 0 0 1
    outer loop
      vertex -15.3 14.7 2.5
      vertex -5.32666 42.1649 2.5
      vertex -7.96371 41.7472 2.5
    endloop
  endfacet
  facet normal 0 0 1
    outer loop
      vertex -15.3 14.7 2.5
      vertex -7.96371 41.7472 2.5
      vertex -10.5693 41.1648 2.5
    endloop
  endfacet
  facet normal 0 0 1
    outer loop
      vertex -15.3 14.7 2.5
      vertex -10.5693 41.1648 2.5
      vertex -13.1332 40.4199 2.5
    endloop
  endfacet
  facet normal 0 0 1
    outer loop
      vertex 35.8839 22.7726 2.5
      vertex -15.3 14.7 2.5
      vertex 39.5 14.7 2.5
    endloop
  endfacet
  facet normal -0 0 1
    outer loop
      vertex -18.0956 38.4552 2.5
      vertex -15.3 14.7 2.5
      vertex -15.6453 39.5155 2.5
    endloop
  endfacet
  facet normal -0 0 1
    outer loop
      vertex -15.6453 39.5155 2.5
      vertex -15.3 14.7 2.5
      vertex -13.1332 40.4199 2.5
    endloop
  endfacet
  facet normal 0 0 1
    outer loop
      vertex 40.4199 -13.1332 2.5
      vertex 39.5 -14.7 2.5
      vertex 39.5155 -15.6453 2.5
    endloop
  endfacet
  facet normal 0 0 1
    outer loop
      vertex 39.5 -14.7 2.5
      vertex 38.4552 -18.0956 2.5
      vertex 39.5155 -15.6453 2.5
    endloop
  endfacet
  facet normal 0 0 1
    outer loop
      vertex 39.5 -14.7 2.5
      vertex 37.243 -20.4745 2.5
      vertex 38.4552 -18.0956 2.5
    endloop
  endfacet
  facet normal 0 0 1
    outer loop
      vertex 39.5 -14.7 2.5
      vertex 35.8839 -22.7726 2.5
      vertex 37.243 -20.4745 2.5
    endloop
  endfacet
  facet normal -0 0 1
    outer loop
      vertex -15.3 -14.7 2.5
      vertex 35.8839 -22.7726 2.5
      vertex 39.5 -14.7 2.5
    endloop
  endfacet
  facet normal 0 0 1
    outer loop
      vertex 35.8839 -22.7726 2.5
      vertex -15.3 -14.7 2.5
      vertex 34.3832 -24.9809 2.5
    endloop
  endfacet
  facet normal 0 0 1
    outer loop
      vertex 34.3832 -24.9809 2.5
      vertex -15.3 -14.7 2.5
      vertex 32.7468 -27.0905 2.5
    endloop
  endfacet
  facet normal 0 0 1
    outer loop
      vertex 32.7468 -27.0905 2.5
      vertex -15.3 -14.7 2.5
      vertex 30.9812 -29.0933 2.5
    endloop
  endfacet
  facet normal 0 0 1
    outer loop
      vertex 30.9812 -29.0933 2.5
      vertex -15.3 -14.7 2.5
      vertex 29.0933 -30.9812 2.5
    endloop
  endfacet
  facet normal 0 0 1
    outer loop
      vertex 29.0933 -30.9812 2.5
      vertex -15.3 -14.7 2.5
      vertex 27.0905 -32.7468 2.5
    endloop
  endfacet
  facet normal 0 0 1
    outer loop
      vertex 27.0905 -32.7468 2.5
      vertex -15.3 -14.7 2.5
      vertex 24.9809 -34.3832 2.5
    endloop
  endfacet
  facet normal 0 0 1
    outer loop
      vertex 24.9809 -34.3832 2.5
      vertex -15.3 -14.7 2.5
      vertex 22.7726 -35.8839 2.5
    endloop
  endfacet
  facet normal 0 0 1
    outer loop
      vertex 22.7726 -35.8839 2.5
      vertex -15.3 -14.7 2.5
      vertex 20.4745 -37.243 2.5
    endloop
  endfacet
  facet normal 0 0 1
    outer loop
      vertex 20.4745 -37.243 2.5
      vertex -15.3 -14.7 2.5
      vertex 18.0956 -38.4552 2.5
    endloop
  endfacet
  facet normal 0 0 1
    outer loop
      vertex 18.0956 -38.4552 2.5
      vertex -15.3 -14.7 2.5
      vertex 15.6453 -39.5155 2.5
    endloop
  endfacet
  facet normal 0 0 1
    outer loop
      vertex 15.6453 -39.5155 2.5
      vertex -15.3 -14.7 2.5
      vertex 13.1332 -40.4199 2.5
    endloop
  endfacet
  facet normal 0 0 1
    outer loop
      vertex 13.1332 -40.4199 2.5
      vertex -15.3 -14.7 2.5
      vertex 10.5693 -41.1648 2.5
    endloop
  endfacet
  facet normal 0 0 1
    outer loop
      vertex 10.5693 -41.1648 2.5
      vertex -15.3 -14.7 2.5
      vertex 7.96371 -41.7472 2.5
    endloop
  endfacet
  facet normal 0 0 1
    outer loop
      vertex 7.96371 -41.7472 2.5
      vertex -15.3 -14.7 2.5
      vertex 5.32666 -42.1649 2.5
    endloop
  endfacet
  facet normal 0 0 1
    outer loop
      vertex 5.32666 -42.1649 2.5
      vertex -15.3 -14.7 2.5
      vertex 2.6686 -42.4161 2.5
    endloop
  endfacet
  facet normal 0 0 1
    outer loop
      vertex 2.6686 -42.4161 2.5
      vertex -15.3 -14.7 2.5
      vertex 0 -42.5 2.5
    endloop
  endfacet
  facet normal 0 0 1
    outer loop
      vertex 0 -42.5 2.5
      vertex -15.3 -14.7 2.5
      vertex -2.6686 -42.4161 2.5
    endloop
  endfacet
  facet normal 0 0 1
    outer loop
      vertex -2.6686 -42.4161 2.5
      vertex -15.3 -14.7 2.5
      vertex -5.32666 -42.1649 2.5
    endloop
  endfacet
  facet normal 0 0 1
    outer loop
      vertex -5.32666 -42.1649 2.5
      vertex -15.3 -14.7 2.5
      vertex -7.96371 -41.7472 2.5
    endloop
  endfacet
  facet normal 0 0 1
    outer loop
      vertex -7.96371 -41.7472 2.5
      vertex -15.3 -14.7 2.5
      vertex -10.5693 -41.1648 2.5
    endloop
  endfacet
  facet normal 0 0 1
    outer loop
      vertex -10.5693 -41.1648 2.5
      vertex -15.3 -14.7 2.5
      vertex -13.1332 -40.4199 2.5
    endloop
  endfacet
  facet normal 0 0 1
    outer loop
      vertex -15.3 -14.7 2.5
      vertex -15.6453 -39.5155 2.5
      vertex -13.1332 -40.4199 2.5
    endloop
  endfacet
  facet normal -0 0 1
    outer loop
      vertex -20.4745 37.243 2.5
      vertex -15.3 14.7 2.5
      vertex -18.0956 38.4552 2.5
    endloop
  endfacet
  facet normal -0 0 1
    outer loop
      vertex -22.7726 35.8839 2.5
      vertex -15.3 14.7 2.5
      vertex -20.4745 37.243 2.5
    endloop
  endfacet
  facet normal 0 0 1
    outer loop
      vertex -15.3 -14.7 2.5
      vertex -18.0956 -38.4552 2.5
      vertex -15.6453 -39.5155 2.5
    endloop
  endfacet
  facet normal -0 0 1
    outer loop
      vertex -24.9809 34.3832 2.5
      vertex -15.3 14.7 2.5
      vertex -22.7726 35.8839 2.5
    endloop
  endfacet
  facet normal 0 0 1
    outer loop
      vertex -15.3 -14.7 2.5
      vertex -20.4745 -37.243 2.5
      vertex -18.0956 -38.4552 2.5
    endloop
  endfacet
  facet normal -0 0 1
    outer loop
      vertex -27.0905 32.7468 2.5
      vertex -15.3 14.7 2.5
      vertex -24.9809 34.3832 2.5
    endloop
  endfacet
  facet normal 0 0 1
    outer loop
      vertex -15.3 -14.7 2.5
      vertex -22.7726 -35.8839 2.5
      vertex -20.4745 -37.243 2.5
    endloop
  endfacet
  facet normal -0 0 1
    outer loop
      vertex -29.0933 30.9812 2.5
      vertex -15.3 14.7 2.5
      vertex -27.0905 32.7468 2.5
    endloop
  endfacet
  facet normal 0 0 1
    outer loop
      vertex -15.3 -14.7 2.5
      vertex -24.9809 -34.3832 2.5
      vertex -22.7726 -35.8839 2.5
    endloop
  endfacet
  facet normal -0 0 1
    outer loop
      vertex -30.9812 29.0933 2.5
      vertex -15.3 14.7 2.5
      vertex -29.0933 30.9812 2.5
    endloop
  endfacet
  facet normal 0 0 1
    outer loop
      vertex -15.3 -14.7 2.5
      vertex -27.0905 -32.7468 2.5
      vertex -24.9809 -34.3832 2.5
    endloop
  endfacet
  facet normal -0 0 1
    outer loop
      vertex -32.7468 27.0905 2.5
      vertex -15.3 14.7 2.5
      vertex -30.9812 29.0933 2.5
    endloop
  endfacet
  facet normal 0 0 1
    outer loop
      vertex -15.3 -14.7 2.5
      vertex -29.0933 -30.9812 2.5
      vertex -27.0905 -32.7468 2.5
    endloop
  endfacet
  facet normal -0 0 1
    outer loop
      vertex -34.3832 24.9809 2.5
      vertex -15.3 14.7 2.5
      vertex -32.7468 27.0905 2.5
    endloop
  endfacet
  facet normal 0 0 1
    outer loop
      vertex -15.3 -14.7 2.5
      vertex -30.9812 -29.0933 2.5
      vertex -29.0933 -30.9812 2.5
    endloop
  endfacet
  facet normal -0 0 1
    outer loop
      vertex -35.8839 22.7726 2.5
      vertex -15.3 14.7 2.5
      vertex -34.3832 24.9809 2.5
    endloop
  endfacet
  facet normal 0 0 1
    outer loop
      vertex -15.3 -14.7 2.5
      vertex -32.7468 -27.0905 2.5
      vertex -30.9812 -29.0933 2.5
    endloop
  endfacet
  facet normal -0 0 1
    outer loop
      vertex -37.243 20.4745 2.5
      vertex -15.3 14.7 2.5
      vertex -35.8839 22.7726 2.5
    endloop
  endfacet
  facet normal 0 0 1
    outer loop
      vertex -15.3 -14.7 2.5
      vertex -34.3832 -24.9809 2.5
      vertex -32.7468 -27.0905 2.5
    endloop
  endfacet
  facet normal -0 0 1
    outer loop
      vertex -38.4552 18.0956 2.5
      vertex -15.3 14.7 2.5
      vertex -37.243 20.4745 2.5
    endloop
  endfacet
  facet normal 0 0 1
    outer loop
      vertex -15.3 -14.7 2.5
      vertex -35.8839 -22.7726 2.5
      vertex -34.3832 -24.9809 2.5
    endloop
  endfacet
  facet normal -0 0 1
    outer loop
      vertex -39.5155 15.6453 2.5
      vertex -15.3 14.7 2.5
      vertex -38.4552 18.0956 2.5
    endloop
  endfacet
  facet normal 0 0 1
    outer loop
      vertex -15.3 -14.7 2.5
      vertex -37.243 -20.4745 2.5
      vertex -35.8839 -22.7726 2.5
    endloop
  endfacet
  facet normal 0 0 1
    outer loop
      vertex -40.4199 13.1332 2.5
      vertex -15.3 14.7 2.5
      vertex -39.5155 15.6453 2.5
    endloop
  endfacet
  facet normal 0 0 1
    outer loop
      vertex -15.3 -14.7 2.5
      vertex -38.4552 -18.0956 2.5
      vertex -37.243 -20.4745 2.5
    endloop
  endfacet
  facet normal 0 0 1
    outer loop
      vertex -41.1648 10.5693 2.5
      vertex -15.3 14.7 2.5
      vertex -40.4199 13.1332 2.5
    endloop
  endfacet
  facet normal 0 0 1
    outer loop
      vertex -15.3 -14.7 2.5
      vertex -39.5155 -15.6453 2.5
      vertex -38.4552 -18.0956 2.5
    endloop
  endfacet
  facet normal 0 0 1
    outer loop
      vertex -41.7472 7.96371 2.5
      vertex -15.3 14.7 2.5
      vertex -41.1648 10.5693 2.5
    endloop
  endfacet
  facet normal 0 0 1
    outer loop
      vertex -15.3 -14.7 2.5
      vertex -40.4199 -13.1332 2.5
      vertex -39.5155 -15.6453 2.5
    endloop
  endfacet
  facet normal 0 0 1
    outer loop
      vertex -42.1649 5.32666 2.5
      vertex -15.3 14.7 2.5
      vertex -41.7472 7.96371 2.5
    endloop
  endfacet
  facet normal 0 0 1
    outer loop
      vertex -15.3 -14.7 2.5
      vertex -41.1648 -10.5693 2.5
      vertex -40.4199 -13.1332 2.5
    endloop
  endfacet
  facet normal 0 0 1
    outer loop
      vertex -42.4161 2.6686 2.5
      vertex -15.3 14.7 2.5
      vertex -42.1649 5.32666 2.5
    endloop
  endfacet
  facet normal 0 0 1
    outer loop
      vertex -15.3 -14.7 2.5
      vertex -41.7472 -7.96371 2.5
      vertex -41.1648 -10.5693 2.5
    endloop
  endfacet
  facet normal 0 0 1
    outer loop
      vertex -42.5 0 2.5
      vertex -15.3 14.7 2.5
      vertex -42.4161 2.6686 2.5
    endloop
  endfacet
  facet normal 0 0 1
    outer loop
      vertex -15.3 -14.7 2.5
      vertex -42.1649 -5.32666 2.5
      vertex -41.7472 -7.96371 2.5
    endloop
  endfacet
  facet normal 0 0 1
    outer loop
      vertex -15.3 14.7 2.5
      vertex -42.5 0 2.5
      vertex -15.3 -14.7 2.5
    endloop
  endfacet
  facet normal 0 0 1
    outer loop
      vertex -15.3 -14.7 2.5
      vertex -42.4161 -2.6686 2.5
      vertex -42.1649 -5.32666 2.5
    endloop
  endfacet
  facet normal 0 0 1
    outer loop
      vertex -15.3 -14.7 2.5
      vertex -42.5 0 2.5
      vertex -42.4161 -2.6686 2.5
    endloop
  endfacet
  facet normal 0.860741 0.509043 0
    outer loop
      vertex -35.8839 -22.7726 47
      vertex -37.243 -20.4745 42
      vertex -37.243 -20.4745 47
    endloop
  endfacet
  facet normal 0.860741 0.509043 0
    outer loop
      vertex -37.243 -20.4745 42
      vertex -35.8839 -22.7726 47
      vertex -35.8839 -22.7726 42
    endloop
  endfacet
  facet normal 0.860741 0.509043 0
    outer loop
      vertex -35.8839 -22.7726 40
      vertex -37.243 -20.4745 2.5
      vertex -37.243 -20.4745 40
    endloop
  endfacet
  facet normal 0.860741 0.509043 0
    outer loop
      vertex -37.243 -20.4745 2.5
      vertex -35.8839 -22.7726 40
      vertex -35.8839 -22.7726 2.5
    endloop
  endfacet
  facet normal 0.960292 -0.278997 0
    outer loop
      vertex -41.1648 10.5693 47
      vertex -40.4199 13.1332 42
      vertex -40.4199 13.1332 47
    endloop
  endfacet
  facet normal 0.960292 -0.278997 0
    outer loop
      vertex -40.4199 13.1332 42
      vertex -41.1648 10.5693 47
      vertex -41.1648 10.5693 42
    endloop
  endfacet
  facet normal 0.960292 -0.278997 0
    outer loop
      vertex -41.1648 10.5693 40
      vertex -40.4199 13.1332 2.5
      vertex -40.4199 13.1332 40
    endloop
  endfacet
  facet normal 0.960292 -0.278997 0
    outer loop
      vertex -40.4199 13.1332 2.5
      vertex -41.1648 10.5693 40
      vertex -41.1648 10.5693 2.5
    endloop
  endfacet
  facet normal 0.890993 -0.454017 0
    outer loop
      vertex -38.4552 18.0956 40
      vertex -37.243 20.4745 2.5
      vertex -37.243 20.4745 40
    endloop
  endfacet
  facet normal 0.890993 -0.454017 0
    outer loop
      vertex -37.243 20.4745 2.5
      vertex -38.4552 18.0956 40
      vertex -38.4552 18.0956 2.5
    endloop
  endfacet
  facet normal 0.890993 -0.454017 0
    outer loop
      vertex -38.4552 18.0956 47
      vertex -37.243 20.4745 42
      vertex -37.243 20.4745 47
    endloop
  endfacet
  facet normal 0.890993 -0.454017 0
    outer loop
      vertex -37.243 20.4745 42
      vertex -38.4552 18.0956 47
      vertex -38.4552 18.0956 42
    endloop
  endfacet
  facet normal 0.278997 -0.960292 0
    outer loop
      vertex -13.1332 40.4199 42
      vertex -10.5693 41.1648 47
      vertex -13.1332 40.4199 47
    endloop
  endfacet
  facet normal 0.278997 -0.960292 0
    outer loop
      vertex -10.5693 41.1648 47
      vertex -13.1332 40.4199 42
      vertex -10.5693 41.1648 42
    endloop
  endfacet
  facet normal 0.278997 -0.960292 0
    outer loop
      vertex -13.1332 40.4199 2.5
      vertex -10.5693 41.1648 40
      vertex -13.1332 40.4199 40
    endloop
  endfacet
  facet normal 0.278997 -0.960292 0
    outer loop
      vertex -10.5693 41.1648 40
      vertex -13.1332 40.4199 2.5
      vertex -10.5693 41.1648 2.5
    endloop
  endfacet
  facet normal -0.156446 0.987686 0
    outer loop
      vertex 7.96371 -41.7472 2.5
      vertex 5.32666 -42.1649 40
      vertex 7.96371 -41.7472 40
    endloop
  endfacet
  facet normal -0.156446 0.987686 0
    outer loop
      vertex 5.32666 -42.1649 40
      vertex 7.96371 -41.7472 2.5
      vertex 5.32666 -42.1649 2.5
    endloop
  endfacet
  facet normal -0.156446 0.987686 0
    outer loop
      vertex 7.96371 -41.7472 42
      vertex 5.32666 -42.1649 47
      vertex 7.96371 -41.7472 47
    endloop
  endfacet
  facet normal -0.156446 0.987686 0
    outer loop
      vertex 5.32666 -42.1649 47
      vertex 7.96371 -41.7472 42
      vertex 5.32666 -42.1649 42
    endloop
  endfacet
  facet normal -0.612913 0.79015 0
    outer loop
      vertex 27.0905 -32.7468 42
      vertex 24.9809 -34.3832 47
      vertex 27.0905 -32.7468 47
    endloop
  endfacet
  facet normal -0.612913 0.79015 0
    outer loop
      vertex 24.9809 -34.3832 47
      vertex 27.0905 -32.7468 42
      vertex 24.9809 -34.3832 42
    endloop
  endfacet
  facet normal -0.612913 0.79015 0
    outer loop
      vertex 27.0905 -32.7468 2.5
      vertex 24.9809 -34.3832 40
      vertex 27.0905 -32.7468 40
    endloop
  endfacet
  facet normal -0.612913 0.79015 0
    outer loop
      vertex 24.9809 -34.3832 40
      vertex 27.0905 -32.7468 2.5
      vertex 24.9809 -34.3832 2.5
    endloop
  endfacet
  facet normal -0.975918 0.218137 0
    outer loop
      vertex 41.1648 -10.5693 2.5
      vertex 41.7472 -7.96371 40
      vertex 41.7472 -7.96371 2.5
    endloop
  endfacet
  facet normal -0.975918 0.218137 0
    outer loop
      vertex 41.7472 -7.96371 40
      vertex 41.1648 -10.5693 2.5
      vertex 41.1648 -10.5693 40
    endloop
  endfacet
  facet normal -0.975918 0.218137 0
    outer loop
      vertex 41.1648 -10.5693 42
      vertex 41.7472 -7.96371 47
      vertex 41.7472 -7.96371 42
    endloop
  endfacet
  facet normal -0.975918 0.218137 0
    outer loop
      vertex 41.7472 -7.96371 47
      vertex 41.1648 -10.5693 42
      vertex 41.1648 -10.5693 47
    endloop
  endfacet
  facet normal -0.999505 0.0314511 0
    outer loop
      vertex -42.5 0 40
      vertex -42.4764 0.75 42
      vertex -42.4764 0.75 40
    endloop
  endfacet
  facet normal -0.999505 0.0314511 0
    outer loop
      vertex -42.4764 0.75 42
      vertex -42.5 0 40
      vertex -42.5 0 42
    endloop
  endfacet
  facet normal 0.999506 -0.0314137 0
    outer loop
      vertex -42.4161 2.6686 47
      vertex -42.4764 0.75 45
      vertex -42.4161 2.6686 42
    endloop
  endfacet
  facet normal 0.999506 -0.0314242 1.01052e-05
    outer loop
      vertex -42.5 0 47
      vertex -42.4764 0.75 45
      vertex -42.4161 2.6686 47
    endloop
  endfacet
  facet normal 0.999505 -0.0314511 0
    outer loop
      vertex -42.4764 0.75 45
      vertex -42.5 0 47
      vertex -42.5 0 45
    endloop
  endfacet
  facet normal 0.999506 -0.0314137 0
    outer loop
      vertex -42.4161 2.6686 42
      vertex -42.4764 0.75 45
      vertex -42.4764 0.75 42
    endloop
  endfacet
  facet normal 0.999506 -0.0314137 0
    outer loop
      vertex -42.4764 0.75 30
      vertex -42.4161 2.6686 40
      vertex -42.4764 0.75 40
    endloop
  endfacet
  facet normal 0.999506 -0.0314137 0
    outer loop
      vertex -42.4161 2.6686 40
      vertex -42.4764 0.75 30
      vertex -42.4161 2.6686 2.5
    endloop
  endfacet
  facet normal 0.999505 -0.0314511 0
    outer loop
      vertex -42.5 0 2.5
      vertex -42.4764 0.75 30
      vertex -42.5 0 30
    endloop
  endfacet
  facet normal 0.999506 -0.0314242 -7.34922e-07
    outer loop
      vertex -42.4764 0.75 30
      vertex -42.5 0 2.5
      vertex -42.4161 2.6686 2.5
    endloop
  endfacet
  facet normal 0.454017 0.890993 -0
    outer loop
      vertex -18.0956 -38.4552 42
      vertex -20.4745 -37.243 47
      vertex -18.0956 -38.4552 47
    endloop
  endfacet
  facet normal 0.454017 0.890993 0
    outer loop
      vertex -20.4745 -37.243 47
      vertex -18.0956 -38.4552 42
      vertex -20.4745 -37.243 42
    endloop
  endfacet
  facet normal 0.454017 0.890993 -0
    outer loop
      vertex -18.0956 -38.4552 2.5
      vertex -20.4745 -37.243 40
      vertex -18.0956 -38.4552 40
    endloop
  endfacet
  facet normal 0.454017 0.890993 0
    outer loop
      vertex -20.4745 -37.243 40
      vertex -18.0956 -38.4552 2.5
      vertex -20.4745 -37.243 2.5
    endloop
  endfacet
  facet normal -0.156446 -0.987686 0
    outer loop
      vertex 5.32666 42.1649 2.5
      vertex 7.96371 41.7472 40
      vertex 5.32666 42.1649 40
    endloop
  endfacet
  facet normal -0.156446 -0.987686 -0
    outer loop
      vertex 7.96371 41.7472 40
      vertex 5.32666 42.1649 2.5
      vertex 7.96371 41.7472 2.5
    endloop
  endfacet
  facet normal -0.156446 -0.987686 0
    outer loop
      vertex 5.32666 42.1649 42
      vertex 7.96371 41.7472 47
      vertex 5.32666 42.1649 47
    endloop
  endfacet
  facet normal -0.156446 -0.987686 -0
    outer loop
      vertex 7.96371 41.7472 47
      vertex 5.32666 42.1649 42
      vertex 7.96371 41.7472 42
    endloop
  endfacet
  facet normal -0.987686 0.156446 0
    outer loop
      vertex 41.7472 -7.96371 42
      vertex 42.1649 -5.32666 47
      vertex 42.1649 -5.32666 42
    endloop
  endfacet
  facet normal -0.987686 0.156446 0
    outer loop
      vertex 42.1649 -5.32666 47
      vertex 41.7472 -7.96371 42
      vertex 41.7472 -7.96371 47
    endloop
  endfacet
  facet normal -0.987686 0.156446 0
    outer loop
      vertex 41.7472 -7.96371 2.5
      vertex 42.1649 -5.32666 40
      vertex 42.1649 -5.32666 2.5
    endloop
  endfacet
  facet normal -0.987686 0.156446 0
    outer loop
      vertex 42.1649 -5.32666 40
      vertex 41.7472 -7.96371 2.5
      vertex 41.7472 -7.96371 40
    endloop
  endfacet
  facet normal 0.0940858 -0.995564 0
    outer loop
      vertex -5.32666 42.1649 42
      vertex -2.6686 42.4161 47
      vertex -5.32666 42.1649 47
    endloop
  endfacet
  facet normal 0.0940858 -0.995564 0
    outer loop
      vertex -2.6686 42.4161 47
      vertex -5.32666 42.1649 42
      vertex -2.6686 42.4161 42
    endloop
  endfacet
  facet normal 0.0940858 -0.995564 0
    outer loop
      vertex -5.32666 42.1649 2.5
      vertex -2.6686 42.4161 40
      vertex -5.32666 42.1649 40
    endloop
  endfacet
  facet normal 0.0940858 -0.995564 0
    outer loop
      vertex -2.6686 42.4161 40
      vertex -5.32666 42.1649 2.5
      vertex -2.6686 42.4161 2.5
    endloop
  endfacet
  facet normal 0.960292 0.278997 0
    outer loop
      vertex -40.4199 -13.1332 47
      vertex -41.1648 -10.5693 42
      vertex -41.1648 -10.5693 47
    endloop
  endfacet
  facet normal 0.960292 0.278997 0
    outer loop
      vertex -41.1648 -10.5693 42
      vertex -40.4199 -13.1332 47
      vertex -40.4199 -13.1332 42
    endloop
  endfacet
  facet normal 0.960292 0.278997 0
    outer loop
      vertex -40.4199 -13.1332 40
      vertex -41.1648 -10.5693 2.5
      vertex -41.1648 -10.5693 40
    endloop
  endfacet
  facet normal 0.960292 0.278997 0
    outer loop
      vertex -41.1648 -10.5693 2.5
      vertex -40.4199 -13.1332 40
      vertex -40.4199 -13.1332 2.5
    endloop
  endfacet
  facet normal 0.79015 0.612913 0
    outer loop
      vertex -32.7468 -27.0905 40
      vertex -34.3832 -24.9809 2.5
      vertex -34.3832 -24.9809 40
    endloop
  endfacet
  facet normal 0.79015 0.612913 0
    outer loop
      vertex -34.3832 -24.9809 2.5
      vertex -32.7468 -27.0905 40
      vertex -32.7468 -27.0905 2.5
    endloop
  endfacet
  facet normal 0.79015 0.612913 0
    outer loop
      vertex -32.7468 -27.0905 47
      vertex -34.3832 -24.9809 42
      vertex -34.3832 -24.9809 47
    endloop
  endfacet
  facet normal 0.79015 0.612913 0
    outer loop
      vertex -34.3832 -24.9809 42
      vertex -32.7468 -27.0905 47
      vertex -32.7468 -27.0905 42
    endloop
  endfacet
  facet normal 0.509043 -0.860741 0
    outer loop
      vertex -22.7726 35.8839 42
      vertex -20.4745 37.243 47
      vertex -22.7726 35.8839 47
    endloop
  endfacet
  facet normal 0.509043 -0.860741 0
    outer loop
      vertex -20.4745 37.243 47
      vertex -22.7726 35.8839 42
      vertex -20.4745 37.243 42
    endloop
  endfacet
  facet normal 0.509043 -0.860741 0
    outer loop
      vertex -22.7726 35.8839 2.5
      vertex -20.4745 37.243 40
      vertex -22.7726 35.8839 40
    endloop
  endfacet
  facet normal 0.509043 -0.860741 0
    outer loop
      vertex -20.4745 37.243 40
      vertex -22.7726 35.8839 2.5
      vertex -20.4745 37.243 2.5
    endloop
  endfacet
  facet normal -0.0314511 -0.999505 0
    outer loop
      vertex -0.75 -42.4764 40
      vertex 0 -42.5 42
      vertex -0.75 -42.4764 42
    endloop
  endfacet
  facet normal -0.0314511 -0.999505 -0
    outer loop
      vertex 0 -42.5 42
      vertex -0.75 -42.4764 40
      vertex 0 -42.5 40
    endloop
  endfacet
  facet normal 0.0314511 0.999505 0
    outer loop
      vertex 0 -42.5 30
      vertex 0 -42.5 2.5
      vertex -0.75 -42.4764 30
    endloop
  endfacet
  facet normal 0.0314137 0.999506 -0
    outer loop
      vertex -0.75 -42.4764 30
      vertex -2.6686 -42.4161 40
      vertex -0.75 -42.4764 40
    endloop
  endfacet
  facet normal 0.0314242 0.999506 -7.34922e-07
    outer loop
      vertex -2.6686 -42.4161 2.5
      vertex -0.75 -42.4764 30
      vertex 0 -42.5 2.5
    endloop
  endfacet
  facet normal 0.0314137 0.999506 0
    outer loop
      vertex -0.75 -42.4764 30
      vertex -2.6686 -42.4161 2.5
      vertex -2.6686 -42.4161 40
    endloop
  endfacet
  facet normal 0.0314511 0.999505 0
    outer loop
      vertex -0.75 -42.4764 45
      vertex 0 -42.5 47
      vertex 0 -42.5 45
    endloop
  endfacet
  facet normal 0.0314242 0.999506 1.01052e-05
    outer loop
      vertex 0 -42.5 47
      vertex -0.75 -42.4764 45
      vertex -2.6686 -42.4161 47
    endloop
  endfacet
  facet normal 0.0314137 0.999506 0
    outer loop
      vertex -2.6686 -42.4161 42
      vertex -0.75 -42.4764 45
      vertex -0.75 -42.4764 42
    endloop
  endfacet
  facet normal 0.0314137 0.999506 0
    outer loop
      vertex -0.75 -42.4764 45
      vertex -2.6686 -42.4161 42
      vertex -2.6686 -42.4161 47
    endloop
  endfacet
  facet normal 0.987686 0.156446 0
    outer loop
      vertex -41.7472 -7.96371 40
      vertex -42.1649 -5.32666 2.5
      vertex -42.1649 -5.32666 40
    endloop
  endfacet
  facet normal 0.987686 0.156446 0
    outer loop
      vertex -42.1649 -5.32666 2.5
      vertex -41.7472 -7.96371 40
      vertex -41.7472 -7.96371 2.5
    endloop
  endfacet
  facet normal 0.987686 0.156446 0
    outer loop
      vertex -41.7472 -7.96371 47
      vertex -42.1649 -5.32666 42
      vertex -42.1649 -5.32666 47
    endloop
  endfacet
  facet normal 0.987686 0.156446 0
    outer loop
      vertex -42.1649 -5.32666 42
      vertex -41.7472 -7.96371 47
      vertex -41.7472 -7.96371 42
    endloop
  endfacet
  facet normal 0.995564 0.0940858 0
    outer loop
      vertex -42.1649 -5.32666 47
      vertex -42.4161 -2.6686 42
      vertex -42.4161 -2.6686 47
    endloop
  endfacet
  facet normal 0.995564 0.0940858 0
    outer loop
      vertex -42.4161 -2.6686 42
      vertex -42.1649 -5.32666 47
      vertex -42.1649 -5.32666 42
    endloop
  endfacet
  facet normal 0.995564 0.0940858 0
    outer loop
      vertex -42.1649 -5.32666 40
      vertex -42.4161 -2.6686 2.5
      vertex -42.4161 -2.6686 40
    endloop
  endfacet
  facet normal 0.995564 0.0940858 0
    outer loop
      vertex -42.4161 -2.6686 2.5
      vertex -42.1649 -5.32666 40
      vertex -42.1649 -5.32666 2.5
    endloop
  endfacet
  facet normal -0.562068 0.827091 0
    outer loop
      vertex 24.9809 -34.3832 42
      vertex 22.7726 -35.8839 47
      vertex 24.9809 -34.3832 47
    endloop
  endfacet
  facet normal -0.562068 0.827091 0
    outer loop
      vertex 22.7726 -35.8839 47
      vertex 24.9809 -34.3832 42
      vertex 22.7726 -35.8839 42
    endloop
  endfacet
  facet normal -0.562068 0.827091 0
    outer loop
      vertex 24.9809 -34.3832 2.5
      vertex 22.7726 -35.8839 40
      vertex 24.9809 -34.3832 40
    endloop
  endfacet
  facet normal -0.562068 0.827091 0
    outer loop
      vertex 22.7726 -35.8839 40
      vertex 24.9809 -34.3832 2.5
      vertex 22.7726 -35.8839 2.5
    endloop
  endfacet
  facet normal 0.612913 0.79015 -0
    outer loop
      vertex -24.9809 -34.3832 42
      vertex -27.0905 -32.7468 47
      vertex -24.9809 -34.3832 47
    endloop
  endfacet
  facet normal 0.612913 0.79015 0
    outer loop
      vertex -27.0905 -32.7468 47
      vertex -24.9809 -34.3832 42
      vertex -27.0905 -32.7468 42
    endloop
  endfacet
  facet normal 0.612913 0.79015 -0
    outer loop
      vertex -24.9809 -34.3832 2.5
      vertex -27.0905 -32.7468 40
      vertex -24.9809 -34.3832 40
    endloop
  endfacet
  facet normal 0.612913 0.79015 0
    outer loop
      vertex -27.0905 -32.7468 40
      vertex -24.9809 -34.3832 2.5
      vertex -27.0905 -32.7468 2.5
    endloop
  endfacet
  facet normal -0.338734 -0.940882 0
    outer loop
      vertex 13.1332 40.4199 42
      vertex 15.6453 39.5155 47
      vertex 13.1332 40.4199 47
    endloop
  endfacet
  facet normal -0.338734 -0.940882 -0
    outer loop
      vertex 15.6453 39.5155 47
      vertex 13.1332 40.4199 42
      vertex 15.6453 39.5155 42
    endloop
  endfacet
  facet normal -0.338734 -0.940882 0
    outer loop
      vertex 13.1332 40.4199 2.5
      vertex 15.6453 39.5155 40
      vertex 13.1332 40.4199 40
    endloop
  endfacet
  facet normal -0.338734 -0.940882 -0
    outer loop
      vertex 15.6453 39.5155 40
      vertex 13.1332 40.4199 2.5
      vertex 15.6453 39.5155 2.5
    endloop
  endfacet
  facet normal 0.79015 -0.612913 0
    outer loop
      vertex -34.3832 24.9809 40
      vertex -32.7468 27.0905 2.5
      vertex -32.7468 27.0905 40
    endloop
  endfacet
  facet normal 0.79015 -0.612913 0
    outer loop
      vertex -32.7468 27.0905 2.5
      vertex -34.3832 24.9809 40
      vertex -34.3832 24.9809 2.5
    endloop
  endfacet
  facet normal 0.79015 -0.612913 0
    outer loop
      vertex -34.3832 24.9809 47
      vertex -32.7468 27.0905 42
      vertex -32.7468 27.0905 47
    endloop
  endfacet
  facet normal 0.79015 -0.612913 0
    outer loop
      vertex -32.7468 27.0905 42
      vertex -34.3832 24.9809 47
      vertex -34.3832 24.9809 42
    endloop
  endfacet
  facet normal 0.975918 -0.218137 0
    outer loop
      vertex -41.7472 7.96371 40
      vertex -41.1648 10.5693 2.5
      vertex -41.1648 10.5693 40
    endloop
  endfacet
  facet normal 0.975918 -0.218137 0
    outer loop
      vertex -41.1648 10.5693 2.5
      vertex -41.7472 7.96371 40
      vertex -41.7472 7.96371 2.5
    endloop
  endfacet
  facet normal 0.975918 -0.218137 0
    outer loop
      vertex -41.7472 7.96371 47
      vertex -41.1648 10.5693 42
      vertex -41.1648 10.5693 47
    endloop
  endfacet
  facet normal 0.975918 -0.218137 0
    outer loop
      vertex -41.1648 10.5693 42
      vertex -41.7472 7.96371 47
      vertex -41.7472 7.96371 42
    endloop
  endfacet
  facet normal 0.750131 -0.66129 0
    outer loop
      vertex -32.7468 27.0905 40
      vertex -30.9812 29.0933 2.5
      vertex -30.9812 29.0933 40
    endloop
  endfacet
  facet normal 0.750131 -0.66129 0
    outer loop
      vertex -30.9812 29.0933 2.5
      vertex -32.7468 27.0905 40
      vertex -32.7468 27.0905 2.5
    endloop
  endfacet
  facet normal 0.750131 -0.66129 0
    outer loop
      vertex -32.7468 27.0905 47
      vertex -30.9812 29.0933 42
      vertex -30.9812 29.0933 47
    endloop
  endfacet
  facet normal 0.750131 -0.66129 0
    outer loop
      vertex -30.9812 29.0933 42
      vertex -32.7468 27.0905 47
      vertex -32.7468 27.0905 42
    endloop
  endfacet
  facet normal -0.79015 -0.612913 0
    outer loop
      vertex 34.3832 24.9809 2.5
      vertex 32.7468 27.0905 40
      vertex 32.7468 27.0905 2.5
    endloop
  endfacet
  facet normal -0.79015 -0.612913 0
    outer loop
      vertex 32.7468 27.0905 40
      vertex 34.3832 24.9809 2.5
      vertex 34.3832 24.9809 40
    endloop
  endfacet
  facet normal -0.79015 -0.612913 0
    outer loop
      vertex 34.3832 24.9809 42
      vertex 32.7468 27.0905 47
      vertex 32.7468 27.0905 42
    endloop
  endfacet
  facet normal -0.79015 -0.612913 0
    outer loop
      vertex 32.7468 27.0905 47
      vertex 34.3832 24.9809 42
      vertex 34.3832 24.9809 47
    endloop
  endfacet
  facet normal -0.750131 -0.66129 0
    outer loop
      vertex 32.7468 27.0905 2.5
      vertex 30.9812 29.0933 40
      vertex 30.9812 29.0933 2.5
    endloop
  endfacet
  facet normal -0.750131 -0.66129 0
    outer loop
      vertex 30.9812 29.0933 40
      vertex 32.7468 27.0905 2.5
      vertex 32.7468 27.0905 40
    endloop
  endfacet
  facet normal -0.750131 -0.66129 0
    outer loop
      vertex 32.7468 27.0905 42
      vertex 30.9812 29.0933 47
      vertex 30.9812 29.0933 42
    endloop
  endfacet
  facet normal -0.750131 -0.66129 0
    outer loop
      vertex 30.9812 29.0933 47
      vertex 32.7468 27.0905 42
      vertex 32.7468 27.0905 47
    endloop
  endfacet
  facet normal 0.890993 0.454017 0
    outer loop
      vertex -37.243 -20.4745 47
      vertex -38.4552 -18.0956 42
      vertex -38.4552 -18.0956 47
    endloop
  endfacet
  facet normal 0.890993 0.454017 0
    outer loop
      vertex -38.4552 -18.0956 42
      vertex -37.243 -20.4745 47
      vertex -37.243 -20.4745 42
    endloop
  endfacet
  facet normal 0.890993 0.454017 0
    outer loop
      vertex -37.243 -20.4745 40
      vertex -38.4552 -18.0956 2.5
      vertex -38.4552 -18.0956 40
    endloop
  endfacet
  facet normal 0.890993 0.454017 0
    outer loop
      vertex -38.4552 -18.0956 2.5
      vertex -37.243 -20.4745 40
      vertex -37.243 -20.4745 2.5
    endloop
  endfacet
  facet normal -0.91776 0.397135 0
    outer loop
      vertex 38.4552 -18.0956 2.5
      vertex 39.5155 -15.6453 40
      vertex 39.5155 -15.6453 2.5
    endloop
  endfacet
  facet normal -0.91776 0.397135 0
    outer loop
      vertex 39.5155 -15.6453 40
      vertex 38.4552 -18.0956 2.5
      vertex 38.4552 -18.0956 40
    endloop
  endfacet
  facet normal -0.91776 0.397135 0
    outer loop
      vertex 38.4552 -18.0956 42
      vertex 39.5155 -15.6453 47
      vertex 39.5155 -15.6453 42
    endloop
  endfacet
  facet normal -0.91776 0.397135 0
    outer loop
      vertex 39.5155 -15.6453 47
      vertex 38.4552 -18.0956 42
      vertex 38.4552 -18.0956 47
    endloop
  endfacet
  facet normal 0.995564 -0.0940858 0
    outer loop
      vertex -42.4161 2.6686 40
      vertex -42.1649 5.32666 2.5
      vertex -42.1649 5.32666 40
    endloop
  endfacet
  facet normal 0.995564 -0.0940858 0
    outer loop
      vertex -42.1649 5.32666 2.5
      vertex -42.4161 2.6686 40
      vertex -42.4161 2.6686 2.5
    endloop
  endfacet
  facet normal 0.995564 -0.0940858 0
    outer loop
      vertex -42.4161 2.6686 47
      vertex -42.1649 5.32666 42
      vertex -42.1649 5.32666 47
    endloop
  endfacet
  facet normal 0.995564 -0.0940858 0
    outer loop
      vertex -42.1649 5.32666 42
      vertex -42.4161 2.6686 47
      vertex -42.4161 2.6686 42
    endloop
  endfacet
  facet normal 0.975918 0.218137 0
    outer loop
      vertex -41.1648 -10.5693 47
      vertex -41.7472 -7.96371 42
      vertex -41.7472 -7.96371 47
    endloop
  endfacet
  facet normal 0.975918 0.218137 0
    outer loop
      vertex -41.7472 -7.96371 42
      vertex -41.1648 -10.5693 47
      vertex -41.1648 -10.5693 42
    endloop
  endfacet
  facet normal 0.975918 0.218137 0
    outer loop
      vertex -41.1648 -10.5693 40
      vertex -41.7472 -7.96371 2.5
      vertex -41.7472 -7.96371 40
    endloop
  endfacet
  facet normal 0.975918 0.218137 0
    outer loop
      vertex -41.7472 -7.96371 2.5
      vertex -41.1648 -10.5693 40
      vertex -41.1648 -10.5693 2.5
    endloop
  endfacet
  facet normal -0.218137 -0.975918 0
    outer loop
      vertex 7.96371 41.7472 2.5
      vertex 10.5693 41.1648 40
      vertex 7.96371 41.7472 40
    endloop
  endfacet
  facet normal -0.218137 -0.975918 -0
    outer loop
      vertex 10.5693 41.1648 40
      vertex 7.96371 41.7472 2.5
      vertex 10.5693 41.1648 2.5
    endloop
  endfacet
  facet normal -0.218137 -0.975918 0
    outer loop
      vertex 7.96371 41.7472 42
      vertex 10.5693 41.1648 47
      vertex 7.96371 41.7472 47
    endloop
  endfacet
  facet normal -0.218137 -0.975918 -0
    outer loop
      vertex 10.5693 41.1648 47
      vertex 7.96371 41.7472 42
      vertex 10.5693 41.1648 42
    endloop
  endfacet
  facet normal 0.509043 0.860741 -0
    outer loop
      vertex -20.4745 -37.243 2.5
      vertex -22.7726 -35.8839 40
      vertex -20.4745 -37.243 40
    endloop
  endfacet
  facet normal 0.509043 0.860741 0
    outer loop
      vertex -22.7726 -35.8839 40
      vertex -20.4745 -37.243 2.5
      vertex -22.7726 -35.8839 2.5
    endloop
  endfacet
  facet normal 0.509043 0.860741 -0
    outer loop
      vertex -20.4745 -37.243 42
      vertex -22.7726 -35.8839 47
      vertex -20.4745 -37.243 47
    endloop
  endfacet
  facet normal 0.509043 0.860741 0
    outer loop
      vertex -22.7726 -35.8839 47
      vertex -20.4745 -37.243 42
      vertex -22.7726 -35.8839 42
    endloop
  endfacet
  facet normal 0 0 -1
    outer loop
      vertex 42.5 0 20
      vertex 45 0 20
      vertex 44.9112 -2.82557 20
    endloop
  endfacet
  facet normal 0 0 -1
    outer loop
      vertex 42.4161 -2.6686 20
      vertex 44.9112 -2.82557 20
      vertex 44.7057 -5 20
    endloop
  endfacet
  facet normal 0 0 -1
    outer loop
      vertex 45 0 20
      vertex 42.5 0 20
      vertex 44.9112 2.82557 20
    endloop
  endfacet
  facet normal 0 0 -1
    outer loop
      vertex 42.4161 2.6686 20
      vertex 44.9112 2.82557 20
      vertex 42.5 0 20
    endloop
  endfacet
  facet normal 0 0 -1
    outer loop
      vertex 44.9112 -2.82557 20
      vertex 42.4161 -2.6686 20
      vertex 42.5 0 20
    endloop
  endfacet
  facet normal 0 -0 -1
    outer loop
      vertex 42.4161 -2.6686 20
      vertex 44.7057 -5 20
      vertex 42.1958 -5 20
    endloop
  endfacet
  facet normal -0 0 -1
    outer loop
      vertex 44.9112 2.82557 20
      vertex 42.4161 2.6686 20
      vertex 44.7057 5 20
    endloop
  endfacet
  facet normal -0 0 -1
    outer loop
      vertex 44.7057 5 20
      vertex 42.4161 2.6686 20
      vertex 42.1958 5 20
    endloop
  endfacet
  facet normal 0 0 1
    outer loop
      vertex 42.5 0 15
      vertex 45 0 15
      vertex 44.9112 2.82557 15
    endloop
  endfacet
  facet normal 0 0 1
    outer loop
      vertex 42.4161 2.6686 15
      vertex 44.9112 2.82557 15
      vertex 44.7057 5 15
    endloop
  endfacet
  facet normal 0 0 1
    outer loop
      vertex 45 0 15
      vertex 42.5 0 15
      vertex 44.9112 -2.82557 15
    endloop
  endfacet
  facet normal -0 0 1
    outer loop
      vertex 42.4161 -2.6686 15
      vertex 44.9112 -2.82557 15
      vertex 42.5 0 15
    endloop
  endfacet
  facet normal 0 0 1
    outer loop
      vertex 44.9112 2.82557 15
      vertex 42.4161 2.6686 15
      vertex 42.5 0 15
    endloop
  endfacet
  facet normal 0 -0 1
    outer loop
      vertex 42.4161 2.6686 15
      vertex 44.7057 5 15
      vertex 42.1958 5 15
    endloop
  endfacet
  facet normal 0 0 1
    outer loop
      vertex 44.9112 -2.82557 15
      vertex 42.4161 -2.6686 15
      vertex 44.7057 -5 15
    endloop
  endfacet
  facet normal 0 0 1
    outer loop
      vertex 44.7057 -5 15
      vertex 42.4161 -2.6686 15
      vertex 42.1958 -5 15
    endloop
  endfacet
  facet normal 0 -1 0
    outer loop
      vertex 42.1958 5 15
      vertex 44.7057 5 20
      vertex 42.1958 5 20
    endloop
  endfacet
  facet normal 0 -1 -0
    outer loop
      vertex 44.7057 5 20
      vertex 42.1958 5 15
      vertex 44.7057 5 15
    endloop
  endfacet
  facet normal 0 1 -0
    outer loop
      vertex 44.7057 -5 15
      vertex 42.1958 -5 20
      vertex 44.7057 -5 20
    endloop
  endfacet
  facet normal 0 1 0
    outer loop
      vertex 42.1958 -5 20
      vertex 44.7057 -5 15
      vertex 42.1958 -5 15
    endloop
  endfacet
  facet normal 1 -0 0
    outer loop
      vertex 39.5 -14.7 18
      vertex 39.5 14.7 2.5
      vertex 39.5 14.7 18
    endloop
  endfacet
  facet normal 1 0 0
    outer loop
      vertex 39.5 14.7 2.5
      vertex 39.5 -14.7 18
      vertex 39.5 -14.7 2.5
    endloop
  endfacet
  facet normal -0 0 1
    outer loop
      vertex -13.3 9.93 18
      vertex 37.5 -9.93 18
      vertex 37.5 9.93 18
    endloop
  endfacet
  facet normal 0 0 1
    outer loop
      vertex 37.5 -9.93 18
      vertex -13.3 9.93 18
      vertex -13.3 -9.93 18
    endloop
  endfacet
  facet normal 0 0 1
    outer loop
      vertex 37.5 9.93 18
      vertex 39.5 14.7 18
      vertex 37.5 12.93 18
    endloop
  endfacet
  facet normal 0 0 1
    outer loop
      vertex 39.5 14.7 18
      vertex -13.3 12.93 18
      vertex 37.5 12.93 18
    endloop
  endfacet
  facet normal 0 0 1
    outer loop
      vertex -15.3 14.7 18
      vertex -13.3 9.93 18
      vertex -13.3 12.93 18
    endloop
  endfacet
  facet normal 0 0 1
    outer loop
      vertex -13.3 9.93 18
      vertex -15.3 14.7 18
      vertex -13.3 -9.93 18
    endloop
  endfacet
  facet normal 0 0 1
    outer loop
      vertex -15.3 -14.7 18
      vertex -13.3 -9.93 18
      vertex -15.3 14.7 18
    endloop
  endfacet
  facet normal -0 0 1
    outer loop
      vertex -15.3 14.7 18
      vertex -13.3 12.93 18
      vertex 39.5 14.7 18
    endloop
  endfacet
  facet normal 0 0 1
    outer loop
      vertex 39.5 14.7 18
      vertex 37.5 9.93 18
      vertex 39.5 -14.7 18
    endloop
  endfacet
  facet normal -0 0 1
    outer loop
      vertex 37.5 -9.93 18
      vertex 39.5 -14.7 18
      vertex 37.5 9.93 18
    endloop
  endfacet
  facet normal -0 0 1
    outer loop
      vertex 37.5 -12.93 18
      vertex 39.5 -14.7 18
      vertex 37.5 -9.93 18
    endloop
  endfacet
  facet normal -0 0 1
    outer loop
      vertex -13.3 -12.93 18
      vertex 39.5 -14.7 18
      vertex 37.5 -12.93 18
    endloop
  endfacet
  facet normal 0 0 1
    outer loop
      vertex -13.3 -12.93 18
      vertex -15.3 -14.7 18
      vertex 39.5 -14.7 18
    endloop
  endfacet
  facet normal 0 0 1
    outer loop
      vertex -13.3 -9.93 18
      vertex -15.3 -14.7 18
      vertex -13.3 -12.93 18
    endloop
  endfacet
  facet normal -1 0 0
    outer loop
      vertex -15.3 -14.7 2.5
      vertex -15.3 14.7 18
      vertex -15.3 14.7 2.5
    endloop
  endfacet
  facet normal -1 -0 0
    outer loop
      vertex -15.3 14.7 18
      vertex -15.3 -14.7 2.5
      vertex -15.3 -14.7 18
    endloop
  endfacet
  facet normal 0 1 -0
    outer loop
      vertex 39.5 14.7 2.5
      vertex -15.3 14.7 18
      vertex 39.5 14.7 18
    endloop
  endfacet
  facet normal 0 1 0
    outer loop
      vertex -15.3 14.7 18
      vertex 39.5 14.7 2.5
      vertex -15.3 14.7 2.5
    endloop
  endfacet
  facet normal 0 -1 0
    outer loop
      vertex -15.3 -14.7 2.5
      vertex 39.5 -14.7 18
      vertex -15.3 -14.7 18
    endloop
  endfacet
  facet normal 0 -1 -0
    outer loop
      vertex 39.5 -14.7 18
      vertex -15.3 -14.7 2.5
      vertex 39.5 -14.7 2.5
    endloop
  endfacet
  facet normal -1 0 0
    outer loop
      vertex 37.5 -12.93 10
      vertex 37.5 -9.93 18
      vertex 37.5 -9.93 10
    endloop
  endfacet
  facet normal -1 -0 0
    outer loop
      vertex 37.5 -9.93 18
      vertex 37.5 -12.93 10
      vertex 37.5 -12.93 18
    endloop
  endfacet
  facet normal 0 0 1
    outer loop
      vertex -12.0881 -10.3719 10
      vertex -13.3 -9.93 10
      vertex -12.0881 -10.8413 10
    endloop
  endfacet
  facet normal -0 0 1
    outer loop
      vertex -13.3 -9.93 10
      vertex -12.0881 -10.3719 10
      vertex -11.9445 -9.93 10
    endloop
  endfacet
  facet normal 0 0 1
    outer loop
      vertex 9.12507 -10.3719 10
      vertex -9.12507 -10.3719 10
      vertex 9.12507 -10.8413 10
    endloop
  endfacet
  facet normal 0 0 1
    outer loop
      vertex 9.26867 -9.93 10
      vertex -9.12507 -10.3719 10
      vertex 9.12507 -10.3719 10
    endloop
  endfacet
  facet normal 0 -0 1
    outer loop
      vertex -9.12507 -10.3719 10
      vertex 9.26867 -9.93 10
      vertex -9.26867 -9.93 10
    endloop
  endfacet
  facet normal 0 0 1
    outer loop
      vertex 12.0881 -10.8413 10
      vertex 37.5 -9.93 10
      vertex 12.0881 -10.3719 10
    endloop
  endfacet
  facet normal 0 -0 1
    outer loop
      vertex 12.0881 -10.3719 10
      vertex 37.5 -9.93 10
      vertex 11.9445 -9.93 10
    endloop
  endfacet
  facet normal 0 0 1
    outer loop
      vertex 37.5 -9.93 10
      vertex 12.0881 -10.8413 10
      vertex 37.5 -12.93 10
    endloop
  endfacet
  facet normal -0 0 1
    outer loop
      vertex 11.9431 -11.2876 10
      vertex 37.5 -12.93 10
      vertex 12.0881 -10.8413 10
    endloop
  endfacet
  facet normal -0 0 1
    outer loop
      vertex 11.6673 -11.6673 10
      vertex 37.5 -12.93 10
      vertex 11.9431 -11.2876 10
    endloop
  endfacet
  facet normal -0 0 1
    outer loop
      vertex 11.2876 -11.9431 10
      vertex 37.5 -12.93 10
      vertex 11.6673 -11.6673 10
    endloop
  endfacet
  facet normal -0 0 1
    outer loop
      vertex 10.8413 -12.0881 10
      vertex 37.5 -12.93 10
      vertex 11.2876 -11.9431 10
    endloop
  endfacet
  facet normal -0 0 1
    outer loop
      vertex 10.3719 -12.0881 10
      vertex 37.5 -12.93 10
      vertex 10.8413 -12.0881 10
    endloop
  endfacet
  facet normal 0 0 1
    outer loop
      vertex -9.12507 -10.8413 10
      vertex 9.12507 -10.8413 10
      vertex -9.12507 -10.3719 10
    endloop
  endfacet
  facet normal 0 0 1
    outer loop
      vertex 9.12507 -10.8413 10
      vertex -9.12507 -10.8413 10
      vertex 9.27009 -11.2876 10
    endloop
  endfacet
  facet normal 0 0 1
    outer loop
      vertex -9.27009 -11.2876 10
      vertex 9.27009 -11.2876 10
      vertex -9.12507 -10.8413 10
    endloop
  endfacet
  facet normal 0 0 1
    outer loop
      vertex 9.27009 -11.2876 10
      vertex -9.27009 -11.2876 10
      vertex 9.54594 -11.6673 10
    endloop
  endfacet
  facet normal 0 0 1
    outer loop
      vertex -9.54594 -11.6673 10
      vertex 9.54594 -11.6673 10
      vertex -9.27009 -11.2876 10
    endloop
  endfacet
  facet normal 0 0 1
    outer loop
      vertex 9.54594 -11.6673 10
      vertex -9.54594 -11.6673 10
      vertex 9.92562 -11.9431 10
    endloop
  endfacet
  facet normal 0 0 1
    outer loop
      vertex -9.92562 -11.9431 10
      vertex 9.92562 -11.9431 10
      vertex -9.54594 -11.6673 10
    endloop
  endfacet
  facet normal 0 0 1
    outer loop
      vertex 9.92562 -11.9431 10
      vertex -9.92562 -11.9431 10
      vertex 10.3719 -12.0881 10
    endloop
  endfacet
  facet normal 0 0 1
    outer loop
      vertex -10.3719 -12.0881 10
      vertex 10.3719 -12.0881 10
      vertex -9.92562 -11.9431 10
    endloop
  endfacet
  facet normal 0 0 1
    outer loop
      vertex -13.3 -12.93 10
      vertex 10.3719 -12.0881 10
      vertex -10.3719 -12.0881 10
    endloop
  endfacet
  facet normal 0 0 1
    outer loop
      vertex -13.3 -12.93 10
      vertex -10.3719 -12.0881 10
      vertex -10.8413 -12.0881 10
    endloop
  endfacet
  facet normal 0 0 1
    outer loop
      vertex -13.3 -12.93 10
      vertex -12.0881 -10.8413 10
      vertex -13.3 -9.93 10
    endloop
  endfacet
  facet normal 0 0 1
    outer loop
      vertex -12.0881 -10.8413 10
      vertex -13.3 -12.93 10
      vertex -11.9431 -11.2876 10
    endloop
  endfacet
  facet normal 0 0 1
    outer loop
      vertex 10.3719 -12.0881 10
      vertex -13.3 -12.93 10
      vertex 37.5 -12.93 10
    endloop
  endfacet
  facet normal 0 0 1
    outer loop
      vertex -11.2876 -11.9431 10
      vertex -13.3 -12.93 10
      vertex -10.8413 -12.0881 10
    endloop
  endfacet
  facet normal 0 0 1
    outer loop
      vertex -11.6673 -11.6673 10
      vertex -13.3 -12.93 10
      vertex -11.2876 -11.9431 10
    endloop
  endfacet
  facet normal 0 0 1
    outer loop
      vertex -11.9431 -11.2876 10
      vertex -13.3 -12.93 10
      vertex -11.6673 -11.6673 10
    endloop
  endfacet
  facet normal 1 -0 0
    outer loop
      vertex -13.3 -12.93 18
      vertex -13.3 -9.93 10
      vertex -13.3 -9.93 18
    endloop
  endfacet
  facet normal 1 0 0
    outer loop
      vertex -13.3 -9.93 10
      vertex -13.3 -12.93 18
      vertex -13.3 -12.93 10
    endloop
  endfacet
  facet normal 0 -1 0
    outer loop
      vertex -9.26867 -9.93 10
      vertex 9.26867 -9.93 12.5
      vertex -9.26867 -9.93 12.5
    endloop
  endfacet
  facet normal 0 -1 -0
    outer loop
      vertex 9.26867 -9.93 12.5
      vertex -9.26867 -9.93 10
      vertex 9.26867 -9.93 10
    endloop
  endfacet
  facet normal 0 -1 0
    outer loop
      vertex -9.26867 -9.93 12.5
      vertex -13.3 -9.93 18
      vertex -11.9445 -9.93 12.5
    endloop
  endfacet
  facet normal 0 -1 0
    outer loop
      vertex -13.3 -9.93 10
      vertex -11.9445 -9.93 12.5
      vertex -13.3 -9.93 18
    endloop
  endfacet
  facet normal 0 -1 -0
    outer loop
      vertex -11.9445 -9.93 12.5
      vertex -13.3 -9.93 10
      vertex -11.9445 -9.93 10
    endloop
  endfacet
  facet normal 0 -1 0
    outer loop
      vertex 9.26867 -9.93 12.5
      vertex -13.3 -9.93 18
      vertex -9.26867 -9.93 12.5
    endloop
  endfacet
  facet normal 0 -1 0
    outer loop
      vertex 11.9445 -9.93 12.5
      vertex -13.3 -9.93 18
      vertex 9.26867 -9.93 12.5
    endloop
  endfacet
  facet normal 0 -1 0
    outer loop
      vertex -13.3 -9.93 18
      vertex 11.9445 -9.93 12.5
      vertex 37.5 -9.93 18
    endloop
  endfacet
  facet normal 0 -1 0
    outer loop
      vertex 37.5 -9.93 10
      vertex 11.9445 -9.93 12.5
      vertex 11.9445 -9.93 10
    endloop
  endfacet
  facet normal 0 -1 0
    outer loop
      vertex 11.9445 -9.93 12.5
      vertex 37.5 -9.93 10
      vertex 37.5 -9.93 18
    endloop
  endfacet
  facet normal 0 1 -0
    outer loop
      vertex 37.5 -12.93 10
      vertex -13.3 -12.93 18
      vertex 37.5 -12.93 18
    endloop
  endfacet
  facet normal 0 1 0
    outer loop
      vertex -13.3 -12.93 18
      vertex 37.5 -12.93 10
      vertex -13.3 -12.93 10
    endloop
  endfacet
  facet normal -1 0 0
    outer loop
      vertex 37.5 9.93 10
      vertex 37.5 12.93 18
      vertex 37.5 12.93 10
    endloop
  endfacet
  facet normal -1 -0 0
    outer loop
      vertex 37.5 12.93 18
      vertex 37.5 9.93 10
      vertex 37.5 9.93 18
    endloop
  endfacet
  facet normal 0 0 1
    outer loop
      vertex 37.5 12.93 10
      vertex 12.0881 10.8413 10
      vertex 37.5 9.93 10
    endloop
  endfacet
  facet normal 0 0 1
    outer loop
      vertex 37.5 12.93 10
      vertex 11.9431 11.2876 10
      vertex 12.0881 10.8413 10
    endloop
  endfacet
  facet normal 0 0 1
    outer loop
      vertex 37.5 12.93 10
      vertex 11.6673 11.6673 10
      vertex 11.9431 11.2876 10
    endloop
  endfacet
  facet normal 0 0 1
    outer loop
      vertex 37.5 12.93 10
      vertex 11.2876 11.9431 10
      vertex 11.6673 11.6673 10
    endloop
  endfacet
  facet normal 0 0 1
    outer loop
      vertex 37.5 12.93 10
      vertex 10.8413 12.0881 10
      vertex 11.2876 11.9431 10
    endloop
  endfacet
  facet normal 0 0 1
    outer loop
      vertex 37.5 12.93 10
      vertex 10.3719 12.0881 10
      vertex 10.8413 12.0881 10
    endloop
  endfacet
  facet normal 0 0 1
    outer loop
      vertex 9.12507 10.8413 10
      vertex -9.12507 10.8413 10
      vertex 9.12507 10.3719 10
    endloop
  endfacet
  facet normal 0 0 1
    outer loop
      vertex 9.27009 11.2876 10
      vertex -9.12507 10.8413 10
      vertex 9.12507 10.8413 10
    endloop
  endfacet
  facet normal 0 0 1
    outer loop
      vertex -9.27009 11.2876 10
      vertex 9.27009 11.2876 10
      vertex 9.54594 11.6673 10
    endloop
  endfacet
  facet normal 0 0 1
    outer loop
      vertex -9.54594 11.6673 10
      vertex 9.54594 11.6673 10
      vertex 9.92562 11.9431 10
    endloop
  endfacet
  facet normal 0 0 1
    outer loop
      vertex -9.92562 11.9431 10
      vertex 9.92562 11.9431 10
      vertex 10.3719 12.0881 10
    endloop
  endfacet
  facet normal 0 0 1
    outer loop
      vertex 9.27009 11.2876 10
      vertex -9.27009 11.2876 10
      vertex -9.12507 10.8413 10
    endloop
  endfacet
  facet normal 0 0 1
    outer loop
      vertex 9.54594 11.6673 10
      vertex -9.54594 11.6673 10
      vertex -9.27009 11.2876 10
    endloop
  endfacet
  facet normal -0 0 1
    outer loop
      vertex -13.3 12.93 10
      vertex 10.3719 12.0881 10
      vertex 37.5 12.93 10
    endloop
  endfacet
  facet normal 0 0 1
    outer loop
      vertex 9.92562 11.9431 10
      vertex -9.92562 11.9431 10
      vertex -9.54594 11.6673 10
    endloop
  endfacet
  facet normal 0 0 1
    outer loop
      vertex 10.3719 12.0881 10
      vertex -10.3719 12.0881 10
      vertex -9.92562 11.9431 10
    endloop
  endfacet
  facet normal 0 0 1
    outer loop
      vertex 10.3719 12.0881 10
      vertex -13.3 12.93 10
      vertex -10.3719 12.0881 10
    endloop
  endfacet
  facet normal 0 0 1
    outer loop
      vertex -13.3 9.93 10
      vertex -12.0881 10.8413 10
      vertex -13.3 12.93 10
    endloop
  endfacet
  facet normal 0 0 1
    outer loop
      vertex -11.9431 11.2876 10
      vertex -13.3 12.93 10
      vertex -12.0881 10.8413 10
    endloop
  endfacet
  facet normal 0 0 1
    outer loop
      vertex -11.6673 11.6673 10
      vertex -13.3 12.93 10
      vertex -11.9431 11.2876 10
    endloop
  endfacet
  facet normal 0 0 1
    outer loop
      vertex -11.2876 11.9431 10
      vertex -13.3 12.93 10
      vertex -11.6673 11.6673 10
    endloop
  endfacet
  facet normal 0 0 1
    outer loop
      vertex -10.8413 12.0881 10
      vertex -13.3 12.93 10
      vertex -11.2876 11.9431 10
    endloop
  endfacet
  facet normal 0 0 1
    outer loop
      vertex -10.3719 12.0881 10
      vertex -13.3 12.93 10
      vertex -10.8413 12.0881 10
    endloop
  endfacet
  facet normal -0 0 1
    outer loop
      vertex 12.0881 10.3719 10
      vertex 37.5 9.93 10
      vertex 12.0881 10.8413 10
    endloop
  endfacet
  facet normal 0 0 1
    outer loop
      vertex 37.5 9.93 10
      vertex 12.0881 10.3719 10
      vertex 11.9445 9.93 10
    endloop
  endfacet
  facet normal 0 0 1
    outer loop
      vertex -9.12507 10.3719 10
      vertex 9.12507 10.3719 10
      vertex -9.12507 10.8413 10
    endloop
  endfacet
  facet normal 0 0 1
    outer loop
      vertex 9.12507 10.3719 10
      vertex -9.12507 10.3719 10
      vertex 9.26867 9.93 10
    endloop
  endfacet
  facet normal 0 0 1
    outer loop
      vertex 9.26867 9.93 10
      vertex -9.12507 10.3719 10
      vertex -9.26867 9.93 10
    endloop
  endfacet
  facet normal 0 0 1
    outer loop
      vertex -12.0881 10.8413 10
      vertex -13.3 9.93 10
      vertex -12.0881 10.3719 10
    endloop
  endfacet
  facet normal 0 0 1
    outer loop
      vertex -12.0881 10.3719 10
      vertex -13.3 9.93 10
      vertex -11.9445 9.93 10
    endloop
  endfacet
  facet normal 1 -0 0
    outer loop
      vertex -13.3 9.93 18
      vertex -13.3 12.93 10
      vertex -13.3 12.93 18
    endloop
  endfacet
  facet normal 1 0 0
    outer loop
      vertex -13.3 12.93 10
      vertex -13.3 9.93 18
      vertex -13.3 9.93 10
    endloop
  endfacet
  facet normal 0 -1 0
    outer loop
      vertex -13.3 12.93 10
      vertex 37.5 12.93 18
      vertex -13.3 12.93 18
    endloop
  endfacet
  facet normal 0 -1 -0
    outer loop
      vertex 37.5 12.93 18
      vertex -13.3 12.93 10
      vertex 37.5 12.93 10
    endloop
  endfacet
  facet normal 0 1 -0
    outer loop
      vertex 9.26867 9.93 10
      vertex -9.26867 9.93 12.5
      vertex 9.26867 9.93 12.5
    endloop
  endfacet
  facet normal 0 1 0
    outer loop
      vertex -9.26867 9.93 12.5
      vertex 9.26867 9.93 10
      vertex -9.26867 9.93 10
    endloop
  endfacet
  facet normal 0 1 0
    outer loop
      vertex 37.5 9.93 18
      vertex 11.9445 9.93 12.5
      vertex -13.3 9.93 18
    endloop
  endfacet
  facet normal 0 1 -0
    outer loop
      vertex 37.5 9.93 10
      vertex 11.9445 9.93 12.5
      vertex 37.5 9.93 18
    endloop
  endfacet
  facet normal 0 1 0
    outer loop
      vertex 11.9445 9.93 12.5
      vertex 37.5 9.93 10
      vertex 11.9445 9.93 10
    endloop
  endfacet
  facet normal 0 1 -0
    outer loop
      vertex 9.26867 9.93 12.5
      vertex -13.3 9.93 18
      vertex 11.9445 9.93 12.5
    endloop
  endfacet
  facet normal 0 1 -0
    outer loop
      vertex -9.26867 9.93 12.5
      vertex -13.3 9.93 18
      vertex 9.26867 9.93 12.5
    endloop
  endfacet
  facet normal 0 1 -0
    outer loop
      vertex -11.9445 9.93 12.5
      vertex -13.3 9.93 18
      vertex -9.26867 9.93 12.5
    endloop
  endfacet
  facet normal 0 1 0
    outer loop
      vertex -13.3 9.93 10
      vertex -11.9445 9.93 12.5
      vertex -11.9445 9.93 10
    endloop
  endfacet
  facet normal 0 1 0
    outer loop
      vertex -11.9445 9.93 12.5
      vertex -13.3 9.93 10
      vertex -13.3 9.93 18
    endloop
  endfacet
  facet normal 0 0 1
    outer loop
      vertex 40.5 0 42
      vertex 42.5 0 42
      vertex 42.4764 0.75 42
    endloop
  endfacet
  facet normal -0 0 1
    outer loop
      vertex 40.4201 2.54302 42
      vertex 42.4764 0.75 42
      vertex 42.4161 2.6686 42
    endloop
  endfacet
  facet normal 0 0 1
    outer loop
      vertex 42.5 0 42
      vertex 40.5 0 42
      vertex 42.4764 -0.75 42
    endloop
  endfacet
  facet normal 0 0 1
    outer loop
      vertex 40.4201 2.54302 42
      vertex 42.4161 2.6686 42
      vertex 42.1649 5.32666 42
    endloop
  endfacet
  facet normal 0 0 1
    outer loop
      vertex 40.4201 -2.54302 42
      vertex 42.4764 -0.75 42
      vertex 40.5 0 42
    endloop
  endfacet
  facet normal 0 0 1
    outer loop
      vertex 40.1806 5.076 42
      vertex 42.1649 5.32666 42
      vertex 41.7472 7.96371 42
    endloop
  endfacet
  facet normal 0 0 1
    outer loop
      vertex 42.4764 -0.75 42
      vertex 40.4201 -2.54302 42
      vertex 42.4161 -2.6686 42
    endloop
  endfacet
  facet normal 0 0 1
    outer loop
      vertex 39.7826 7.58894 42
      vertex 41.7472 7.96371 42
      vertex 41.1648 10.5693 42
    endloop
  endfacet
  facet normal 0 0 1
    outer loop
      vertex 42.4161 -2.6686 42
      vertex 40.4201 -2.54302 42
      vertex 42.1649 -5.32666 42
    endloop
  endfacet
  facet normal -0 0 1
    outer loop
      vertex 40.1806 -5.076 42
      vertex 42.1649 -5.32666 42
      vertex 40.4201 -2.54302 42
    endloop
  endfacet
  facet normal 0 0 1
    outer loop
      vertex 42.4764 0.75 42
      vertex 40.4201 2.54302 42
      vertex 40.5 0 42
    endloop
  endfacet
  facet normal 0 0 1
    outer loop
      vertex 39.2276 10.0719 42
      vertex 41.1648 10.5693 42
      vertex 40.4199 13.1332 42
    endloop
  endfacet
  facet normal 0 0 1
    outer loop
      vertex 42.1649 5.32666 42
      vertex 40.1806 5.076 42
      vertex 40.4201 2.54302 42
    endloop
  endfacet
  facet normal 0 0 1
    outer loop
      vertex 41.7472 7.96371 42
      vertex 39.7826 7.58894 42
      vertex 40.1806 5.076 42
    endloop
  endfacet
  facet normal 0 0 1
    outer loop
      vertex 38.5178 12.5152 42
      vertex 40.4199 13.1332 42
      vertex 39.5155 15.6453 42
    endloop
  endfacet
  facet normal 0 0 1
    outer loop
      vertex 41.1648 10.5693 42
      vertex 39.2276 10.0719 42
      vertex 39.7826 7.58894 42
    endloop
  endfacet
  facet normal 0 0 1
    outer loop
      vertex 40.4199 13.1332 42
      vertex 38.5178 12.5152 42
      vertex 39.2276 10.0719 42
    endloop
  endfacet
  facet normal 0 0 1
    outer loop
      vertex 37.6559 14.909 42
      vertex 39.5155 15.6453 42
      vertex 38.4552 18.0956 42
    endloop
  endfacet
  facet normal 0 0 1
    outer loop
      vertex 39.5155 15.6453 42
      vertex 37.6559 14.909 42
      vertex 38.5178 12.5152 42
    endloop
  endfacet
  facet normal 0 0 1
    outer loop
      vertex 36.6455 17.2441 42
      vertex 38.4552 18.0956 42
      vertex 37.243 20.4745 42
    endloop
  endfacet
  facet normal 0 0 1
    outer loop
      vertex 38.4552 18.0956 42
      vertex 36.6455 17.2441 42
      vertex 37.6559 14.909 42
    endloop
  endfacet
  facet normal 0 0 1
    outer loop
      vertex 35.4904 19.511 42
      vertex 37.243 20.4745 42
      vertex 35.8839 22.7726 42
    endloop
  endfacet
  facet normal 0 0 1
    outer loop
      vertex 37.243 20.4745 42
      vertex 35.4904 19.511 42
      vertex 36.6455 17.2441 42
    endloop
  endfacet
  facet normal 0 0 1
    outer loop
      vertex 34.1953 21.701 42
      vertex 35.8839 22.7726 42
      vertex 34.3832 24.9809 42
    endloop
  endfacet
  facet normal 0 0 1
    outer loop
      vertex 35.8839 22.7726 42
      vertex 34.1953 21.701 42
      vertex 35.4904 19.511 42
    endloop
  endfacet
  facet normal 0 0 1
    outer loop
      vertex 34.3832 24.9809 42
      vertex 32.7652 23.8053 42
      vertex 34.1953 21.701 42
    endloop
  endfacet
  facet normal 0 0 1
    outer loop
      vertex 32.7468 27.0905 42
      vertex 32.7652 23.8053 42
      vertex 34.3832 24.9809 42
    endloop
  endfacet
  facet normal 0 0 1
    outer loop
      vertex 32.7468 27.0905 42
      vertex 31.2058 25.8157 42
      vertex 32.7652 23.8053 42
    endloop
  endfacet
  facet normal 0 0 1
    outer loop
      vertex 30.9812 29.0933 42
      vertex 31.2058 25.8157 42
      vertex 32.7468 27.0905 42
    endloop
  endfacet
  facet normal 0 0 1
    outer loop
      vertex 29.5232 27.7242 42
      vertex 30.9812 29.0933 42
      vertex 30.5675 29.5069 42
    endloop
  endfacet
  facet normal 0 0 1
    outer loop
      vertex 30.9812 29.0933 42
      vertex 29.5232 27.7242 42
      vertex 31.2058 25.8157 42
    endloop
  endfacet
  facet normal 0 0 1
    outer loop
      vertex 29.5069 30.5675 42
      vertex 29.5232 27.7242 42
      vertex 30.5675 29.5069 42
    endloop
  endfacet
  facet normal 0 0 1
    outer loop
      vertex 27.7242 29.5232 42
      vertex 29.5069 30.5675 42
      vertex 29.0933 30.9812 42
    endloop
  endfacet
  facet normal 0 0 1
    outer loop
      vertex 29.5069 30.5675 42
      vertex 27.7242 29.5232 42
      vertex 29.5232 27.7242 42
    endloop
  endfacet
  facet normal 0 0 1
    outer loop
      vertex 27.0905 32.7468 42
      vertex 27.7242 29.5232 42
      vertex 29.0933 30.9812 42
    endloop
  endfacet
  facet normal 0 0 1
    outer loop
      vertex 27.0905 32.7468 42
      vertex 25.8157 31.2058 42
      vertex 27.7242 29.5232 42
    endloop
  endfacet
  facet normal 0 0 1
    outer loop
      vertex 24.9809 34.3832 42
      vertex 25.8157 31.2058 42
      vertex 27.0905 32.7468 42
    endloop
  endfacet
  facet normal 0 0 1
    outer loop
      vertex 24.9809 34.3832 42
      vertex 23.8053 32.7652 42
      vertex 25.8157 31.2058 42
    endloop
  endfacet
  facet normal 0 0 1
    outer loop
      vertex 22.7726 35.8839 42
      vertex 23.8053 32.7652 42
      vertex 24.9809 34.3832 42
    endloop
  endfacet
  facet normal 0 0 1
    outer loop
      vertex 22.7726 35.8839 42
      vertex 21.701 34.1953 42
      vertex 23.8053 32.7652 42
    endloop
  endfacet
  facet normal 0 0 1
    outer loop
      vertex 20.4745 37.243 42
      vertex 21.701 34.1953 42
      vertex 22.7726 35.8839 42
    endloop
  endfacet
  facet normal 0 0 1
    outer loop
      vertex 20.4745 37.243 42
      vertex 19.511 35.4904 42
      vertex 21.701 34.1953 42
    endloop
  endfacet
  facet normal 0 0 1
    outer loop
      vertex 18.0956 38.4552 42
      vertex 19.511 35.4904 42
      vertex 20.4745 37.243 42
    endloop
  endfacet
  facet normal 0 0 1
    outer loop
      vertex 18.0956 38.4552 42
      vertex 17.2441 36.6455 42
      vertex 19.511 35.4904 42
    endloop
  endfacet
  facet normal 0 0 1
    outer loop
      vertex 15.6453 39.5155 42
      vertex 17.2441 36.6455 42
      vertex 18.0956 38.4552 42
    endloop
  endfacet
  facet normal 0 0 1
    outer loop
      vertex 15.6453 39.5155 42
      vertex 14.909 37.6559 42
      vertex 17.2441 36.6455 42
    endloop
  endfacet
  facet normal 0 0 1
    outer loop
      vertex 13.1332 40.4199 42
      vertex 14.909 37.6559 42
      vertex 15.6453 39.5155 42
    endloop
  endfacet
  facet normal 0 0 1
    outer loop
      vertex 13.1332 40.4199 42
      vertex 12.5152 38.5178 42
      vertex 14.909 37.6559 42
    endloop
  endfacet
  facet normal 0 0 1
    outer loop
      vertex 10.5693 41.1648 42
      vertex 12.5152 38.5178 42
      vertex 13.1332 40.4199 42
    endloop
  endfacet
  facet normal 0 0 1
    outer loop
      vertex 10.5693 41.1648 42
      vertex 10.0719 39.2276 42
      vertex 12.5152 38.5178 42
    endloop
  endfacet
  facet normal 0 0 1
    outer loop
      vertex 7.96371 41.7472 42
      vertex 10.0719 39.2276 42
      vertex 10.5693 41.1648 42
    endloop
  endfacet
  facet normal 0 0 1
    outer loop
      vertex 7.96371 41.7472 42
      vertex 7.58894 39.7826 42
      vertex 10.0719 39.2276 42
    endloop
  endfacet
  facet normal 0 0 1
    outer loop
      vertex 5.32666 42.1649 42
      vertex 7.58894 39.7826 42
      vertex 7.96371 41.7472 42
    endloop
  endfacet
  facet normal 0 0 1
    outer loop
      vertex 5.32666 42.1649 42
      vertex 5.076 40.1806 42
      vertex 7.58894 39.7826 42
    endloop
  endfacet
  facet normal 0 0 1
    outer loop
      vertex 2.6686 42.4161 42
      vertex 5.076 40.1806 42
      vertex 5.32666 42.1649 42
    endloop
  endfacet
  facet normal 0 0 1
    outer loop
      vertex 2.6686 42.4161 42
      vertex 2.54302 40.4201 42
      vertex 5.076 40.1806 42
    endloop
  endfacet
  facet normal 0 0 1
    outer loop
      vertex 0.75 42.4764 42
      vertex 2.54302 40.4201 42
      vertex 2.6686 42.4161 42
    endloop
  endfacet
  facet normal 0 0 1
    outer loop
      vertex 0 40.5 42
      vertex 0.75 42.4764 42
      vertex 0 42.5 42
    endloop
  endfacet
  facet normal 0 0 1
    outer loop
      vertex 0.75 42.4764 42
      vertex 0 40.5 42
      vertex 2.54302 40.4201 42
    endloop
  endfacet
  facet normal -0 0 1
    outer loop
      vertex -0.75 42.4764 42
      vertex 0 40.5 42
      vertex 0 42.5 42
    endloop
  endfacet
  facet normal 0 0 1
    outer loop
      vertex -0.75 42.4764 42
      vertex -2.54302 40.4201 42
      vertex 0 40.5 42
    endloop
  endfacet
  facet normal -0 0 1
    outer loop
      vertex -2.6686 42.4161 42
      vertex -2.54302 40.4201 42
      vertex -0.75 42.4764 42
    endloop
  endfacet
  facet normal 0 0 1
    outer loop
      vertex -2.6686 42.4161 42
      vertex -5.076 40.1806 42
      vertex -2.54302 40.4201 42
    endloop
  endfacet
  facet normal -0 0 1
    outer loop
      vertex -5.32666 42.1649 42
      vertex -5.076 40.1806 42
      vertex -2.6686 42.4161 42
    endloop
  endfacet
  facet normal 0 0 1
    outer loop
      vertex -5.32666 42.1649 42
      vertex -7.58894 39.7826 42
      vertex -5.076 40.1806 42
    endloop
  endfacet
  facet normal -0 0 1
    outer loop
      vertex -7.96371 41.7472 42
      vertex -7.58894 39.7826 42
      vertex -5.32666 42.1649 42
    endloop
  endfacet
  facet normal 0 0 1
    outer loop
      vertex -7.96371 41.7472 42
      vertex -10.0719 39.2276 42
      vertex -7.58894 39.7826 42
    endloop
  endfacet
  facet normal -0 0 1
    outer loop
      vertex -10.5693 41.1648 42
      vertex -10.0719 39.2276 42
      vertex -7.96371 41.7472 42
    endloop
  endfacet
  facet normal 0 0 1
    outer loop
      vertex -10.5693 41.1648 42
      vertex -12.5152 38.5178 42
      vertex -10.0719 39.2276 42
    endloop
  endfacet
  facet normal -0 0 1
    outer loop
      vertex -13.1332 40.4199 42
      vertex -12.5152 38.5178 42
      vertex -10.5693 41.1648 42
    endloop
  endfacet
  facet normal 0 0 1
    outer loop
      vertex -13.1332 40.4199 42
      vertex -14.909 37.6559 42
      vertex -12.5152 38.5178 42
    endloop
  endfacet
  facet normal -0 0 1
    outer loop
      vertex -15.6453 39.5155 42
      vertex -14.909 37.6559 42
      vertex -13.1332 40.4199 42
    endloop
  endfacet
  facet normal 0 0 1
    outer loop
      vertex -15.6453 39.5155 42
      vertex -17.2441 36.6455 42
      vertex -14.909 37.6559 42
    endloop
  endfacet
  facet normal -0 0 1
    outer loop
      vertex -18.0956 38.4552 42
      vertex -17.2441 36.6455 42
      vertex -15.6453 39.5155 42
    endloop
  endfacet
  facet normal 0 0 1
    outer loop
      vertex -18.0956 38.4552 42
      vertex -19.511 35.4904 42
      vertex -17.2441 36.6455 42
    endloop
  endfacet
  facet normal -0 0 1
    outer loop
      vertex -20.4745 37.243 42
      vertex -19.511 35.4904 42
      vertex -18.0956 38.4552 42
    endloop
  endfacet
  facet normal 0 0 1
    outer loop
      vertex -20.4745 37.243 42
      vertex -21.701 34.1953 42
      vertex -19.511 35.4904 42
    endloop
  endfacet
  facet normal -0 0 1
    outer loop
      vertex -22.7726 35.8839 42
      vertex -21.701 34.1953 42
      vertex -20.4745 37.243 42
    endloop
  endfacet
  facet normal 0 0 1
    outer loop
      vertex -22.7726 35.8839 42
      vertex -23.8053 32.7652 42
      vertex -21.701 34.1953 42
    endloop
  endfacet
  facet normal -0 0 1
    outer loop
      vertex -24.9809 34.3832 42
      vertex -23.8053 32.7652 42
      vertex -22.7726 35.8839 42
    endloop
  endfacet
  facet normal 0 0 1
    outer loop
      vertex -24.9809 34.3832 42
      vertex -25.8157 31.2058 42
      vertex -23.8053 32.7652 42
    endloop
  endfacet
  facet normal -0 0 1
    outer loop
      vertex -27.0905 32.7468 42
      vertex -25.8157 31.2058 42
      vertex -24.9809 34.3832 42
    endloop
  endfacet
  facet normal 0 0 1
    outer loop
      vertex -27.0905 32.7468 42
      vertex -27.7242 29.5232 42
      vertex -25.8157 31.2058 42
    endloop
  endfacet
  facet normal -0 0 1
    outer loop
      vertex -29.0933 30.9812 42
      vertex -27.7242 29.5232 42
      vertex -27.0905 32.7468 42
    endloop
  endfacet
  facet normal -0 0 1
    outer loop
      vertex -29.5069 30.5675 42
      vertex -27.7242 29.5232 42
      vertex -29.0933 30.9812 42
    endloop
  endfacet
  facet normal 0 0 1
    outer loop
      vertex -29.5069 30.5675 42
      vertex -29.5232 27.7242 42
      vertex -27.7242 29.5232 42
    endloop
  endfacet
  facet normal -0 0 1
    outer loop
      vertex -30.5675 29.5069 42
      vertex -29.5232 27.7242 42
      vertex -29.5069 30.5675 42
    endloop
  endfacet
  facet normal -0 0 1
    outer loop
      vertex -30.9812 29.0933 42
      vertex -29.5232 27.7242 42
      vertex -30.5675 29.5069 42
    endloop
  endfacet
  facet normal 0 0 1
    outer loop
      vertex -30.9812 29.0933 42
      vertex -31.2058 25.8157 42
      vertex -29.5232 27.7242 42
    endloop
  endfacet
  facet normal -0 0 1
    outer loop
      vertex -32.7468 27.0905 42
      vertex -31.2058 25.8157 42
      vertex -30.9812 29.0933 42
    endloop
  endfacet
  facet normal 0 0 1
    outer loop
      vertex -32.7468 27.0905 42
      vertex -32.7652 23.8053 42
      vertex -31.2058 25.8157 42
    endloop
  endfacet
  facet normal -0 0 1
    outer loop
      vertex -34.3832 24.9809 42
      vertex -32.7652 23.8053 42
      vertex -32.7468 27.0905 42
    endloop
  endfacet
  facet normal 0 0 1
    outer loop
      vertex -32.7652 23.8053 42
      vertex -34.3832 24.9809 42
      vertex -34.1953 21.701 42
    endloop
  endfacet
  facet normal -0 0 1
    outer loop
      vertex -35.8839 22.7726 42
      vertex -34.1953 21.701 42
      vertex -34.3832 24.9809 42
    endloop
  endfacet
  facet normal 0 0 1
    outer loop
      vertex -34.1953 21.701 42
      vertex -35.8839 22.7726 42
      vertex -35.4904 19.511 42
    endloop
  endfacet
  facet normal -0 0 1
    outer loop
      vertex -37.243 20.4745 42
      vertex -35.4904 19.511 42
      vertex -35.8839 22.7726 42
    endloop
  endfacet
  facet normal 0 0 1
    outer loop
      vertex -35.4904 19.511 42
      vertex -37.243 20.4745 42
      vertex -36.6455 17.2441 42
    endloop
  endfacet
  facet normal -0 0 1
    outer loop
      vertex -38.4552 18.0956 42
      vertex -36.6455 17.2441 42
      vertex -37.243 20.4745 42
    endloop
  endfacet
  facet normal 0 0 1
    outer loop
      vertex -36.6455 17.2441 42
      vertex -38.4552 18.0956 42
      vertex -37.6559 14.909 42
    endloop
  endfacet
  facet normal -0 0 1
    outer loop
      vertex -39.5155 15.6453 42
      vertex -37.6559 14.909 42
      vertex -38.4552 18.0956 42
    endloop
  endfacet
  facet normal 0 0 1
    outer loop
      vertex -37.6559 14.909 42
      vertex -39.5155 15.6453 42
      vertex -38.5178 12.5152 42
    endloop
  endfacet
  facet normal -0 0 1
    outer loop
      vertex -40.4199 13.1332 42
      vertex -38.5178 12.5152 42
      vertex -39.5155 15.6453 42
    endloop
  endfacet
  facet normal 0 0 1
    outer loop
      vertex -38.5178 12.5152 42
      vertex -40.4199 13.1332 42
      vertex -39.2276 10.0719 42
    endloop
  endfacet
  facet normal -0 0 1
    outer loop
      vertex -41.1648 10.5693 42
      vertex -39.2276 10.0719 42
      vertex -40.4199 13.1332 42
    endloop
  endfacet
  facet normal 0 0 1
    outer loop
      vertex -39.2276 10.0719 42
      vertex -41.1648 10.5693 42
      vertex -39.7826 7.58894 42
    endloop
  endfacet
  facet normal -0 0 1
    outer loop
      vertex -41.7472 7.96371 42
      vertex -39.7826 7.58894 42
      vertex -41.1648 10.5693 42
    endloop
  endfacet
  facet normal 0 0 1
    outer loop
      vertex -39.7826 7.58894 42
      vertex -41.7472 7.96371 42
      vertex -40.1806 5.076 42
    endloop
  endfacet
  facet normal -0 0 1
    outer loop
      vertex -42.1649 5.32666 42
      vertex -40.1806 5.076 42
      vertex -41.7472 7.96371 42
    endloop
  endfacet
  facet normal 0 0 1
    outer loop
      vertex 42.1649 -5.32666 42
      vertex 40.1806 -5.076 42
      vertex 41.7472 -7.96371 42
    endloop
  endfacet
  facet normal -0 0 1
    outer loop
      vertex 39.7826 -7.58894 42
      vertex 41.7472 -7.96371 42
      vertex 40.1806 -5.076 42
    endloop
  endfacet
  facet normal 0 0 1
    outer loop
      vertex 41.7472 -7.96371 42
      vertex 39.7826 -7.58894 42
      vertex 41.1648 -10.5693 42
    endloop
  endfacet
  facet normal -0 0 1
    outer loop
      vertex 39.2276 -10.0719 42
      vertex 41.1648 -10.5693 42
      vertex 39.7826 -7.58894 42
    endloop
  endfacet
  facet normal 0 0 1
    outer loop
      vertex 41.1648 -10.5693 42
      vertex 39.2276 -10.0719 42
      vertex 40.4199 -13.1332 42
    endloop
  endfacet
  facet normal -0 0 1
    outer loop
      vertex 38.5178 -12.5152 42
      vertex 40.4199 -13.1332 42
      vertex 39.2276 -10.0719 42
    endloop
  endfacet
  facet normal 0 0 1
    outer loop
      vertex 40.4199 -13.1332 42
      vertex 38.5178 -12.5152 42
      vertex 39.5155 -15.6453 42
    endloop
  endfacet
  facet normal -0 0 1
    outer loop
      vertex 37.6559 -14.909 42
      vertex 39.5155 -15.6453 42
      vertex 38.5178 -12.5152 42
    endloop
  endfacet
  facet normal 0 0 1
    outer loop
      vertex 39.5155 -15.6453 42
      vertex 37.6559 -14.909 42
      vertex 38.4552 -18.0956 42
    endloop
  endfacet
  facet normal -0 0 1
    outer loop
      vertex 36.6455 -17.2441 42
      vertex 38.4552 -18.0956 42
      vertex 37.6559 -14.909 42
    endloop
  endfacet
  facet normal 0 0 1
    outer loop
      vertex 38.4552 -18.0956 42
      vertex 36.6455 -17.2441 42
      vertex 37.243 -20.4745 42
    endloop
  endfacet
  facet normal -0 0 1
    outer loop
      vertex 35.4904 -19.511 42
      vertex 37.243 -20.4745 42
      vertex 36.6455 -17.2441 42
    endloop
  endfacet
  facet normal 0 0 1
    outer loop
      vertex 37.243 -20.4745 42
      vertex 35.4904 -19.511 42
      vertex 35.8839 -22.7726 42
    endloop
  endfacet
  facet normal -0 0 1
    outer loop
      vertex 34.1953 -21.701 42
      vertex 35.8839 -22.7726 42
      vertex 35.4904 -19.511 42
    endloop
  endfacet
  facet normal 0 0 1
    outer loop
      vertex 35.8839 -22.7726 42
      vertex 34.1953 -21.701 42
      vertex 34.3832 -24.9809 42
    endloop
  endfacet
  facet normal -0 0 1
    outer loop
      vertex 32.7652 -23.8053 42
      vertex 34.3832 -24.9809 42
      vertex 34.1953 -21.701 42
    endloop
  endfacet
  facet normal 0 0 1
    outer loop
      vertex 32.7652 -23.8053 42
      vertex 32.7468 -27.0905 42
      vertex 34.3832 -24.9809 42
    endloop
  endfacet
  facet normal -0 0 1
    outer loop
      vertex 31.2058 -25.8157 42
      vertex 32.7468 -27.0905 42
      vertex 32.7652 -23.8053 42
    endloop
  endfacet
  facet normal 0 0 1
    outer loop
      vertex 31.2058 -25.8157 42
      vertex 30.9812 -29.0933 42
      vertex 32.7468 -27.0905 42
    endloop
  endfacet
  facet normal -0 0 1
    outer loop
      vertex 29.5232 -27.7242 42
      vertex 30.9812 -29.0933 42
      vertex 31.2058 -25.8157 42
    endloop
  endfacet
  facet normal 0 0 1
    outer loop
      vertex 30.9812 -29.0933 42
      vertex 29.5232 -27.7242 42
      vertex 30.5675 -29.5069 42
    endloop
  endfacet
  facet normal 0 0 1
    outer loop
      vertex 29.5232 -27.7242 42
      vertex 29.5069 -30.5675 42
      vertex 30.5675 -29.5069 42
    endloop
  endfacet
  facet normal -0 0 1
    outer loop
      vertex 27.7242 -29.5232 42
      vertex 29.5069 -30.5675 42
      vertex 29.5232 -27.7242 42
    endloop
  endfacet
  facet normal 0 0 1
    outer loop
      vertex 29.5069 -30.5675 42
      vertex 27.7242 -29.5232 42
      vertex 29.0933 -30.9812 42
    endloop
  endfacet
  facet normal 0 0 1
    outer loop
      vertex 27.7242 -29.5232 42
      vertex 27.0905 -32.7468 42
      vertex 29.0933 -30.9812 42
    endloop
  endfacet
  facet normal -0 0 1
    outer loop
      vertex 25.8157 -31.2058 42
      vertex 27.0905 -32.7468 42
      vertex 27.7242 -29.5232 42
    endloop
  endfacet
  facet normal 0 0 1
    outer loop
      vertex 25.8157 -31.2058 42
      vertex 24.9809 -34.3832 42
      vertex 27.0905 -32.7468 42
    endloop
  endfacet
  facet normal -0 0 1
    outer loop
      vertex 23.8053 -32.7652 42
      vertex 24.9809 -34.3832 42
      vertex 25.8157 -31.2058 42
    endloop
  endfacet
  facet normal 0 0 1
    outer loop
      vertex 23.8053 -32.7652 42
      vertex 22.7726 -35.8839 42
      vertex 24.9809 -34.3832 42
    endloop
  endfacet
  facet normal -0 0 1
    outer loop
      vertex 21.701 -34.1953 42
      vertex 22.7726 -35.8839 42
      vertex 23.8053 -32.7652 42
    endloop
  endfacet
  facet normal 0 0 1
    outer loop
      vertex 21.701 -34.1953 42
      vertex 20.4745 -37.243 42
      vertex 22.7726 -35.8839 42
    endloop
  endfacet
  facet normal -0 0 1
    outer loop
      vertex 19.511 -35.4904 42
      vertex 20.4745 -37.243 42
      vertex 21.701 -34.1953 42
    endloop
  endfacet
  facet normal 0 0 1
    outer loop
      vertex 19.511 -35.4904 42
      vertex 18.0956 -38.4552 42
      vertex 20.4745 -37.243 42
    endloop
  endfacet
  facet normal -0 0 1
    outer loop
      vertex 17.2441 -36.6455 42
      vertex 18.0956 -38.4552 42
      vertex 19.511 -35.4904 42
    endloop
  endfacet
  facet normal 0 0 1
    outer loop
      vertex 17.2441 -36.6455 42
      vertex 15.6453 -39.5155 42
      vertex 18.0956 -38.4552 42
    endloop
  endfacet
  facet normal -0 0 1
    outer loop
      vertex 14.909 -37.6559 42
      vertex 15.6453 -39.5155 42
      vertex 17.2441 -36.6455 42
    endloop
  endfacet
  facet normal 0 0 1
    outer loop
      vertex 14.909 -37.6559 42
      vertex 13.1332 -40.4199 42
      vertex 15.6453 -39.5155 42
    endloop
  endfacet
  facet normal -0 0 1
    outer loop
      vertex 12.5152 -38.5178 42
      vertex 13.1332 -40.4199 42
      vertex 14.909 -37.6559 42
    endloop
  endfacet
  facet normal 0 0 1
    outer loop
      vertex 12.5152 -38.5178 42
      vertex 10.5693 -41.1648 42
      vertex 13.1332 -40.4199 42
    endloop
  endfacet
  facet normal -0 0 1
    outer loop
      vertex 10.0719 -39.2276 42
      vertex 10.5693 -41.1648 42
      vertex 12.5152 -38.5178 42
    endloop
  endfacet
  facet normal 0 0 1
    outer loop
      vertex 10.0719 -39.2276 42
      vertex 7.96371 -41.7472 42
      vertex 10.5693 -41.1648 42
    endloop
  endfacet
  facet normal -0 0 1
    outer loop
      vertex 7.58894 -39.7826 42
      vertex 7.96371 -41.7472 42
      vertex 10.0719 -39.2276 42
    endloop
  endfacet
  facet normal 0 0 1
    outer loop
      vertex 7.58894 -39.7826 42
      vertex 5.32666 -42.1649 42
      vertex 7.96371 -41.7472 42
    endloop
  endfacet
  facet normal -0 0 1
    outer loop
      vertex 5.076 -40.1806 42
      vertex 5.32666 -42.1649 42
      vertex 7.58894 -39.7826 42
    endloop
  endfacet
  facet normal 0 0 1
    outer loop
      vertex 5.076 -40.1806 42
      vertex 2.6686 -42.4161 42
      vertex 5.32666 -42.1649 42
    endloop
  endfacet
  facet normal -0 0 1
    outer loop
      vertex 2.54302 -40.4201 42
      vertex 2.6686 -42.4161 42
      vertex 5.076 -40.1806 42
    endloop
  endfacet
  facet normal 0 0 1
    outer loop
      vertex 2.54302 -40.4201 42
      vertex 0.75 -42.4764 42
      vertex 2.6686 -42.4161 42
    endloop
  endfacet
  facet normal -0 0 1
    outer loop
      vertex 0 -40.5 42
      vertex 0.75 -42.4764 42
      vertex 2.54302 -40.4201 42
    endloop
  endfacet
  facet normal 0 0 1
    outer loop
      vertex 0 -40.5 42
      vertex 0 -42.5 42
      vertex 0.75 -42.4764 42
    endloop
  endfacet
  facet normal 0 0 1
    outer loop
      vertex 0 -40.5 42
      vertex -0.75 -42.4764 42
      vertex 0 -42.5 42
    endloop
  endfacet
  facet normal 0 0 1
    outer loop
      vertex -2.54302 -40.4201 42
      vertex -0.75 -42.4764 42
      vertex 0 -40.5 42
    endloop
  endfacet
  facet normal 0 0 1
    outer loop
      vertex -2.54302 -40.4201 42
      vertex -2.6686 -42.4161 42
      vertex -0.75 -42.4764 42
    endloop
  endfacet
  facet normal 0 0 1
    outer loop
      vertex -5.076 -40.1806 42
      vertex -2.6686 -42.4161 42
      vertex -2.54302 -40.4201 42
    endloop
  endfacet
  facet normal 0 0 1
    outer loop
      vertex -5.076 -40.1806 42
      vertex -5.32666 -42.1649 42
      vertex -2.6686 -42.4161 42
    endloop
  endfacet
  facet normal 0 0 1
    outer loop
      vertex -7.58894 -39.7826 42
      vertex -5.32666 -42.1649 42
      vertex -5.076 -40.1806 42
    endloop
  endfacet
  facet normal 0 0 1
    outer loop
      vertex -7.58894 -39.7826 42
      vertex -7.96371 -41.7472 42
      vertex -5.32666 -42.1649 42
    endloop
  endfacet
  facet normal 0 0 1
    outer loop
      vertex -10.0719 -39.2276 42
      vertex -7.96371 -41.7472 42
      vertex -7.58894 -39.7826 42
    endloop
  endfacet
  facet normal 0 0 1
    outer loop
      vertex -10.0719 -39.2276 42
      vertex -10.5693 -41.1648 42
      vertex -7.96371 -41.7472 42
    endloop
  endfacet
  facet normal 0 0 1
    outer loop
      vertex -12.5152 -38.5178 42
      vertex -10.5693 -41.1648 42
      vertex -10.0719 -39.2276 42
    endloop
  endfacet
  facet normal 0 0 1
    outer loop
      vertex -12.5152 -38.5178 42
      vertex -13.1332 -40.4199 42
      vertex -10.5693 -41.1648 42
    endloop
  endfacet
  facet normal 0 0 1
    outer loop
      vertex -14.909 -37.6559 42
      vertex -13.1332 -40.4199 42
      vertex -12.5152 -38.5178 42
    endloop
  endfacet
  facet normal 0 0 1
    outer loop
      vertex -14.909 -37.6559 42
      vertex -15.6453 -39.5155 42
      vertex -13.1332 -40.4199 42
    endloop
  endfacet
  facet normal 0 0 1
    outer loop
      vertex -17.2441 -36.6455 42
      vertex -15.6453 -39.5155 42
      vertex -14.909 -37.6559 42
    endloop
  endfacet
  facet normal 0 0 1
    outer loop
      vertex -17.2441 -36.6455 42
      vertex -18.0956 -38.4552 42
      vertex -15.6453 -39.5155 42
    endloop
  endfacet
  facet normal 0 0 1
    outer loop
      vertex -19.511 -35.4904 42
      vertex -18.0956 -38.4552 42
      vertex -17.2441 -36.6455 42
    endloop
  endfacet
  facet normal 0 0 1
    outer loop
      vertex -19.511 -35.4904 42
      vertex -20.4745 -37.243 42
      vertex -18.0956 -38.4552 42
    endloop
  endfacet
  facet normal 0 0 1
    outer loop
      vertex -21.701 -34.1953 42
      vertex -20.4745 -37.243 42
      vertex -19.511 -35.4904 42
    endloop
  endfacet
  facet normal 0 0 1
    outer loop
      vertex -21.701 -34.1953 42
      vertex -22.7726 -35.8839 42
      vertex -20.4745 -37.243 42
    endloop
  endfacet
  facet normal 0 0 1
    outer loop
      vertex -23.8053 -32.7652 42
      vertex -22.7726 -35.8839 42
      vertex -21.701 -34.1953 42
    endloop
  endfacet
  facet normal 0 0 1
    outer loop
      vertex -23.8053 -32.7652 42
      vertex -24.9809 -34.3832 42
      vertex -22.7726 -35.8839 42
    endloop
  endfacet
  facet normal 0 0 1
    outer loop
      vertex -25.8157 -31.2058 42
      vertex -24.9809 -34.3832 42
      vertex -23.8053 -32.7652 42
    endloop
  endfacet
  facet normal 0 0 1
    outer loop
      vertex -25.8157 -31.2058 42
      vertex -27.0905 -32.7468 42
      vertex -24.9809 -34.3832 42
    endloop
  endfacet
  facet normal 0 0 1
    outer loop
      vertex -27.7242 -29.5232 42
      vertex -27.0905 -32.7468 42
      vertex -25.8157 -31.2058 42
    endloop
  endfacet
  facet normal 0 0 1
    outer loop
      vertex -27.7242 -29.5232 42
      vertex -29.0933 -30.9812 42
      vertex -27.0905 -32.7468 42
    endloop
  endfacet
  facet normal 0 0 1
    outer loop
      vertex -27.7242 -29.5232 42
      vertex -29.5069 -30.5675 42
      vertex -29.0933 -30.9812 42
    endloop
  endfacet
  facet normal 0 0 1
    outer loop
      vertex -29.5232 -27.7242 42
      vertex -29.5069 -30.5675 42
      vertex -27.7242 -29.5232 42
    endloop
  endfacet
  facet normal 0 0 1
    outer loop
      vertex -29.5232 -27.7242 42
      vertex -30.5675 -29.5069 42
      vertex -29.5069 -30.5675 42
    endloop
  endfacet
  facet normal 0 0 1
    outer loop
      vertex -29.5232 -27.7242 42
      vertex -30.9812 -29.0933 42
      vertex -30.5675 -29.5069 42
    endloop
  endfacet
  facet normal 0 0 1
    outer loop
      vertex -31.2058 -25.8157 42
      vertex -30.9812 -29.0933 42
      vertex -29.5232 -27.7242 42
    endloop
  endfacet
  facet normal 0 0 1
    outer loop
      vertex -31.2058 -25.8157 42
      vertex -32.7468 -27.0905 42
      vertex -30.9812 -29.0933 42
    endloop
  endfacet
  facet normal 0 0 1
    outer loop
      vertex -32.7652 -23.8053 42
      vertex -32.7468 -27.0905 42
      vertex -31.2058 -25.8157 42
    endloop
  endfacet
  facet normal 0 0 1
    outer loop
      vertex -34.3832 -24.9809 42
      vertex -32.7652 -23.8053 42
      vertex -34.1953 -21.701 42
    endloop
  endfacet
  facet normal 0 0 1
    outer loop
      vertex -32.7652 -23.8053 42
      vertex -34.3832 -24.9809 42
      vertex -32.7468 -27.0905 42
    endloop
  endfacet
  facet normal 0 0 1
    outer loop
      vertex -35.8839 -22.7726 42
      vertex -34.1953 -21.701 42
      vertex -35.4904 -19.511 42
    endloop
  endfacet
  facet normal 0 0 1
    outer loop
      vertex -34.1953 -21.701 42
      vertex -35.8839 -22.7726 42
      vertex -34.3832 -24.9809 42
    endloop
  endfacet
  facet normal 0 0 1
    outer loop
      vertex -37.243 -20.4745 42
      vertex -35.4904 -19.511 42
      vertex -36.6455 -17.2441 42
    endloop
  endfacet
  facet normal 0 0 1
    outer loop
      vertex -35.4904 -19.511 42
      vertex -37.243 -20.4745 42
      vertex -35.8839 -22.7726 42
    endloop
  endfacet
  facet normal 0 0 1
    outer loop
      vertex -38.4552 -18.0956 42
      vertex -36.6455 -17.2441 42
      vertex -37.6559 -14.909 42
    endloop
  endfacet
  facet normal 0 0 1
    outer loop
      vertex -36.6455 -17.2441 42
      vertex -38.4552 -18.0956 42
      vertex -37.243 -20.4745 42
    endloop
  endfacet
  facet normal 0 0 1
    outer loop
      vertex -39.5155 -15.6453 42
      vertex -37.6559 -14.909 42
      vertex -38.5178 -12.5152 42
    endloop
  endfacet
  facet normal 0 0 1
    outer loop
      vertex -40.4199 -13.1332 42
      vertex -38.5178 -12.5152 42
      vertex -39.2276 -10.0719 42
    endloop
  endfacet
  facet normal 0 0 1
    outer loop
      vertex -37.6559 -14.909 42
      vertex -39.5155 -15.6453 42
      vertex -38.4552 -18.0956 42
    endloop
  endfacet
  facet normal 0 0 1
    outer loop
      vertex -41.1648 -10.5693 42
      vertex -39.2276 -10.0719 42
      vertex -39.7826 -7.58894 42
    endloop
  endfacet
  facet normal 0 0 1
    outer loop
      vertex -41.7472 -7.96371 42
      vertex -39.7826 -7.58894 42
      vertex -40.1806 -5.076 42
    endloop
  endfacet
  facet normal 0 0 1
    outer loop
      vertex -38.5178 -12.5152 42
      vertex -40.4199 -13.1332 42
      vertex -39.5155 -15.6453 42
    endloop
  endfacet
  facet normal 0 0 1
    outer loop
      vertex -42.1649 -5.32666 42
      vertex -40.1806 -5.076 42
      vertex -40.4201 -2.54302 42
    endloop
  endfacet
  facet normal -0 0 1
    outer loop
      vertex -42.4764 -0.75 42
      vertex -40.4201 -2.54302 42
      vertex -40.5 0 42
    endloop
  endfacet
  facet normal 0 0 1
    outer loop
      vertex -40.1806 5.076 42
      vertex -42.1649 5.32666 42
      vertex -40.4201 2.54302 42
    endloop
  endfacet
  facet normal 0 0 1
    outer loop
      vertex -39.2276 -10.0719 42
      vertex -41.1648 -10.5693 42
      vertex -40.4199 -13.1332 42
    endloop
  endfacet
  facet normal -0 0 1
    outer loop
      vertex -42.4161 2.6686 42
      vertex -40.4201 2.54302 42
      vertex -42.1649 5.32666 42
    endloop
  endfacet
  facet normal 0 0 1
    outer loop
      vertex -39.7826 -7.58894 42
      vertex -41.7472 -7.96371 42
      vertex -41.1648 -10.5693 42
    endloop
  endfacet
  facet normal 0 0 1
    outer loop
      vertex -42.4764 0.75 42
      vertex -40.4201 2.54302 42
      vertex -42.4161 2.6686 42
    endloop
  endfacet
  facet normal 0 0 1
    outer loop
      vertex -40.1806 -5.076 42
      vertex -42.1649 -5.32666 42
      vertex -41.7472 -7.96371 42
    endloop
  endfacet
  facet normal 0 0 1
    outer loop
      vertex -40.4201 2.54302 42
      vertex -42.4764 0.75 42
      vertex -40.5 0 42
    endloop
  endfacet
  facet normal 0 0 1
    outer loop
      vertex -42.5 0 42
      vertex -40.5 0 42
      vertex -42.4764 0.75 42
    endloop
  endfacet
  facet normal 0 0 1
    outer loop
      vertex -40.4201 -2.54302 42
      vertex -42.4764 -0.75 42
      vertex -42.4161 -2.6686 42
    endloop
  endfacet
  facet normal 0 0 1
    outer loop
      vertex -40.4201 -2.54302 42
      vertex -42.4161 -2.6686 42
      vertex -42.1649 -5.32666 42
    endloop
  endfacet
  facet normal 0 0 1
    outer loop
      vertex -40.5 0 42
      vertex -42.5 0 42
      vertex -42.4764 -0.75 42
    endloop
  endfacet
  facet normal 0 0 -1
    outer loop
      vertex 40.5 0 40
      vertex 42.5 0 40
      vertex 42.4764 -0.75 40
    endloop
  endfacet
  facet normal 0 0 -1
    outer loop
      vertex 40.4201 -2.54302 40
      vertex 42.4764 -0.75 40
      vertex 42.4161 -2.6686 40
    endloop
  endfacet
  facet normal 0 0 -1
    outer loop
      vertex 42.5 0 40
      vertex 40.5 0 40
      vertex 42.4764 0.75 40
    endloop
  endfacet
  facet normal 0 0 -1
    outer loop
      vertex 40.4201 -2.54302 40
      vertex 42.4161 -2.6686 40
      vertex 42.1649 -5.32666 40
    endloop
  endfacet
  facet normal 0 0 -1
    outer loop
      vertex 40.4201 2.54302 40
      vertex 42.4764 0.75 40
      vertex 40.5 0 40
    endloop
  endfacet
  facet normal 0 0 -1
    outer loop
      vertex 40.1806 -5.076 40
      vertex 42.1649 -5.32666 40
      vertex 41.7472 -7.96371 40
    endloop
  endfacet
  facet normal 0 0 -1
    outer loop
      vertex 42.4764 0.75 40
      vertex 40.4201 2.54302 40
      vertex 42.4161 2.6686 40
    endloop
  endfacet
  facet normal 0 0 -1
    outer loop
      vertex 39.7826 -7.58894 40
      vertex 41.7472 -7.96371 40
      vertex 41.1648 -10.5693 40
    endloop
  endfacet
  facet normal -0 0 -1
    outer loop
      vertex 42.4161 2.6686 40
      vertex 40.4201 2.54302 40
      vertex 42.1649 5.32666 40
    endloop
  endfacet
  facet normal 0 0 -1
    outer loop
      vertex 40.1806 5.076 40
      vertex 42.1649 5.32666 40
      vertex 40.4201 2.54302 40
    endloop
  endfacet
  facet normal -0 0 -1
    outer loop
      vertex 42.4764 -0.75 40
      vertex 40.4201 -2.54302 40
      vertex 40.5 0 40
    endloop
  endfacet
  facet normal 0 0 -1
    outer loop
      vertex 39.2276 -10.0719 40
      vertex 41.1648 -10.5693 40
      vertex 40.4199 -13.1332 40
    endloop
  endfacet
  facet normal 0 0 -1
    outer loop
      vertex 42.1649 -5.32666 40
      vertex 40.1806 -5.076 40
      vertex 40.4201 -2.54302 40
    endloop
  endfacet
  facet normal 0 0 -1
    outer loop
      vertex 41.7472 -7.96371 40
      vertex 39.7826 -7.58894 40
      vertex 40.1806 -5.076 40
    endloop
  endfacet
  facet normal 0 0 -1
    outer loop
      vertex 38.5178 -12.5152 40
      vertex 40.4199 -13.1332 40
      vertex 39.5155 -15.6453 40
    endloop
  endfacet
  facet normal 0 0 -1
    outer loop
      vertex 41.1648 -10.5693 40
      vertex 39.2276 -10.0719 40
      vertex 39.7826 -7.58894 40
    endloop
  endfacet
  facet normal 0 0 -1
    outer loop
      vertex 40.4199 -13.1332 40
      vertex 38.5178 -12.5152 40
      vertex 39.2276 -10.0719 40
    endloop
  endfacet
  facet normal 0 0 -1
    outer loop
      vertex 37.6559 -14.909 40
      vertex 39.5155 -15.6453 40
      vertex 38.4552 -18.0956 40
    endloop
  endfacet
  facet normal 0 0 -1
    outer loop
      vertex 39.5155 -15.6453 40
      vertex 37.6559 -14.909 40
      vertex 38.5178 -12.5152 40
    endloop
  endfacet
  facet normal 0 0 -1
    outer loop
      vertex 36.6455 -17.2441 40
      vertex 38.4552 -18.0956 40
      vertex 37.243 -20.4745 40
    endloop
  endfacet
  facet normal 0 0 -1
    outer loop
      vertex 38.4552 -18.0956 40
      vertex 36.6455 -17.2441 40
      vertex 37.6559 -14.909 40
    endloop
  endfacet
  facet normal 0 0 -1
    outer loop
      vertex 35.4904 -19.511 40
      vertex 37.243 -20.4745 40
      vertex 35.8839 -22.7726 40
    endloop
  endfacet
  facet normal 0 0 -1
    outer loop
      vertex 37.243 -20.4745 40
      vertex 35.4904 -19.511 40
      vertex 36.6455 -17.2441 40
    endloop
  endfacet
  facet normal 0 0 -1
    outer loop
      vertex 34.1953 -21.701 40
      vertex 35.8839 -22.7726 40
      vertex 34.3832 -24.9809 40
    endloop
  endfacet
  facet normal 0 0 -1
    outer loop
      vertex 35.8839 -22.7726 40
      vertex 34.1953 -21.701 40
      vertex 35.4904 -19.511 40
    endloop
  endfacet
  facet normal 0 0 -1
    outer loop
      vertex 34.3832 -24.9809 40
      vertex 32.7652 -23.8053 40
      vertex 34.1953 -21.701 40
    endloop
  endfacet
  facet normal 0 0 -1
    outer loop
      vertex 32.7468 -27.0905 40
      vertex 32.7652 -23.8053 40
      vertex 34.3832 -24.9809 40
    endloop
  endfacet
  facet normal 0 0 -1
    outer loop
      vertex 32.7468 -27.0905 40
      vertex 31.2058 -25.8157 40
      vertex 32.7652 -23.8053 40
    endloop
  endfacet
  facet normal 0 0 -1
    outer loop
      vertex 30.9812 -29.0933 40
      vertex 31.2058 -25.8157 40
      vertex 32.7468 -27.0905 40
    endloop
  endfacet
  facet normal 0 0 -1
    outer loop
      vertex 29.5232 -27.7242 40
      vertex 30.9812 -29.0933 40
      vertex 30.5675 -29.5069 40
    endloop
  endfacet
  facet normal 0 0 -1
    outer loop
      vertex 30.9812 -29.0933 40
      vertex 29.5232 -27.7242 40
      vertex 31.2058 -25.8157 40
    endloop
  endfacet
  facet normal 0 0 -1
    outer loop
      vertex 29.5069 -30.5675 40
      vertex 29.5232 -27.7242 40
      vertex 30.5675 -29.5069 40
    endloop
  endfacet
  facet normal 0 0 -1
    outer loop
      vertex 27.7242 -29.5232 40
      vertex 29.5069 -30.5675 40
      vertex 29.0933 -30.9812 40
    endloop
  endfacet
  facet normal 0 0 -1
    outer loop
      vertex 29.5069 -30.5675 40
      vertex 27.7242 -29.5232 40
      vertex 29.5232 -27.7242 40
    endloop
  endfacet
  facet normal 0 0 -1
    outer loop
      vertex 27.0905 -32.7468 40
      vertex 27.7242 -29.5232 40
      vertex 29.0933 -30.9812 40
    endloop
  endfacet
  facet normal 0 0 -1
    outer loop
      vertex 27.0905 -32.7468 40
      vertex 25.8157 -31.2058 40
      vertex 27.7242 -29.5232 40
    endloop
  endfacet
  facet normal 0 0 -1
    outer loop
      vertex 24.9809 -34.3832 40
      vertex 25.8157 -31.2058 40
      vertex 27.0905 -32.7468 40
    endloop
  endfacet
  facet normal 0 0 -1
    outer loop
      vertex 24.9809 -34.3832 40
      vertex 23.8053 -32.7652 40
      vertex 25.8157 -31.2058 40
    endloop
  endfacet
  facet normal 0 0 -1
    outer loop
      vertex 22.7726 -35.8839 40
      vertex 23.8053 -32.7652 40
      vertex 24.9809 -34.3832 40
    endloop
  endfacet
  facet normal 0 0 -1
    outer loop
      vertex 22.7726 -35.8839 40
      vertex 21.701 -34.1953 40
      vertex 23.8053 -32.7652 40
    endloop
  endfacet
  facet normal 0 0 -1
    outer loop
      vertex 20.4745 -37.243 40
      vertex 21.701 -34.1953 40
      vertex 22.7726 -35.8839 40
    endloop
  endfacet
  facet normal 0 0 -1
    outer loop
      vertex 20.4745 -37.243 40
      vertex 19.511 -35.4904 40
      vertex 21.701 -34.1953 40
    endloop
  endfacet
  facet normal 0 0 -1
    outer loop
      vertex 18.0956 -38.4552 40
      vertex 19.511 -35.4904 40
      vertex 20.4745 -37.243 40
    endloop
  endfacet
  facet normal 0 0 -1
    outer loop
      vertex 18.0956 -38.4552 40
      vertex 17.2441 -36.6455 40
      vertex 19.511 -35.4904 40
    endloop
  endfacet
  facet normal 0 0 -1
    outer loop
      vertex 15.6453 -39.5155 40
      vertex 17.2441 -36.6455 40
      vertex 18.0956 -38.4552 40
    endloop
  endfacet
  facet normal 0 0 -1
    outer loop
      vertex 15.6453 -39.5155 40
      vertex 14.909 -37.6559 40
      vertex 17.2441 -36.6455 40
    endloop
  endfacet
  facet normal 0 0 -1
    outer loop
      vertex 13.1332 -40.4199 40
      vertex 14.909 -37.6559 40
      vertex 15.6453 -39.5155 40
    endloop
  endfacet
  facet normal 0 0 -1
    outer loop
      vertex 13.1332 -40.4199 40
      vertex 12.5152 -38.5178 40
      vertex 14.909 -37.6559 40
    endloop
  endfacet
  facet normal 0 0 -1
    outer loop
      vertex 10.5693 -41.1648 40
      vertex 12.5152 -38.5178 40
      vertex 13.1332 -40.4199 40
    endloop
  endfacet
  facet normal 0 0 -1
    outer loop
      vertex 10.5693 -41.1648 40
      vertex 10.0719 -39.2276 40
      vertex 12.5152 -38.5178 40
    endloop
  endfacet
  facet normal 0 0 -1
    outer loop
      vertex 7.96371 -41.7472 40
      vertex 10.0719 -39.2276 40
      vertex 10.5693 -41.1648 40
    endloop
  endfacet
  facet normal 0 0 -1
    outer loop
      vertex 7.96371 -41.7472 40
      vertex 7.58894 -39.7826 40
      vertex 10.0719 -39.2276 40
    endloop
  endfacet
  facet normal 0 0 -1
    outer loop
      vertex 5.32666 -42.1649 40
      vertex 7.58894 -39.7826 40
      vertex 7.96371 -41.7472 40
    endloop
  endfacet
  facet normal 0 0 -1
    outer loop
      vertex 5.32666 -42.1649 40
      vertex 5.076 -40.1806 40
      vertex 7.58894 -39.7826 40
    endloop
  endfacet
  facet normal 0 0 -1
    outer loop
      vertex 2.6686 -42.4161 40
      vertex 5.076 -40.1806 40
      vertex 5.32666 -42.1649 40
    endloop
  endfacet
  facet normal 0 0 -1
    outer loop
      vertex 2.6686 -42.4161 40
      vertex 2.54302 -40.4201 40
      vertex 5.076 -40.1806 40
    endloop
  endfacet
  facet normal 0 0 -1
    outer loop
      vertex 0.75 -42.4764 40
      vertex 2.54302 -40.4201 40
      vertex 2.6686 -42.4161 40
    endloop
  endfacet
  facet normal 0 0 -1
    outer loop
      vertex 0 -40.5 40
      vertex 0.75 -42.4764 40
      vertex 0 -42.5 40
    endloop
  endfacet
  facet normal 0 0 -1
    outer loop
      vertex 0.75 -42.4764 40
      vertex 0 -40.5 40
      vertex 2.54302 -40.4201 40
    endloop
  endfacet
  facet normal 0 0 -1
    outer loop
      vertex -0.75 -42.4764 40
      vertex 0 -40.5 40
      vertex 0 -42.5 40
    endloop
  endfacet
  facet normal 0 0 -1
    outer loop
      vertex -0.75 -42.4764 40
      vertex -2.54302 -40.4201 40
      vertex 0 -40.5 40
    endloop
  endfacet
  facet normal 0 0 -1
    outer loop
      vertex -2.6686 -42.4161 40
      vertex -2.54302 -40.4201 40
      vertex -0.75 -42.4764 40
    endloop
  endfacet
  facet normal 0 0 -1
    outer loop
      vertex -2.6686 -42.4161 40
      vertex -5.076 -40.1806 40
      vertex -2.54302 -40.4201 40
    endloop
  endfacet
  facet normal 0 0 -1
    outer loop
      vertex -5.32666 -42.1649 40
      vertex -5.076 -40.1806 40
      vertex -2.6686 -42.4161 40
    endloop
  endfacet
  facet normal 0 0 -1
    outer loop
      vertex -5.32666 -42.1649 40
      vertex -7.58894 -39.7826 40
      vertex -5.076 -40.1806 40
    endloop
  endfacet
  facet normal 0 0 -1
    outer loop
      vertex -7.96371 -41.7472 40
      vertex -7.58894 -39.7826 40
      vertex -5.32666 -42.1649 40
    endloop
  endfacet
  facet normal 0 0 -1
    outer loop
      vertex -7.96371 -41.7472 40
      vertex -10.0719 -39.2276 40
      vertex -7.58894 -39.7826 40
    endloop
  endfacet
  facet normal 0 0 -1
    outer loop
      vertex -10.5693 -41.1648 40
      vertex -10.0719 -39.2276 40
      vertex -7.96371 -41.7472 40
    endloop
  endfacet
  facet normal 0 0 -1
    outer loop
      vertex -10.5693 -41.1648 40
      vertex -12.5152 -38.5178 40
      vertex -10.0719 -39.2276 40
    endloop
  endfacet
  facet normal 0 0 -1
    outer loop
      vertex -13.1332 -40.4199 40
      vertex -12.5152 -38.5178 40
      vertex -10.5693 -41.1648 40
    endloop
  endfacet
  facet normal 0 0 -1
    outer loop
      vertex -13.1332 -40.4199 40
      vertex -14.909 -37.6559 40
      vertex -12.5152 -38.5178 40
    endloop
  endfacet
  facet normal 0 0 -1
    outer loop
      vertex -15.6453 -39.5155 40
      vertex -14.909 -37.6559 40
      vertex -13.1332 -40.4199 40
    endloop
  endfacet
  facet normal 0 0 -1
    outer loop
      vertex -15.6453 -39.5155 40
      vertex -17.2441 -36.6455 40
      vertex -14.909 -37.6559 40
    endloop
  endfacet
  facet normal 0 0 -1
    outer loop
      vertex -18.0956 -38.4552 40
      vertex -17.2441 -36.6455 40
      vertex -15.6453 -39.5155 40
    endloop
  endfacet
  facet normal 0 0 -1
    outer loop
      vertex -18.0956 -38.4552 40
      vertex -19.511 -35.4904 40
      vertex -17.2441 -36.6455 40
    endloop
  endfacet
  facet normal 0 0 -1
    outer loop
      vertex -20.4745 -37.243 40
      vertex -19.511 -35.4904 40
      vertex -18.0956 -38.4552 40
    endloop
  endfacet
  facet normal 0 0 -1
    outer loop
      vertex -20.4745 -37.243 40
      vertex -21.701 -34.1953 40
      vertex -19.511 -35.4904 40
    endloop
  endfacet
  facet normal 0 0 -1
    outer loop
      vertex -22.7726 -35.8839 40
      vertex -21.701 -34.1953 40
      vertex -20.4745 -37.243 40
    endloop
  endfacet
  facet normal 0 0 -1
    outer loop
      vertex -22.7726 -35.8839 40
      vertex -23.8053 -32.7652 40
      vertex -21.701 -34.1953 40
    endloop
  endfacet
  facet normal 0 0 -1
    outer loop
      vertex -24.9809 -34.3832 40
      vertex -23.8053 -32.7652 40
      vertex -22.7726 -35.8839 40
    endloop
  endfacet
  facet normal 0 0 -1
    outer loop
      vertex -24.9809 -34.3832 40
      vertex -25.8157 -31.2058 40
      vertex -23.8053 -32.7652 40
    endloop
  endfacet
  facet normal 0 0 -1
    outer loop
      vertex -27.0905 -32.7468 40
      vertex -25.8157 -31.2058 40
      vertex -24.9809 -34.3832 40
    endloop
  endfacet
  facet normal 0 0 -1
    outer loop
      vertex -27.0905 -32.7468 40
      vertex -27.7242 -29.5232 40
      vertex -25.8157 -31.2058 40
    endloop
  endfacet
  facet normal 0 0 -1
    outer loop
      vertex -29.0933 -30.9812 40
      vertex -27.7242 -29.5232 40
      vertex -27.0905 -32.7468 40
    endloop
  endfacet
  facet normal 0 0 -1
    outer loop
      vertex -29.5069 -30.5675 40
      vertex -27.7242 -29.5232 40
      vertex -29.0933 -30.9812 40
    endloop
  endfacet
  facet normal 0 0 -1
    outer loop
      vertex -29.5069 -30.5675 40
      vertex -29.5232 -27.7242 40
      vertex -27.7242 -29.5232 40
    endloop
  endfacet
  facet normal 0 0 -1
    outer loop
      vertex -30.5675 -29.5069 40
      vertex -29.5232 -27.7242 40
      vertex -29.5069 -30.5675 40
    endloop
  endfacet
  facet normal 0 0 -1
    outer loop
      vertex -30.9812 -29.0933 40
      vertex -29.5232 -27.7242 40
      vertex -30.5675 -29.5069 40
    endloop
  endfacet
  facet normal 0 0 -1
    outer loop
      vertex -30.9812 -29.0933 40
      vertex -31.2058 -25.8157 40
      vertex -29.5232 -27.7242 40
    endloop
  endfacet
  facet normal 0 0 -1
    outer loop
      vertex -32.7468 -27.0905 40
      vertex -31.2058 -25.8157 40
      vertex -30.9812 -29.0933 40
    endloop
  endfacet
  facet normal 0 0 -1
    outer loop
      vertex -32.7468 -27.0905 40
      vertex -32.7652 -23.8053 40
      vertex -31.2058 -25.8157 40
    endloop
  endfacet
  facet normal 0 0 -1
    outer loop
      vertex -34.3832 -24.9809 40
      vertex -32.7652 -23.8053 40
      vertex -32.7468 -27.0905 40
    endloop
  endfacet
  facet normal -0 0 -1
    outer loop
      vertex -32.7652 -23.8053 40
      vertex -34.3832 -24.9809 40
      vertex -34.1953 -21.701 40
    endloop
  endfacet
  facet normal 0 0 -1
    outer loop
      vertex -35.8839 -22.7726 40
      vertex -34.1953 -21.701 40
      vertex -34.3832 -24.9809 40
    endloop
  endfacet
  facet normal -0 0 -1
    outer loop
      vertex -34.1953 -21.701 40
      vertex -35.8839 -22.7726 40
      vertex -35.4904 -19.511 40
    endloop
  endfacet
  facet normal 0 0 -1
    outer loop
      vertex -37.243 -20.4745 40
      vertex -35.4904 -19.511 40
      vertex -35.8839 -22.7726 40
    endloop
  endfacet
  facet normal -0 0 -1
    outer loop
      vertex -35.4904 -19.511 40
      vertex -37.243 -20.4745 40
      vertex -36.6455 -17.2441 40
    endloop
  endfacet
  facet normal 0 0 -1
    outer loop
      vertex -38.4552 -18.0956 40
      vertex -36.6455 -17.2441 40
      vertex -37.243 -20.4745 40
    endloop
  endfacet
  facet normal -0 0 -1
    outer loop
      vertex -36.6455 -17.2441 40
      vertex -38.4552 -18.0956 40
      vertex -37.6559 -14.909 40
    endloop
  endfacet
  facet normal 0 0 -1
    outer loop
      vertex -39.5155 -15.6453 40
      vertex -37.6559 -14.909 40
      vertex -38.4552 -18.0956 40
    endloop
  endfacet
  facet normal -0 0 -1
    outer loop
      vertex -37.6559 -14.909 40
      vertex -39.5155 -15.6453 40
      vertex -38.5178 -12.5152 40
    endloop
  endfacet
  facet normal 0 0 -1
    outer loop
      vertex -40.4199 -13.1332 40
      vertex -38.5178 -12.5152 40
      vertex -39.5155 -15.6453 40
    endloop
  endfacet
  facet normal -0 0 -1
    outer loop
      vertex -38.5178 -12.5152 40
      vertex -40.4199 -13.1332 40
      vertex -39.2276 -10.0719 40
    endloop
  endfacet
  facet normal 0 0 -1
    outer loop
      vertex -41.1648 -10.5693 40
      vertex -39.2276 -10.0719 40
      vertex -40.4199 -13.1332 40
    endloop
  endfacet
  facet normal -0 0 -1
    outer loop
      vertex -39.2276 -10.0719 40
      vertex -41.1648 -10.5693 40
      vertex -39.7826 -7.58894 40
    endloop
  endfacet
  facet normal 0 0 -1
    outer loop
      vertex -41.7472 -7.96371 40
      vertex -39.7826 -7.58894 40
      vertex -41.1648 -10.5693 40
    endloop
  endfacet
  facet normal -0 0 -1
    outer loop
      vertex -39.7826 -7.58894 40
      vertex -41.7472 -7.96371 40
      vertex -40.1806 -5.076 40
    endloop
  endfacet
  facet normal 0 0 -1
    outer loop
      vertex -42.1649 -5.32666 40
      vertex -40.1806 -5.076 40
      vertex -41.7472 -7.96371 40
    endloop
  endfacet
  facet normal -0 0 -1
    outer loop
      vertex 42.1649 5.32666 40
      vertex 40.1806 5.076 40
      vertex 41.7472 7.96371 40
    endloop
  endfacet
  facet normal 0 0 -1
    outer loop
      vertex 39.7826 7.58894 40
      vertex 41.7472 7.96371 40
      vertex 40.1806 5.076 40
    endloop
  endfacet
  facet normal -0 0 -1
    outer loop
      vertex 41.7472 7.96371 40
      vertex 39.7826 7.58894 40
      vertex 41.1648 10.5693 40
    endloop
  endfacet
  facet normal 0 0 -1
    outer loop
      vertex 39.2276 10.0719 40
      vertex 41.1648 10.5693 40
      vertex 39.7826 7.58894 40
    endloop
  endfacet
  facet normal -0 0 -1
    outer loop
      vertex 41.1648 10.5693 40
      vertex 39.2276 10.0719 40
      vertex 40.4199 13.1332 40
    endloop
  endfacet
  facet normal 0 0 -1
    outer loop
      vertex 38.5178 12.5152 40
      vertex 40.4199 13.1332 40
      vertex 39.2276 10.0719 40
    endloop
  endfacet
  facet normal -0 0 -1
    outer loop
      vertex 40.4199 13.1332 40
      vertex 38.5178 12.5152 40
      vertex 39.5155 15.6453 40
    endloop
  endfacet
  facet normal 0 0 -1
    outer loop
      vertex 37.6559 14.909 40
      vertex 39.5155 15.6453 40
      vertex 38.5178 12.5152 40
    endloop
  endfacet
  facet normal -0 0 -1
    outer loop
      vertex 39.5155 15.6453 40
      vertex 37.6559 14.909 40
      vertex 38.4552 18.0956 40
    endloop
  endfacet
  facet normal 0 0 -1
    outer loop
      vertex 36.6455 17.2441 40
      vertex 38.4552 18.0956 40
      vertex 37.6559 14.909 40
    endloop
  endfacet
  facet normal -0 0 -1
    outer loop
      vertex 38.4552 18.0956 40
      vertex 36.6455 17.2441 40
      vertex 37.243 20.4745 40
    endloop
  endfacet
  facet normal 0 0 -1
    outer loop
      vertex 35.4904 19.511 40
      vertex 37.243 20.4745 40
      vertex 36.6455 17.2441 40
    endloop
  endfacet
  facet normal -0 0 -1
    outer loop
      vertex 37.243 20.4745 40
      vertex 35.4904 19.511 40
      vertex 35.8839 22.7726 40
    endloop
  endfacet
  facet normal 0 0 -1
    outer loop
      vertex 34.1953 21.701 40
      vertex 35.8839 22.7726 40
      vertex 35.4904 19.511 40
    endloop
  endfacet
  facet normal -0 0 -1
    outer loop
      vertex 35.8839 22.7726 40
      vertex 34.1953 21.701 40
      vertex 34.3832 24.9809 40
    endloop
  endfacet
  facet normal 0 0 -1
    outer loop
      vertex 32.7652 23.8053 40
      vertex 34.3832 24.9809 40
      vertex 34.1953 21.701 40
    endloop
  endfacet
  facet normal 0 0 -1
    outer loop
      vertex 32.7652 23.8053 40
      vertex 32.7468 27.0905 40
      vertex 34.3832 24.9809 40
    endloop
  endfacet
  facet normal 0 0 -1
    outer loop
      vertex 31.2058 25.8157 40
      vertex 32.7468 27.0905 40
      vertex 32.7652 23.8053 40
    endloop
  endfacet
  facet normal 0 0 -1
    outer loop
      vertex 31.2058 25.8157 40
      vertex 30.9812 29.0933 40
      vertex 32.7468 27.0905 40
    endloop
  endfacet
  facet normal 0 0 -1
    outer loop
      vertex 29.5232 27.7242 40
      vertex 30.9812 29.0933 40
      vertex 31.2058 25.8157 40
    endloop
  endfacet
  facet normal -0 0 -1
    outer loop
      vertex 30.9812 29.0933 40
      vertex 29.5232 27.7242 40
      vertex 30.5675 29.5069 40
    endloop
  endfacet
  facet normal 0 0 -1
    outer loop
      vertex 29.5232 27.7242 40
      vertex 29.5069 30.5675 40
      vertex 30.5675 29.5069 40
    endloop
  endfacet
  facet normal 0 0 -1
    outer loop
      vertex 27.7242 29.5232 40
      vertex 29.5069 30.5675 40
      vertex 29.5232 27.7242 40
    endloop
  endfacet
  facet normal -0 0 -1
    outer loop
      vertex 29.5069 30.5675 40
      vertex 27.7242 29.5232 40
      vertex 29.0933 30.9812 40
    endloop
  endfacet
  facet normal 0 0 -1
    outer loop
      vertex 27.7242 29.5232 40
      vertex 27.0905 32.7468 40
      vertex 29.0933 30.9812 40
    endloop
  endfacet
  facet normal 0 0 -1
    outer loop
      vertex 25.8157 31.2058 40
      vertex 27.0905 32.7468 40
      vertex 27.7242 29.5232 40
    endloop
  endfacet
  facet normal 0 0 -1
    outer loop
      vertex 25.8157 31.2058 40
      vertex 24.9809 34.3832 40
      vertex 27.0905 32.7468 40
    endloop
  endfacet
  facet normal 0 0 -1
    outer loop
      vertex 23.8053 32.7652 40
      vertex 24.9809 34.3832 40
      vertex 25.8157 31.2058 40
    endloop
  endfacet
  facet normal 0 0 -1
    outer loop
      vertex 23.8053 32.7652 40
      vertex 22.7726 35.8839 40
      vertex 24.9809 34.3832 40
    endloop
  endfacet
  facet normal 0 0 -1
    outer loop
      vertex 21.701 34.1953 40
      vertex 22.7726 35.8839 40
      vertex 23.8053 32.7652 40
    endloop
  endfacet
  facet normal 0 0 -1
    outer loop
      vertex 21.701 34.1953 40
      vertex 20.4745 37.243 40
      vertex 22.7726 35.8839 40
    endloop
  endfacet
  facet normal 0 0 -1
    outer loop
      vertex 19.511 35.4904 40
      vertex 20.4745 37.243 40
      vertex 21.701 34.1953 40
    endloop
  endfacet
  facet normal 0 0 -1
    outer loop
      vertex 19.511 35.4904 40
      vertex 18.0956 38.4552 40
      vertex 20.4745 37.243 40
    endloop
  endfacet
  facet normal 0 0 -1
    outer loop
      vertex 17.2441 36.6455 40
      vertex 18.0956 38.4552 40
      vertex 19.511 35.4904 40
    endloop
  endfacet
  facet normal 0 0 -1
    outer loop
      vertex 17.2441 36.6455 40
      vertex 15.6453 39.5155 40
      vertex 18.0956 38.4552 40
    endloop
  endfacet
  facet normal 0 0 -1
    outer loop
      vertex 14.909 37.6559 40
      vertex 15.6453 39.5155 40
      vertex 17.2441 36.6455 40
    endloop
  endfacet
  facet normal 0 0 -1
    outer loop
      vertex 14.909 37.6559 40
      vertex 13.1332 40.4199 40
      vertex 15.6453 39.5155 40
    endloop
  endfacet
  facet normal 0 0 -1
    outer loop
      vertex 12.5152 38.5178 40
      vertex 13.1332 40.4199 40
      vertex 14.909 37.6559 40
    endloop
  endfacet
  facet normal 0 0 -1
    outer loop
      vertex 12.5152 38.5178 40
      vertex 10.5693 41.1648 40
      vertex 13.1332 40.4199 40
    endloop
  endfacet
  facet normal 0 0 -1
    outer loop
      vertex 10.0719 39.2276 40
      vertex 10.5693 41.1648 40
      vertex 12.5152 38.5178 40
    endloop
  endfacet
  facet normal 0 0 -1
    outer loop
      vertex 10.0719 39.2276 40
      vertex 7.96371 41.7472 40
      vertex 10.5693 41.1648 40
    endloop
  endfacet
  facet normal 0 0 -1
    outer loop
      vertex 7.58894 39.7826 40
      vertex 7.96371 41.7472 40
      vertex 10.0719 39.2276 40
    endloop
  endfacet
  facet normal 0 0 -1
    outer loop
      vertex 7.58894 39.7826 40
      vertex 5.32666 42.1649 40
      vertex 7.96371 41.7472 40
    endloop
  endfacet
  facet normal 0 0 -1
    outer loop
      vertex 5.076 40.1806 40
      vertex 5.32666 42.1649 40
      vertex 7.58894 39.7826 40
    endloop
  endfacet
  facet normal 0 0 -1
    outer loop
      vertex 5.076 40.1806 40
      vertex 2.6686 42.4161 40
      vertex 5.32666 42.1649 40
    endloop
  endfacet
  facet normal 0 0 -1
    outer loop
      vertex 2.54302 40.4201 40
      vertex 2.6686 42.4161 40
      vertex 5.076 40.1806 40
    endloop
  endfacet
  facet normal 0 0 -1
    outer loop
      vertex 2.54302 40.4201 40
      vertex 0.75 42.4764 40
      vertex 2.6686 42.4161 40
    endloop
  endfacet
  facet normal 0 0 -1
    outer loop
      vertex 0 40.5 40
      vertex 0.75 42.4764 40
      vertex 2.54302 40.4201 40
    endloop
  endfacet
  facet normal 0 0 -1
    outer loop
      vertex 0 40.5 40
      vertex 0 42.5 40
      vertex 0.75 42.4764 40
    endloop
  endfacet
  facet normal 0 0 -1
    outer loop
      vertex 0 40.5 40
      vertex -0.75 42.4764 40
      vertex 0 42.5 40
    endloop
  endfacet
  facet normal 0 0 -1
    outer loop
      vertex -2.54302 40.4201 40
      vertex -0.75 42.4764 40
      vertex 0 40.5 40
    endloop
  endfacet
  facet normal 0 0 -1
    outer loop
      vertex -2.54302 40.4201 40
      vertex -2.6686 42.4161 40
      vertex -0.75 42.4764 40
    endloop
  endfacet
  facet normal 0 0 -1
    outer loop
      vertex -5.076 40.1806 40
      vertex -2.6686 42.4161 40
      vertex -2.54302 40.4201 40
    endloop
  endfacet
  facet normal 0 0 -1
    outer loop
      vertex -5.076 40.1806 40
      vertex -5.32666 42.1649 40
      vertex -2.6686 42.4161 40
    endloop
  endfacet
  facet normal 0 0 -1
    outer loop
      vertex -7.58894 39.7826 40
      vertex -5.32666 42.1649 40
      vertex -5.076 40.1806 40
    endloop
  endfacet
  facet normal 0 0 -1
    outer loop
      vertex -7.58894 39.7826 40
      vertex -7.96371 41.7472 40
      vertex -5.32666 42.1649 40
    endloop
  endfacet
  facet normal 0 0 -1
    outer loop
      vertex -10.0719 39.2276 40
      vertex -7.96371 41.7472 40
      vertex -7.58894 39.7826 40
    endloop
  endfacet
  facet normal 0 0 -1
    outer loop
      vertex -10.0719 39.2276 40
      vertex -10.5693 41.1648 40
      vertex -7.96371 41.7472 40
    endloop
  endfacet
  facet normal 0 0 -1
    outer loop
      vertex -12.5152 38.5178 40
      vertex -10.5693 41.1648 40
      vertex -10.0719 39.2276 40
    endloop
  endfacet
  facet normal 0 0 -1
    outer loop
      vertex -12.5152 38.5178 40
      vertex -13.1332 40.4199 40
      vertex -10.5693 41.1648 40
    endloop
  endfacet
  facet normal 0 0 -1
    outer loop
      vertex -14.909 37.6559 40
      vertex -13.1332 40.4199 40
      vertex -12.5152 38.5178 40
    endloop
  endfacet
  facet normal 0 0 -1
    outer loop
      vertex -14.909 37.6559 40
      vertex -15.6453 39.5155 40
      vertex -13.1332 40.4199 40
    endloop
  endfacet
  facet normal 0 0 -1
    outer loop
      vertex -17.2441 36.6455 40
      vertex -15.6453 39.5155 40
      vertex -14.909 37.6559 40
    endloop
  endfacet
  facet normal 0 0 -1
    outer loop
      vertex -17.2441 36.6455 40
      vertex -18.0956 38.4552 40
      vertex -15.6453 39.5155 40
    endloop
  endfacet
  facet normal 0 0 -1
    outer loop
      vertex -19.511 35.4904 40
      vertex -18.0956 38.4552 40
      vertex -17.2441 36.6455 40
    endloop
  endfacet
  facet normal 0 0 -1
    outer loop
      vertex -19.511 35.4904 40
      vertex -20.4745 37.243 40
      vertex -18.0956 38.4552 40
    endloop
  endfacet
  facet normal 0 0 -1
    outer loop
      vertex -21.701 34.1953 40
      vertex -20.4745 37.243 40
      vertex -19.511 35.4904 40
    endloop
  endfacet
  facet normal 0 0 -1
    outer loop
      vertex -21.701 34.1953 40
      vertex -22.7726 35.8839 40
      vertex -20.4745 37.243 40
    endloop
  endfacet
  facet normal 0 0 -1
    outer loop
      vertex -23.8053 32.7652 40
      vertex -22.7726 35.8839 40
      vertex -21.701 34.1953 40
    endloop
  endfacet
  facet normal 0 0 -1
    outer loop
      vertex -23.8053 32.7652 40
      vertex -24.9809 34.3832 40
      vertex -22.7726 35.8839 40
    endloop
  endfacet
  facet normal 0 0 -1
    outer loop
      vertex -25.8157 31.2058 40
      vertex -24.9809 34.3832 40
      vertex -23.8053 32.7652 40
    endloop
  endfacet
  facet normal 0 0 -1
    outer loop
      vertex -25.8157 31.2058 40
      vertex -27.0905 32.7468 40
      vertex -24.9809 34.3832 40
    endloop
  endfacet
  facet normal 0 0 -1
    outer loop
      vertex -27.7242 29.5232 40
      vertex -27.0905 32.7468 40
      vertex -25.8157 31.2058 40
    endloop
  endfacet
  facet normal 0 0 -1
    outer loop
      vertex -27.7242 29.5232 40
      vertex -29.0933 30.9812 40
      vertex -27.0905 32.7468 40
    endloop
  endfacet
  facet normal 0 0 -1
    outer loop
      vertex -27.7242 29.5232 40
      vertex -29.5069 30.5675 40
      vertex -29.0933 30.9812 40
    endloop
  endfacet
  facet normal 0 0 -1
    outer loop
      vertex -29.5232 27.7242 40
      vertex -29.5069 30.5675 40
      vertex -27.7242 29.5232 40
    endloop
  endfacet
  facet normal 0 0 -1
    outer loop
      vertex -29.5232 27.7242 40
      vertex -30.5675 29.5069 40
      vertex -29.5069 30.5675 40
    endloop
  endfacet
  facet normal 0 0 -1
    outer loop
      vertex -29.5232 27.7242 40
      vertex -30.9812 29.0933 40
      vertex -30.5675 29.5069 40
    endloop
  endfacet
  facet normal 0 0 -1
    outer loop
      vertex -31.2058 25.8157 40
      vertex -30.9812 29.0933 40
      vertex -29.5232 27.7242 40
    endloop
  endfacet
  facet normal 0 0 -1
    outer loop
      vertex -31.2058 25.8157 40
      vertex -32.7468 27.0905 40
      vertex -30.9812 29.0933 40
    endloop
  endfacet
  facet normal 0 0 -1
    outer loop
      vertex -32.7652 23.8053 40
      vertex -32.7468 27.0905 40
      vertex -31.2058 25.8157 40
    endloop
  endfacet
  facet normal 0 0 -1
    outer loop
      vertex -34.3832 24.9809 40
      vertex -32.7652 23.8053 40
      vertex -34.1953 21.701 40
    endloop
  endfacet
  facet normal 0 0 -1
    outer loop
      vertex -32.7652 23.8053 40
      vertex -34.3832 24.9809 40
      vertex -32.7468 27.0905 40
    endloop
  endfacet
  facet normal 0 0 -1
    outer loop
      vertex -35.8839 22.7726 40
      vertex -34.1953 21.701 40
      vertex -35.4904 19.511 40
    endloop
  endfacet
  facet normal 0 0 -1
    outer loop
      vertex -34.1953 21.701 40
      vertex -35.8839 22.7726 40
      vertex -34.3832 24.9809 40
    endloop
  endfacet
  facet normal 0 0 -1
    outer loop
      vertex -37.243 20.4745 40
      vertex -35.4904 19.511 40
      vertex -36.6455 17.2441 40
    endloop
  endfacet
  facet normal 0 0 -1
    outer loop
      vertex -35.4904 19.511 40
      vertex -37.243 20.4745 40
      vertex -35.8839 22.7726 40
    endloop
  endfacet
  facet normal 0 0 -1
    outer loop
      vertex -38.4552 18.0956 40
      vertex -36.6455 17.2441 40
      vertex -37.6559 14.909 40
    endloop
  endfacet
  facet normal 0 0 -1
    outer loop
      vertex -36.6455 17.2441 40
      vertex -38.4552 18.0956 40
      vertex -37.243 20.4745 40
    endloop
  endfacet
  facet normal 0 0 -1
    outer loop
      vertex -39.5155 15.6453 40
      vertex -37.6559 14.909 40
      vertex -38.5178 12.5152 40
    endloop
  endfacet
  facet normal 0 0 -1
    outer loop
      vertex -40.4199 13.1332 40
      vertex -38.5178 12.5152 40
      vertex -39.2276 10.0719 40
    endloop
  endfacet
  facet normal 0 0 -1
    outer loop
      vertex -37.6559 14.909 40
      vertex -39.5155 15.6453 40
      vertex -38.4552 18.0956 40
    endloop
  endfacet
  facet normal 0 0 -1
    outer loop
      vertex -41.1648 10.5693 40
      vertex -39.2276 10.0719 40
      vertex -39.7826 7.58894 40
    endloop
  endfacet
  facet normal 0 0 -1
    outer loop
      vertex -41.7472 7.96371 40
      vertex -39.7826 7.58894 40
      vertex -40.1806 5.076 40
    endloop
  endfacet
  facet normal 0 0 -1
    outer loop
      vertex -38.5178 12.5152 40
      vertex -40.4199 13.1332 40
      vertex -39.5155 15.6453 40
    endloop
  endfacet
  facet normal 0 0 -1
    outer loop
      vertex -42.1649 5.32666 40
      vertex -40.1806 5.076 40
      vertex -40.4201 2.54302 40
    endloop
  endfacet
  facet normal 0 0 -1
    outer loop
      vertex -42.4764 0.75 40
      vertex -40.4201 2.54302 40
      vertex -40.5 0 40
    endloop
  endfacet
  facet normal -0 0 -1
    outer loop
      vertex -40.1806 -5.076 40
      vertex -42.1649 -5.32666 40
      vertex -40.4201 -2.54302 40
    endloop
  endfacet
  facet normal 0 0 -1
    outer loop
      vertex -39.2276 10.0719 40
      vertex -41.1648 10.5693 40
      vertex -40.4199 13.1332 40
    endloop
  endfacet
  facet normal 0 0 -1
    outer loop
      vertex -42.4161 -2.6686 40
      vertex -40.4201 -2.54302 40
      vertex -42.1649 -5.32666 40
    endloop
  endfacet
  facet normal 0 0 -1
    outer loop
      vertex -39.7826 7.58894 40
      vertex -41.7472 7.96371 40
      vertex -41.1648 10.5693 40
    endloop
  endfacet
  facet normal 0 0 -1
    outer loop
      vertex -42.4764 -0.75 40
      vertex -40.4201 -2.54302 40
      vertex -42.4161 -2.6686 40
    endloop
  endfacet
  facet normal 0 0 -1
    outer loop
      vertex -40.1806 5.076 40
      vertex -42.1649 5.32666 40
      vertex -41.7472 7.96371 40
    endloop
  endfacet
  facet normal 0 0 -1
    outer loop
      vertex -40.4201 -2.54302 40
      vertex -42.4764 -0.75 40
      vertex -40.5 0 40
    endloop
  endfacet
  facet normal 0 0 -1
    outer loop
      vertex -42.5 0 40
      vertex -40.5 0 40
      vertex -42.4764 -0.75 40
    endloop
  endfacet
  facet normal -0 0 -1
    outer loop
      vertex -40.4201 2.54302 40
      vertex -42.4764 0.75 40
      vertex -42.4161 2.6686 40
    endloop
  endfacet
  facet normal 0 0 -1
    outer loop
      vertex -40.4201 2.54302 40
      vertex -42.4161 2.6686 40
      vertex -42.1649 5.32666 40
    endloop
  endfacet
  facet normal 0 0 -1
    outer loop
      vertex -40.5 0 40
      vertex -42.5 0 40
      vertex -42.4764 0.75 40
    endloop
  endfacet
  facet normal -0.99556 -0.0941328 0
    outer loop
      vertex 40.4201 2.54302 40
      vertex 40.1806 5.076 42
      vertex 40.1806 5.076 40
    endloop
  endfacet
  facet normal -0.99556 -0.0941328 0
    outer loop
      vertex 40.1806 5.076 42
      vertex 40.4201 2.54302 40
      vertex 40.4201 2.54302 42
    endloop
  endfacet
  facet normal -0.999507 -0.0314038 0
    outer loop
      vertex 40.5 0 40
      vertex 40.4201 2.54302 42
      vertex 40.4201 2.54302 40
    endloop
  endfacet
  facet normal -0.999507 -0.0314038 0
    outer loop
      vertex 40.4201 2.54302 42
      vertex 40.5 0 40
      vertex 40.5 0 42
    endloop
  endfacet
  facet normal 0.890997 -0.454008 0
    outer loop
      vertex -36.6455 17.2441 42
      vertex -35.4904 19.511 40
      vertex -35.4904 19.511 42
    endloop
  endfacet
  facet normal 0.890997 -0.454008 0
    outer loop
      vertex -35.4904 19.511 40
      vertex -36.6455 17.2441 42
      vertex -36.6455 17.2441 40
    endloop
  endfacet
  facet normal 0.860753 -0.509023 0
    outer loop
      vertex -35.4904 19.511 42
      vertex -34.1953 21.701 40
      vertex -34.1953 21.701 42
    endloop
  endfacet
  facet normal 0.860753 -0.509023 0
    outer loop
      vertex -34.1953 21.701 40
      vertex -35.4904 19.511 42
      vertex -35.4904 19.511 40
    endloop
  endfacet
  facet normal -0.278975 0.960298 0
    outer loop
      vertex 12.5152 -38.5178 40
      vertex 10.0719 -39.2276 42
      vertex 12.5152 -38.5178 42
    endloop
  endfacet
  facet normal -0.278975 0.960298 0
    outer loop
      vertex 10.0719 -39.2276 42
      vertex 12.5152 -38.5178 40
      vertex 10.0719 -39.2276 40
    endloop
  endfacet
  facet normal -0.917767 0.397119 0
    outer loop
      vertex 36.6455 -17.2441 40
      vertex 37.6559 -14.909 42
      vertex 37.6559 -14.909 40
    endloop
  endfacet
  facet normal -0.917767 0.397119 0
    outer loop
      vertex 37.6559 -14.909 42
      vertex 36.6455 -17.2441 40
      vertex 36.6455 -17.2441 42
    endloop
  endfacet
  facet normal -0.940871 -0.338765 0
    outer loop
      vertex 38.5178 12.5152 40
      vertex 37.6559 14.909 42
      vertex 37.6559 14.909 40
    endloop
  endfacet
  facet normal -0.940871 -0.338765 0
    outer loop
      vertex 37.6559 14.909 42
      vertex 38.5178 12.5152 40
      vertex 38.5178 12.5152 42
    endloop
  endfacet
  facet normal 0.454008 0.890997 -0
    outer loop
      vertex -17.2441 -36.6455 40
      vertex -19.511 -35.4904 42
      vertex -17.2441 -36.6455 42
    endloop
  endfacet
  facet normal 0.454008 0.890997 0
    outer loop
      vertex -19.511 -35.4904 42
      vertex -17.2441 -36.6455 40
      vertex -19.511 -35.4904 40
    endloop
  endfacet
  facet normal -0.454008 0.890997 0
    outer loop
      vertex 19.511 -35.4904 40
      vertex 17.2441 -36.6455 42
      vertex 19.511 -35.4904 42
    endloop
  endfacet
  facet normal -0.454008 0.890997 0
    outer loop
      vertex 17.2441 -36.6455 42
      vertex 19.511 -35.4904 40
      vertex 17.2441 -36.6455 40
    endloop
  endfacet
  facet normal 0.509023 0.860753 -0
    outer loop
      vertex -19.511 -35.4904 40
      vertex -21.701 -34.1953 42
      vertex -19.511 -35.4904 42
    endloop
  endfacet
  facet normal 0.509023 0.860753 0
    outer loop
      vertex -21.701 -34.1953 42
      vertex -19.511 -35.4904 40
      vertex -21.701 -34.1953 40
    endloop
  endfacet
  facet normal 0.940871 -0.338765 0
    outer loop
      vertex -38.5178 12.5152 42
      vertex -37.6559 14.909 40
      vertex -37.6559 14.909 42
    endloop
  endfacet
  facet normal 0.940871 -0.338765 0
    outer loop
      vertex -37.6559 14.909 40
      vertex -38.5178 12.5152 42
      vertex -38.5178 12.5152 40
    endloop
  endfacet
  facet normal -0.940871 0.338765 0
    outer loop
      vertex 37.6559 -14.909 40
      vertex 38.5178 -12.5152 42
      vertex 38.5178 -12.5152 40
    endloop
  endfacet
  facet normal -0.940871 0.338765 0
    outer loop
      vertex 38.5178 -12.5152 42
      vertex 37.6559 -14.909 40
      vertex 37.6559 -14.909 42
    endloop
  endfacet
  facet normal -0.917767 -0.397119 0
    outer loop
      vertex 37.6559 14.909 40
      vertex 36.6455 17.2441 42
      vertex 36.6455 17.2441 40
    endloop
  endfacet
  facet normal -0.917767 -0.397119 0
    outer loop
      vertex 36.6455 17.2441 42
      vertex 37.6559 14.909 40
      vertex 37.6559 14.909 42
    endloop
  endfacet
  facet normal -0.987689 0.15643 0
    outer loop
      vertex 39.7826 -7.58894 40
      vertex 40.1806 -5.076 42
      vertex 40.1806 -5.076 40
    endloop
  endfacet
  facet normal -0.987689 0.15643 0
    outer loop
      vertex 40.1806 -5.076 42
      vertex 39.7826 -7.58894 40
      vertex 39.7826 -7.58894 42
    endloop
  endfacet
  facet normal -0.975917 -0.218141 0
    outer loop
      vertex 39.7826 7.58894 40
      vertex 39.2276 10.0719 42
      vertex 39.2276 10.0719 40
    endloop
  endfacet
  facet normal -0.975917 -0.218141 0
    outer loop
      vertex 39.2276 10.0719 42
      vertex 39.7826 7.58894 40
      vertex 39.7826 7.58894 42
    endloop
  endfacet
  facet normal 0.338765 -0.940871 0
    outer loop
      vertex -14.909 37.6559 40
      vertex -12.5152 38.5178 42
      vertex -14.909 37.6559 42
    endloop
  endfacet
  facet normal 0.338765 -0.940871 0
    outer loop
      vertex -12.5152 38.5178 42
      vertex -14.909 37.6559 40
      vertex -12.5152 38.5178 40
    endloop
  endfacet
  facet normal -0.397119 0.917767 0
    outer loop
      vertex 17.2441 -36.6455 40
      vertex 14.909 -37.6559 42
      vertex 17.2441 -36.6455 42
    endloop
  endfacet
  facet normal -0.397119 0.917767 0
    outer loop
      vertex 14.909 -37.6559 42
      vertex 17.2441 -36.6455 40
      vertex 14.909 -37.6559 40
    endloop
  endfacet
  facet normal -0.562089 -0.827077 0
    outer loop
      vertex 21.701 34.1953 40
      vertex 23.8053 32.7652 42
      vertex 21.701 34.1953 42
    endloop
  endfacet
  facet normal -0.562089 -0.827077 -0
    outer loop
      vertex 23.8053 32.7652 42
      vertex 21.701 34.1953 40
      vertex 23.8053 32.7652 40
    endloop
  endfacet
  facet normal 0.940871 0.338765 0
    outer loop
      vertex -37.6559 -14.909 42
      vertex -38.5178 -12.5152 40
      vertex -38.5178 -12.5152 42
    endloop
  endfacet
  facet normal 0.940871 0.338765 0
    outer loop
      vertex -38.5178 -12.5152 40
      vertex -37.6559 -14.909 42
      vertex -37.6559 -14.909 40
    endloop
  endfacet
  facet normal -0.15643 -0.987689 0
    outer loop
      vertex 5.076 40.1806 40
      vertex 7.58894 39.7826 42
      vertex 5.076 40.1806 42
    endloop
  endfacet
  facet normal -0.15643 -0.987689 -0
    outer loop
      vertex 7.58894 39.7826 42
      vertex 5.076 40.1806 40
      vertex 7.58894 39.7826 40
    endloop
  endfacet
  facet normal 0.338765 0.940871 -0
    outer loop
      vertex -12.5152 -38.5178 40
      vertex -14.909 -37.6559 42
      vertex -12.5152 -38.5178 42
    endloop
  endfacet
  facet normal 0.338765 0.940871 0
    outer loop
      vertex -14.909 -37.6559 42
      vertex -12.5152 -38.5178 40
      vertex -14.909 -37.6559 40
    endloop
  endfacet
  facet normal -0.397119 -0.917767 0
    outer loop
      vertex 14.909 37.6559 40
      vertex 17.2441 36.6455 42
      vertex 14.909 37.6559 42
    endloop
  endfacet
  facet normal -0.397119 -0.917767 -0
    outer loop
      vertex 17.2441 36.6455 42
      vertex 14.909 37.6559 40
      vertex 17.2441 36.6455 40
    endloop
  endfacet
  facet normal -0.509023 -0.860753 0
    outer loop
      vertex 19.511 35.4904 40
      vertex 21.701 34.1953 42
      vertex 19.511 35.4904 42
    endloop
  endfacet
  facet normal -0.509023 -0.860753 -0
    outer loop
      vertex 21.701 34.1953 42
      vertex 19.511 35.4904 40
      vertex 21.701 34.1953 40
    endloop
  endfacet
  facet normal -0.960298 0.278975 0
    outer loop
      vertex 38.5178 -12.5152 40
      vertex 39.2276 -10.0719 42
      vertex 39.2276 -10.0719 40
    endloop
  endfacet
  facet normal -0.960298 0.278975 0
    outer loop
      vertex 39.2276 -10.0719 42
      vertex 38.5178 -12.5152 40
      vertex 38.5178 -12.5152 42
    endloop
  endfacet
  facet normal 0.750105 -0.661319 0
    outer loop
      vertex -31.2058 25.8157 42
      vertex -29.5232 27.7242 40
      vertex -29.5232 27.7242 42
    endloop
  endfacet
  facet normal 0.750105 -0.661319 0
    outer loop
      vertex -29.5232 27.7242 40
      vertex -31.2058 25.8157 42
      vertex -31.2058 25.8157 40
    endloop
  endfacet
  facet normal -0.454008 -0.890997 0
    outer loop
      vertex 17.2441 36.6455 40
      vertex 19.511 35.4904 42
      vertex 17.2441 36.6455 42
    endloop
  endfacet
  facet normal -0.454008 -0.890997 -0
    outer loop
      vertex 19.511 35.4904 42
      vertex 17.2441 36.6455 40
      vertex 19.511 35.4904 40
    endloop
  endfacet
  facet normal 0.750105 0.661319 0
    outer loop
      vertex -29.5232 -27.7242 42
      vertex -31.2058 -25.8157 40
      vertex -31.2058 -25.8157 42
    endloop
  endfacet
  facet normal 0.750105 0.661319 0
    outer loop
      vertex -31.2058 -25.8157 40
      vertex -29.5232 -27.7242 42
      vertex -29.5232 -27.7242 40
    endloop
  endfacet
  facet normal -0.0314038 0.999507 0
    outer loop
      vertex 2.54302 -40.4201 40
      vertex 0 -40.5 42
      vertex 2.54302 -40.4201 42
    endloop
  endfacet
  facet normal -0.0314038 0.999507 0
    outer loop
      vertex 0 -40.5 42
      vertex 2.54302 -40.4201 40
      vertex 0 -40.5 40
    endloop
  endfacet
  facet normal 0.0941328 -0.99556 0
    outer loop
      vertex -5.076 40.1806 40
      vertex -2.54302 40.4201 42
      vertex -5.076 40.1806 42
    endloop
  endfacet
  facet normal 0.0941328 -0.99556 0
    outer loop
      vertex -2.54302 40.4201 42
      vertex -5.076 40.1806 40
      vertex -2.54302 40.4201 40
    endloop
  endfacet
  facet normal 0.890997 0.454008 0
    outer loop
      vertex -35.4904 -19.511 42
      vertex -36.6455 -17.2441 40
      vertex -36.6455 -17.2441 42
    endloop
  endfacet
  facet normal 0.890997 0.454008 0
    outer loop
      vertex -36.6455 -17.2441 40
      vertex -35.4904 -19.511 42
      vertex -35.4904 -19.511 40
    endloop
  endfacet
  facet normal 0.15643 0.987689 -0
    outer loop
      vertex -5.076 -40.1806 40
      vertex -7.58894 -39.7826 42
      vertex -5.076 -40.1806 42
    endloop
  endfacet
  facet normal 0.15643 0.987689 0
    outer loop
      vertex -7.58894 -39.7826 42
      vertex -5.076 -40.1806 40
      vertex -7.58894 -39.7826 40
    endloop
  endfacet
  facet normal -0.278975 -0.960298 0
    outer loop
      vertex 10.0719 39.2276 40
      vertex 12.5152 38.5178 42
      vertex 10.0719 39.2276 42
    endloop
  endfacet
  facet normal -0.278975 -0.960298 -0
    outer loop
      vertex 12.5152 38.5178 42
      vertex 10.0719 39.2276 40
      vertex 12.5152 38.5178 40
    endloop
  endfacet
  facet normal -0.750105 0.661319 0
    outer loop
      vertex 29.5232 -27.7242 40
      vertex 31.2058 -25.8157 42
      vertex 31.2058 -25.8157 40
    endloop
  endfacet
  facet normal -0.750105 0.661319 0
    outer loop
      vertex 31.2058 -25.8157 42
      vertex 29.5232 -27.7242 40
      vertex 29.5232 -27.7242 42
    endloop
  endfacet
  facet normal -0.827077 0.562089 0
    outer loop
      vertex 32.7652 -23.8053 40
      vertex 34.1953 -21.701 42
      vertex 34.1953 -21.701 40
    endloop
  endfacet
  facet normal -0.827077 0.562089 0
    outer loop
      vertex 34.1953 -21.701 42
      vertex 32.7652 -23.8053 40
      vertex 32.7652 -23.8053 42
    endloop
  endfacet
  facet normal -0.860753 0.509023 0
    outer loop
      vertex 34.1953 -21.701 40
      vertex 35.4904 -19.511 42
      vertex 35.4904 -19.511 40
    endloop
  endfacet
  facet normal -0.860753 0.509023 0
    outer loop
      vertex 35.4904 -19.511 42
      vertex 34.1953 -21.701 40
      vertex 34.1953 -21.701 42
    endloop
  endfacet
  facet normal 0.15643 -0.987689 0
    outer loop
      vertex -7.58894 39.7826 40
      vertex -5.076 40.1806 42
      vertex -7.58894 39.7826 42
    endloop
  endfacet
  facet normal 0.15643 -0.987689 0
    outer loop
      vertex -5.076 40.1806 42
      vertex -7.58894 39.7826 40
      vertex -5.076 40.1806 40
    endloop
  endfacet
  facet normal -0.890997 0.454008 0
    outer loop
      vertex 35.4904 -19.511 40
      vertex 36.6455 -17.2441 42
      vertex 36.6455 -17.2441 40
    endloop
  endfacet
  facet normal -0.890997 0.454008 0
    outer loop
      vertex 36.6455 -17.2441 42
      vertex 35.4904 -19.511 40
      vertex 35.4904 -19.511 42
    endloop
  endfacet
  facet normal -0.999507 0.0314038 0
    outer loop
      vertex 40.4201 -2.54302 40
      vertex 40.5 0 42
      vertex 40.5 0 40
    endloop
  endfacet
  facet normal -0.999507 0.0314038 0
    outer loop
      vertex 40.5 0 42
      vertex 40.4201 -2.54302 40
      vertex 40.4201 -2.54302 42
    endloop
  endfacet
  facet normal -0.960298 -0.278975 0
    outer loop
      vertex 39.2276 10.0719 40
      vertex 38.5178 12.5152 42
      vertex 38.5178 12.5152 40
    endloop
  endfacet
  facet normal -0.960298 -0.278975 0
    outer loop
      vertex 38.5178 12.5152 42
      vertex 39.2276 10.0719 40
      vertex 39.2276 10.0719 42
    endloop
  endfacet
  facet normal -0.707107 -0.707107 0
    outer loop
      vertex 29.5232 27.7242 40
      vertex 27.7242 29.5232 42
      vertex 27.7242 29.5232 40
    endloop
  endfacet
  facet normal -0.707107 -0.707107 0
    outer loop
      vertex 27.7242 29.5232 42
      vertex 29.5232 27.7242 40
      vertex 29.5232 27.7242 42
    endloop
  endfacet
  facet normal -0.661319 -0.750105 0
    outer loop
      vertex 25.8157 31.2058 40
      vertex 27.7242 29.5232 42
      vertex 25.8157 31.2058 42
    endloop
  endfacet
  facet normal -0.661319 -0.750105 -0
    outer loop
      vertex 27.7242 29.5232 42
      vertex 25.8157 31.2058 40
      vertex 27.7242 29.5232 40
    endloop
  endfacet
  facet normal 0.707107 0.707107 0
    outer loop
      vertex -27.7242 -29.5232 42
      vertex -29.5232 -27.7242 40
      vertex -29.5232 -27.7242 42
    endloop
  endfacet
  facet normal 0.707107 0.707107 0
    outer loop
      vertex -29.5232 -27.7242 40
      vertex -27.7242 -29.5232 42
      vertex -27.7242 -29.5232 40
    endloop
  endfacet
  facet normal 0.562089 -0.827077 0
    outer loop
      vertex -23.8053 32.7652 40
      vertex -21.701 34.1953 42
      vertex -23.8053 32.7652 42
    endloop
  endfacet
  facet normal 0.562089 -0.827077 0
    outer loop
      vertex -21.701 34.1953 42
      vertex -23.8053 32.7652 40
      vertex -21.701 34.1953 40
    endloop
  endfacet
  facet normal 0.827077 -0.562089 0
    outer loop
      vertex -34.1953 21.701 42
      vertex -32.7652 23.8053 40
      vertex -32.7652 23.8053 42
    endloop
  endfacet
  facet normal 0.827077 -0.562089 0
    outer loop
      vertex -32.7652 23.8053 40
      vertex -34.1953 21.701 42
      vertex -34.1953 21.701 40
    endloop
  endfacet
  facet normal -0.79016 0.612901 0
    outer loop
      vertex 31.2058 -25.8157 40
      vertex 32.7652 -23.8053 42
      vertex 32.7652 -23.8053 40
    endloop
  endfacet
  facet normal -0.79016 0.612901 0
    outer loop
      vertex 32.7652 -23.8053 42
      vertex 31.2058 -25.8157 40
      vertex 31.2058 -25.8157 42
    endloop
  endfacet
  facet normal 0.999507 -0.0314038 0
    outer loop
      vertex -40.5 0 42
      vertex -40.4201 2.54302 40
      vertex -40.4201 2.54302 42
    endloop
  endfacet
  facet normal 0.999507 -0.0314038 0
    outer loop
      vertex -40.4201 2.54302 40
      vertex -40.5 0 42
      vertex -40.5 0 40
    endloop
  endfacet
  facet normal 0.397119 0.917767 -0
    outer loop
      vertex -14.909 -37.6559 40
      vertex -17.2441 -36.6455 42
      vertex -14.909 -37.6559 42
    endloop
  endfacet
  facet normal 0.397119 0.917767 0
    outer loop
      vertex -17.2441 -36.6455 42
      vertex -14.909 -37.6559 40
      vertex -17.2441 -36.6455 40
    endloop
  endfacet
  facet normal -0.860753 -0.509023 0
    outer loop
      vertex 35.4904 19.511 40
      vertex 34.1953 21.701 42
      vertex 34.1953 21.701 40
    endloop
  endfacet
  facet normal -0.860753 -0.509023 0
    outer loop
      vertex 34.1953 21.701 42
      vertex 35.4904 19.511 40
      vertex 35.4904 19.511 42
    endloop
  endfacet
  facet normal 0.975917 -0.218141 0
    outer loop
      vertex -39.7826 7.58894 42
      vertex -39.2276 10.0719 40
      vertex -39.2276 10.0719 42
    endloop
  endfacet
  facet normal 0.975917 -0.218141 0
    outer loop
      vertex -39.2276 10.0719 40
      vertex -39.7826 7.58894 42
      vertex -39.7826 7.58894 40
    endloop
  endfacet
  facet normal 0.99556 0.0941328 0
    outer loop
      vertex -40.1806 -5.076 42
      vertex -40.4201 -2.54302 40
      vertex -40.4201 -2.54302 42
    endloop
  endfacet
  facet normal 0.99556 0.0941328 0
    outer loop
      vertex -40.4201 -2.54302 40
      vertex -40.1806 -5.076 42
      vertex -40.1806 -5.076 40
    endloop
  endfacet
  facet normal 0.218141 0.975917 -0
    outer loop
      vertex -7.58894 -39.7826 40
      vertex -10.0719 -39.2276 42
      vertex -7.58894 -39.7826 42
    endloop
  endfacet
  facet normal 0.218141 0.975917 0
    outer loop
      vertex -10.0719 -39.2276 42
      vertex -7.58894 -39.7826 40
      vertex -10.0719 -39.2276 40
    endloop
  endfacet
  facet normal 0.987689 0.15643 0
    outer loop
      vertex -39.7826 -7.58894 42
      vertex -40.1806 -5.076 40
      vertex -40.1806 -5.076 42
    endloop
  endfacet
  facet normal 0.987689 0.15643 0
    outer loop
      vertex -40.1806 -5.076 40
      vertex -39.7826 -7.58894 42
      vertex -39.7826 -7.58894 40
    endloop
  endfacet
  facet normal -0.890997 -0.454008 0
    outer loop
      vertex 36.6455 17.2441 40
      vertex 35.4904 19.511 42
      vertex 35.4904 19.511 40
    endloop
  endfacet
  facet normal -0.890997 -0.454008 0
    outer loop
      vertex 35.4904 19.511 42
      vertex 36.6455 17.2441 40
      vertex 36.6455 17.2441 42
    endloop
  endfacet
  facet normal 0.509023 -0.860753 0
    outer loop
      vertex -21.701 34.1953 40
      vertex -19.511 35.4904 42
      vertex -21.701 34.1953 42
    endloop
  endfacet
  facet normal 0.509023 -0.860753 0
    outer loop
      vertex -19.511 35.4904 42
      vertex -21.701 34.1953 40
      vertex -19.511 35.4904 40
    endloop
  endfacet
  facet normal -0.218141 0.975917 0
    outer loop
      vertex 10.0719 -39.2276 40
      vertex 7.58894 -39.7826 42
      vertex 10.0719 -39.2276 42
    endloop
  endfacet
  facet normal -0.218141 0.975917 0
    outer loop
      vertex 7.58894 -39.7826 42
      vertex 10.0719 -39.2276 40
      vertex 7.58894 -39.7826 40
    endloop
  endfacet
  facet normal 0.987689 -0.15643 0
    outer loop
      vertex -40.1806 5.076 42
      vertex -39.7826 7.58894 40
      vertex -39.7826 7.58894 42
    endloop
  endfacet
  facet normal 0.987689 -0.15643 0
    outer loop
      vertex -39.7826 7.58894 40
      vertex -40.1806 5.076 42
      vertex -40.1806 5.076 40
    endloop
  endfacet
  facet normal -0.509023 0.860753 0
    outer loop
      vertex 21.701 -34.1953 40
      vertex 19.511 -35.4904 42
      vertex 21.701 -34.1953 42
    endloop
  endfacet
  facet normal -0.509023 0.860753 0
    outer loop
      vertex 19.511 -35.4904 42
      vertex 21.701 -34.1953 40
      vertex 19.511 -35.4904 40
    endloop
  endfacet
  facet normal 0.960298 -0.278975 0
    outer loop
      vertex -39.2276 10.0719 42
      vertex -38.5178 12.5152 40
      vertex -38.5178 12.5152 42
    endloop
  endfacet
  facet normal 0.960298 -0.278975 0
    outer loop
      vertex -38.5178 12.5152 40
      vertex -39.2276 10.0719 42
      vertex -39.2276 10.0719 40
    endloop
  endfacet
  facet normal -0.15643 0.987689 0
    outer loop
      vertex 7.58894 -39.7826 40
      vertex 5.076 -40.1806 42
      vertex 7.58894 -39.7826 42
    endloop
  endfacet
  facet normal -0.15643 0.987689 0
    outer loop
      vertex 5.076 -40.1806 42
      vertex 7.58894 -39.7826 40
      vertex 5.076 -40.1806 40
    endloop
  endfacet
  facet normal 0.397119 -0.917767 0
    outer loop
      vertex -17.2441 36.6455 40
      vertex -14.909 37.6559 42
      vertex -17.2441 36.6455 42
    endloop
  endfacet
  facet normal 0.397119 -0.917767 0
    outer loop
      vertex -14.909 37.6559 42
      vertex -17.2441 36.6455 40
      vertex -14.909 37.6559 40
    endloop
  endfacet
  facet normal 0.975917 0.218141 0
    outer loop
      vertex -39.2276 -10.0719 42
      vertex -39.7826 -7.58894 40
      vertex -39.7826 -7.58894 42
    endloop
  endfacet
  facet normal 0.975917 0.218141 0
    outer loop
      vertex -39.7826 -7.58894 40
      vertex -39.2276 -10.0719 42
      vertex -39.2276 -10.0719 40
    endloop
  endfacet
  facet normal 0.661319 0.750105 -0
    outer loop
      vertex -25.8157 -31.2058 40
      vertex -27.7242 -29.5232 42
      vertex -25.8157 -31.2058 42
    endloop
  endfacet
  facet normal 0.661319 0.750105 0
    outer loop
      vertex -27.7242 -29.5232 42
      vertex -25.8157 -31.2058 40
      vertex -27.7242 -29.5232 40
    endloop
  endfacet
  facet normal 0.827077 0.562089 0
    outer loop
      vertex -32.7652 -23.8053 42
      vertex -34.1953 -21.701 40
      vertex -34.1953 -21.701 42
    endloop
  endfacet
  facet normal 0.827077 0.562089 0
    outer loop
      vertex -34.1953 -21.701 40
      vertex -32.7652 -23.8053 42
      vertex -32.7652 -23.8053 40
    endloop
  endfacet
  facet normal -0.562089 0.827077 0
    outer loop
      vertex 23.8053 -32.7652 40
      vertex 21.701 -34.1953 42
      vertex 23.8053 -32.7652 42
    endloop
  endfacet
  facet normal -0.562089 0.827077 0
    outer loop
      vertex 21.701 -34.1953 42
      vertex 23.8053 -32.7652 40
      vertex 21.701 -34.1953 40
    endloop
  endfacet
  facet normal 0.661319 -0.750105 0
    outer loop
      vertex -27.7242 29.5232 40
      vertex -25.8157 31.2058 42
      vertex -27.7242 29.5232 42
    endloop
  endfacet
  facet normal 0.661319 -0.750105 0
    outer loop
      vertex -25.8157 31.2058 42
      vertex -27.7242 29.5232 40
      vertex -25.8157 31.2058 40
    endloop
  endfacet
  facet normal -0.0941328 0.99556 0
    outer loop
      vertex 5.076 -40.1806 40
      vertex 2.54302 -40.4201 42
      vertex 5.076 -40.1806 42
    endloop
  endfacet
  facet normal -0.0941328 0.99556 0
    outer loop
      vertex 2.54302 -40.4201 42
      vertex 5.076 -40.1806 40
      vertex 2.54302 -40.4201 40
    endloop
  endfacet
  facet normal -0.338765 0.940871 0
    outer loop
      vertex 14.909 -37.6559 40
      vertex 12.5152 -38.5178 42
      vertex 14.909 -37.6559 42
    endloop
  endfacet
  facet normal -0.338765 0.940871 0
    outer loop
      vertex 12.5152 -38.5178 42
      vertex 14.909 -37.6559 40
      vertex 12.5152 -38.5178 40
    endloop
  endfacet
  facet normal -0.975917 0.218141 0
    outer loop
      vertex 39.2276 -10.0719 40
      vertex 39.7826 -7.58894 42
      vertex 39.7826 -7.58894 40
    endloop
  endfacet
  facet normal -0.975917 0.218141 0
    outer loop
      vertex 39.7826 -7.58894 42
      vertex 39.2276 -10.0719 40
      vertex 39.2276 -10.0719 42
    endloop
  endfacet
  facet normal -0.99556 0.0941328 0
    outer loop
      vertex 40.1806 -5.076 40
      vertex 40.4201 -2.54302 42
      vertex 40.4201 -2.54302 40
    endloop
  endfacet
  facet normal -0.99556 0.0941328 0
    outer loop
      vertex 40.4201 -2.54302 42
      vertex 40.1806 -5.076 40
      vertex 40.1806 -5.076 42
    endloop
  endfacet
  facet normal -0.612901 -0.79016 0
    outer loop
      vertex 23.8053 32.7652 40
      vertex 25.8157 31.2058 42
      vertex 23.8053 32.7652 42
    endloop
  endfacet
  facet normal -0.612901 -0.79016 -0
    outer loop
      vertex 25.8157 31.2058 42
      vertex 23.8053 32.7652 40
      vertex 25.8157 31.2058 40
    endloop
  endfacet
  facet normal -0.827077 -0.562089 0
    outer loop
      vertex 34.1953 21.701 40
      vertex 32.7652 23.8053 42
      vertex 32.7652 23.8053 40
    endloop
  endfacet
  facet normal -0.827077 -0.562089 0
    outer loop
      vertex 32.7652 23.8053 42
      vertex 34.1953 21.701 40
      vertex 34.1953 21.701 42
    endloop
  endfacet
  facet normal -0.987689 -0.15643 0
    outer loop
      vertex 40.1806 5.076 40
      vertex 39.7826 7.58894 42
      vertex 39.7826 7.58894 40
    endloop
  endfacet
  facet normal -0.987689 -0.15643 0
    outer loop
      vertex 39.7826 7.58894 42
      vertex 40.1806 5.076 40
      vertex 40.1806 5.076 42
    endloop
  endfacet
  facet normal 0.79016 -0.612901 0
    outer loop
      vertex -32.7652 23.8053 42
      vertex -31.2058 25.8157 40
      vertex -31.2058 25.8157 42
    endloop
  endfacet
  facet normal 0.79016 -0.612901 0
    outer loop
      vertex -31.2058 25.8157 40
      vertex -32.7652 23.8053 42
      vertex -32.7652 23.8053 40
    endloop
  endfacet
  facet normal 0.999507 0.0314038 0
    outer loop
      vertex -40.4201 -2.54302 42
      vertex -40.5 0 40
      vertex -40.5 0 42
    endloop
  endfacet
  facet normal 0.999507 0.0314038 0
    outer loop
      vertex -40.5 0 40
      vertex -40.4201 -2.54302 42
      vertex -40.4201 -2.54302 40
    endloop
  endfacet
  facet normal -0.0314038 -0.999507 0
    outer loop
      vertex 0 40.5 40
      vertex 2.54302 40.4201 42
      vertex 0 40.5 42
    endloop
  endfacet
  facet normal -0.0314038 -0.999507 -0
    outer loop
      vertex 2.54302 40.4201 42
      vertex 0 40.5 40
      vertex 2.54302 40.4201 40
    endloop
  endfacet
  facet normal 0.612901 -0.79016 0
    outer loop
      vertex -25.8157 31.2058 40
      vertex -23.8053 32.7652 42
      vertex -25.8157 31.2058 42
    endloop
  endfacet
  facet normal 0.612901 -0.79016 0
    outer loop
      vertex -23.8053 32.7652 42
      vertex -25.8157 31.2058 40
      vertex -23.8053 32.7652 40
    endloop
  endfacet
  facet normal 0.860753 0.509023 0
    outer loop
      vertex -34.1953 -21.701 42
      vertex -35.4904 -19.511 40
      vertex -35.4904 -19.511 42
    endloop
  endfacet
  facet normal 0.860753 0.509023 0
    outer loop
      vertex -35.4904 -19.511 40
      vertex -34.1953 -21.701 42
      vertex -34.1953 -21.701 40
    endloop
  endfacet
  facet normal 0.0314038 -0.999507 0
    outer loop
      vertex -2.54302 40.4201 40
      vertex 0 40.5 42
      vertex -2.54302 40.4201 42
    endloop
  endfacet
  facet normal 0.0314038 -0.999507 0
    outer loop
      vertex 0 40.5 42
      vertex -2.54302 40.4201 40
      vertex 0 40.5 40
    endloop
  endfacet
  facet normal 0.917767 -0.397119 0
    outer loop
      vertex -37.6559 14.909 42
      vertex -36.6455 17.2441 40
      vertex -36.6455 17.2441 42
    endloop
  endfacet
  facet normal 0.917767 -0.397119 0
    outer loop
      vertex -36.6455 17.2441 40
      vertex -37.6559 14.909 42
      vertex -37.6559 14.909 40
    endloop
  endfacet
  facet normal 0.562089 0.827077 -0
    outer loop
      vertex -21.701 -34.1953 40
      vertex -23.8053 -32.7652 42
      vertex -21.701 -34.1953 42
    endloop
  endfacet
  facet normal 0.562089 0.827077 0
    outer loop
      vertex -23.8053 -32.7652 42
      vertex -21.701 -34.1953 40
      vertex -23.8053 -32.7652 40
    endloop
  endfacet
  facet normal 0.917767 0.397119 0
    outer loop
      vertex -36.6455 -17.2441 42
      vertex -37.6559 -14.909 40
      vertex -37.6559 -14.909 42
    endloop
  endfacet
  facet normal 0.917767 0.397119 0
    outer loop
      vertex -37.6559 -14.909 40
      vertex -36.6455 -17.2441 42
      vertex -36.6455 -17.2441 40
    endloop
  endfacet
  facet normal 0.278975 0.960298 -0
    outer loop
      vertex -10.0719 -39.2276 40
      vertex -12.5152 -38.5178 42
      vertex -10.0719 -39.2276 42
    endloop
  endfacet
  facet normal 0.278975 0.960298 0
    outer loop
      vertex -12.5152 -38.5178 42
      vertex -10.0719 -39.2276 40
      vertex -12.5152 -38.5178 40
    endloop
  endfacet
  facet normal 0.79016 0.612901 0
    outer loop
      vertex -31.2058 -25.8157 42
      vertex -32.7652 -23.8053 40
      vertex -32.7652 -23.8053 42
    endloop
  endfacet
  facet normal 0.79016 0.612901 0
    outer loop
      vertex -32.7652 -23.8053 40
      vertex -31.2058 -25.8157 42
      vertex -31.2058 -25.8157 40
    endloop
  endfacet
  facet normal -0.707107 0.707107 0
    outer loop
      vertex 27.7242 -29.5232 40
      vertex 29.5232 -27.7242 42
      vertex 29.5232 -27.7242 40
    endloop
  endfacet
  facet normal -0.707107 0.707107 0
    outer loop
      vertex 29.5232 -27.7242 42
      vertex 27.7242 -29.5232 40
      vertex 27.7242 -29.5232 42
    endloop
  endfacet
  facet normal 0.707107 -0.707107 0
    outer loop
      vertex -29.5232 27.7242 42
      vertex -27.7242 29.5232 40
      vertex -27.7242 29.5232 42
    endloop
  endfacet
  facet normal 0.707107 -0.707107 0
    outer loop
      vertex -27.7242 29.5232 40
      vertex -29.5232 27.7242 42
      vertex -29.5232 27.7242 40
    endloop
  endfacet
  facet normal -0.0941328 -0.99556 0
    outer loop
      vertex 2.54302 40.4201 40
      vertex 5.076 40.1806 42
      vertex 2.54302 40.4201 42
    endloop
  endfacet
  facet normal -0.0941328 -0.99556 -0
    outer loop
      vertex 5.076 40.1806 42
      vertex 2.54302 40.4201 40
      vertex 5.076 40.1806 40
    endloop
  endfacet
  facet normal 0.454008 -0.890997 0
    outer loop
      vertex -19.511 35.4904 40
      vertex -17.2441 36.6455 42
      vertex -19.511 35.4904 42
    endloop
  endfacet
  facet normal 0.454008 -0.890997 0
    outer loop
      vertex -17.2441 36.6455 42
      vertex -19.511 35.4904 40
      vertex -17.2441 36.6455 40
    endloop
  endfacet
  facet normal -0.338765 -0.940871 0
    outer loop
      vertex 12.5152 38.5178 40
      vertex 14.909 37.6559 42
      vertex 12.5152 38.5178 42
    endloop
  endfacet
  facet normal -0.338765 -0.940871 -0
    outer loop
      vertex 14.909 37.6559 42
      vertex 12.5152 38.5178 40
      vertex 14.909 37.6559 40
    endloop
  endfacet
  facet normal -0.79016 -0.612901 0
    outer loop
      vertex 32.7652 23.8053 40
      vertex 31.2058 25.8157 42
      vertex 31.2058 25.8157 40
    endloop
  endfacet
  facet normal -0.79016 -0.612901 0
    outer loop
      vertex 31.2058 25.8157 42
      vertex 32.7652 23.8053 40
      vertex 32.7652 23.8053 42
    endloop
  endfacet
  facet normal -0.750105 -0.661319 0
    outer loop
      vertex 31.2058 25.8157 40
      vertex 29.5232 27.7242 42
      vertex 29.5232 27.7242 40
    endloop
  endfacet
  facet normal -0.750105 -0.661319 0
    outer loop
      vertex 29.5232 27.7242 42
      vertex 31.2058 25.8157 40
      vertex 31.2058 25.8157 42
    endloop
  endfacet
  facet normal 0.0941328 0.99556 -0
    outer loop
      vertex -2.54302 -40.4201 40
      vertex -5.076 -40.1806 42
      vertex -2.54302 -40.4201 42
    endloop
  endfacet
  facet normal 0.0941328 0.99556 0
    outer loop
      vertex -5.076 -40.1806 42
      vertex -2.54302 -40.4201 40
      vertex -5.076 -40.1806 40
    endloop
  endfacet
  facet normal 0.0314038 0.999507 -0
    outer loop
      vertex 0 -40.5 40
      vertex -2.54302 -40.4201 42
      vertex 0 -40.5 42
    endloop
  endfacet
  facet normal 0.0314038 0.999507 0
    outer loop
      vertex -2.54302 -40.4201 42
      vertex 0 -40.5 40
      vertex -2.54302 -40.4201 40
    endloop
  endfacet
  facet normal 0.278975 -0.960298 0
    outer loop
      vertex -12.5152 38.5178 40
      vertex -10.0719 39.2276 42
      vertex -12.5152 38.5178 42
    endloop
  endfacet
  facet normal 0.278975 -0.960298 0
    outer loop
      vertex -10.0719 39.2276 42
      vertex -12.5152 38.5178 40
      vertex -10.0719 39.2276 40
    endloop
  endfacet
  facet normal 0.218141 -0.975917 0
    outer loop
      vertex -10.0719 39.2276 40
      vertex -7.58894 39.7826 42
      vertex -10.0719 39.2276 42
    endloop
  endfacet
  facet normal 0.218141 -0.975917 0
    outer loop
      vertex -7.58894 39.7826 42
      vertex -10.0719 39.2276 40
      vertex -7.58894 39.7826 40
    endloop
  endfacet
  facet normal -0.661319 0.750105 0
    outer loop
      vertex 27.7242 -29.5232 40
      vertex 25.8157 -31.2058 42
      vertex 27.7242 -29.5232 42
    endloop
  endfacet
  facet normal -0.661319 0.750105 0
    outer loop
      vertex 25.8157 -31.2058 42
      vertex 27.7242 -29.5232 40
      vertex 25.8157 -31.2058 40
    endloop
  endfacet
  facet normal -0.612901 0.79016 0
    outer loop
      vertex 25.8157 -31.2058 40
      vertex 23.8053 -32.7652 42
      vertex 25.8157 -31.2058 42
    endloop
  endfacet
  facet normal -0.612901 0.79016 0
    outer loop
      vertex 23.8053 -32.7652 42
      vertex 25.8157 -31.2058 40
      vertex 23.8053 -32.7652 40
    endloop
  endfacet
  facet normal 0.99556 -0.0941328 0
    outer loop
      vertex -40.4201 2.54302 42
      vertex -40.1806 5.076 40
      vertex -40.1806 5.076 42
    endloop
  endfacet
  facet normal 0.99556 -0.0941328 0
    outer loop
      vertex -40.1806 5.076 40
      vertex -40.4201 2.54302 42
      vertex -40.4201 2.54302 40
    endloop
  endfacet
  facet normal 0.960298 0.278975 0
    outer loop
      vertex -38.5178 -12.5152 42
      vertex -39.2276 -10.0719 40
      vertex -39.2276 -10.0719 42
    endloop
  endfacet
  facet normal 0.960298 0.278975 0
    outer loop
      vertex -39.2276 -10.0719 40
      vertex -38.5178 -12.5152 42
      vertex -38.5178 -12.5152 40
    endloop
  endfacet
  facet normal -0.218141 -0.975917 0
    outer loop
      vertex 7.58894 39.7826 40
      vertex 10.0719 39.2276 42
      vertex 7.58894 39.7826 42
    endloop
  endfacet
  facet normal -0.218141 -0.975917 -0
    outer loop
      vertex 10.0719 39.2276 42
      vertex 7.58894 39.7826 40
      vertex 10.0719 39.2276 40
    endloop
  endfacet
  facet normal 0.612901 0.79016 -0
    outer loop
      vertex -23.8053 -32.7652 40
      vertex -25.8157 -31.2058 42
      vertex -23.8053 -32.7652 42
    endloop
  endfacet
  facet normal 0.612901 0.79016 0
    outer loop
      vertex -25.8157 -31.2058 42
      vertex -23.8053 -32.7652 40
      vertex -25.8157 -31.2058 40
    endloop
  endfacet
  facet normal 0.308995 0.951064 -0
    outer loop
      vertex 11.2876 11.9431 10
      vertex 10.8413 12.0881 12.5
      vertex 11.2876 11.9431 12.5
    endloop
  endfacet
  facet normal 0.308995 0.951064 0
    outer loop
      vertex 10.8413 12.0881 12.5
      vertex 11.2876 11.9431 10
      vertex 10.8413 12.0881 10
    endloop
  endfacet
  facet normal 0.58769 0.809086 -0
    outer loop
      vertex 11.6673 11.6673 10
      vertex 11.2876 11.9431 12.5
      vertex 11.6673 11.6673 12.5
    endloop
  endfacet
  facet normal 0.58769 0.809086 0
    outer loop
      vertex 11.2876 11.9431 12.5
      vertex 11.6673 11.6673 10
      vertex 11.2876 11.9431 10
    endloop
  endfacet
  facet normal 0.951045 -0.309052 0
    outer loop
      vertex 11.9445 9.93 12.5
      vertex 12.0881 10.3719 10
      vertex 12.0881 10.3719 12.5
    endloop
  endfacet
  facet normal 0.951045 -0.309052 0
    outer loop
      vertex 12.0881 10.3719 10
      vertex 11.9445 9.93 12.5
      vertex 11.9445 9.93 10
    endloop
  endfacet
  facet normal -1 0 0
    outer loop
      vertex 9.12507 10.3719 10
      vertex 9.12507 10.8413 12.5
      vertex 9.12507 10.8413 10
    endloop
  endfacet
  facet normal -1 -0 0
    outer loop
      vertex 9.12507 10.8413 12.5
      vertex 9.12507 10.3719 10
      vertex 9.12507 10.3719 12.5
    endloop
  endfacet
  facet normal -0.309007 0.95106 0
    outer loop
      vertex 10.3719 12.0881 10
      vertex 9.92562 11.9431 12.5
      vertex 10.3719 12.0881 12.5
    endloop
  endfacet
  facet normal -0.309007 0.95106 0
    outer loop
      vertex 9.92562 11.9431 12.5
      vertex 10.3719 12.0881 10
      vertex 9.92562 11.9431 10
    endloop
  endfacet
  facet normal 1 -0 0
    outer loop
      vertex 12.0881 10.3719 12.5
      vertex 12.0881 10.8413 10
      vertex 12.0881 10.8413 12.5
    endloop
  endfacet
  facet normal 1 0 0
    outer loop
      vertex 12.0881 10.8413 10
      vertex 12.0881 10.3719 12.5
      vertex 12.0881 10.3719 10
    endloop
  endfacet
  facet normal -0.809035 0.58776 0
    outer loop
      vertex 9.27009 11.2876 10
      vertex 9.54594 11.6673 12.5
      vertex 9.54594 11.6673 10
    endloop
  endfacet
  facet normal -0.809035 0.58776 0
    outer loop
      vertex 9.54594 11.6673 12.5
      vertex 9.27009 11.2876 10
      vertex 9.27009 11.2876 12.5
    endloop
  endfacet
  facet normal -0.951051 0.309033 0
    outer loop
      vertex 9.12507 10.8413 10
      vertex 9.27009 11.2876 12.5
      vertex 9.27009 11.2876 10
    endloop
  endfacet
  facet normal -0.951051 0.309033 0
    outer loop
      vertex 9.27009 11.2876 12.5
      vertex 9.12507 10.8413 10
      vertex 9.12507 10.8413 12.5
    endloop
  endfacet
  facet normal -0.58771 0.809071 0
    outer loop
      vertex 9.92562 11.9431 10
      vertex 9.54594 11.6673 12.5
      vertex 9.92562 11.9431 12.5
    endloop
  endfacet
  facet normal -0.58771 0.809071 0
    outer loop
      vertex 9.54594 11.6673 12.5
      vertex 9.92562 11.9431 10
      vertex 9.54594 11.6673 10
    endloop
  endfacet
  facet normal 0.809086 0.58769 0
    outer loop
      vertex 11.9431 11.2876 12.5
      vertex 11.6673 11.6673 10
      vertex 11.6673 11.6673 12.5
    endloop
  endfacet
  facet normal 0.809086 0.58769 0
    outer loop
      vertex 11.6673 11.6673 10
      vertex 11.9431 11.2876 12.5
      vertex 11.9431 11.2876 10
    endloop
  endfacet
  facet normal 0.951064 0.308995 0
    outer loop
      vertex 12.0881 10.8413 12.5
      vertex 11.9431 11.2876 10
      vertex 11.9431 11.2876 12.5
    endloop
  endfacet
  facet normal 0.951064 0.308995 0
    outer loop
      vertex 11.9431 11.2876 10
      vertex 12.0881 10.8413 12.5
      vertex 12.0881 10.8413 10
    endloop
  endfacet
  facet normal 0 0 1
    outer loop
      vertex 12.0881 10.8413 12.5
      vertex 11.9445 9.93 12.5
      vertex 12.0881 10.3719 12.5
    endloop
  endfacet
  facet normal 0 0 1
    outer loop
      vertex 11.9431 11.2876 12.5
      vertex 11.9445 9.93 12.5
      vertex 12.0881 10.8413 12.5
    endloop
  endfacet
  facet normal 0 0 1
    outer loop
      vertex 11.6673 11.6673 12.5
      vertex 11.9445 9.93 12.5
      vertex 11.9431 11.2876 12.5
    endloop
  endfacet
  facet normal 0 0 1
    outer loop
      vertex 11.2876 11.9431 12.5
      vertex 11.9445 9.93 12.5
      vertex 11.6673 11.6673 12.5
    endloop
  endfacet
  facet normal 0 0 1
    outer loop
      vertex 10.8413 12.0881 12.5
      vertex 11.9445 9.93 12.5
      vertex 11.2876 11.9431 12.5
    endloop
  endfacet
  facet normal -0 0 1
    outer loop
      vertex 10.3719 12.0881 12.5
      vertex 11.9445 9.93 12.5
      vertex 10.8413 12.0881 12.5
    endloop
  endfacet
  facet normal -0 0 1
    outer loop
      vertex 9.92562 11.9431 12.5
      vertex 11.9445 9.93 12.5
      vertex 10.3719 12.0881 12.5
    endloop
  endfacet
  facet normal -0 0 1
    outer loop
      vertex 9.54594 11.6673 12.5
      vertex 11.9445 9.93 12.5
      vertex 9.92562 11.9431 12.5
    endloop
  endfacet
  facet normal -0 0 1
    outer loop
      vertex 9.27009 11.2876 12.5
      vertex 11.9445 9.93 12.5
      vertex 9.54594 11.6673 12.5
    endloop
  endfacet
  facet normal 0 0 1
    outer loop
      vertex 9.27009 11.2876 12.5
      vertex 9.26867 9.93 12.5
      vertex 11.9445 9.93 12.5
    endloop
  endfacet
  facet normal -0 0 1
    outer loop
      vertex 9.12507 10.8413 12.5
      vertex 9.26867 9.93 12.5
      vertex 9.27009 11.2876 12.5
    endloop
  endfacet
  facet normal 0 0 1
    outer loop
      vertex 9.26867 9.93 12.5
      vertex 9.12507 10.8413 12.5
      vertex 9.12507 10.3719 12.5
    endloop
  endfacet
  facet normal -0.951045 -0.309052 0
    outer loop
      vertex 9.26867 9.93 10
      vertex 9.12507 10.3719 12.5
      vertex 9.12507 10.3719 10
    endloop
  endfacet
  facet normal -0.951045 -0.309052 0
    outer loop
      vertex 9.12507 10.3719 12.5
      vertex 9.26867 9.93 10
      vertex 9.26867 9.93 12.5
    endloop
  endfacet
  facet normal 0 1 -0
    outer loop
      vertex 10.8413 12.0881 10
      vertex 10.3719 12.0881 12.5
      vertex 10.8413 12.0881 12.5
    endloop
  endfacet
  facet normal 0 1 0
    outer loop
      vertex 10.3719 12.0881 12.5
      vertex 10.8413 12.0881 10
      vertex 10.3719 12.0881 10
    endloop
  endfacet
  facet normal -0.951064 0.308995 0
    outer loop
      vertex -12.0881 10.8413 10
      vertex -11.9431 11.2876 12.5
      vertex -11.9431 11.2876 10
    endloop
  endfacet
  facet normal -0.951064 0.308995 0
    outer loop
      vertex -11.9431 11.2876 12.5
      vertex -12.0881 10.8413 10
      vertex -12.0881 10.8413 12.5
    endloop
  endfacet
  facet normal -0.809086 0.58769 0
    outer loop
      vertex -11.9431 11.2876 10
      vertex -11.6673 11.6673 12.5
      vertex -11.6673 11.6673 10
    endloop
  endfacet
  facet normal -0.809086 0.58769 0
    outer loop
      vertex -11.6673 11.6673 12.5
      vertex -11.9431 11.2876 10
      vertex -11.9431 11.2876 12.5
    endloop
  endfacet
  facet normal 0.309007 0.95106 -0
    outer loop
      vertex -9.92562 11.9431 10
      vertex -10.3719 12.0881 12.5
      vertex -9.92562 11.9431 12.5
    endloop
  endfacet
  facet normal 0.309007 0.95106 0
    outer loop
      vertex -10.3719 12.0881 12.5
      vertex -9.92562 11.9431 10
      vertex -10.3719 12.0881 10
    endloop
  endfacet
  facet normal 1 -0 0
    outer loop
      vertex -9.12507 10.3719 12.5
      vertex -9.12507 10.8413 10
      vertex -9.12507 10.8413 12.5
    endloop
  endfacet
  facet normal 1 0 0
    outer loop
      vertex -9.12507 10.8413 10
      vertex -9.12507 10.3719 12.5
      vertex -9.12507 10.3719 10
    endloop
  endfacet
  facet normal 0 1 -0
    outer loop
      vertex -10.3719 12.0881 10
      vertex -10.8413 12.0881 12.5
      vertex -10.3719 12.0881 12.5
    endloop
  endfacet
  facet normal 0 1 0
    outer loop
      vertex -10.8413 12.0881 12.5
      vertex -10.3719 12.0881 10
      vertex -10.8413 12.0881 10
    endloop
  endfacet
  facet normal 0 0 1
    outer loop
      vertex -9.12507 10.8413 12.5
      vertex -9.26867 9.93 12.5
      vertex -9.12507 10.3719 12.5
    endloop
  endfacet
  facet normal 0 0 1
    outer loop
      vertex -9.27009 11.2876 12.5
      vertex -9.26867 9.93 12.5
      vertex -9.12507 10.8413 12.5
    endloop
  endfacet
  facet normal 0 0 1
    outer loop
      vertex -9.54594 11.6673 12.5
      vertex -9.26867 9.93 12.5
      vertex -9.27009 11.2876 12.5
    endloop
  endfacet
  facet normal 0 0 1
    outer loop
      vertex -9.92562 11.9431 12.5
      vertex -9.26867 9.93 12.5
      vertex -9.54594 11.6673 12.5
    endloop
  endfacet
  facet normal 0 0 1
    outer loop
      vertex -10.3719 12.0881 12.5
      vertex -9.26867 9.93 12.5
      vertex -9.92562 11.9431 12.5
    endloop
  endfacet
  facet normal -0 0 1
    outer loop
      vertex -10.8413 12.0881 12.5
      vertex -9.26867 9.93 12.5
      vertex -10.3719 12.0881 12.5
    endloop
  endfacet
  facet normal -0 0 1
    outer loop
      vertex -11.2876 11.9431 12.5
      vertex -9.26867 9.93 12.5
      vertex -10.8413 12.0881 12.5
    endloop
  endfacet
  facet normal -0 0 1
    outer loop
      vertex -11.6673 11.6673 12.5
      vertex -9.26867 9.93 12.5
      vertex -11.2876 11.9431 12.5
    endloop
  endfacet
  facet normal -0 0 1
    outer loop
      vertex -11.9431 11.2876 12.5
      vertex -9.26867 9.93 12.5
      vertex -11.6673 11.6673 12.5
    endloop
  endfacet
  facet normal 0 0 1
    outer loop
      vertex -11.9431 11.2876 12.5
      vertex -11.9445 9.93 12.5
      vertex -9.26867 9.93 12.5
    endloop
  endfacet
  facet normal -0 0 1
    outer loop
      vertex -12.0881 10.8413 12.5
      vertex -11.9445 9.93 12.5
      vertex -11.9431 11.2876 12.5
    endloop
  endfacet
  facet normal 0 0 1
    outer loop
      vertex -11.9445 9.93 12.5
      vertex -12.0881 10.8413 12.5
      vertex -12.0881 10.3719 12.5
    endloop
  endfacet
  facet normal 0.809035 0.58776 0
    outer loop
      vertex -9.27009 11.2876 12.5
      vertex -9.54594 11.6673 10
      vertex -9.54594 11.6673 12.5
    endloop
  endfacet
  facet normal 0.809035 0.58776 0
    outer loop
      vertex -9.54594 11.6673 10
      vertex -9.27009 11.2876 12.5
      vertex -9.27009 11.2876 10
    endloop
  endfacet
  facet normal -0.58769 0.809086 0
    outer loop
      vertex -11.2876 11.9431 10
      vertex -11.6673 11.6673 12.5
      vertex -11.2876 11.9431 12.5
    endloop
  endfacet
  facet normal -0.58769 0.809086 0
    outer loop
      vertex -11.6673 11.6673 12.5
      vertex -11.2876 11.9431 10
      vertex -11.6673 11.6673 10
    endloop
  endfacet
  facet normal -0.308995 0.951064 0
    outer loop
      vertex -10.8413 12.0881 10
      vertex -11.2876 11.9431 12.5
      vertex -10.8413 12.0881 12.5
    endloop
  endfacet
  facet normal -0.308995 0.951064 0
    outer loop
      vertex -11.2876 11.9431 12.5
      vertex -10.8413 12.0881 10
      vertex -11.2876 11.9431 10
    endloop
  endfacet
  facet normal 0.951051 0.309033 0
    outer loop
      vertex -9.12507 10.8413 12.5
      vertex -9.27009 11.2876 10
      vertex -9.27009 11.2876 12.5
    endloop
  endfacet
  facet normal 0.951051 0.309033 0
    outer loop
      vertex -9.27009 11.2876 10
      vertex -9.12507 10.8413 12.5
      vertex -9.12507 10.8413 10
    endloop
  endfacet
  facet normal 0.951045 -0.309052 0
    outer loop
      vertex -9.26867 9.93 12.5
      vertex -9.12507 10.3719 10
      vertex -9.12507 10.3719 12.5
    endloop
  endfacet
  facet normal 0.951045 -0.309052 0
    outer loop
      vertex -9.12507 10.3719 10
      vertex -9.26867 9.93 12.5
      vertex -9.26867 9.93 10
    endloop
  endfacet
  facet normal -0.951045 -0.309052 0
    outer loop
      vertex -11.9445 9.93 10
      vertex -12.0881 10.3719 12.5
      vertex -12.0881 10.3719 10
    endloop
  endfacet
  facet normal -0.951045 -0.309052 0
    outer loop
      vertex -12.0881 10.3719 12.5
      vertex -11.9445 9.93 10
      vertex -11.9445 9.93 12.5
    endloop
  endfacet
  facet normal 0.58771 0.809071 -0
    outer loop
      vertex -9.54594 11.6673 10
      vertex -9.92562 11.9431 12.5
      vertex -9.54594 11.6673 12.5
    endloop
  endfacet
  facet normal 0.58771 0.809071 0
    outer loop
      vertex -9.92562 11.9431 12.5
      vertex -9.54594 11.6673 10
      vertex -9.92562 11.9431 10
    endloop
  endfacet
  facet normal -1 0 0
    outer loop
      vertex -12.0881 10.3719 10
      vertex -12.0881 10.8413 12.5
      vertex -12.0881 10.8413 10
    endloop
  endfacet
  facet normal -1 -0 0
    outer loop
      vertex -12.0881 10.8413 12.5
      vertex -12.0881 10.3719 10
      vertex -12.0881 10.3719 12.5
    endloop
  endfacet
  facet normal 0.951045 0.309052 0
    outer loop
      vertex -9.12507 -10.3719 12.5
      vertex -9.26867 -9.93 10
      vertex -9.26867 -9.93 12.5
    endloop
  endfacet
  facet normal 0.951045 0.309052 0
    outer loop
      vertex -9.26867 -9.93 10
      vertex -9.12507 -10.3719 12.5
      vertex -9.12507 -10.3719 10
    endloop
  endfacet
  facet normal -0.951045 0.309052 0
    outer loop
      vertex -12.0881 -10.3719 10
      vertex -11.9445 -9.93 12.5
      vertex -11.9445 -9.93 10
    endloop
  endfacet
  facet normal -0.951045 0.309052 0
    outer loop
      vertex -11.9445 -9.93 12.5
      vertex -12.0881 -10.3719 10
      vertex -12.0881 -10.3719 12.5
    endloop
  endfacet
  facet normal -0.58769 -0.809086 0
    outer loop
      vertex -11.6673 -11.6673 10
      vertex -11.2876 -11.9431 12.5
      vertex -11.6673 -11.6673 12.5
    endloop
  endfacet
  facet normal -0.58769 -0.809086 -0
    outer loop
      vertex -11.2876 -11.9431 12.5
      vertex -11.6673 -11.6673 10
      vertex -11.2876 -11.9431 10
    endloop
  endfacet
  facet normal 1 -0 0
    outer loop
      vertex -9.12507 -10.8413 12.5
      vertex -9.12507 -10.3719 10
      vertex -9.12507 -10.3719 12.5
    endloop
  endfacet
  facet normal 1 0 0
    outer loop
      vertex -9.12507 -10.3719 10
      vertex -9.12507 -10.8413 12.5
      vertex -9.12507 -10.8413 10
    endloop
  endfacet
  facet normal -1 0 0
    outer loop
      vertex -12.0881 -10.8413 10
      vertex -12.0881 -10.3719 12.5
      vertex -12.0881 -10.3719 10
    endloop
  endfacet
  facet normal -1 -0 0
    outer loop
      vertex -12.0881 -10.3719 12.5
      vertex -12.0881 -10.8413 10
      vertex -12.0881 -10.8413 12.5
    endloop
  endfacet
  facet normal -0.809086 -0.58769 0
    outer loop
      vertex -11.6673 -11.6673 10
      vertex -11.9431 -11.2876 12.5
      vertex -11.9431 -11.2876 10
    endloop
  endfacet
  facet normal -0.809086 -0.58769 0
    outer loop
      vertex -11.9431 -11.2876 12.5
      vertex -11.6673 -11.6673 10
      vertex -11.6673 -11.6673 12.5
    endloop
  endfacet
  facet normal 0.951051 -0.309033 0
    outer loop
      vertex -9.27009 -11.2876 12.5
      vertex -9.12507 -10.8413 10
      vertex -9.12507 -10.8413 12.5
    endloop
  endfacet
  facet normal 0.951051 -0.309033 0
    outer loop
      vertex -9.12507 -10.8413 10
      vertex -9.27009 -11.2876 12.5
      vertex -9.27009 -11.2876 10
    endloop
  endfacet
  facet normal 0 0 1
    outer loop
      vertex -9.26867 -9.93 12.5
      vertex -9.12507 -10.8413 12.5
      vertex -9.12507 -10.3719 12.5
    endloop
  endfacet
  facet normal 0 0 1
    outer loop
      vertex -9.26867 -9.93 12.5
      vertex -9.27009 -11.2876 12.5
      vertex -9.12507 -10.8413 12.5
    endloop
  endfacet
  facet normal 0 0 1
    outer loop
      vertex -9.26867 -9.93 12.5
      vertex -9.54594 -11.6673 12.5
      vertex -9.27009 -11.2876 12.5
    endloop
  endfacet
  facet normal 0 0 1
    outer loop
      vertex -9.26867 -9.93 12.5
      vertex -9.92562 -11.9431 12.5
      vertex -9.54594 -11.6673 12.5
    endloop
  endfacet
  facet normal 0 0 1
    outer loop
      vertex -9.26867 -9.93 12.5
      vertex -10.3719 -12.0881 12.5
      vertex -9.92562 -11.9431 12.5
    endloop
  endfacet
  facet normal 0 0 1
    outer loop
      vertex -9.26867 -9.93 12.5
      vertex -10.8413 -12.0881 12.5
      vertex -10.3719 -12.0881 12.5
    endloop
  endfacet
  facet normal 0 0 1
    outer loop
      vertex -9.26867 -9.93 12.5
      vertex -11.2876 -11.9431 12.5
      vertex -10.8413 -12.0881 12.5
    endloop
  endfacet
  facet normal 0 0 1
    outer loop
      vertex -9.26867 -9.93 12.5
      vertex -11.6673 -11.6673 12.5
      vertex -11.2876 -11.9431 12.5
    endloop
  endfacet
  facet normal 0 0 1
    outer loop
      vertex -9.26867 -9.93 12.5
      vertex -11.9431 -11.2876 12.5
      vertex -11.6673 -11.6673 12.5
    endloop
  endfacet
  facet normal -0 0 1
    outer loop
      vertex -11.9445 -9.93 12.5
      vertex -11.9431 -11.2876 12.5
      vertex -9.26867 -9.93 12.5
    endloop
  endfacet
  facet normal -0 0 1
    outer loop
      vertex -12.0881 -10.3719 12.5
      vertex -11.9431 -11.2876 12.5
      vertex -11.9445 -9.93 12.5
    endloop
  endfacet
  facet normal 0 0 1
    outer loop
      vertex -11.9431 -11.2876 12.5
      vertex -12.0881 -10.3719 12.5
      vertex -12.0881 -10.8413 12.5
    endloop
  endfacet
  facet normal -0.308995 -0.951064 0
    outer loop
      vertex -11.2876 -11.9431 10
      vertex -10.8413 -12.0881 12.5
      vertex -11.2876 -11.9431 12.5
    endloop
  endfacet
  facet normal -0.308995 -0.951064 -0
    outer loop
      vertex -10.8413 -12.0881 12.5
      vertex -11.2876 -11.9431 10
      vertex -10.8413 -12.0881 10
    endloop
  endfacet
  facet normal 0.809035 -0.58776 0
    outer loop
      vertex -9.54594 -11.6673 12.5
      vertex -9.27009 -11.2876 10
      vertex -9.27009 -11.2876 12.5
    endloop
  endfacet
  facet normal 0.809035 -0.58776 0
    outer loop
      vertex -9.27009 -11.2876 10
      vertex -9.54594 -11.6673 12.5
      vertex -9.54594 -11.6673 10
    endloop
  endfacet
  facet normal 0.58771 -0.809071 0
    outer loop
      vertex -9.92562 -11.9431 10
      vertex -9.54594 -11.6673 12.5
      vertex -9.92562 -11.9431 12.5
    endloop
  endfacet
  facet normal 0.58771 -0.809071 0
    outer loop
      vertex -9.54594 -11.6673 12.5
      vertex -9.92562 -11.9431 10
      vertex -9.54594 -11.6673 10
    endloop
  endfacet
  facet normal -0.951064 -0.308995 0
    outer loop
      vertex -11.9431 -11.2876 10
      vertex -12.0881 -10.8413 12.5
      vertex -12.0881 -10.8413 10
    endloop
  endfacet
  facet normal -0.951064 -0.308995 0
    outer loop
      vertex -12.0881 -10.8413 12.5
      vertex -11.9431 -11.2876 10
      vertex -11.9431 -11.2876 12.5
    endloop
  endfacet
  facet normal 0.309007 -0.95106 0
    outer loop
      vertex -10.3719 -12.0881 10
      vertex -9.92562 -11.9431 12.5
      vertex -10.3719 -12.0881 12.5
    endloop
  endfacet
  facet normal 0.309007 -0.95106 0
    outer loop
      vertex -9.92562 -11.9431 12.5
      vertex -10.3719 -12.0881 10
      vertex -9.92562 -11.9431 10
    endloop
  endfacet
  facet normal 0 -1 0
    outer loop
      vertex -10.8413 -12.0881 10
      vertex -10.3719 -12.0881 12.5
      vertex -10.8413 -12.0881 12.5
    endloop
  endfacet
  facet normal 0 -1 -0
    outer loop
      vertex -10.3719 -12.0881 12.5
      vertex -10.8413 -12.0881 10
      vertex -10.3719 -12.0881 10
    endloop
  endfacet
  facet normal -0.309007 -0.95106 0
    outer loop
      vertex 9.92562 -11.9431 10
      vertex 10.3719 -12.0881 12.5
      vertex 9.92562 -11.9431 12.5
    endloop
  endfacet
  facet normal -0.309007 -0.95106 -0
    outer loop
      vertex 10.3719 -12.0881 12.5
      vertex 9.92562 -11.9431 10
      vertex 10.3719 -12.0881 10
    endloop
  endfacet
  facet normal 0.809086 -0.58769 0
    outer loop
      vertex 11.6673 -11.6673 12.5
      vertex 11.9431 -11.2876 10
      vertex 11.9431 -11.2876 12.5
    endloop
  endfacet
  facet normal 0.809086 -0.58769 0
    outer loop
      vertex 11.9431 -11.2876 10
      vertex 11.6673 -11.6673 12.5
      vertex 11.6673 -11.6673 10
    endloop
  endfacet
  facet normal 0.951045 0.309052 0
    outer loop
      vertex 12.0881 -10.3719 12.5
      vertex 11.9445 -9.93 10
      vertex 11.9445 -9.93 12.5
    endloop
  endfacet
  facet normal 0.951045 0.309052 0
    outer loop
      vertex 11.9445 -9.93 10
      vertex 12.0881 -10.3719 12.5
      vertex 12.0881 -10.3719 10
    endloop
  endfacet
  facet normal 0 -1 0
    outer loop
      vertex 10.3719 -12.0881 10
      vertex 10.8413 -12.0881 12.5
      vertex 10.3719 -12.0881 12.5
    endloop
  endfacet
  facet normal 0 -1 -0
    outer loop
      vertex 10.8413 -12.0881 12.5
      vertex 10.3719 -12.0881 10
      vertex 10.8413 -12.0881 10
    endloop
  endfacet
  facet normal 0.58769 -0.809086 0
    outer loop
      vertex 11.2876 -11.9431 10
      vertex 11.6673 -11.6673 12.5
      vertex 11.2876 -11.9431 12.5
    endloop
  endfacet
  facet normal 0.58769 -0.809086 0
    outer loop
      vertex 11.6673 -11.6673 12.5
      vertex 11.2876 -11.9431 10
      vertex 11.6673 -11.6673 10
    endloop
  endfacet
  facet normal -0.58771 -0.809071 0
    outer loop
      vertex 9.54594 -11.6673 10
      vertex 9.92562 -11.9431 12.5
      vertex 9.54594 -11.6673 12.5
    endloop
  endfacet
  facet normal -0.58771 -0.809071 -0
    outer loop
      vertex 9.92562 -11.9431 12.5
      vertex 9.54594 -11.6673 10
      vertex 9.92562 -11.9431 10
    endloop
  endfacet
  facet normal -1 0 0
    outer loop
      vertex 9.12507 -10.8413 10
      vertex 9.12507 -10.3719 12.5
      vertex 9.12507 -10.3719 10
    endloop
  endfacet
  facet normal -1 -0 0
    outer loop
      vertex 9.12507 -10.3719 12.5
      vertex 9.12507 -10.8413 10
      vertex 9.12507 -10.8413 12.5
    endloop
  endfacet
  facet normal -0.809035 -0.58776 0
    outer loop
      vertex 9.54594 -11.6673 10
      vertex 9.27009 -11.2876 12.5
      vertex 9.27009 -11.2876 10
    endloop
  endfacet
  facet normal -0.809035 -0.58776 0
    outer loop
      vertex 9.27009 -11.2876 12.5
      vertex 9.54594 -11.6673 10
      vertex 9.54594 -11.6673 12.5
    endloop
  endfacet
  facet normal 0.951064 -0.308995 0
    outer loop
      vertex 11.9431 -11.2876 12.5
      vertex 12.0881 -10.8413 10
      vertex 12.0881 -10.8413 12.5
    endloop
  endfacet
  facet normal 0.951064 -0.308995 0
    outer loop
      vertex 12.0881 -10.8413 10
      vertex 11.9431 -11.2876 12.5
      vertex 11.9431 -11.2876 10
    endloop
  endfacet
  facet normal 0 0 1
    outer loop
      vertex 11.9445 -9.93 12.5
      vertex 12.0881 -10.8413 12.5
      vertex 12.0881 -10.3719 12.5
    endloop
  endfacet
  facet normal 0 0 1
    outer loop
      vertex 11.9445 -9.93 12.5
      vertex 11.9431 -11.2876 12.5
      vertex 12.0881 -10.8413 12.5
    endloop
  endfacet
  facet normal 0 0 1
    outer loop
      vertex 11.9445 -9.93 12.5
      vertex 11.6673 -11.6673 12.5
      vertex 11.9431 -11.2876 12.5
    endloop
  endfacet
  facet normal 0 0 1
    outer loop
      vertex 11.9445 -9.93 12.5
      vertex 11.2876 -11.9431 12.5
      vertex 11.6673 -11.6673 12.5
    endloop
  endfacet
  facet normal 0 0 1
    outer loop
      vertex 11.9445 -9.93 12.5
      vertex 10.8413 -12.0881 12.5
      vertex 11.2876 -11.9431 12.5
    endloop
  endfacet
  facet normal 0 0 1
    outer loop
      vertex 11.9445 -9.93 12.5
      vertex 10.3719 -12.0881 12.5
      vertex 10.8413 -12.0881 12.5
    endloop
  endfacet
  facet normal 0 0 1
    outer loop
      vertex 11.9445 -9.93 12.5
      vertex 9.92562 -11.9431 12.5
      vertex 10.3719 -12.0881 12.5
    endloop
  endfacet
  facet normal 0 0 1
    outer loop
      vertex 11.9445 -9.93 12.5
      vertex 9.54594 -11.6673 12.5
      vertex 9.92562 -11.9431 12.5
    endloop
  endfacet
  facet normal 0 0 1
    outer loop
      vertex 11.9445 -9.93 12.5
      vertex 9.27009 -11.2876 12.5
      vertex 9.54594 -11.6673 12.5
    endloop
  endfacet
  facet normal -0 0 1
    outer loop
      vertex 9.26867 -9.93 12.5
      vertex 9.27009 -11.2876 12.5
      vertex 11.9445 -9.93 12.5
    endloop
  endfacet
  facet normal -0 0 1
    outer loop
      vertex 9.12507 -10.3719 12.5
      vertex 9.27009 -11.2876 12.5
      vertex 9.26867 -9.93 12.5
    endloop
  endfacet
  facet normal 0 0 1
    outer loop
      vertex 9.27009 -11.2876 12.5
      vertex 9.12507 -10.3719 12.5
      vertex 9.12507 -10.8413 12.5
    endloop
  endfacet
  facet normal 0.308995 -0.951064 0
    outer loop
      vertex 10.8413 -12.0881 10
      vertex 11.2876 -11.9431 12.5
      vertex 10.8413 -12.0881 12.5
    endloop
  endfacet
  facet normal 0.308995 -0.951064 0
    outer loop
      vertex 11.2876 -11.9431 12.5
      vertex 10.8413 -12.0881 10
      vertex 11.2876 -11.9431 10
    endloop
  endfacet
  facet normal -0.951051 -0.309033 0
    outer loop
      vertex 9.27009 -11.2876 10
      vertex 9.12507 -10.8413 12.5
      vertex 9.12507 -10.8413 10
    endloop
  endfacet
  facet normal -0.951051 -0.309033 0
    outer loop
      vertex 9.12507 -10.8413 12.5
      vertex 9.27009 -11.2876 10
      vertex 9.27009 -11.2876 12.5
    endloop
  endfacet
  facet normal 1 -0 0
    outer loop
      vertex 12.0881 -10.8413 12.5
      vertex 12.0881 -10.3719 10
      vertex 12.0881 -10.3719 12.5
    endloop
  endfacet
  facet normal 1 0 0
    outer loop
      vertex 12.0881 -10.3719 10
      vertex 12.0881 -10.8413 12.5
      vertex 12.0881 -10.8413 10
    endloop
  endfacet
  facet normal -0.951045 0.309052 0
    outer loop
      vertex 9.12507 -10.3719 10
      vertex 9.26867 -9.93 12.5
      vertex 9.26867 -9.93 10
    endloop
  endfacet
  facet normal -0.951045 0.309052 0
    outer loop
      vertex 9.26867 -9.93 12.5
      vertex 9.12507 -10.3719 10
      vertex 9.12507 -10.3719 12.5
    endloop
  endfacet
endsolid OpenSCAD_Model
