solid OpenSCAD_Model
  facet normal 0 0 1
    outer loop
      vertex 6.95512 31.0795 5
      vertex 13 35 5
      vertex 7.0161 31.1851 5
    endloop
  endfacet
  facet normal 0 0 1
    outer loop
      vertex 19.6617 11.4863 5
      vertex 7.3766 7.88117 5
      vertex 7.41667 7.5 5
    endloop
  endfacet
  facet normal 0 0 1
    outer loop
      vertex 13 35 5
      vertex 6.95512 31.0795 5
      vertex 22 33 5
    endloop
  endfacet
  facet normal 0 0 1
    outer loop
      vertex 19.6617 11.4863 5
      vertex 7.36386 8.00245 5
      vertex 7.3766 7.88117 5
    endloop
  endfacet
  facet normal 0 0 1
    outer loop
      vertex 6.87352 30.9889 5
      vertex 22 33 5
      vertex 6.95512 31.0795 5
    endloop
  endfacet
  facet normal 0 0 1
    outer loop
      vertex 19.6617 11.4863 5
      vertex 7.24542 8.36697 5
      vertex 7.36386 8.00245 5
    endloop
  endfacet
  facet normal 0 0 1
    outer loop
      vertex 22 33 5
      vertex 6.87352 30.9889 5
      vertex 20.382 11.9021 5
    endloop
  endfacet
  facet normal 0 0 1
    outer loop
      vertex 19.6617 11.4863 5
      vertex 7.20773 8.48295 5
      vertex 7.24542 8.36697 5
    endloop
  endfacet
  facet normal -0 0 1
    outer loop
      vertex 6.61707 30.7041 5
      vertex 20.382 11.9021 5
      vertex 6.87352 30.9889 5
    endloop
  endfacet
  facet normal 0 0 1
    outer loop
      vertex 19.6617 11.4863 5
      vertex 7.0161 8.81487 5
      vertex 7.20773 8.48295 5
    endloop
  endfacet
  facet normal 0 0 1
    outer loop
      vertex 20.382 11.9021 5
      vertex 6.61707 30.7041 5
      vertex 20 11.732 5
    endloop
  endfacet
  facet normal 0 0 1
    outer loop
      vertex 19.6617 11.4863 5
      vertex 6.95512 8.92048 5
      vertex 7.0161 8.81487 5
    endloop
  endfacet
  facet normal -0 0 1
    outer loop
      vertex 6.51841 30.6324 5
      vertex 20 11.732 5
      vertex 6.61707 30.7041 5
    endloop
  endfacet
  facet normal 0 0 1
    outer loop
      vertex 19.6617 11.4863 5
      vertex 6.87352 9.01111 5
      vertex 6.95512 8.92048 5
    endloop
  endfacet
  facet normal -0 0 1
    outer loop
      vertex 6.20833 30.4071 5
      vertex 20 11.732 5
      vertex 6.51841 30.6324 5
    endloop
  endfacet
  facet normal 0 0 1
    outer loop
      vertex 19.6617 11.4863 5
      vertex 6.61707 9.29593 5
      vertex 6.87352 9.01111 5
    endloop
  endfacet
  facet normal 0 0 1
    outer loop
      vertex 20 11.732 5
      vertex 6.20833 30.4071 5
      vertex 19.6617 11.4863 5
    endloop
  endfacet
  facet normal 0 0 1
    outer loop
      vertex 19.6617 11.4863 5
      vertex 6.51841 9.36761 5
      vertex 6.61707 9.29593 5
    endloop
  endfacet
  facet normal 0 0 1
    outer loop
      vertex 6.20833 9.59289 5
      vertex 19.6617 11.4863 5
      vertex 6.20833 30.4071 5
    endloop
  endfacet
  facet normal 0 0 1
    outer loop
      vertex 19.6617 11.4863 5
      vertex 6.20833 9.59289 5
      vertex 6.51841 9.36761 5
    endloop
  endfacet
  facet normal -0 0 1
    outer loop
      vertex 5.8582 30.2512 5
      vertex 6.20833 9.59289 5
      vertex 6.20833 30.4071 5
    endloop
  endfacet
  facet normal 0 0 1
    outer loop
      vertex 5.8582 30.2512 5
      vertex 5.8582 9.74879 5
      vertex 6.20833 9.59289 5
    endloop
  endfacet
  facet normal -0 0 1
    outer loop
      vertex 5.74679 30.2016 5
      vertex 5.8582 9.74879 5
      vertex 5.8582 30.2512 5
    endloop
  endfacet
  facet normal 0 0 1
    outer loop
      vertex 5.74679 30.2016 5
      vertex 5.74679 9.79839 5
      vertex 5.8582 9.74879 5
    endloop
  endfacet
  facet normal -0 0 1
    outer loop
      vertex 5.37189 30.1219 5
      vertex 5.74679 9.79839 5
      vertex 5.74679 30.2016 5
    endloop
  endfacet
  facet normal 0 0 1
    outer loop
      vertex 5.37189 30.1219 5
      vertex 5.37189 9.87807 5
      vertex 5.74679 9.79839 5
    endloop
  endfacet
  facet normal -0 0 1
    outer loop
      vertex 5.25261 30.0966 5
      vertex 5.37189 9.87807 5
      vertex 5.37189 30.1219 5
    endloop
  endfacet
  facet normal 0 0 1
    outer loop
      vertex 5.25261 30.0966 5
      vertex 5.25261 9.90343 5
      vertex 5.37189 9.87807 5
    endloop
  endfacet
  facet normal -0 0 1
    outer loop
      vertex 4.74739 30.0966 5
      vertex 5.25261 9.90343 5
      vertex 5.25261 30.0966 5
    endloop
  endfacet
  facet normal 0 0 1
    outer loop
      vertex 4.74739 30.0966 5
      vertex 4.74739 9.90343 5
      vertex 5.25261 9.90343 5
    endloop
  endfacet
  facet normal 0 0 1
    outer loop
      vertex 4.6281 30.1219 5
      vertex 4.74739 9.90343 5
      vertex 4.74739 30.0966 5
    endloop
  endfacet
  facet normal 0 0 1
    outer loop
      vertex 4.6281 30.1219 5
      vertex 4.6281 9.87807 5
      vertex 4.74739 9.90343 5
    endloop
  endfacet
  facet normal 0 0 1
    outer loop
      vertex 4.25321 30.2016 5
      vertex 4.6281 9.87807 5
      vertex 4.6281 30.1219 5
    endloop
  endfacet
  facet normal 0 0 1
    outer loop
      vertex 4.25321 30.2016 5
      vertex 4.25321 9.79839 5
      vertex 4.6281 9.87807 5
    endloop
  endfacet
  facet normal 0 0 1
    outer loop
      vertex 4.1418 30.2512 5
      vertex 4.25321 9.79839 5
      vertex 4.25321 30.2016 5
    endloop
  endfacet
  facet normal 0 0 1
    outer loop
      vertex 4.1418 30.2512 5
      vertex 4.1418 9.74879 5
      vertex 4.25321 9.79839 5
    endloop
  endfacet
  facet normal 0 0 1
    outer loop
      vertex 3.79167 30.4071 5
      vertex 4.1418 9.74879 5
      vertex 4.1418 30.2512 5
    endloop
  endfacet
  facet normal 0 0 1
    outer loop
      vertex 3.79167 30.4071 5
      vertex 3.79167 9.59289 5
      vertex 4.1418 9.74879 5
    endloop
  endfacet
  facet normal 0 0 1
    outer loop
      vertex 3.48159 30.6324 5
      vertex 3.79167 9.59289 5
      vertex 3.79167 30.4071 5
    endloop
  endfacet
  facet normal 0 0 1
    outer loop
      vertex 3.48159 30.6324 5
      vertex 3.48159 9.36761 5
      vertex 3.79167 9.59289 5
    endloop
  endfacet
  facet normal 0 0 1
    outer loop
      vertex 3.38293 30.7041 5
      vertex 3.48159 9.36761 5
      vertex 3.48159 30.6324 5
    endloop
  endfacet
  facet normal 0 0 1
    outer loop
      vertex 3.38293 30.7041 5
      vertex 3.38293 9.29593 5
      vertex 3.48159 9.36761 5
    endloop
  endfacet
  facet normal 0 0 1
    outer loop
      vertex 3.12648 30.9889 5
      vertex 3.38293 9.29593 5
      vertex 3.38293 30.7041 5
    endloop
  endfacet
  facet normal 0 0 1
    outer loop
      vertex 3.12648 30.9889 5
      vertex 3.12648 9.01111 5
      vertex 3.38293 9.29593 5
    endloop
  endfacet
  facet normal 0 0 1
    outer loop
      vertex 3.04488 31.0795 5
      vertex 3.12648 9.01111 5
      vertex 3.12648 30.9889 5
    endloop
  endfacet
  facet normal 0 0 1
    outer loop
      vertex 3.04488 31.0795 5
      vertex 3.04488 8.92048 5
      vertex 3.12648 9.01111 5
    endloop
  endfacet
  facet normal 0 0 1
    outer loop
      vertex 2.9839 31.1851 5
      vertex 3.04488 8.92048 5
      vertex 3.04488 31.0795 5
    endloop
  endfacet
  facet normal 0 0 1
    outer loop
      vertex 2.9839 31.1851 5
      vertex 2.9839 8.81487 5
      vertex 3.04488 8.92048 5
    endloop
  endfacet
  facet normal 0 0 1
    outer loop
      vertex 2.79226 31.5171 5
      vertex 2.9839 8.81487 5
      vertex 2.9839 31.1851 5
    endloop
  endfacet
  facet normal 0 0 1
    outer loop
      vertex 2.79226 31.5171 5
      vertex 2.79226 8.48295 5
      vertex 2.9839 8.81487 5
    endloop
  endfacet
  facet normal 0 0 1
    outer loop
      vertex 2.75458 31.633 5
      vertex 2.79226 8.48295 5
      vertex 2.79226 31.5171 5
    endloop
  endfacet
  facet normal 0 0 1
    outer loop
      vertex 2.75458 31.633 5
      vertex 2.75458 8.36697 5
      vertex 2.79226 8.48295 5
    endloop
  endfacet
  facet normal 0 0 1
    outer loop
      vertex 2.63614 31.9975 5
      vertex 2.75458 8.36697 5
      vertex 2.75458 31.633 5
    endloop
  endfacet
  facet normal 0 0 1
    outer loop
      vertex 2.63614 31.9975 5
      vertex 2.63614 8.00245 5
      vertex 2.75458 8.36697 5
    endloop
  endfacet
  facet normal 0 0 1
    outer loop
      vertex 0 40 5
      vertex 2.63614 31.9975 5
      vertex 2.59608 32.3787 5
    endloop
  endfacet
  facet normal 0 0 1
    outer loop
      vertex 2.63614 31.9975 5
      vertex 0 40 5
      vertex 2.63614 8.00245 5
    endloop
  endfacet
  facet normal 0 0 1
    outer loop
      vertex 0 40 5
      vertex 2.59608 32.3787 5
      vertex 2.58333 32.5 5
    endloop
  endfacet
  facet normal 0 0 1
    outer loop
      vertex 0 0 5
      vertex 2.63614 8.00245 5
      vertex 0 40 5
    endloop
  endfacet
  facet normal 0 0 1
    outer loop
      vertex 6.61707 34.2959 5
      vertex 13 35 5
      vertex 13 40 5
    endloop
  endfacet
  facet normal 0 0 1
    outer loop
      vertex 13 35 5
      vertex 7.3766 32.8812 5
      vertex 7.41667 32.5 5
    endloop
  endfacet
  facet normal 0 0 1
    outer loop
      vertex 13 35 5
      vertex 7.36386 33.0025 5
      vertex 7.3766 32.8812 5
    endloop
  endfacet
  facet normal 0 0 1
    outer loop
      vertex 13 35 5
      vertex 7.24542 33.367 5
      vertex 7.36386 33.0025 5
    endloop
  endfacet
  facet normal 0 0 1
    outer loop
      vertex 13 35 5
      vertex 7.20773 33.4829 5
      vertex 7.24542 33.367 5
    endloop
  endfacet
  facet normal 0 0 1
    outer loop
      vertex 13 35 5
      vertex 7.0161 33.8149 5
      vertex 7.20773 33.4829 5
    endloop
  endfacet
  facet normal 0 0 1
    outer loop
      vertex 13 35 5
      vertex 6.95512 33.9205 5
      vertex 7.0161 33.8149 5
    endloop
  endfacet
  facet normal 0 0 1
    outer loop
      vertex 13 35 5
      vertex 6.87352 34.0111 5
      vertex 6.95512 33.9205 5
    endloop
  endfacet
  facet normal 0 0 1
    outer loop
      vertex 13 35 5
      vertex 6.61707 34.2959 5
      vertex 6.87352 34.0111 5
    endloop
  endfacet
  facet normal 0 0 1
    outer loop
      vertex 13 40 5
      vertex 6.51841 34.3676 5
      vertex 6.61707 34.2959 5
    endloop
  endfacet
  facet normal 0 0 1
    outer loop
      vertex 13 40 5
      vertex 6.20833 34.5929 5
      vertex 6.51841 34.3676 5
    endloop
  endfacet
  facet normal 0 0 1
    outer loop
      vertex 13 40 5
      vertex 5.8582 34.7488 5
      vertex 6.20833 34.5929 5
    endloop
  endfacet
  facet normal 0 0 1
    outer loop
      vertex 13 40 5
      vertex 5.74679 34.7984 5
      vertex 5.8582 34.7488 5
    endloop
  endfacet
  facet normal 0 0 1
    outer loop
      vertex 13 40 5
      vertex 5.37189 34.8781 5
      vertex 5.74679 34.7984 5
    endloop
  endfacet
  facet normal 0 0 1
    outer loop
      vertex 13 40 5
      vertex 5.25261 34.9034 5
      vertex 5.37189 34.8781 5
    endloop
  endfacet
  facet normal -0 0 1
    outer loop
      vertex 0 40 5
      vertex 5.25261 34.9034 5
      vertex 13 40 5
    endloop
  endfacet
  facet normal 0 0 1
    outer loop
      vertex 5.25261 34.9034 5
      vertex 0 40 5
      vertex 4.74739 34.9034 5
    endloop
  endfacet
  facet normal 0 0 1
    outer loop
      vertex 4.74739 34.9034 5
      vertex 0 40 5
      vertex 4.6281 34.8781 5
    endloop
  endfacet
  facet normal 0 0 1
    outer loop
      vertex 4.6281 34.8781 5
      vertex 0 40 5
      vertex 4.25321 34.7984 5
    endloop
  endfacet
  facet normal 0 0 1
    outer loop
      vertex 4.25321 34.7984 5
      vertex 0 40 5
      vertex 4.1418 34.7488 5
    endloop
  endfacet
  facet normal 0 0 1
    outer loop
      vertex 0 40 5
      vertex 2.75458 33.367 5
      vertex 2.79226 33.4829 5
    endloop
  endfacet
  facet normal 0 0 1
    outer loop
      vertex 0 40 5
      vertex 2.59608 32.6213 5
      vertex 2.63614 33.0025 5
    endloop
  endfacet
  facet normal 0 0 1
    outer loop
      vertex 2.63614 8.00245 5
      vertex 0 0 5
      vertex 2.59608 7.62128 5
    endloop
  endfacet
  facet normal 0 0 1
    outer loop
      vertex 2.59608 32.6213 5
      vertex 0 40 5
      vertex 2.58333 32.5 5
    endloop
  endfacet
  facet normal 0 0 1
    outer loop
      vertex 2.75458 33.367 5
      vertex 0 40 5
      vertex 2.63614 33.0025 5
    endloop
  endfacet
  facet normal 0 0 1
    outer loop
      vertex 2.9839 33.8149 5
      vertex 0 40 5
      vertex 2.79226 33.4829 5
    endloop
  endfacet
  facet normal 0 0 1
    outer loop
      vertex 3.04488 33.9205 5
      vertex 0 40 5
      vertex 2.9839 33.8149 5
    endloop
  endfacet
  facet normal 0 0 1
    outer loop
      vertex 3.12648 34.0111 5
      vertex 0 40 5
      vertex 3.04488 33.9205 5
    endloop
  endfacet
  facet normal 0 0 1
    outer loop
      vertex 3.38293 34.2959 5
      vertex 0 40 5
      vertex 3.12648 34.0111 5
    endloop
  endfacet
  facet normal 0 0 1
    outer loop
      vertex 3.48159 34.3676 5
      vertex 0 40 5
      vertex 3.38293 34.2959 5
    endloop
  endfacet
  facet normal 0 0 1
    outer loop
      vertex 3.79167 34.5929 5
      vertex 0 40 5
      vertex 3.48159 34.3676 5
    endloop
  endfacet
  facet normal 0 0 1
    outer loop
      vertex 4.1418 34.7488 5
      vertex 0 40 5
      vertex 3.79167 34.5929 5
    endloop
  endfacet
  facet normal 0 0 1
    outer loop
      vertex 21 8.01096 5
      vertex 20.7909 8.01096 5
      vertex 21 5 5
    endloop
  endfacet
  facet normal -0 0 1
    outer loop
      vertex 13 35 5
      vertex 22 33 5
      vertex 22 35 5
    endloop
  endfacet
  facet normal 0 0 1
    outer loop
      vertex 22 33 5
      vertex 21.618 11.9021 5
      vertex 22 11.732 5
    endloop
  endfacet
  facet normal 0 0 1
    outer loop
      vertex 22 33 5
      vertex 21.2091 11.989 5
      vertex 21.618 11.9021 5
    endloop
  endfacet
  facet normal 0 0 1
    outer loop
      vertex 22 33 5
      vertex 20.7909 11.989 5
      vertex 21.2091 11.989 5
    endloop
  endfacet
  facet normal 0 0 1
    outer loop
      vertex 22 33 5
      vertex 20.382 11.9021 5
      vertex 20.7909 11.989 5
    endloop
  endfacet
  facet normal 0 0 1
    outer loop
      vertex 7.36386 31.9975 5
      vertex 13 35 5
      vertex 7.3766 32.1188 5
    endloop
  endfacet
  facet normal 0 0 1
    outer loop
      vertex 7.0161 31.1851 5
      vertex 13 35 5
      vertex 7.20773 31.5171 5
    endloop
  endfacet
  facet normal 0 0 1
    outer loop
      vertex 7.3766 32.1188 5
      vertex 13 35 5
      vertex 7.41667 32.5 5
    endloop
  endfacet
  facet normal 0 0 1
    outer loop
      vertex 7.24542 31.633 5
      vertex 13 35 5
      vertex 7.36386 31.9975 5
    endloop
  endfacet
  facet normal 0 0 1
    outer loop
      vertex 7.20773 31.5171 5
      vertex 13 35 5
      vertex 7.24542 31.633 5
    endloop
  endfacet
  facet normal 0 0 1
    outer loop
      vertex 19.382 11.1756 5
      vertex 7.41667 7.5 5
      vertex 19.1729 10.8135 5
    endloop
  endfacet
  facet normal 0 0 1
    outer loop
      vertex 19.6617 11.4863 5
      vertex 7.41667 7.5 5
      vertex 19.382 11.1756 5
    endloop
  endfacet
  facet normal -0 0 1
    outer loop
      vertex 22 33 5
      vertex 22.5 25 5
      vertex 22.5 33 5
    endloop
  endfacet
  facet normal 0 0 1
    outer loop
      vertex 22.5 25 5
      vertex 22 33 5
      vertex 22 11.732 5
    endloop
  endfacet
  facet normal 0 0 1
    outer loop
      vertex 22.5 25 5
      vertex 22 11.732 5
      vertex 22.3383 11.4863 5
    endloop
  endfacet
  facet normal 0 0 1
    outer loop
      vertex 29 8.01096 5
      vertex 28.7909 8.01096 5
      vertex 29 5 5
    endloop
  endfacet
  facet normal 0 0 1
    outer loop
      vertex 42.9839 31.1851 5
      vertex 27.5 25 5
      vertex 43.0449 31.0795 5
    endloop
  endfacet
  facet normal 0 0 1
    outer loop
      vertex 43.0449 31.0795 5
      vertex 27.5 25 5
      vertex 33 10 5
    endloop
  endfacet
  facet normal 0 0 1
    outer loop
      vertex 33 10 5
      vertex 30.9563 10.4158 5
      vertex 31 10 5
    endloop
  endfacet
  facet normal 0 0 1
    outer loop
      vertex 33 10 5
      vertex 30.8271 10.8135 5
      vertex 30.9563 10.4158 5
    endloop
  endfacet
  facet normal 0 0 1
    outer loop
      vertex 33 10 5
      vertex 30.618 11.1756 5
      vertex 30.8271 10.8135 5
    endloop
  endfacet
  facet normal -0 -0 1
    outer loop
      vertex 30.3383 11.4863 5
      vertex 33 10 5
      vertex 27.5 25 5
    endloop
  endfacet
  facet normal 0 0 1
    outer loop
      vertex 33 10 5
      vertex 30.3383 11.4863 5
      vertex 30.618 11.1756 5
    endloop
  endfacet
  facet normal 0 0 1
    outer loop
      vertex 30.3383 11.4863 5
      vertex 27.5 25 5
      vertex 30 11.732 5
    endloop
  endfacet
  facet normal 0 0 1
    outer loop
      vertex 30 11.732 5
      vertex 27.5 25 5
      vertex 29.618 11.9021 5
    endloop
  endfacet
  facet normal 0 0 1
    outer loop
      vertex 29.618 11.9021 5
      vertex 27.5 25 5
      vertex 29.2091 11.989 5
    endloop
  endfacet
  facet normal 0 0 1
    outer loop
      vertex 29.2091 11.989 5
      vertex 27.5 25 5
      vertex 28.7909 11.989 5
    endloop
  endfacet
  facet normal 0 0 1
    outer loop
      vertex 28 33 5
      vertex 32 35 5
      vertex 28 35 5
    endloop
  endfacet
  facet normal 0 0 1
    outer loop
      vertex 27.5 25 5
      vertex 32 35 5
      vertex 28 33 5
    endloop
  endfacet
  facet normal 0 0 1
    outer loop
      vertex 28.7909 11.989 5
      vertex 27.5 25 5
      vertex 28.382 11.9021 5
    endloop
  endfacet
  facet normal 0 0 1
    outer loop
      vertex 28.382 11.9021 5
      vertex 27.5 25 5
      vertex 28 11.732 5
    endloop
  endfacet
  facet normal 0 0 1
    outer loop
      vertex 27.5 25 5
      vertex 28 33 5
      vertex 27.5 33 5
    endloop
  endfacet
  facet normal -0 0 1
    outer loop
      vertex 22.5 25 5
      vertex 28 11.732 5
      vertex 27.5 25 5
    endloop
  endfacet
  facet normal 0 0 1
    outer loop
      vertex 28 11.732 5
      vertex 22.3383 11.4863 5
      vertex 27.6617 11.4863 5
    endloop
  endfacet
  facet normal 0 0 1
    outer loop
      vertex 27.6617 11.4863 5
      vertex 22.3383 11.4863 5
      vertex 27.382 11.1756 5
    endloop
  endfacet
  facet normal 0 -0 1
    outer loop
      vertex 22.618 11.1756 5
      vertex 27.382 11.1756 5
      vertex 22.3383 11.4863 5
    endloop
  endfacet
  facet normal 0 -0 1
    outer loop
      vertex 25 10 5
      vertex 27.382 11.1756 5
      vertex 22.618 11.1756 5
    endloop
  endfacet
  facet normal 0 0 1
    outer loop
      vertex 27.382 11.1756 5
      vertex 25 10 5
      vertex 27.1729 10.8135 5
    endloop
  endfacet
  facet normal 0 0 1
    outer loop
      vertex 27.0437 10.4158 5
      vertex 25 10 5
      vertex 27 10 5
    endloop
  endfacet
  facet normal 0 0 1
    outer loop
      vertex 25 10 5
      vertex 22.9563 10.4158 5
      vertex 23 10 5
    endloop
  endfacet
  facet normal 0 0 1
    outer loop
      vertex 25 10 5
      vertex 22.8271 10.8135 5
      vertex 22.9563 10.4158 5
    endloop
  endfacet
  facet normal 0 0 1
    outer loop
      vertex 25 10 5
      vertex 22.618 11.1756 5
      vertex 22.8271 10.8135 5
    endloop
  endfacet
  facet normal 0 0 1
    outer loop
      vertex 28 11.732 5
      vertex 22.5 25 5
      vertex 22.3383 11.4863 5
    endloop
  endfacet
  facet normal 0 0 1
    outer loop
      vertex 27.1729 10.8135 5
      vertex 25 10 5
      vertex 27.0437 10.4158 5
    endloop
  endfacet
  facet normal 0 0 1
    outer loop
      vertex 50 40 5
      vertex 47.3639 31.9975 5
      vertex 50 0 5
    endloop
  endfacet
  facet normal 0 0 1
    outer loop
      vertex 50 0 5
      vertex 47.3766 7.88117 5
      vertex 47.4167 7.5 5
    endloop
  endfacet
  facet normal -0 0 1
    outer loop
      vertex 47.3639 8.00245 5
      vertex 50 0 5
      vertex 47.3639 31.9975 5
    endloop
  endfacet
  facet normal 0 0 1
    outer loop
      vertex 50 0 5
      vertex 47.3639 8.00245 5
      vertex 47.3766 7.88117 5
    endloop
  endfacet
  facet normal -0 0 1
    outer loop
      vertex 47.2454 31.633 5
      vertex 47.3639 8.00245 5
      vertex 47.3639 31.9975 5
    endloop
  endfacet
  facet normal 0 0 1
    outer loop
      vertex 47.2454 31.633 5
      vertex 47.2454 8.36697 5
      vertex 47.3639 8.00245 5
    endloop
  endfacet
  facet normal -0 0 1
    outer loop
      vertex 47.2077 31.5171 5
      vertex 47.2454 8.36697 5
      vertex 47.2454 31.633 5
    endloop
  endfacet
  facet normal 0 0 1
    outer loop
      vertex 47.2077 31.5171 5
      vertex 47.2077 8.48295 5
      vertex 47.2454 8.36697 5
    endloop
  endfacet
  facet normal -0 0 1
    outer loop
      vertex 47.0161 31.1851 5
      vertex 47.2077 8.48295 5
      vertex 47.2077 31.5171 5
    endloop
  endfacet
  facet normal 0 0 1
    outer loop
      vertex 47.0161 31.1851 5
      vertex 47.0161 8.81487 5
      vertex 47.2077 8.48295 5
    endloop
  endfacet
  facet normal -0 0 1
    outer loop
      vertex 46.9551 31.0795 5
      vertex 47.0161 8.81487 5
      vertex 47.0161 31.1851 5
    endloop
  endfacet
  facet normal 0 0 1
    outer loop
      vertex 46.9551 31.0795 5
      vertex 46.9551 8.92048 5
      vertex 47.0161 8.81487 5
    endloop
  endfacet
  facet normal -0 0 1
    outer loop
      vertex 46.8735 30.9889 5
      vertex 46.9551 8.92048 5
      vertex 46.9551 31.0795 5
    endloop
  endfacet
  facet normal 0 0 1
    outer loop
      vertex 46.8735 30.9889 5
      vertex 46.8735 9.01111 5
      vertex 46.9551 8.92048 5
    endloop
  endfacet
  facet normal -0 0 1
    outer loop
      vertex 46.6171 30.7041 5
      vertex 46.8735 9.01111 5
      vertex 46.8735 30.9889 5
    endloop
  endfacet
  facet normal 0 0 1
    outer loop
      vertex 46.6171 30.7041 5
      vertex 46.6171 9.29593 5
      vertex 46.8735 9.01111 5
    endloop
  endfacet
  facet normal -0 0 1
    outer loop
      vertex 46.5184 30.6324 5
      vertex 46.6171 9.29593 5
      vertex 46.6171 30.7041 5
    endloop
  endfacet
  facet normal 0 0 1
    outer loop
      vertex 46.5184 30.6324 5
      vertex 46.5184 9.36761 5
      vertex 46.6171 9.29593 5
    endloop
  endfacet
  facet normal -0 0 1
    outer loop
      vertex 46.2083 30.4071 5
      vertex 46.5184 9.36761 5
      vertex 46.5184 30.6324 5
    endloop
  endfacet
  facet normal 0 0 1
    outer loop
      vertex 46.2083 30.4071 5
      vertex 46.2083 9.59289 5
      vertex 46.5184 9.36761 5
    endloop
  endfacet
  facet normal -0 0 1
    outer loop
      vertex 45.8582 30.2512 5
      vertex 46.2083 9.59289 5
      vertex 46.2083 30.4071 5
    endloop
  endfacet
  facet normal 0 0 1
    outer loop
      vertex 45.8582 30.2512 5
      vertex 45.8582 9.74879 5
      vertex 46.2083 9.59289 5
    endloop
  endfacet
  facet normal -0 0 1
    outer loop
      vertex 45.7468 30.2016 5
      vertex 45.8582 9.74879 5
      vertex 45.8582 30.2512 5
    endloop
  endfacet
  facet normal 0 0 1
    outer loop
      vertex 45.7468 30.2016 5
      vertex 45.7468 9.79839 5
      vertex 45.8582 9.74879 5
    endloop
  endfacet
  facet normal -0 0 1
    outer loop
      vertex 45.3719 30.1219 5
      vertex 45.7468 9.79839 5
      vertex 45.7468 30.2016 5
    endloop
  endfacet
  facet normal 0 0 1
    outer loop
      vertex 45.3719 30.1219 5
      vertex 45.3719 9.87807 5
      vertex 45.7468 9.79839 5
    endloop
  endfacet
  facet normal -0 0 1
    outer loop
      vertex 45.2526 30.0966 5
      vertex 45.3719 9.87807 5
      vertex 45.3719 30.1219 5
    endloop
  endfacet
  facet normal 0 0 1
    outer loop
      vertex 45.2526 30.0966 5
      vertex 45.2526 9.90343 5
      vertex 45.3719 9.87807 5
    endloop
  endfacet
  facet normal -0 0 1
    outer loop
      vertex 44.7474 30.0966 5
      vertex 45.2526 9.90343 5
      vertex 45.2526 30.0966 5
    endloop
  endfacet
  facet normal 0 0 1
    outer loop
      vertex 44.7474 30.0966 5
      vertex 44.7474 9.90343 5
      vertex 45.2526 9.90343 5
    endloop
  endfacet
  facet normal 0 0 1
    outer loop
      vertex 44.6281 30.1219 5
      vertex 44.7474 9.90343 5
      vertex 44.7474 30.0966 5
    endloop
  endfacet
  facet normal 0 0 1
    outer loop
      vertex 44.6281 30.1219 5
      vertex 44.6281 9.87807 5
      vertex 44.7474 9.90343 5
    endloop
  endfacet
  facet normal 0 0 1
    outer loop
      vertex 44.2532 30.2016 5
      vertex 44.6281 9.87807 5
      vertex 44.6281 30.1219 5
    endloop
  endfacet
  facet normal 0 0 1
    outer loop
      vertex 44.2532 30.2016 5
      vertex 44.2532 9.79839 5
      vertex 44.6281 9.87807 5
    endloop
  endfacet
  facet normal 0 0 1
    outer loop
      vertex 44.1418 30.2512 5
      vertex 44.2532 9.79839 5
      vertex 44.2532 30.2016 5
    endloop
  endfacet
  facet normal 0 0 1
    outer loop
      vertex 44.1418 30.2512 5
      vertex 44.1418 9.74879 5
      vertex 44.2532 9.79839 5
    endloop
  endfacet
  facet normal 0 0 1
    outer loop
      vertex 43.7917 30.4071 5
      vertex 44.1418 9.74879 5
      vertex 44.1418 30.2512 5
    endloop
  endfacet
  facet normal 0 0 1
    outer loop
      vertex 43.7917 30.4071 5
      vertex 43.7917 9.59289 5
      vertex 44.1418 9.74879 5
    endloop
  endfacet
  facet normal 0 0 1
    outer loop
      vertex 33 10 5
      vertex 43.7917 30.4071 5
      vertex 43.4816 30.6324 5
    endloop
  endfacet
  facet normal 0 0 1
    outer loop
      vertex 43.7917 30.4071 5
      vertex 33 10 5
      vertex 43.7917 9.59289 5
    endloop
  endfacet
  facet normal 0 0 1
    outer loop
      vertex 33 10 5
      vertex 43.4816 30.6324 5
      vertex 43.3829 30.7041 5
    endloop
  endfacet
  facet normal 0 0 1
    outer loop
      vertex 43.7917 9.59289 5
      vertex 33 10 5
      vertex 43.4816 9.36761 5
    endloop
  endfacet
  facet normal 0 0 1
    outer loop
      vertex 33 10 5
      vertex 43.3829 30.7041 5
      vertex 43.1265 30.9889 5
    endloop
  endfacet
  facet normal 0 0 1
    outer loop
      vertex 43.4816 9.36761 5
      vertex 33 10 5
      vertex 43.3829 9.29593 5
    endloop
  endfacet
  facet normal 0 0 1
    outer loop
      vertex 33 10 5
      vertex 43.1265 30.9889 5
      vertex 43.0449 31.0795 5
    endloop
  endfacet
  facet normal 0 0 1
    outer loop
      vertex 43.3829 9.29593 5
      vertex 33 10 5
      vertex 43.1265 9.01111 5
    endloop
  endfacet
  facet normal 0 0 1
    outer loop
      vertex 42.7923 31.5171 5
      vertex 27.5 25 5
      vertex 42.9839 31.1851 5
    endloop
  endfacet
  facet normal 0 0 1
    outer loop
      vertex 43.1265 9.01111 5
      vertex 33 10 5
      vertex 43.0449 8.92048 5
    endloop
  endfacet
  facet normal 0 0 1
    outer loop
      vertex 27.5 25 5
      vertex 42.7923 31.5171 5
      vertex 32 35 5
    endloop
  endfacet
  facet normal 0 0 1
    outer loop
      vertex 43.0449 8.92048 5
      vertex 33 10 5
      vertex 42.9839 8.81487 5
    endloop
  endfacet
  facet normal 0 0 1
    outer loop
      vertex 32 35 5
      vertex 42.7923 31.5171 5
      vertex 42.7546 31.633 5
    endloop
  endfacet
  facet normal 0 0 1
    outer loop
      vertex 42.9839 8.81487 5
      vertex 33 10 5
      vertex 42.7923 8.48295 5
    endloop
  endfacet
  facet normal 0 0 1
    outer loop
      vertex 32 35 5
      vertex 42.7546 31.633 5
      vertex 42.6361 31.9975 5
    endloop
  endfacet
  facet normal 0 0 1
    outer loop
      vertex 42.7923 8.48295 5
      vertex 33 10 5
      vertex 42.7546 8.36697 5
    endloop
  endfacet
  facet normal 0 0 1
    outer loop
      vertex 42.5833 32.5 5
      vertex 32 35 5
      vertex 42.5961 32.3787 5
    endloop
  endfacet
  facet normal 0 0 1
    outer loop
      vertex 42.7546 8.36697 5
      vertex 33 10 5
      vertex 42.6361 8.00245 5
    endloop
  endfacet
  facet normal -0 0 1
    outer loop
      vertex 32 35 5
      vertex 42.5833 32.5 5
      vertex 42 35 5
    endloop
  endfacet
  facet normal 0 0 1
    outer loop
      vertex 42.6361 8.00245 5
      vertex 33 10 5
      vertex 42.5961 7.62128 5
    endloop
  endfacet
  facet normal 0 0 1
    outer loop
      vertex 47.3766 32.1188 5
      vertex 50 40 5
      vertex 47.4167 32.5 5
    endloop
  endfacet
  facet normal 0 0 1
    outer loop
      vertex 50 40 5
      vertex 47.3766 32.8812 5
      vertex 47.4167 32.5 5
    endloop
  endfacet
  facet normal 0 0 1
    outer loop
      vertex 50 40 5
      vertex 47.3639 33.0025 5
      vertex 47.3766 32.8812 5
    endloop
  endfacet
  facet normal 0 0 1
    outer loop
      vertex 50 40 5
      vertex 47.2454 33.367 5
      vertex 47.3639 33.0025 5
    endloop
  endfacet
  facet normal 0 0 1
    outer loop
      vertex 50 40 5
      vertex 47.2077 33.4829 5
      vertex 47.2454 33.367 5
    endloop
  endfacet
  facet normal 0 0 1
    outer loop
      vertex 50 40 5
      vertex 47.0161 33.8149 5
      vertex 47.2077 33.4829 5
    endloop
  endfacet
  facet normal 0 0 1
    outer loop
      vertex 50 40 5
      vertex 46.9551 33.9205 5
      vertex 47.0161 33.8149 5
    endloop
  endfacet
  facet normal 0 0 1
    outer loop
      vertex 50 40 5
      vertex 46.8735 34.0111 5
      vertex 46.9551 33.9205 5
    endloop
  endfacet
  facet normal 0 0 1
    outer loop
      vertex 50 40 5
      vertex 46.6171 34.2959 5
      vertex 46.8735 34.0111 5
    endloop
  endfacet
  facet normal 0 0 1
    outer loop
      vertex 50 40 5
      vertex 46.5184 34.3676 5
      vertex 46.6171 34.2959 5
    endloop
  endfacet
  facet normal 0 0 1
    outer loop
      vertex 50 40 5
      vertex 46.2083 34.5929 5
      vertex 46.5184 34.3676 5
    endloop
  endfacet
  facet normal 0 0 1
    outer loop
      vertex 50 40 5
      vertex 45.8582 34.7488 5
      vertex 46.2083 34.5929 5
    endloop
  endfacet
  facet normal 0 0 1
    outer loop
      vertex 50 40 5
      vertex 45.7468 34.7984 5
      vertex 45.8582 34.7488 5
    endloop
  endfacet
  facet normal 0 0 1
    outer loop
      vertex 50 40 5
      vertex 45.3719 34.8781 5
      vertex 45.7468 34.7984 5
    endloop
  endfacet
  facet normal 0 0 1
    outer loop
      vertex 50 40 5
      vertex 45.2526 34.9034 5
      vertex 45.3719 34.8781 5
    endloop
  endfacet
  facet normal 0 0 1
    outer loop
      vertex 50 40 5
      vertex 44.7474 34.9034 5
      vertex 45.2526 34.9034 5
    endloop
  endfacet
  facet normal -0 0 1
    outer loop
      vertex 38.6667 40 5
      vertex 44.7474 34.9034 5
      vertex 50 40 5
    endloop
  endfacet
  facet normal 0 0 1
    outer loop
      vertex 44.7474 34.9034 5
      vertex 38.6667 40 5
      vertex 44.6281 34.8781 5
    endloop
  endfacet
  facet normal -0 -0 1
    outer loop
      vertex 42 35 5
      vertex 44.6281 34.8781 5
      vertex 38.6667 40 5
    endloop
  endfacet
  facet normal 0 0 1
    outer loop
      vertex 44.6281 34.8781 5
      vertex 42 35 5
      vertex 44.2532 34.7984 5
    endloop
  endfacet
  facet normal 0 0 1
    outer loop
      vertex 44.2532 34.7984 5
      vertex 42 35 5
      vertex 44.1418 34.7488 5
    endloop
  endfacet
  facet normal 0 0 1
    outer loop
      vertex 43.7917 34.5929 5
      vertex 42 35 5
      vertex 43.4816 34.3676 5
    endloop
  endfacet
  facet normal 0 0 1
    outer loop
      vertex 42 35 5
      vertex 42.9839 33.8149 5
      vertex 43.0449 33.9205 5
    endloop
  endfacet
  facet normal 0 0 1
    outer loop
      vertex 42 35 5
      vertex 42.7546 33.367 5
      vertex 42.7923 33.4829 5
    endloop
  endfacet
  facet normal 0 0 1
    outer loop
      vertex 42 35 5
      vertex 42.5961 32.6213 5
      vertex 42.6361 33.0025 5
    endloop
  endfacet
  facet normal 0 0 1
    outer loop
      vertex 42.5961 32.3787 5
      vertex 32 35 5
      vertex 42.6361 31.9975 5
    endloop
  endfacet
  facet normal 0 0 1
    outer loop
      vertex 42.5961 32.6213 5
      vertex 42 35 5
      vertex 42.5833 32.5 5
    endloop
  endfacet
  facet normal 0 0 1
    outer loop
      vertex 42.7546 33.367 5
      vertex 42 35 5
      vertex 42.6361 33.0025 5
    endloop
  endfacet
  facet normal 0 0 1
    outer loop
      vertex 42.9839 33.8149 5
      vertex 42 35 5
      vertex 42.7923 33.4829 5
    endloop
  endfacet
  facet normal 0 0 1
    outer loop
      vertex 43.1265 34.0111 5
      vertex 42 35 5
      vertex 43.0449 33.9205 5
    endloop
  endfacet
  facet normal 0 0 1
    outer loop
      vertex 43.3829 34.2959 5
      vertex 42 35 5
      vertex 43.1265 34.0111 5
    endloop
  endfacet
  facet normal 0 0 1
    outer loop
      vertex 43.4816 34.3676 5
      vertex 42 35 5
      vertex 43.3829 34.2959 5
    endloop
  endfacet
  facet normal 0 0 1
    outer loop
      vertex 44.1418 34.7488 5
      vertex 42 35 5
      vertex 43.7917 34.5929 5
    endloop
  endfacet
  facet normal 0 0 1
    outer loop
      vertex 47.3639 31.9975 5
      vertex 50 40 5
      vertex 47.3766 32.1188 5
    endloop
  endfacet
  facet normal -0 0 1
    outer loop
      vertex 47.3766 7.11883 5
      vertex 50 0 5
      vertex 47.4167 7.5 5
    endloop
  endfacet
  facet normal -0 0 1
    outer loop
      vertex 47.3639 6.99755 5
      vertex 50 0 5
      vertex 47.3766 7.11883 5
    endloop
  endfacet
  facet normal -0 0 1
    outer loop
      vertex 47.2454 6.63303 5
      vertex 50 0 5
      vertex 47.3639 6.99755 5
    endloop
  endfacet
  facet normal -0 0 1
    outer loop
      vertex 47.2077 6.51705 5
      vertex 50 0 5
      vertex 47.2454 6.63303 5
    endloop
  endfacet
  facet normal -0 0 1
    outer loop
      vertex 47.0161 6.18513 5
      vertex 50 0 5
      vertex 47.2077 6.51705 5
    endloop
  endfacet
  facet normal -0 0 1
    outer loop
      vertex 46.9551 6.07952 5
      vertex 50 0 5
      vertex 47.0161 6.18513 5
    endloop
  endfacet
  facet normal -0 0 1
    outer loop
      vertex 46.8735 5.98889 5
      vertex 50 0 5
      vertex 46.9551 6.07952 5
    endloop
  endfacet
  facet normal -0 0 1
    outer loop
      vertex 46.6171 5.70407 5
      vertex 50 0 5
      vertex 46.8735 5.98889 5
    endloop
  endfacet
  facet normal -0 0 1
    outer loop
      vertex 46.5184 5.63239 5
      vertex 50 0 5
      vertex 46.6171 5.70407 5
    endloop
  endfacet
  facet normal -0 0 1
    outer loop
      vertex 46.2083 5.4071 5
      vertex 50 0 5
      vertex 46.5184 5.63239 5
    endloop
  endfacet
  facet normal -0 0 1
    outer loop
      vertex 45.8582 5.25121 5
      vertex 50 0 5
      vertex 46.2083 5.4071 5
    endloop
  endfacet
  facet normal -0 0 1
    outer loop
      vertex 45.7468 5.20161 5
      vertex 50 0 5
      vertex 45.8582 5.25121 5
    endloop
  endfacet
  facet normal -0 0 1
    outer loop
      vertex 45.3719 5.12193 5
      vertex 50 0 5
      vertex 45.7468 5.20161 5
    endloop
  endfacet
  facet normal -0 0 1
    outer loop
      vertex 45.2526 5.09657 5
      vertex 50 0 5
      vertex 45.3719 5.12193 5
    endloop
  endfacet
  facet normal -0 0 1
    outer loop
      vertex 44.7474 5.09657 5
      vertex 50 0 5
      vertex 45.2526 5.09657 5
    endloop
  endfacet
  facet normal 0 0 1
    outer loop
      vertex 44.6281 5.12193 5
      vertex 50 0 5
      vertex 44.7474 5.09657 5
    endloop
  endfacet
  facet normal 0 0 1
    outer loop
      vertex 44.2532 5.20161 5
      vertex 50 0 5
      vertex 44.6281 5.12193 5
    endloop
  endfacet
  facet normal 0 0 1
    outer loop
      vertex 44.1418 5.25121 5
      vertex 50 0 5
      vertex 44.2532 5.20161 5
    endloop
  endfacet
  facet normal 0 0 1
    outer loop
      vertex 33 5 5
      vertex 44.1418 5.25121 5
      vertex 43.7917 5.4071 5
    endloop
  endfacet
  facet normal 0 0 1
    outer loop
      vertex 33 5 5
      vertex 43.7917 5.4071 5
      vertex 43.4816 5.63239 5
    endloop
  endfacet
  facet normal 0 0 1
    outer loop
      vertex 33 5 5
      vertex 43.4816 5.63239 5
      vertex 43.3829 5.70407 5
    endloop
  endfacet
  facet normal 0 0 1
    outer loop
      vertex 33 5 5
      vertex 42.9839 6.18513 5
      vertex 42.7923 6.51705 5
    endloop
  endfacet
  facet normal 0 0 1
    outer loop
      vertex 33 5 5
      vertex 42.7546 6.63303 5
      vertex 42.6361 6.99755 5
    endloop
  endfacet
  facet normal 0 0 1
    outer loop
      vertex 33 5 5
      vertex 42.5961 7.37872 5
      vertex 42.5833 7.5 5
    endloop
  endfacet
  facet normal 0 0 1
    outer loop
      vertex 42.5961 7.62128 5
      vertex 33 10 5
      vertex 42.5833 7.5 5
    endloop
  endfacet
  facet normal 0 0 1
    outer loop
      vertex 33 5 5
      vertex 42.5833 7.5 5
      vertex 33 10 5
    endloop
  endfacet
  facet normal 0 0 1
    outer loop
      vertex 42.5961 7.37872 5
      vertex 33 5 5
      vertex 42.6361 6.99755 5
    endloop
  endfacet
  facet normal 0 0 1
    outer loop
      vertex 42.7546 6.63303 5
      vertex 33 5 5
      vertex 42.7923 6.51705 5
    endloop
  endfacet
  facet normal 0 0 1
    outer loop
      vertex 42.9839 6.18513 5
      vertex 33 5 5
      vertex 43.0449 6.07952 5
    endloop
  endfacet
  facet normal 0 0 1
    outer loop
      vertex 43.0449 6.07952 5
      vertex 33 5 5
      vertex 43.1265 5.98889 5
    endloop
  endfacet
  facet normal 0 0 1
    outer loop
      vertex 43.1265 5.98889 5
      vertex 33 5 5
      vertex 43.3829 5.70407 5
    endloop
  endfacet
  facet normal 0 0 1
    outer loop
      vertex 44.1418 5.25121 5
      vertex 33 5 5
      vertex 50 0 5
    endloop
  endfacet
  facet normal -0 0 1
    outer loop
      vertex 29 5 5
      vertex 50 0 5
      vertex 33 5 5
    endloop
  endfacet
  facet normal 0 0 1
    outer loop
      vertex 28.382 8.09789 5
      vertex 29 5 5
      vertex 28.7909 8.01096 5
    endloop
  endfacet
  facet normal 0 0 1
    outer loop
      vertex 28 8.26795 5
      vertex 29 5 5
      vertex 28.382 8.09789 5
    endloop
  endfacet
  facet normal 0 0 1
    outer loop
      vertex 25 5 5
      vertex 28 8.26795 5
      vertex 27.6617 8.51371 5
    endloop
  endfacet
  facet normal 0 0 1
    outer loop
      vertex 25 5 5
      vertex 27.6617 8.51371 5
      vertex 27.382 8.82443 5
    endloop
  endfacet
  facet normal 0 0 1
    outer loop
      vertex 25 10 5
      vertex 27.382 8.82443 5
      vertex 27.1729 9.18653 5
    endloop
  endfacet
  facet normal -0 0 1
    outer loop
      vertex 25 10 5
      vertex 27.0437 9.58418 5
      vertex 27 10 5
    endloop
  endfacet
  facet normal 0 0 1
    outer loop
      vertex 25 10 5
      vertex 27.1729 9.18653 5
      vertex 27.0437 9.58418 5
    endloop
  endfacet
  facet normal 0 0 1
    outer loop
      vertex 27.382 8.82443 5
      vertex 25 10 5
      vertex 25 5 5
    endloop
  endfacet
  facet normal 0 0 1
    outer loop
      vertex 28 8.26795 5
      vertex 25 5 5
      vertex 29 5 5
    endloop
  endfacet
  facet normal -0 0 1
    outer loop
      vertex 25 5 5
      vertex 50 0 5
      vertex 29 5 5
    endloop
  endfacet
  facet normal 0 0 1
    outer loop
      vertex 0 0 5
      vertex 25 5 5
      vertex 21 5 5
    endloop
  endfacet
  facet normal 0 0 1
    outer loop
      vertex 20.382 8.09789 5
      vertex 21 5 5
      vertex 20.7909 8.01096 5
    endloop
  endfacet
  facet normal 0 0 1
    outer loop
      vertex 20 8.26795 5
      vertex 21 5 5
      vertex 20.382 8.09789 5
    endloop
  endfacet
  facet normal 0 0 1
    outer loop
      vertex 19.6617 8.51371 5
      vertex 21 5 5
      vertex 20 8.26795 5
    endloop
  endfacet
  facet normal 0 0 1
    outer loop
      vertex 19.382 8.82443 5
      vertex 21 5 5
      vertex 19.6617 8.51371 5
    endloop
  endfacet
  facet normal 0 0 1
    outer loop
      vertex 7.36386 6.99755 5
      vertex 19.382 8.82443 5
      vertex 19.1729 9.18653 5
    endloop
  endfacet
  facet normal 0 0 1
    outer loop
      vertex 19.1729 10.8135 5
      vertex 7.41667 7.5 5
      vertex 19.0437 10.4158 5
    endloop
  endfacet
  facet normal 0 0 1
    outer loop
      vertex 19.0437 10.4158 5
      vertex 7.41667 7.5 5
      vertex 19 10 5
    endloop
  endfacet
  facet normal 0 0 1
    outer loop
      vertex 19 10 5
      vertex 7.41667 7.5 5
      vertex 19.0437 9.58418 5
    endloop
  endfacet
  facet normal 0 0 1
    outer loop
      vertex 19.0437 9.58418 5
      vertex 7.41667 7.5 5
      vertex 19.1729 9.18653 5
    endloop
  endfacet
  facet normal 0 0 1
    outer loop
      vertex 7.3766 7.11883 5
      vertex 19.1729 9.18653 5
      vertex 7.41667 7.5 5
    endloop
  endfacet
  facet normal 0 0 1
    outer loop
      vertex 7.36386 6.99755 5
      vertex 19.1729 9.18653 5
      vertex 7.3766 7.11883 5
    endloop
  endfacet
  facet normal 0 0 1
    outer loop
      vertex 19.382 8.82443 5
      vertex 7.36386 6.99755 5
      vertex 7.24542 6.63303 5
    endloop
  endfacet
  facet normal 0 0 1
    outer loop
      vertex 7.20773 6.51705 5
      vertex 19.382 8.82443 5
      vertex 7.24542 6.63303 5
    endloop
  endfacet
  facet normal 0 0 1
    outer loop
      vertex 19.382 8.82443 5
      vertex 7.20773 6.51705 5
      vertex 21 5 5
    endloop
  endfacet
  facet normal -0 0 1
    outer loop
      vertex 7.0161 6.18513 5
      vertex 21 5 5
      vertex 7.20773 6.51705 5
    endloop
  endfacet
  facet normal -0 0 1
    outer loop
      vertex 6.95512 6.07952 5
      vertex 21 5 5
      vertex 7.0161 6.18513 5
    endloop
  endfacet
  facet normal -0 0 1
    outer loop
      vertex 6.87352 5.98889 5
      vertex 21 5 5
      vertex 6.95512 6.07952 5
    endloop
  endfacet
  facet normal -0 0 1
    outer loop
      vertex 6.61707 5.70407 5
      vertex 21 5 5
      vertex 6.87352 5.98889 5
    endloop
  endfacet
  facet normal -0 0 1
    outer loop
      vertex 6.51841 5.63239 5
      vertex 21 5 5
      vertex 6.61707 5.70407 5
    endloop
  endfacet
  facet normal -0 0 1
    outer loop
      vertex 6.20833 5.4071 5
      vertex 21 5 5
      vertex 6.51841 5.63239 5
    endloop
  endfacet
  facet normal 0 0 1
    outer loop
      vertex 0 0 5
      vertex 21 5 5
      vertex 6.20833 5.4071 5
    endloop
  endfacet
  facet normal 0 0 1
    outer loop
      vertex 0 0 5
      vertex 6.20833 5.4071 5
      vertex 5.8582 5.25121 5
    endloop
  endfacet
  facet normal 0 0 1
    outer loop
      vertex 0 0 5
      vertex 5.8582 5.25121 5
      vertex 5.74679 5.20161 5
    endloop
  endfacet
  facet normal 0 0 1
    outer loop
      vertex 0 0 5
      vertex 5.74679 5.20161 5
      vertex 5.37189 5.12193 5
    endloop
  endfacet
  facet normal 0 0 1
    outer loop
      vertex 0 0 5
      vertex 5.37189 5.12193 5
      vertex 5.25261 5.09657 5
    endloop
  endfacet
  facet normal 0 0 1
    outer loop
      vertex 0 0 5
      vertex 5.25261 5.09657 5
      vertex 4.74739 5.09657 5
    endloop
  endfacet
  facet normal 0 0 1
    outer loop
      vertex 0 0 5
      vertex 2.9839 6.18513 5
      vertex 2.79226 6.51705 5
    endloop
  endfacet
  facet normal 0 0 1
    outer loop
      vertex 0 0 5
      vertex 2.59608 7.37872 5
      vertex 2.58333 7.5 5
    endloop
  endfacet
  facet normal 0 0 1
    outer loop
      vertex 25 5 5
      vertex 0 0 5
      vertex 50 0 5
    endloop
  endfacet
  facet normal 0 0 1
    outer loop
      vertex 4.6281 5.12193 5
      vertex 0 0 5
      vertex 4.74739 5.09657 5
    endloop
  endfacet
  facet normal 0 0 1
    outer loop
      vertex 4.25321 5.20161 5
      vertex 0 0 5
      vertex 4.6281 5.12193 5
    endloop
  endfacet
  facet normal 0 0 1
    outer loop
      vertex 4.1418 5.25121 5
      vertex 0 0 5
      vertex 4.25321 5.20161 5
    endloop
  endfacet
  facet normal 0 0 1
    outer loop
      vertex 3.79167 5.4071 5
      vertex 0 0 5
      vertex 4.1418 5.25121 5
    endloop
  endfacet
  facet normal 0 0 1
    outer loop
      vertex 3.48159 5.63239 5
      vertex 0 0 5
      vertex 3.79167 5.4071 5
    endloop
  endfacet
  facet normal 0 0 1
    outer loop
      vertex 3.38293 5.70407 5
      vertex 0 0 5
      vertex 3.48159 5.63239 5
    endloop
  endfacet
  facet normal 0 0 1
    outer loop
      vertex 3.12648 5.98889 5
      vertex 0 0 5
      vertex 3.38293 5.70407 5
    endloop
  endfacet
  facet normal 0 0 1
    outer loop
      vertex 3.04488 6.07952 5
      vertex 0 0 5
      vertex 3.12648 5.98889 5
    endloop
  endfacet
  facet normal 0 0 1
    outer loop
      vertex 2.9839 6.18513 5
      vertex 0 0 5
      vertex 3.04488 6.07952 5
    endloop
  endfacet
  facet normal 0 0 1
    outer loop
      vertex 2.75458 6.63303 5
      vertex 0 0 5
      vertex 2.79226 6.51705 5
    endloop
  endfacet
  facet normal 0 0 1
    outer loop
      vertex 2.63614 6.99755 5
      vertex 0 0 5
      vertex 2.75458 6.63303 5
    endloop
  endfacet
  facet normal 0 0 1
    outer loop
      vertex 2.59608 7.37872 5
      vertex 0 0 5
      vertex 2.63614 6.99755 5
    endloop
  endfacet
  facet normal 0 0 1
    outer loop
      vertex 2.59608 7.62128 5
      vertex 0 0 5
      vertex 2.58333 7.5 5
    endloop
  endfacet
  facet normal 0 0 -1
    outer loop
      vertex 15 40 5
      vertex 13 40 5
      vertex 15 40.7735 5
    endloop
  endfacet
  facet normal 0 0 -1
    outer loop
      vertex 15 40.7735 5
      vertex 13 50 5
      vertex 19.151 40.7735 5
    endloop
  endfacet
  facet normal 0 0 -1
    outer loop
      vertex 13 50 5
      vertex 15 40.7735 5
      vertex 13 40 5
    endloop
  endfacet
  facet normal 0 0 -1
    outer loop
      vertex 35 40.7735 5
      vertex 38.6667 40 5
      vertex 35 40 5
    endloop
  endfacet
  facet normal 0 0 -1
    outer loop
      vertex 35 40.7735 5
      vertex 32 50 5
      vertex 38.6667 40 5
    endloop
  endfacet
  facet normal 0 0 -1
    outer loop
      vertex 32 50 5
      vertex 35 40.7735 5
      vertex 32 40.7735 5
    endloop
  endfacet
  facet normal 0 1 0
    outer loop
      vertex 28 35 30
      vertex 23 35 7
      vertex 22 35 30
    endloop
  endfacet
  facet normal 0 1 0
    outer loop
      vertex 28 35 30
      vertex 27.5 35 6
      vertex 23 35 7
    endloop
  endfacet
  facet normal 0 1 -0
    outer loop
      vertex 28 35 5
      vertex 27.5 35 6
      vertex 28 35 30
    endloop
  endfacet
  facet normal 0 1 0
    outer loop
      vertex 27.5 35 6
      vertex 28 35 5
      vertex 27.5 35 5
    endloop
  endfacet
  facet normal 0 1 0
    outer loop
      vertex 22 35 30
      vertex 23 35 7
      vertex 22 35 7
    endloop
  endfacet
  facet normal 0 1 0
    outer loop
      vertex 23 35 7
      vertex 27.5 35 6
      vertex 23 35 6
    endloop
  endfacet
  facet normal 0 -1 0
    outer loop
      vertex 13 35 5
      vertex 22 35 7
      vertex 13 35 7
    endloop
  endfacet
  facet normal 0 -1 -0
    outer loop
      vertex 22 35 7
      vertex 13 35 5
      vertex 22 35 5
    endloop
  endfacet
  facet normal 0 0 1
    outer loop
      vertex 13 35 7
      vertex 15 41.9282 7
      vertex 13 50 7
    endloop
  endfacet
  facet normal 0 0 1
    outer loop
      vertex 13 50 7
      vertex 15 41.9282 7
      vertex 18.3812 41.9282 7
    endloop
  endfacet
  facet normal 0 0 1
    outer loop
      vertex 22.2302 36.1547 7
      vertex 22 35 7
      vertex 23 35 7
    endloop
  endfacet
  facet normal -0 0 1
    outer loop
      vertex 15 36.1547 7
      vertex 22 35 7
      vertex 22.2302 36.1547 7
    endloop
  endfacet
  facet normal 0 0 1
    outer loop
      vertex 15 36.1547 7
      vertex 13 35 7
      vertex 22 35 7
    endloop
  endfacet
  facet normal 0 0 1
    outer loop
      vertex 15 41.9282 7
      vertex 13 35 7
      vertex 15 36.1547 7
    endloop
  endfacet
  facet normal 0.83205 0.5547 0
    outer loop
      vertex 18.3812 41.9282 7
      vertex 13 50 5
      vertex 13 50 7
    endloop
  endfacet
  facet normal 0.83205 0.5547 6.40771e-16
    outer loop
      vertex 13 50 5
      vertex 18.3812 41.9282 7
      vertex 19.151 40.7735 5
    endloop
  endfacet
  facet normal 0.83205 0.5547 2.7735e-05
    outer loop
      vertex 23 35 7
      vertex 22.6151 35.5774 6
      vertex 22.2302 36.1547 7
    endloop
  endfacet
  facet normal 0.832072 0.554667 0
    outer loop
      vertex 22.6151 35.5774 6
      vertex 23 35 7
      vertex 23 35 6
    endloop
  endfacet
  facet normal -1 0 0
    outer loop
      vertex 13 40 5
      vertex 13 50 7
      vertex 13 50 5
    endloop
  endfacet
  facet normal -1 0 0
    outer loop
      vertex 13 35 7
      vertex 13 40 5
      vertex 13 35 5
    endloop
  endfacet
  facet normal -1 0 0
    outer loop
      vertex 13 40 5
      vertex 13 35 7
      vertex 13 50 7
    endloop
  endfacet
  facet normal 0 -1 0
    outer loop
      vertex 32 35 5
      vertex 42 35 7
      vertex 32 35 7
    endloop
  endfacet
  facet normal 0 -1 -0
    outer loop
      vertex 42 35 7
      vertex 32 35 5
      vertex 42 35 5
    endloop
  endfacet
  facet normal 0 0 1
    outer loop
      vertex 32 50 7
      vertex 35 41.9282 7
      vertex 42 35 7
    endloop
  endfacet
  facet normal 0 0 1
    outer loop
      vertex 35 41.9282 7
      vertex 32 50 7
      vertex 32 41.9282 7
    endloop
  endfacet
  facet normal -0 0 1
    outer loop
      vertex 35 36.1547 7
      vertex 42 35 7
      vertex 35 41.9282 7
    endloop
  endfacet
  facet normal 0 0 1
    outer loop
      vertex 32 35 7
      vertex 35 36.1547 7
      vertex 32 36.1547 7
    endloop
  endfacet
  facet normal 0 0 1
    outer loop
      vertex 35 36.1547 7
      vertex 32 35 7
      vertex 42 35 7
    endloop
  endfacet
  facet normal 0.832049 0.554702 0
    outer loop
      vertex 32 50 7
      vertex 38.6667 40 5
      vertex 32 50 5
    endloop
  endfacet
  facet normal 0.83205 0.5547 1.38675e-05
    outer loop
      vertex 42 35 7
      vertex 38.6667 40 5
      vertex 32 50 7
    endloop
  endfacet
  facet normal 0.832053 0.554696 0
    outer loop
      vertex 38.6667 40 5
      vertex 42 35 7
      vertex 42 35 5
    endloop
  endfacet
  facet normal -1 -0 0
    outer loop
      vertex 32 36.1547 7
      vertex 32 35 5
      vertex 32 35 7
    endloop
  endfacet
  facet normal -1 0 0
    outer loop
      vertex 32 50 5
      vertex 32 41.9282 7
      vertex 32 50 7
    endloop
  endfacet
  facet normal -1 0 -0
    outer loop
      vertex 32 41.9282 7
      vertex 32 50 5
      vertex 32 40.7735 5
    endloop
  endfacet
  facet normal 1 -0 0
    outer loop
      vertex 50 0 5
      vertex 50 40 0
      vertex 50 40 5
    endloop
  endfacet
  facet normal 1 0 0
    outer loop
      vertex 50 40 0
      vertex 50 0 5
      vertex 50 0 0
    endloop
  endfacet
  facet normal 0 0 -1
    outer loop
      vertex 6.17098 8.8005 0
      vertex 19.1729 10.8135 0
      vertex 6.41578 8.52862 0
    endloop
  endfacet
  facet normal 0 0 -1
    outer loop
      vertex 19.6617 11.4863 0
      vertex 6.71176 32.1362 0
      vertex 6.75 32.5 0
    endloop
  endfacet
  facet normal -0 0 -1
    outer loop
      vertex 19.1729 10.8135 0
      vertex 6.17098 8.8005 0
      vertex 19.382 11.1756 0
    endloop
  endfacet
  facet normal 0 0 -1
    outer loop
      vertex 19.6617 11.4863 0
      vertex 6.5987 31.7882 0
      vertex 6.71176 32.1362 0
    endloop
  endfacet
  facet normal 0 0 -1
    outer loop
      vertex 5.875 9.01554 0
      vertex 19.382 11.1756 0
      vertex 6.17098 8.8005 0
    endloop
  endfacet
  facet normal 0 0 -1
    outer loop
      vertex 19.6617 11.4863 0
      vertex 6.41578 31.4714 0
      vertex 6.5987 31.7882 0
    endloop
  endfacet
  facet normal -0 0 -1
    outer loop
      vertex 19.382 11.1756 0
      vertex 5.875 9.01554 0
      vertex 19.6617 11.4863 0
    endloop
  endfacet
  facet normal 0 0 -1
    outer loop
      vertex 19.6617 11.4863 0
      vertex 6.17098 31.1995 0
      vertex 6.41578 31.4714 0
    endloop
  endfacet
  facet normal 0 0 -1
    outer loop
      vertex 5.875 30.9845 0
      vertex 19.6617 11.4863 0
      vertex 5.875 9.01554 0
    endloop
  endfacet
  facet normal 0 0 -1
    outer loop
      vertex 19.6617 11.4863 0
      vertex 5.875 30.9845 0
      vertex 6.17098 31.1995 0
    endloop
  endfacet
  facet normal 0 0 -1
    outer loop
      vertex 5.54078 9.16435 0
      vertex 5.875 30.9845 0
      vertex 5.875 9.01554 0
    endloop
  endfacet
  facet normal 0 0 -1
    outer loop
      vertex 5.54078 9.16435 0
      vertex 5.54078 30.8357 0
      vertex 5.875 30.9845 0
    endloop
  endfacet
  facet normal 0 0 -1
    outer loop
      vertex 5.18292 9.24041 0
      vertex 5.54078 30.8357 0
      vertex 5.54078 9.16435 0
    endloop
  endfacet
  facet normal 0 0 -1
    outer loop
      vertex 5.18292 9.24041 0
      vertex 5.18292 30.7596 0
      vertex 5.54078 30.8357 0
    endloop
  endfacet
  facet normal 0 0 -1
    outer loop
      vertex 4.81707 9.24041 0
      vertex 5.18292 30.7596 0
      vertex 5.18292 9.24041 0
    endloop
  endfacet
  facet normal 0 0 -1
    outer loop
      vertex 4.81707 9.24041 0
      vertex 4.81707 30.7596 0
      vertex 5.18292 30.7596 0
    endloop
  endfacet
  facet normal 0 0 -1
    outer loop
      vertex 4.45922 9.16435 0
      vertex 4.81707 30.7596 0
      vertex 4.81707 9.24041 0
    endloop
  endfacet
  facet normal 0 0 -1
    outer loop
      vertex 4.45922 9.16435 0
      vertex 4.45922 30.8357 0
      vertex 4.81707 30.7596 0
    endloop
  endfacet
  facet normal 0 0 -1
    outer loop
      vertex 4.125 9.01554 0
      vertex 4.45922 30.8357 0
      vertex 4.45922 9.16435 0
    endloop
  endfacet
  facet normal 0 0 -1
    outer loop
      vertex 4.125 9.01554 0
      vertex 4.125 30.9845 0
      vertex 4.45922 30.8357 0
    endloop
  endfacet
  facet normal 0 0 -1
    outer loop
      vertex 3.82902 8.8005 0
      vertex 4.125 30.9845 0
      vertex 4.125 9.01554 0
    endloop
  endfacet
  facet normal 0 0 -1
    outer loop
      vertex 3.82902 8.8005 0
      vertex 3.82902 31.1995 0
      vertex 4.125 30.9845 0
    endloop
  endfacet
  facet normal 0 0 -1
    outer loop
      vertex 3.58422 8.52862 0
      vertex 3.82902 31.1995 0
      vertex 3.82902 8.8005 0
    endloop
  endfacet
  facet normal 0 0 -1
    outer loop
      vertex 3.58422 8.52862 0
      vertex 3.58422 31.4714 0
      vertex 3.82902 31.1995 0
    endloop
  endfacet
  facet normal 0 0 -1
    outer loop
      vertex 3.40129 8.21179 0
      vertex 3.58422 31.4714 0
      vertex 3.58422 8.52862 0
    endloop
  endfacet
  facet normal 0 0 -1
    outer loop
      vertex 3.40129 8.21179 0
      vertex 3.40129 31.7882 0
      vertex 3.58422 31.4714 0
    endloop
  endfacet
  facet normal 0 0 -1
    outer loop
      vertex 3.28824 7.86384 0
      vertex 3.40129 31.7882 0
      vertex 3.40129 8.21179 0
    endloop
  endfacet
  facet normal 0 0 -1
    outer loop
      vertex 3.28824 7.86384 0
      vertex 3.28824 32.1362 0
      vertex 3.40129 31.7882 0
    endloop
  endfacet
  facet normal 0 0 -1
    outer loop
      vertex 0 0 0
      vertex 3.28824 7.86384 0
      vertex 3.25 7.5 0
    endloop
  endfacet
  facet normal -0 0 -1
    outer loop
      vertex 3.28824 7.86384 0
      vertex 0 0 0
      vertex 3.28824 32.1362 0
    endloop
  endfacet
  facet normal 0 0 -1
    outer loop
      vertex 22.3383 11.4863 0
      vertex 27.6617 11.4863 0
      vertex 27.382 11.1756 0
    endloop
  endfacet
  facet normal 0 0 -1
    outer loop
      vertex 25 10 0
      vertex 27.382 11.1756 0
      vertex 27.1729 10.8135 0
    endloop
  endfacet
  facet normal 0 0 -1
    outer loop
      vertex 25 10 0
      vertex 27.1729 10.8135 0
      vertex 27.0437 10.4158 0
    endloop
  endfacet
  facet normal 0 0 -1
    outer loop
      vertex 25 10 0
      vertex 27.0437 10.4158 0
      vertex 27 10 0
    endloop
  endfacet
  facet normal 0 0 -1
    outer loop
      vertex 27.0437 9.58418 0
      vertex 25 10 0
      vertex 27 10 0
    endloop
  endfacet
  facet normal -0 0 -1
    outer loop
      vertex 27.382 11.1756 0
      vertex 25 10 0
      vertex 22.618 11.1756 0
    endloop
  endfacet
  facet normal 0 0 -1
    outer loop
      vertex 22.9563 10.4158 0
      vertex 25 10 0
      vertex 23 10 0
    endloop
  endfacet
  facet normal 0 0 -1
    outer loop
      vertex 22.8271 10.8135 0
      vertex 25 10 0
      vertex 22.9563 10.4158 0
    endloop
  endfacet
  facet normal 0 0 -1
    outer loop
      vertex 22.618 11.1756 0
      vertex 25 10 0
      vertex 22.8271 10.8135 0
    endloop
  endfacet
  facet normal 0 0 -1
    outer loop
      vertex 27.382 11.1756 0
      vertex 22.618 11.1756 0
      vertex 22.3383 11.4863 0
    endloop
  endfacet
  facet normal 0 0 -1
    outer loop
      vertex 27.6617 11.4863 0
      vertex 22.3383 11.4863 0
      vertex 22 11.732 0
    endloop
  endfacet
  facet normal 0 0 -1
    outer loop
      vertex 27.6617 11.4863 0
      vertex 22 11.732 0
      vertex 27.5 25 0
    endloop
  endfacet
  facet normal -0 0 -1
    outer loop
      vertex 27.5 25 0
      vertex 22 11.732 0
      vertex 22.5 25 0
    endloop
  endfacet
  facet normal 0 0 -1
    outer loop
      vertex 21.618 11.9021 0
      vertex 22.5 25 0
      vertex 22 11.732 0
    endloop
  endfacet
  facet normal 0 0 -1
    outer loop
      vertex 21.2091 11.989 0
      vertex 22.5 25 0
      vertex 21.618 11.9021 0
    endloop
  endfacet
  facet normal 0 0 -1
    outer loop
      vertex 20.7909 11.989 0
      vertex 22.5 25 0
      vertex 21.2091 11.989 0
    endloop
  endfacet
  facet normal 0 0 -1
    outer loop
      vertex 20.382 11.9021 0
      vertex 22.5 25 0
      vertex 20.7909 11.989 0
    endloop
  endfacet
  facet normal 0 0 -1
    outer loop
      vertex 20 11.732 0
      vertex 22.5 25 0
      vertex 20.382 11.9021 0
    endloop
  endfacet
  facet normal 0 0 -1
    outer loop
      vertex 19.6617 11.4863 0
      vertex 22.5 25 0
      vertex 20 11.732 0
    endloop
  endfacet
  facet normal -0 0 -1
    outer loop
      vertex 22.5 25 0
      vertex 19.6617 11.4863 0
      vertex 6.75 32.5 0
    endloop
  endfacet
  facet normal -0 0 -1
    outer loop
      vertex 19.0437 10.4158 0
      vertex 6.41578 8.52862 0
      vertex 19.1729 10.8135 0
    endloop
  endfacet
  facet normal -0 0 -1
    outer loop
      vertex 19 10 0
      vertex 6.5987 8.21179 0
      vertex 19.0437 10.4158 0
    endloop
  endfacet
  facet normal 0 0 -1
    outer loop
      vertex 6.5987 8.21179 0
      vertex 19 10 0
      vertex 6.71176 7.86384 0
    endloop
  endfacet
  facet normal -0 0 -1
    outer loop
      vertex 19.0437 9.58418 0
      vertex 6.71176 7.86384 0
      vertex 19 10 0
    endloop
  endfacet
  facet normal 0 0 -1
    outer loop
      vertex 6.41578 8.52862 0
      vertex 19.0437 10.4158 0
      vertex 6.5987 8.21179 0
    endloop
  endfacet
  facet normal 0 0 -1
    outer loop
      vertex 22.5 25 0
      vertex 6.75 32.5 0
      vertex 22.5 40 0
    endloop
  endfacet
  facet normal 0 0 -1
    outer loop
      vertex 6.71176 32.8638 0
      vertex 22.5 40 0
      vertex 6.75 32.5 0
    endloop
  endfacet
  facet normal 0 0 -1
    outer loop
      vertex 6.5987 33.2118 0
      vertex 22.5 40 0
      vertex 6.71176 32.8638 0
    endloop
  endfacet
  facet normal 0 0 -1
    outer loop
      vertex 6.41578 33.5286 0
      vertex 22.5 40 0
      vertex 6.5987 33.2118 0
    endloop
  endfacet
  facet normal 0 0 -1
    outer loop
      vertex 6.17098 33.8005 0
      vertex 22.5 40 0
      vertex 6.41578 33.5286 0
    endloop
  endfacet
  facet normal 0 0 -1
    outer loop
      vertex 5.875 34.0155 0
      vertex 22.5 40 0
      vertex 6.17098 33.8005 0
    endloop
  endfacet
  facet normal 0 0 -1
    outer loop
      vertex 0 40 0
      vertex 5.875 34.0155 0
      vertex 5.54078 34.1643 0
    endloop
  endfacet
  facet normal 0 0 -1
    outer loop
      vertex 0 40 0
      vertex 5.54078 34.1643 0
      vertex 5.18292 34.2404 0
    endloop
  endfacet
  facet normal 0 0 -1
    outer loop
      vertex 0 40 0
      vertex 5.18292 34.2404 0
      vertex 4.81707 34.2404 0
    endloop
  endfacet
  facet normal 0 0 -1
    outer loop
      vertex 0 40 0
      vertex 4.81707 34.2404 0
      vertex 4.45922 34.1643 0
    endloop
  endfacet
  facet normal 0 0 -1
    outer loop
      vertex 5.875 34.0155 0
      vertex 0 40 0
      vertex 22.5 40 0
    endloop
  endfacet
  facet normal 0 0 -1
    outer loop
      vertex 4.125 34.0155 0
      vertex 0 40 0
      vertex 4.45922 34.1643 0
    endloop
  endfacet
  facet normal 0 0 -1
    outer loop
      vertex 3.82902 33.8005 0
      vertex 0 40 0
      vertex 4.125 34.0155 0
    endloop
  endfacet
  facet normal 0 0 -1
    outer loop
      vertex 3.58422 33.5286 0
      vertex 0 40 0
      vertex 3.82902 33.8005 0
    endloop
  endfacet
  facet normal 0 0 -1
    outer loop
      vertex 3.40129 33.2118 0
      vertex 0 40 0
      vertex 3.58422 33.5286 0
    endloop
  endfacet
  facet normal 0 0 -1
    outer loop
      vertex 3.28824 32.8638 0
      vertex 0 40 0
      vertex 3.40129 33.2118 0
    endloop
  endfacet
  facet normal 0 0 -1
    outer loop
      vertex 3.25 32.5 0
      vertex 0 40 0
      vertex 3.28824 32.8638 0
    endloop
  endfacet
  facet normal 0 0 -1
    outer loop
      vertex 3.28824 32.1362 0
      vertex 0 40 0
      vertex 3.25 32.5 0
    endloop
  endfacet
  facet normal 0 0 -1
    outer loop
      vertex 46.7118 32.1362 0
      vertex 50 40 0
      vertex 46.7118 7.86384 0
    endloop
  endfacet
  facet normal 0 0 -1
    outer loop
      vertex 50 40 0
      vertex 46.7118 32.1362 0
      vertex 46.75 32.5 0
    endloop
  endfacet
  facet normal 0 0 -1
    outer loop
      vertex 46.5987 8.21179 0
      vertex 46.7118 32.1362 0
      vertex 46.7118 7.86384 0
    endloop
  endfacet
  facet normal 0 0 -1
    outer loop
      vertex 46.5987 8.21179 0
      vertex 46.5987 31.7882 0
      vertex 46.7118 32.1362 0
    endloop
  endfacet
  facet normal 0 0 -1
    outer loop
      vertex 46.4158 8.52862 0
      vertex 46.5987 31.7882 0
      vertex 46.5987 8.21179 0
    endloop
  endfacet
  facet normal 0 0 -1
    outer loop
      vertex 46.4158 8.52862 0
      vertex 46.4158 31.4714 0
      vertex 46.5987 31.7882 0
    endloop
  endfacet
  facet normal 0 0 -1
    outer loop
      vertex 46.171 8.8005 0
      vertex 46.4158 31.4714 0
      vertex 46.4158 8.52862 0
    endloop
  endfacet
  facet normal 0 0 -1
    outer loop
      vertex 46.171 8.8005 0
      vertex 46.171 31.1995 0
      vertex 46.4158 31.4714 0
    endloop
  endfacet
  facet normal 0 0 -1
    outer loop
      vertex 45.875 9.01554 0
      vertex 46.171 31.1995 0
      vertex 46.171 8.8005 0
    endloop
  endfacet
  facet normal 0 0 -1
    outer loop
      vertex 45.875 9.01554 0
      vertex 45.875 30.9845 0
      vertex 46.171 31.1995 0
    endloop
  endfacet
  facet normal 0 0 -1
    outer loop
      vertex 45.5408 9.16435 0
      vertex 45.875 30.9845 0
      vertex 45.875 9.01554 0
    endloop
  endfacet
  facet normal 0 0 -1
    outer loop
      vertex 45.5408 9.16435 0
      vertex 45.5408 30.8357 0
      vertex 45.875 30.9845 0
    endloop
  endfacet
  facet normal 0 0 -1
    outer loop
      vertex 45.1829 9.24041 0
      vertex 45.5408 30.8357 0
      vertex 45.5408 9.16435 0
    endloop
  endfacet
  facet normal 0 0 -1
    outer loop
      vertex 45.1829 9.24041 0
      vertex 45.1829 30.7596 0
      vertex 45.5408 30.8357 0
    endloop
  endfacet
  facet normal 0 0 -1
    outer loop
      vertex 44.8171 9.24041 0
      vertex 45.1829 30.7596 0
      vertex 45.1829 9.24041 0
    endloop
  endfacet
  facet normal 0 0 -1
    outer loop
      vertex 44.8171 9.24041 0
      vertex 44.8171 30.7596 0
      vertex 45.1829 30.7596 0
    endloop
  endfacet
  facet normal 0 0 -1
    outer loop
      vertex 44.4592 9.16435 0
      vertex 44.8171 30.7596 0
      vertex 44.8171 9.24041 0
    endloop
  endfacet
  facet normal 0 0 -1
    outer loop
      vertex 44.4592 9.16435 0
      vertex 44.4592 30.8357 0
      vertex 44.8171 30.7596 0
    endloop
  endfacet
  facet normal 0 0 -1
    outer loop
      vertex 44.125 9.01554 0
      vertex 44.4592 30.8357 0
      vertex 44.4592 9.16435 0
    endloop
  endfacet
  facet normal 0 0 -1
    outer loop
      vertex 44.125 9.01554 0
      vertex 44.125 30.9845 0
      vertex 44.4592 30.8357 0
    endloop
  endfacet
  facet normal 0 0 -1
    outer loop
      vertex 33 10 0
      vertex 44.125 9.01554 0
      vertex 43.829 8.8005 0
    endloop
  endfacet
  facet normal 0 0 -1
    outer loop
      vertex 44.125 9.01554 0
      vertex 33 10 0
      vertex 44.125 30.9845 0
    endloop
  endfacet
  facet normal 0 0 -1
    outer loop
      vertex 33 10 0
      vertex 43.829 8.8005 0
      vertex 43.5842 8.52862 0
    endloop
  endfacet
  facet normal 0 0 -1
    outer loop
      vertex 27.5 25 0
      vertex 44.125 30.9845 0
      vertex 33 10 0
    endloop
  endfacet
  facet normal 0 0 -1
    outer loop
      vertex 33 10 0
      vertex 43.5842 8.52862 0
      vertex 43.4013 8.21179 0
    endloop
  endfacet
  facet normal -0 0 -1
    outer loop
      vertex 44.125 30.9845 0
      vertex 27.5 25 0
      vertex 43.829 31.1995 0
    endloop
  endfacet
  facet normal 0 0 -1
    outer loop
      vertex 33 10 0
      vertex 43.4013 8.21179 0
      vertex 43.2882 7.86384 0
    endloop
  endfacet
  facet normal -0 0 -1
    outer loop
      vertex 43.829 31.1995 0
      vertex 27.5 25 0
      vertex 43.5842 31.4714 0
    endloop
  endfacet
  facet normal 0 0 -1
    outer loop
      vertex 33 10 0
      vertex 43.2882 7.86384 0
      vertex 43.25 7.5 0
    endloop
  endfacet
  facet normal -0 0 -1
    outer loop
      vertex 43.5842 31.4714 0
      vertex 27.5 25 0
      vertex 43.4013 31.7882 0
    endloop
  endfacet
  facet normal 0 0 -1
    outer loop
      vertex 46.7118 7.86384 0
      vertex 50 0 0
      vertex 46.75 7.5 0
    endloop
  endfacet
  facet normal 0 0 -1
    outer loop
      vertex 50 0 0
      vertex 46.7118 7.13615 0
      vertex 46.75 7.5 0
    endloop
  endfacet
  facet normal 0 0 -1
    outer loop
      vertex 50 0 0
      vertex 46.5987 6.78821 0
      vertex 46.7118 7.13615 0
    endloop
  endfacet
  facet normal 0 0 -1
    outer loop
      vertex 50 0 0
      vertex 46.4158 6.47138 0
      vertex 46.5987 6.78821 0
    endloop
  endfacet
  facet normal 0 0 -1
    outer loop
      vertex 50 0 0
      vertex 46.171 6.1995 0
      vertex 46.4158 6.47138 0
    endloop
  endfacet
  facet normal 0 0 -1
    outer loop
      vertex 50 0 0
      vertex 45.875 5.98446 0
      vertex 46.171 6.1995 0
    endloop
  endfacet
  facet normal 0 0 -1
    outer loop
      vertex 50 0 0
      vertex 45.5408 5.83565 0
      vertex 45.875 5.98446 0
    endloop
  endfacet
  facet normal 0 0 -1
    outer loop
      vertex 50 0 0
      vertex 45.1829 5.75959 0
      vertex 45.5408 5.83565 0
    endloop
  endfacet
  facet normal 0 0 -1
    outer loop
      vertex 50 0 0
      vertex 44.8171 5.75959 0
      vertex 45.1829 5.75959 0
    endloop
  endfacet
  facet normal 0 0 -1
    outer loop
      vertex 50 0 0
      vertex 44.4592 5.83565 0
      vertex 44.8171 5.75959 0
    endloop
  endfacet
  facet normal 0 0 -1
    outer loop
      vertex 50 0 0
      vertex 44.125 5.98446 0
      vertex 44.4592 5.83565 0
    endloop
  endfacet
  facet normal 0 0 -1
    outer loop
      vertex 33 5 0
      vertex 44.125 5.98446 0
      vertex 50 0 0
    endloop
  endfacet
  facet normal 0 0 -1
    outer loop
      vertex 33 10 0
      vertex 43.25 7.5 0
      vertex 33 5 0
    endloop
  endfacet
  facet normal -0 0 -1
    outer loop
      vertex 43.2882 7.13615 0
      vertex 33 5 0
      vertex 43.25 7.5 0
    endloop
  endfacet
  facet normal -0 0 -1
    outer loop
      vertex 43.4013 6.78821 0
      vertex 33 5 0
      vertex 43.2882 7.13615 0
    endloop
  endfacet
  facet normal -0 0 -1
    outer loop
      vertex 43.5842 6.47138 0
      vertex 33 5 0
      vertex 43.4013 6.78821 0
    endloop
  endfacet
  facet normal -0 0 -1
    outer loop
      vertex 43.829 6.1995 0
      vertex 33 5 0
      vertex 43.5842 6.47138 0
    endloop
  endfacet
  facet normal -0 0 -1
    outer loop
      vertex 44.125 5.98446 0
      vertex 33 5 0
      vertex 43.829 6.1995 0
    endloop
  endfacet
  facet normal 0 0 -1
    outer loop
      vertex 50 0 0
      vertex 29 5 0
      vertex 33 5 0
    endloop
  endfacet
  facet normal 0 0 -1
    outer loop
      vertex 29 5 0
      vertex 28.7909 8.01096 0
      vertex 29 8.01096 0
    endloop
  endfacet
  facet normal 0 0 -1
    outer loop
      vertex 29 5 0
      vertex 28.382 8.09789 0
      vertex 28.7909 8.01096 0
    endloop
  endfacet
  facet normal 0 0 -1
    outer loop
      vertex 29 5 0
      vertex 28 8.26795 0
      vertex 28.382 8.09789 0
    endloop
  endfacet
  facet normal 0 0 -1
    outer loop
      vertex 25 5 0
      vertex 28 8.26795 0
      vertex 29 5 0
    endloop
  endfacet
  facet normal -0 0 -1
    outer loop
      vertex 28 8.26795 0
      vertex 25 5 0
      vertex 27.6617 8.51371 0
    endloop
  endfacet
  facet normal -0 0 -1
    outer loop
      vertex 27.6617 8.51371 0
      vertex 25 5 0
      vertex 27.382 8.82443 0
    endloop
  endfacet
  facet normal 0 0 -1
    outer loop
      vertex 27.1729 9.18653 0
      vertex 25 10 0
      vertex 27.0437 9.58418 0
    endloop
  endfacet
  facet normal 0 0 -1
    outer loop
      vertex 27.382 8.82443 0
      vertex 25 10 0
      vertex 27.1729 9.18653 0
    endloop
  endfacet
  facet normal 0 0 -1
    outer loop
      vertex 25 10 0
      vertex 27.382 8.82443 0
      vertex 25 5 0
    endloop
  endfacet
  facet normal 0 0 -1
    outer loop
      vertex 50 0 0
      vertex 25 5 0
      vertex 29 5 0
    endloop
  endfacet
  facet normal 0 0 -1
    outer loop
      vertex 0 0 0
      vertex 25 5 0
      vertex 50 0 0
    endloop
  endfacet
  facet normal 0 0 -1
    outer loop
      vertex 21 5 0
      vertex 20.7909 8.01096 0
      vertex 21 8.01096 0
    endloop
  endfacet
  facet normal 0 0 -1
    outer loop
      vertex 21 5 0
      vertex 20.382 8.09789 0
      vertex 20.7909 8.01096 0
    endloop
  endfacet
  facet normal 0 0 -1
    outer loop
      vertex 21 5 0
      vertex 20 8.26795 0
      vertex 20.382 8.09789 0
    endloop
  endfacet
  facet normal 0 0 -1
    outer loop
      vertex 21 5 0
      vertex 19.6617 8.51371 0
      vertex 20 8.26795 0
    endloop
  endfacet
  facet normal 0 0 -1
    outer loop
      vertex 21 5 0
      vertex 19.382 8.82443 0
      vertex 19.6617 8.51371 0
    endloop
  endfacet
  facet normal 0 0 -1
    outer loop
      vertex 6.5987 6.78821 0
      vertex 19.382 8.82443 0
      vertex 21 5 0
    endloop
  endfacet
  facet normal 0 0 -1
    outer loop
      vertex 6.71176 7.86384 0
      vertex 19.0437 9.58418 0
      vertex 6.75 7.5 0
    endloop
  endfacet
  facet normal -0 0 -1
    outer loop
      vertex 19.1729 9.18653 0
      vertex 6.75 7.5 0
      vertex 19.0437 9.58418 0
    endloop
  endfacet
  facet normal 0 -0 -1
    outer loop
      vertex 6.71176 7.13615 0
      vertex 19.382 8.82443 0
      vertex 6.5987 6.78821 0
    endloop
  endfacet
  facet normal 0 0 -1
    outer loop
      vertex 19.1729 9.18653 0
      vertex 6.71176 7.13615 0
      vertex 6.75 7.5 0
    endloop
  endfacet
  facet normal -0 0 -1
    outer loop
      vertex 25 5 0
      vertex 0 0 0
      vertex 21 5 0
    endloop
  endfacet
  facet normal -0 0 -1
    outer loop
      vertex 19.382 8.82443 0
      vertex 6.71176 7.13615 0
      vertex 19.1729 9.18653 0
    endloop
  endfacet
  facet normal 0 0 -1
    outer loop
      vertex 21 5 0
      vertex 6.41578 6.47138 0
      vertex 6.5987 6.78821 0
    endloop
  endfacet
  facet normal 0 0 -1
    outer loop
      vertex 21 5 0
      vertex 6.17098 6.1995 0
      vertex 6.41578 6.47138 0
    endloop
  endfacet
  facet normal 0 -0 -1
    outer loop
      vertex 5.875 5.98446 0
      vertex 21 5 0
      vertex 0 0 0
    endloop
  endfacet
  facet normal 0 0 -1
    outer loop
      vertex 21 5 0
      vertex 5.875 5.98446 0
      vertex 6.17098 6.1995 0
    endloop
  endfacet
  facet normal 0 0 -1
    outer loop
      vertex 5.875 5.98446 0
      vertex 0 0 0
      vertex 5.54078 5.83565 0
    endloop
  endfacet
  facet normal 0 0 -1
    outer loop
      vertex 5.54078 5.83565 0
      vertex 0 0 0
      vertex 5.18292 5.75959 0
    endloop
  endfacet
  facet normal 0 0 -1
    outer loop
      vertex 0 40 0
      vertex 3.28824 32.1362 0
      vertex 0 0 0
    endloop
  endfacet
  facet normal -0 0 -1
    outer loop
      vertex 3.28824 7.13615 0
      vertex 0 0 0
      vertex 3.25 7.5 0
    endloop
  endfacet
  facet normal -0 0 -1
    outer loop
      vertex 3.40129 6.78821 0
      vertex 0 0 0
      vertex 3.28824 7.13615 0
    endloop
  endfacet
  facet normal -0 0 -1
    outer loop
      vertex 3.58422 6.47138 0
      vertex 0 0 0
      vertex 3.40129 6.78821 0
    endloop
  endfacet
  facet normal -0 0 -1
    outer loop
      vertex 3.82902 6.1995 0
      vertex 0 0 0
      vertex 3.58422 6.47138 0
    endloop
  endfacet
  facet normal -0 0 -1
    outer loop
      vertex 4.125 5.98446 0
      vertex 0 0 0
      vertex 3.82902 6.1995 0
    endloop
  endfacet
  facet normal -0 0 -1
    outer loop
      vertex 4.45922 5.83565 0
      vertex 0 0 0
      vertex 4.125 5.98446 0
    endloop
  endfacet
  facet normal -0 0 -1
    outer loop
      vertex 4.81707 5.75959 0
      vertex 0 0 0
      vertex 4.45922 5.83565 0
    endloop
  endfacet
  facet normal -0 0 -1
    outer loop
      vertex 5.18292 5.75959 0
      vertex 0 0 0
      vertex 4.81707 5.75959 0
    endloop
  endfacet
  facet normal 0 0 -1
    outer loop
      vertex 50 0 0
      vertex 46.7118 7.86384 0
      vertex 50 40 0
    endloop
  endfacet
  facet normal 0 0 -1
    outer loop
      vertex 46.7118 32.8638 0
      vertex 50 40 0
      vertex 46.75 32.5 0
    endloop
  endfacet
  facet normal 0 0 -1
    outer loop
      vertex 46.5987 33.2118 0
      vertex 50 40 0
      vertex 46.7118 32.8638 0
    endloop
  endfacet
  facet normal 0 0 -1
    outer loop
      vertex 46.4158 33.5286 0
      vertex 50 40 0
      vertex 46.5987 33.2118 0
    endloop
  endfacet
  facet normal 0 0 -1
    outer loop
      vertex 46.171 33.8005 0
      vertex 50 40 0
      vertex 46.4158 33.5286 0
    endloop
  endfacet
  facet normal 0 0 -1
    outer loop
      vertex 45.875 34.0155 0
      vertex 50 40 0
      vertex 46.171 33.8005 0
    endloop
  endfacet
  facet normal 0 0 -1
    outer loop
      vertex 45.5408 34.1643 0
      vertex 50 40 0
      vertex 45.875 34.0155 0
    endloop
  endfacet
  facet normal 0 0 -1
    outer loop
      vertex 45.1829 34.2404 0
      vertex 50 40 0
      vertex 45.5408 34.1643 0
    endloop
  endfacet
  facet normal 0 0 -1
    outer loop
      vertex 44.8171 34.2404 0
      vertex 50 40 0
      vertex 45.1829 34.2404 0
    endloop
  endfacet
  facet normal 0 0 -1
    outer loop
      vertex 44.4592 34.1643 0
      vertex 50 40 0
      vertex 44.8171 34.2404 0
    endloop
  endfacet
  facet normal 0 0 -1
    outer loop
      vertex 44.125 34.0155 0
      vertex 50 40 0
      vertex 44.4592 34.1643 0
    endloop
  endfacet
  facet normal 0 0 -1
    outer loop
      vertex 27.5 40 0
      vertex 44.125 34.0155 0
      vertex 43.829 33.8005 0
    endloop
  endfacet
  facet normal -0 0 -1
    outer loop
      vertex 43.4013 31.7882 0
      vertex 27.5 25 0
      vertex 43.2882 32.1362 0
    endloop
  endfacet
  facet normal -0 0 -1
    outer loop
      vertex 43.2882 32.1362 0
      vertex 27.5 25 0
      vertex 43.25 32.5 0
    endloop
  endfacet
  facet normal 0 0 -1
    outer loop
      vertex 27.5 40 0
      vertex 43.25 32.5 0
      vertex 27.5 25 0
    endloop
  endfacet
  facet normal 0 0 -1
    outer loop
      vertex 30.9563 10.4158 0
      vertex 33 10 0
      vertex 31 10 0
    endloop
  endfacet
  facet normal 0 0 -1
    outer loop
      vertex 30.8271 10.8135 0
      vertex 33 10 0
      vertex 30.9563 10.4158 0
    endloop
  endfacet
  facet normal 0 0 -1
    outer loop
      vertex 30.618 11.1756 0
      vertex 33 10 0
      vertex 30.8271 10.8135 0
    endloop
  endfacet
  facet normal 0 0 -1
    outer loop
      vertex 30.3383 11.4863 0
      vertex 33 10 0
      vertex 30.618 11.1756 0
    endloop
  endfacet
  facet normal 0 0 -1
    outer loop
      vertex 27.5 25 0
      vertex 33 10 0
      vertex 30.3383 11.4863 0
    endloop
  endfacet
  facet normal 0 0 -1
    outer loop
      vertex 43.25 32.5 0
      vertex 27.5 40 0
      vertex 43.2882 32.8638 0
    endloop
  endfacet
  facet normal 0 0 -1
    outer loop
      vertex 27.5 25 0
      vertex 30.3383 11.4863 0
      vertex 30 11.732 0
    endloop
  endfacet
  facet normal 0 0 -1
    outer loop
      vertex 27.5 25 0
      vertex 30 11.732 0
      vertex 29.618 11.9021 0
    endloop
  endfacet
  facet normal 0 0 -1
    outer loop
      vertex 27.5 25 0
      vertex 29.618 11.9021 0
      vertex 29.2091 11.989 0
    endloop
  endfacet
  facet normal 0 0 -1
    outer loop
      vertex 27.5 25 0
      vertex 29.2091 11.989 0
      vertex 28.7909 11.989 0
    endloop
  endfacet
  facet normal 0 0 -1
    outer loop
      vertex 27.5 25 0
      vertex 28.7909 11.989 0
      vertex 28.382 11.9021 0
    endloop
  endfacet
  facet normal 0 0 -1
    outer loop
      vertex 27.5 25 0
      vertex 28.382 11.9021 0
      vertex 28 11.732 0
    endloop
  endfacet
  facet normal 0 0 -1
    outer loop
      vertex 27.5 25 0
      vertex 28 11.732 0
      vertex 27.6617 11.4863 0
    endloop
  endfacet
  facet normal 0 0 -1
    outer loop
      vertex 43.2882 32.8638 0
      vertex 27.5 40 0
      vertex 43.4013 33.2118 0
    endloop
  endfacet
  facet normal 0 0 -1
    outer loop
      vertex 43.4013 33.2118 0
      vertex 27.5 40 0
      vertex 43.5842 33.5286 0
    endloop
  endfacet
  facet normal 0 0 -1
    outer loop
      vertex 43.5842 33.5286 0
      vertex 27.5 40 0
      vertex 43.829 33.8005 0
    endloop
  endfacet
  facet normal 0 0 -1
    outer loop
      vertex 44.125 34.0155 0
      vertex 27.5 40 0
      vertex 50 40 0
    endloop
  endfacet
  facet normal -1 0 0
    outer loop
      vertex 0 0 0
      vertex 0 40 5
      vertex 0 40 0
    endloop
  endfacet
  facet normal -1 -0 0
    outer loop
      vertex 0 40 5
      vertex 0 0 0
      vertex 0 0 5
    endloop
  endfacet
  facet normal 0 1 0
    outer loop
      vertex 22.5 40 3.66025
      vertex 22.5 40 0
      vertex 15 40 3.66025
    endloop
  endfacet
  facet normal 0 1 -0
    outer loop
      vertex 15 40 3.66025
      vertex 13 40 5
      vertex 15 40 5
    endloop
  endfacet
  facet normal 0 1 0
    outer loop
      vertex 0 40 0
      vertex 13 40 5
      vertex 15 40 3.66025
    endloop
  endfacet
  facet normal 0 1 0
    outer loop
      vertex 0 40 0
      vertex 15 40 3.66025
      vertex 22.5 40 0
    endloop
  endfacet
  facet normal 0 1 0
    outer loop
      vertex 13 40 5
      vertex 0 40 0
      vertex 0 40 5
    endloop
  endfacet
  facet normal 0 1 -0
    outer loop
      vertex 50 40 0
      vertex 38.6667 40 5
      vertex 50 40 5
    endloop
  endfacet
  facet normal 0 1 0
    outer loop
      vertex 38.6667 40 5
      vertex 35 40 3.66025
      vertex 35 40 5
    endloop
  endfacet
  facet normal 0 1 0
    outer loop
      vertex 38.6667 40 5
      vertex 50 40 0
      vertex 35 40 3.66025
    endloop
  endfacet
  facet normal 0 1 0
    outer loop
      vertex 27.5 40 0
      vertex 35 40 3.66025
      vertex 50 40 0
    endloop
  endfacet
  facet normal 0 1 0
    outer loop
      vertex 35 40 3.66025
      vertex 27.5 40 0
      vertex 27.5 40 3.66025
    endloop
  endfacet
  facet normal 0 -1 0
    outer loop
      vertex 0 0 0
      vertex 50 0 5
      vertex 0 0 5
    endloop
  endfacet
  facet normal 0 -1 -0
    outer loop
      vertex 50 0 5
      vertex 0 0 0
      vertex 50 0 0
    endloop
  endfacet
  facet normal 1 0 0
    outer loop
      vertex 35 50 30.9808
      vertex 35 41.9282 7
      vertex 35 54.3301 28.4808
    endloop
  endfacet
  facet normal 1 0 -0
    outer loop
      vertex 35 41.9282 7
      vertex 35 50 30.9808
      vertex 35 36.1547 7
    endloop
  endfacet
  facet normal 1 -0 0
    outer loop
      vertex 35 40 5
      vertex 35 40 3.66025
      vertex 35 40.7735 5
    endloop
  endfacet
  facet normal -0 0.500002 0.866024
    outer loop
      vertex 15 54.3301 28.4808
      vertex 35 50 30.9808
      vertex 35 54.3301 28.4808
    endloop
  endfacet
  facet normal 0 0.500002 0.866024
    outer loop
      vertex 35 50 30.9808
      vertex 15 54.3301 28.4808
      vertex 15 50 30.9808
    endloop
  endfacet
  facet normal -1 0 0
    outer loop
      vertex 15 41.9282 7
      vertex 15 50 30.9808
      vertex 15 54.3301 28.4808
    endloop
  endfacet
  facet normal -1 0 0
    outer loop
      vertex 15 50 30.9808
      vertex 15 41.9282 7
      vertex 15 36.1547 7
    endloop
  endfacet
  facet normal -1 -0 0
    outer loop
      vertex 15 40.7735 5
      vertex 15 40 3.66025
      vertex 15 40 5
    endloop
  endfacet
  facet normal 0 0.866027 -0.499998
    outer loop
      vertex 35 40.7735 5
      vertex 35 40 3.66025
      vertex 32 40.7735 5
    endloop
  endfacet
  facet normal 0 0.866027 -0.499997
    outer loop
      vertex 22.5 41.3509 6
      vertex 15 54.3301 28.4808
      vertex 27.5 41.3509 6
    endloop
  endfacet
  facet normal 9.62251e-06 0.866026 -0.5
    outer loop
      vertex 32 40.7735 5
      vertex 27.5 41.3509 6
      vertex 32 41.9282 7
    endloop
  endfacet
  facet normal 0 0.866027 -0.499998
    outer loop
      vertex 27.5 40 3.66025
      vertex 32 40.7735 5
      vertex 35 40 3.66025
    endloop
  endfacet
  facet normal 5.89334e-06 0.866018 -0.500012
    outer loop
      vertex 32 40.7735 5
      vertex 27.5 40 3.66025
      vertex 27.5 41.3509 6
    endloop
  endfacet
  facet normal 0 0.866026 -0.499999
    outer loop
      vertex 32 41.9282 7
      vertex 35 54.3301 28.4808
      vertex 35 41.9282 7
    endloop
  endfacet
  facet normal 9.56198e-06 0.866026 -0.5
    outer loop
      vertex 27.5 41.3509 6
      vertex 35 54.3301 28.4808
      vertex 32 41.9282 7
    endloop
  endfacet
  facet normal 0 0.866027 -0.499997
    outer loop
      vertex 27.5 41.3509 6
      vertex 15 54.3301 28.4808
      vertex 35 54.3301 28.4808
    endloop
  endfacet
  facet normal 0 0.866026 -0.499999
    outer loop
      vertex 15 54.3301 28.4808
      vertex 18.3812 41.9282 7
      vertex 15 41.9282 7
    endloop
  endfacet
  facet normal -1.05249e-05 0.866025 -0.5
    outer loop
      vertex 15 54.3301 28.4808
      vertex 22.5 41.3509 6
      vertex 18.3812 41.9282 7
    endloop
  endfacet
  facet normal -1.15968e-05 0.866024 -0.500003
    outer loop
      vertex 22.5 41.3509 6
      vertex 19.151 40.7735 5
      vertex 18.3812 41.9282 7
    endloop
  endfacet
  facet normal -7.91879e-06 0.866018 -0.500012
    outer loop
      vertex 22.5 40 3.66025
      vertex 19.151 40.7735 5
      vertex 22.5 41.3509 6
    endloop
  endfacet
  facet normal 0 0.866027 -0.499998
    outer loop
      vertex 15 40 3.66025
      vertex 19.151 40.7735 5
      vertex 22.5 40 3.66025
    endloop
  endfacet
  facet normal 0 0.866027 -0.499998
    outer loop
      vertex 19.151 40.7735 5
      vertex 15 40 3.66025
      vertex 15 40.7735 5
    endloop
  endfacet
  facet normal 0 -0.866044 0.499967
    outer loop
      vertex 27.5 35.5774 6
      vertex 22.2302 36.1547 7
      vertex 22.6151 35.5774 6
    endloop
  endfacet
  facet normal 0 -0.866044 0.499967
    outer loop
      vertex 22.2302 36.1547 7
      vertex 27.5 35.5774 6
      vertex 32 36.1547 7
    endloop
  endfacet
  facet normal 0 -0.866007 0.500032
    outer loop
      vertex 28 35 5
      vertex 27.5 35.5774 6
      vertex 27.5 35 5
    endloop
  endfacet
  facet normal -1.73202e-05 -0.866011 0.500026
    outer loop
      vertex 27.5 35.5774 6
      vertex 28 35 5
      vertex 32 36.1547 7
    endloop
  endfacet
  facet normal 0 -0.866026 0.5
    outer loop
      vertex 32 36.1547 7
      vertex 28 35 5
      vertex 32 35 5
    endloop
  endfacet
  facet normal 0 -0.866026 0.499999
    outer loop
      vertex 22.2302 36.1547 7
      vertex 15 50 30.9808
      vertex 15 36.1547 7
    endloop
  endfacet
  facet normal 0 -0.866026 0.499999
    outer loop
      vertex 15 50 30.9808
      vertex 22.2302 36.1547 7
      vertex 35 50 30.9808
    endloop
  endfacet
  facet normal 0 -0.866026 0.499999
    outer loop
      vertex 32 36.1547 7
      vertex 35 50 30.9808
      vertex 22.2302 36.1547 7
    endloop
  endfacet
  facet normal 0 -0.866026 0.499999
    outer loop
      vertex 35 50 30.9808
      vertex 32 36.1547 7
      vertex 35 36.1547 7
    endloop
  endfacet
  facet normal 1 -0 0
    outer loop
      vertex 28 33 30
      vertex 28 35 5
      vertex 28 35 30
    endloop
  endfacet
  facet normal 1 0 0
    outer loop
      vertex 28 35 5
      vertex 28 33 30
      vertex 28 33 5
    endloop
  endfacet
  facet normal -0 0 1
    outer loop
      vertex 22 35 30
      vertex 28 33 30
      vertex 28 35 30
    endloop
  endfacet
  facet normal 0 0 1
    outer loop
      vertex 28 33 30
      vertex 22 35 30
      vertex 22 33 30
    endloop
  endfacet
  facet normal -1 0 0
    outer loop
      vertex 22 33 5
      vertex 22 35 7
      vertex 22 35 5
    endloop
  endfacet
  facet normal -1 0 0
    outer loop
      vertex 22 33 30
      vertex 22 35 7
      vertex 22 33 5
    endloop
  endfacet
  facet normal -1 0 0
    outer loop
      vertex 22 35 7
      vertex 22 33 30
      vertex 22 35 30
    endloop
  endfacet
  facet normal 0 -1 0
    outer loop
      vertex 22 33 30
      vertex 22.5 33 6
      vertex 28 33 30
    endloop
  endfacet
  facet normal 0 -1 0
    outer loop
      vertex 22 33 5
      vertex 22.5 33 6
      vertex 22 33 30
    endloop
  endfacet
  facet normal 0 -1 -0
    outer loop
      vertex 22.5 33 6
      vertex 22 33 5
      vertex 22.5 33 5
    endloop
  endfacet
  facet normal 0 -1 0
    outer loop
      vertex 27.5 33 6
      vertex 28 33 30
      vertex 22.5 33 6
    endloop
  endfacet
  facet normal 0 -1 0
    outer loop
      vertex 28 33 5
      vertex 27.5 33 6
      vertex 27.5 33 5
    endloop
  endfacet
  facet normal 0 -1 0
    outer loop
      vertex 27.5 33 6
      vertex 28 33 5
      vertex 28 33 30
    endloop
  endfacet
  facet normal -0.951053 -0.309027 0
    outer loop
      vertex 6.71176 7.86384 0
      vertex 6.5987 8.21179 3
      vertex 6.5987 8.21179 0
    endloop
  endfacet
  facet normal -0.951053 -0.309027 0
    outer loop
      vertex 6.5987 8.21179 3
      vertex 6.71176 7.86384 0
      vertex 6.71176 7.86384 3
    endloop
  endfacet
  facet normal -0.994522 -0.104525 0
    outer loop
      vertex 6.75 7.5 0
      vertex 6.71176 7.86384 3
      vertex 6.71176 7.86384 0
    endloop
  endfacet
  facet normal -0.994522 -0.104525 0
    outer loop
      vertex 6.71176 7.86384 3
      vertex 6.75 7.5 0
      vertex 6.75 7.5 3
    endloop
  endfacet
  facet normal -0.866028 -0.499996 0
    outer loop
      vertex 6.5987 8.21179 0
      vertex 6.41578 8.52862 3
      vertex 6.41578 8.52862 0
    endloop
  endfacet
  facet normal -0.866028 -0.499996 0
    outer loop
      vertex 6.41578 8.52862 3
      vertex 6.5987 8.21179 0
      vertex 6.5987 8.21179 3
    endloop
  endfacet
  facet normal 0.587782 0.80902 -0
    outer loop
      vertex 4.125 5.98446 0
      vertex 3.82902 6.1995 3
      vertex 4.125 5.98446 3
    endloop
  endfacet
  facet normal 0.587782 0.80902 0
    outer loop
      vertex 3.82902 6.1995 3
      vertex 4.125 5.98446 0
      vertex 3.82902 6.1995 0
    endloop
  endfacet
  facet normal 0.994522 -0.104525 0
    outer loop
      vertex 3.25 7.5 3
      vertex 3.28824 7.86384 0
      vertex 3.28824 7.86384 3
    endloop
  endfacet
  facet normal 0.994522 -0.104525 0
    outer loop
      vertex 3.28824 7.86384 0
      vertex 3.25 7.5 3
      vertex 3.25 7.5 0
    endloop
  endfacet
  facet normal -0.994523 0.104523 0
    outer loop
      vertex 6.71176 7.13615 0
      vertex 6.75 7.5 3
      vertex 6.75 7.5 0
    endloop
  endfacet
  facet normal -0.994523 0.104523 0
    outer loop
      vertex 6.75 7.5 3
      vertex 6.71176 7.13615 0
      vertex 6.71176 7.13615 3
    endloop
  endfacet
  facet normal -0.40675 0.91354 0
    outer loop
      vertex 5.875 5.98446 0
      vertex 5.54078 5.83565 3
      vertex 5.875 5.98446 3
    endloop
  endfacet
  facet normal -0.40675 0.91354 0
    outer loop
      vertex 5.54078 5.83565 3
      vertex 5.875 5.98446 0
      vertex 5.54078 5.83565 0
    endloop
  endfacet
  facet normal -0.866028 0.499996 0
    outer loop
      vertex 6.41578 6.47138 0
      vertex 6.5987 6.78821 3
      vertex 6.5987 6.78821 0
    endloop
  endfacet
  facet normal -0.866028 0.499996 0
    outer loop
      vertex 6.5987 6.78821 3
      vertex 6.41578 6.47138 0
      vertex 6.41578 6.47138 3
    endloop
  endfacet
  facet normal -0.587782 -0.80902 0
    outer loop
      vertex 5.875 9.01554 0
      vertex 6.17098 8.8005 3
      vertex 5.875 9.01554 3
    endloop
  endfacet
  facet normal -0.587782 -0.80902 -0
    outer loop
      vertex 6.17098 8.8005 3
      vertex 5.875 9.01554 0
      vertex 6.17098 8.8005 0
    endloop
  endfacet
  facet normal -0.951051 0.309035 0
    outer loop
      vertex 6.5987 6.78821 0
      vertex 6.71176 7.13615 3
      vertex 6.71176 7.13615 0
    endloop
  endfacet
  facet normal -0.951051 0.309035 0
    outer loop
      vertex 6.71176 7.13615 3
      vertex 6.5987 6.78821 0
      vertex 6.5987 6.78821 3
    endloop
  endfacet
  facet normal 0 -1 0
    outer loop
      vertex 4.81707 9.24041 0
      vertex 5.18292 9.24041 3
      vertex 4.81707 9.24041 3
    endloop
  endfacet
  facet normal 0 -1 -0
    outer loop
      vertex 5.18292 9.24041 3
      vertex 4.81707 9.24041 0
      vertex 5.18292 9.24041 0
    endloop
  endfacet
  facet normal -0.207897 -0.978151 0
    outer loop
      vertex 5.18292 9.24041 0
      vertex 5.54078 9.16435 3
      vertex 5.18292 9.24041 3
    endloop
  endfacet
  facet normal -0.207897 -0.978151 -0
    outer loop
      vertex 5.54078 9.16435 3
      vertex 5.18292 9.24041 0
      vertex 5.54078 9.16435 0
    endloop
  endfacet
  facet normal 0 1 -0
    outer loop
      vertex 5.18292 5.75959 0
      vertex 4.81707 5.75959 3
      vertex 5.18292 5.75959 3
    endloop
  endfacet
  facet normal 0 1 0
    outer loop
      vertex 4.81707 5.75959 3
      vertex 5.18292 5.75959 0
      vertex 4.81707 5.75959 0
    endloop
  endfacet
  facet normal 0.951061 -0.309003 0
    outer loop
      vertex 3.28824 7.86384 3
      vertex 3.40129 8.21179 0
      vertex 3.40129 8.21179 3
    endloop
  endfacet
  facet normal 0.951061 -0.309003 0
    outer loop
      vertex 3.40129 8.21179 0
      vertex 3.28824 7.86384 3
      vertex 3.28824 7.86384 0
    endloop
  endfacet
  facet normal -0.40675 -0.91354 0
    outer loop
      vertex 5.54078 9.16435 0
      vertex 5.875 9.01554 3
      vertex 5.54078 9.16435 3
    endloop
  endfacet
  facet normal -0.40675 -0.91354 -0
    outer loop
      vertex 5.875 9.01554 3
      vertex 5.54078 9.16435 0
      vertex 5.875 9.01554 0
    endloop
  endfacet
  facet normal -0.743147 0.669128 0
    outer loop
      vertex 6.17098 6.1995 0
      vertex 6.41578 6.47138 3
      vertex 6.41578 6.47138 0
    endloop
  endfacet
  facet normal -0.743147 0.669128 0
    outer loop
      vertex 6.41578 6.47138 3
      vertex 6.17098 6.1995 0
      vertex 6.17098 6.1995 3
    endloop
  endfacet
  facet normal 0.40675 0.91354 -0
    outer loop
      vertex 4.45922 5.83565 0
      vertex 4.125 5.98446 3
      vertex 4.45922 5.83565 3
    endloop
  endfacet
  facet normal 0.40675 0.91354 0
    outer loop
      vertex 4.125 5.98446 3
      vertex 4.45922 5.83565 0
      vertex 4.125 5.98446 0
    endloop
  endfacet
  facet normal 0.587782 -0.80902 0
    outer loop
      vertex 3.82902 8.8005 0
      vertex 4.125 9.01554 3
      vertex 3.82902 8.8005 3
    endloop
  endfacet
  facet normal 0.587782 -0.80902 0
    outer loop
      vertex 4.125 9.01554 3
      vertex 3.82902 8.8005 0
      vertex 4.125 9.01554 0
    endloop
  endfacet
  facet normal -0.587782 0.80902 0
    outer loop
      vertex 6.17098 6.1995 0
      vertex 5.875 5.98446 3
      vertex 6.17098 6.1995 3
    endloop
  endfacet
  facet normal -0.587782 0.80902 0
    outer loop
      vertex 5.875 5.98446 3
      vertex 6.17098 6.1995 0
      vertex 5.875 5.98446 0
    endloop
  endfacet
  facet normal 0.743147 -0.669128 0
    outer loop
      vertex 3.58422 8.52862 3
      vertex 3.82902 8.8005 0
      vertex 3.82902 8.8005 3
    endloop
  endfacet
  facet normal 0.743147 -0.669128 0
    outer loop
      vertex 3.82902 8.8005 0
      vertex 3.58422 8.52862 3
      vertex 3.58422 8.52862 0
    endloop
  endfacet
  facet normal -0.743147 -0.669128 0
    outer loop
      vertex 6.41578 8.52862 0
      vertex 6.17098 8.8005 3
      vertex 6.17098 8.8005 0
    endloop
  endfacet
  facet normal -0.743147 -0.669128 0
    outer loop
      vertex 6.17098 8.8005 3
      vertex 6.41578 8.52862 0
      vertex 6.41578 8.52862 3
    endloop
  endfacet
  facet normal 0.951059 0.309011 0
    outer loop
      vertex 3.40129 6.78821 3
      vertex 3.28824 7.13615 0
      vertex 3.28824 7.13615 3
    endloop
  endfacet
  facet normal 0.951059 0.309011 0
    outer loop
      vertex 3.28824 7.13615 0
      vertex 3.40129 6.78821 3
      vertex 3.40129 6.78821 0
    endloop
  endfacet
  facet normal 0.207903 0.978149 -0
    outer loop
      vertex 4.81707 5.75959 0
      vertex 4.45922 5.83565 3
      vertex 4.81707 5.75959 3
    endloop
  endfacet
  facet normal 0.207903 0.978149 0
    outer loop
      vertex 4.45922 5.83565 3
      vertex 4.81707 5.75959 0
      vertex 4.45922 5.83565 0
    endloop
  endfacet
  facet normal 0.743147 0.669128 0
    outer loop
      vertex 3.82902 6.1995 3
      vertex 3.58422 6.47138 0
      vertex 3.58422 6.47138 3
    endloop
  endfacet
  facet normal 0.743147 0.669128 0
    outer loop
      vertex 3.58422 6.47138 0
      vertex 3.82902 6.1995 3
      vertex 3.82902 6.1995 0
    endloop
  endfacet
  facet normal 0.40675 -0.91354 0
    outer loop
      vertex 4.125 9.01554 0
      vertex 4.45922 9.16435 3
      vertex 4.125 9.01554 3
    endloop
  endfacet
  facet normal 0.40675 -0.91354 0
    outer loop
      vertex 4.45922 9.16435 3
      vertex 4.125 9.01554 0
      vertex 4.45922 9.16435 0
    endloop
  endfacet
  facet normal 0.866016 0.500017 0
    outer loop
      vertex 3.58422 6.47138 3
      vertex 3.40129 6.78821 0
      vertex 3.40129 6.78821 3
    endloop
  endfacet
  facet normal 0.866016 0.500017 0
    outer loop
      vertex 3.40129 6.78821 0
      vertex 3.58422 6.47138 3
      vertex 3.58422 6.47138 0
    endloop
  endfacet
  facet normal 0.866016 -0.500017 0
    outer loop
      vertex 3.40129 8.21179 3
      vertex 3.58422 8.52862 0
      vertex 3.58422 8.52862 3
    endloop
  endfacet
  facet normal 0.866016 -0.500017 0
    outer loop
      vertex 3.58422 8.52862 0
      vertex 3.40129 8.21179 3
      vertex 3.40129 8.21179 0
    endloop
  endfacet
  facet normal 0.994523 0.104523 0
    outer loop
      vertex 3.28824 7.13615 3
      vertex 3.25 7.5 0
      vertex 3.25 7.5 3
    endloop
  endfacet
  facet normal 0.994523 0.104523 0
    outer loop
      vertex 3.25 7.5 0
      vertex 3.28824 7.13615 3
      vertex 3.28824 7.13615 0
    endloop
  endfacet
  facet normal -0.207897 0.978151 0
    outer loop
      vertex 5.54078 5.83565 0
      vertex 5.18292 5.75959 3
      vertex 5.54078 5.83565 3
    endloop
  endfacet
  facet normal -0.207897 0.978151 0
    outer loop
      vertex 5.18292 5.75959 3
      vertex 5.54078 5.83565 0
      vertex 5.18292 5.75959 0
    endloop
  endfacet
  facet normal 0.207903 -0.978149 0
    outer loop
      vertex 4.45922 9.16435 0
      vertex 4.81707 9.24041 3
      vertex 4.45922 9.16435 3
    endloop
  endfacet
  facet normal 0.207903 -0.978149 0
    outer loop
      vertex 4.81707 9.24041 3
      vertex 4.45922 9.16435 0
      vertex 4.81707 9.24041 0
    endloop
  endfacet
  facet normal -0.902738 0.293337 0.314669
    outer loop
      vertex 6.5987 6.78821 3
      vertex 7.24542 6.63303 5
      vertex 6.71176 7.13615 3
    endloop
  endfacet
  facet normal -0.902731 0.29336 0.314669
    outer loop
      vertex 7.24542 6.63303 5
      vertex 6.5987 6.78821 3
      vertex 7.20773 6.51705 5
    endloop
  endfacet
  facet normal -0.3861 -0.867128 0.314668
    outer loop
      vertex 5.875 9.01554 3
      vertex 6.20833 9.59289 5
      vertex 5.8582 9.74879 5
    endloop
  endfacet
  facet normal -0.557923 0.767923 0.314668
    outer loop
      vertex 6.17098 6.1995 3
      vertex 6.51841 5.63239 5
      vertex 6.61707 5.70407 5
    endloop
  endfacet
  facet normal -0.557923 0.767923 0.314668
    outer loop
      vertex 6.51841 5.63239 5
      vertex 6.17098 6.1995 3
      vertex 5.875 5.98446 3
    endloop
  endfacet
  facet normal -0.944 -0.0992368 0.314668
    outer loop
      vertex 7.41667 7.5 5
      vertex 7.3766 7.88117 5
      vertex 6.75 7.5 3
    endloop
  endfacet
  facet normal -0.944008 -0.0991644 0.314666
    outer loop
      vertex 6.71176 7.86384 3
      vertex 7.3766 7.88117 5
      vertex 7.36386 8.00245 5
    endloop
  endfacet
  facet normal -0.944003 -0.0992158 0.314665
    outer loop
      vertex 7.3766 7.88117 5
      vertex 6.71176 7.86384 3
      vertex 6.75 7.5 3
    endloop
  endfacet
  facet normal 0.902747 0.293314 0.314666
    outer loop
      vertex 2.75458 6.63303 5
      vertex 3.40129 6.78821 3
      vertex 3.28824 7.13615 3
    endloop
  endfacet
  facet normal 0.902755 0.29329 0.314667
    outer loop
      vertex 3.40129 6.78821 3
      vertex 2.75458 6.63303 5
      vertex 2.79226 6.51705 5
    endloop
  endfacet
  facet normal 0.902755 -0.29329 0.314667
    outer loop
      vertex 2.75458 8.36697 5
      vertex 3.40129 8.21179 3
      vertex 2.79226 8.48295 5
    endloop
  endfacet
  facet normal 0.90275 -0.293306 0.314666
    outer loop
      vertex 3.40129 8.21179 3
      vertex 2.75458 8.36697 5
      vertex 3.28824 7.86384 3
    endloop
  endfacet
  facet normal 0.197338 0.928462 0.314668
    outer loop
      vertex 4.6281 5.12193 5
      vertex 4.45922 5.83565 3
      vertex 4.25321 5.20161 5
    endloop
  endfacet
  facet normal 0.705398 -0.635136 0.314668
    outer loop
      vertex 3.82902 8.8005 3
      vertex 3.38293 9.29593 5
      vertex 3.12648 9.01111 5
    endloop
  endfacet
  facet normal -0.902745 0.29332 0.314667
    outer loop
      vertex 7.24542 6.63303 5
      vertex 7.36386 6.99755 5
      vertex 6.71176 7.13615 3
    endloop
  endfacet
  facet normal 0.705398 0.635136 0.314668
    outer loop
      vertex 3.38293 5.70407 5
      vertex 3.82902 6.1995 3
      vertex 3.12648 5.98889 5
    endloop
  endfacet
  facet normal -0.386055 0.867146 0.314674
    outer loop
      vertex 5.875 5.98446 3
      vertex 5.74679 5.20161 5
      vertex 5.8582 5.25121 5
    endloop
  endfacet
  facet normal -0.386087 0.867134 0.314668
    outer loop
      vertex 5.74679 5.20161 5
      vertex 5.875 5.98446 3
      vertex 5.54078 5.83565 3
    endloop
  endfacet
  facet normal 0.902745 0.29332 0.314667
    outer loop
      vertex 2.75458 6.63303 5
      vertex 3.28824 7.13615 3
      vertex 2.63614 6.99755 5
    endloop
  endfacet
  facet normal -0.557923 -0.767923 0.314668
    outer loop
      vertex 6.17098 8.8005 3
      vertex 6.51841 9.36761 5
      vertex 5.875 9.01554 3
    endloop
  endfacet
  facet normal -0.557923 -0.767923 0.314668
    outer loop
      vertex 6.51841 9.36761 5
      vertex 6.17098 8.8005 3
      vertex 6.61707 9.29593 5
    endloop
  endfacet
  facet normal -0.386079 0.867136 0.314671
    outer loop
      vertex 6.20833 5.4071 5
      vertex 5.875 5.98446 3
      vertex 5.8582 5.25121 5
    endloop
  endfacet
  facet normal -0.197397 -0.928449 0.314669
    outer loop
      vertex 5.18292 9.24041 3
      vertex 5.37189 9.87807 5
      vertex 5.25261 9.90343 5
    endloop
  endfacet
  facet normal -0.197337 -0.928463 0.314667
    outer loop
      vertex 5.37189 9.87807 5
      vertex 5.18292 9.24041 3
      vertex 5.54078 9.16435 3
    endloop
  endfacet
  facet normal 0.822027 0.474612 0.314667
    outer loop
      vertex 2.9839 6.18513 5
      vertex 3.40129 6.78821 3
      vertex 2.79226 6.51705 5
    endloop
  endfacet
  facet normal -0.197337 0.928463 0.314667
    outer loop
      vertex 5.18292 5.75959 3
      vertex 5.37189 5.12193 5
      vertex 5.54078 5.83565 3
    endloop
  endfacet
  facet normal -0.197397 0.928449 0.314669
    outer loop
      vertex 5.37189 5.12193 5
      vertex 5.18292 5.75959 3
      vertex 5.25261 5.09657 5
    endloop
  endfacet
  facet normal 0.822027 -0.474612 0.314667
    outer loop
      vertex 3.40129 8.21179 3
      vertex 2.9839 8.81487 5
      vertex 2.79226 8.48295 5
    endloop
  endfacet
  facet normal -0.822037 0.474593 0.314668
    outer loop
      vertex 7.0161 6.18513 5
      vertex 7.20773 6.51705 5
      vertex 6.5987 6.78821 3
    endloop
  endfacet
  facet normal 0.705408 -0.635124 0.31467
    outer loop
      vertex 3.04488 8.92048 5
      vertex 3.82902 8.8005 3
      vertex 3.12648 9.01111 5
    endloop
  endfacet
  facet normal 0.705397 -0.635138 0.314667
    outer loop
      vertex 3.82902 8.8005 3
      vertex 3.04488 8.92048 5
      vertex 3.58422 8.52862 3
    endloop
  endfacet
  facet normal -0.197333 -0.928463 0.314668
    outer loop
      vertex 5.54078 9.16435 3
      vertex 5.74679 9.79839 5
      vertex 5.37189 9.87807 5
    endloop
  endfacet
  facet normal -0.705397 0.635138 0.314667
    outer loop
      vertex 6.17098 6.1995 3
      vertex 6.95512 6.07952 5
      vertex 6.41578 6.47138 3
    endloop
  endfacet
  facet normal -0.705408 0.635124 0.31467
    outer loop
      vertex 6.95512 6.07952 5
      vertex 6.17098 6.1995 3
      vertex 6.87352 5.98889 5
    endloop
  endfacet
  facet normal -0.557932 0.767916 0.31467
    outer loop
      vertex 6.20833 5.4071 5
      vertex 6.51841 5.63239 5
      vertex 5.875 5.98446 3
    endloop
  endfacet
  facet normal 0.944003 0.0992123 0.314668
    outer loop
      vertex 2.63614 6.99755 5
      vertex 3.28824 7.13615 3
      vertex 2.59608 7.37872 5
    endloop
  endfacet
  facet normal -0.705398 0.635136 0.314668
    outer loop
      vertex 6.61707 5.70407 5
      vertex 6.87352 5.98889 5
      vertex 6.17098 6.1995 3
    endloop
  endfacet
  facet normal 0.557923 0.767923 0.314668
    outer loop
      vertex 3.82902 6.1995 3
      vertex 3.48159 5.63239 5
      vertex 4.125 5.98446 3
    endloop
  endfacet
  facet normal 0.557923 0.767923 0.314668
    outer loop
      vertex 3.48159 5.63239 5
      vertex 3.82902 6.1995 3
      vertex 3.38293 5.70407 5
    endloop
  endfacet
  facet normal -0.944004 0.0992131 0.314665
    outer loop
      vertex 6.71176 7.13615 3
      vertex 7.3766 7.11883 5
      vertex 6.75 7.5 3
    endloop
  endfacet
  facet normal -0.944008 0.0991645 0.314666
    outer loop
      vertex 7.3766 7.11883 5
      vertex 6.71176 7.13615 3
      vertex 7.36386 6.99755 5
    endloop
  endfacet
  facet normal -0.944 0.0992368 0.314668
    outer loop
      vertex 7.3766 7.11883 5
      vertex 7.41667 7.5 5
      vertex 6.75 7.5 3
    endloop
  endfacet
  facet normal 0.944 0.0992414 0.314668
    outer loop
      vertex 2.59608 7.37872 5
      vertex 3.25 7.5 3
      vertex 2.58333 7.5 5
    endloop
  endfacet
  facet normal 0.944003 0.099213 0.314667
    outer loop
      vertex 3.25 7.5 3
      vertex 2.59608 7.37872 5
      vertex 3.28824 7.13615 3
    endloop
  endfacet
  facet normal 0.386079 0.867136 0.314671
    outer loop
      vertex 4.1418 5.25121 5
      vertex 4.125 5.98446 3
      vertex 3.79167 5.4071 5
    endloop
  endfacet
  facet normal -0.902744 -0.29332 0.314668
    outer loop
      vertex 7.36386 8.00245 5
      vertex 7.24542 8.36697 5
      vertex 6.71176 7.86384 3
    endloop
  endfacet
  facet normal 0.197338 -0.928462 0.314668
    outer loop
      vertex 4.45922 9.16435 3
      vertex 4.6281 9.87807 5
      vertex 4.25321 9.79839 5
    endloop
  endfacet
  facet normal 0.197342 -0.928461 0.314667
    outer loop
      vertex 4.81707 9.24041 3
      vertex 4.6281 9.87807 5
      vertex 4.45922 9.16435 3
    endloop
  endfacet
  facet normal 0.197381 -0.928453 0.314668
    outer loop
      vertex 4.6281 9.87807 5
      vertex 4.81707 9.24041 3
      vertex 4.74739 9.90343 5
    endloop
  endfacet
  facet normal 0.705397 0.635138 0.314667
    outer loop
      vertex 3.04488 6.07952 5
      vertex 3.82902 6.1995 3
      vertex 3.58422 6.47138 3
    endloop
  endfacet
  facet normal 0.705408 0.635124 0.31467
    outer loop
      vertex 3.82902 6.1995 3
      vertex 3.04488 6.07952 5
      vertex 3.12648 5.98889 5
    endloop
  endfacet
  facet normal 0.822024 0.474617 0.314668
    outer loop
      vertex 2.9839 6.18513 5
      vertex 3.58422 6.47138 3
      vertex 3.40129 6.78821 3
    endloop
  endfacet
  facet normal 0.822013 0.474636 0.314668
    outer loop
      vertex 3.58422 6.47138 3
      vertex 2.9839 6.18513 5
      vertex 3.04488 6.07952 5
    endloop
  endfacet
  facet normal 0 -0.949201 0.31467
    outer loop
      vertex 4.81707 9.24041 3
      vertex 5.25261 9.90343 5
      vertex 4.74739 9.90343 5
    endloop
  endfacet
  facet normal 0 -0.949201 0.31467
    outer loop
      vertex 5.25261 9.90343 5
      vertex 4.81707 9.24041 3
      vertex 5.18292 9.24041 3
    endloop
  endfacet
  facet normal -0.705398 -0.635136 0.314668
    outer loop
      vertex 6.87352 9.01111 5
      vertex 6.61707 9.29593 5
      vertex 6.17098 8.8005 3
    endloop
  endfacet
  facet normal 0.197381 0.928453 0.314668
    outer loop
      vertex 4.81707 5.75959 3
      vertex 4.6281 5.12193 5
      vertex 4.74739 5.09657 5
    endloop
  endfacet
  facet normal 0.197342 0.928461 0.314667
    outer loop
      vertex 4.6281 5.12193 5
      vertex 4.81707 5.75959 3
      vertex 4.45922 5.83565 3
    endloop
  endfacet
  facet normal 0 0.949201 0.31467
    outer loop
      vertex 5.18292 5.75959 3
      vertex 4.74739 5.09657 5
      vertex 5.25261 5.09657 5
    endloop
  endfacet
  facet normal 0 0.949201 0.31467
    outer loop
      vertex 4.74739 5.09657 5
      vertex 5.18292 5.75959 3
      vertex 4.81707 5.75959 3
    endloop
  endfacet
  facet normal 0.822013 -0.474636 0.314668
    outer loop
      vertex 2.9839 8.81487 5
      vertex 3.58422 8.52862 3
      vertex 3.04488 8.92048 5
    endloop
  endfacet
  facet normal 0.822024 -0.474617 0.314668
    outer loop
      vertex 3.58422 8.52862 3
      vertex 2.9839 8.81487 5
      vertex 3.40129 8.21179 3
    endloop
  endfacet
  facet normal -0.197333 0.928463 0.314668
    outer loop
      vertex 5.74679 5.20161 5
      vertex 5.54078 5.83565 3
      vertex 5.37189 5.12193 5
    endloop
  endfacet
  facet normal 0.3861 -0.867128 0.314668
    outer loop
      vertex 4.125 9.01554 3
      vertex 4.1418 9.74879 5
      vertex 3.79167 9.59289 5
    endloop
  endfacet
  facet normal 0.557917 -0.767928 0.314667
    outer loop
      vertex 4.125 9.01554 3
      vertex 3.79167 9.59289 5
      vertex 3.48159 9.36761 5
    endloop
  endfacet
  facet normal 0.944003 -0.0992123 0.314668
    outer loop
      vertex 3.28824 7.86384 3
      vertex 2.63614 8.00245 5
      vertex 2.59608 7.62128 5
    endloop
  endfacet
  facet normal -0.557917 -0.767928 0.314667
    outer loop
      vertex 6.51841 9.36761 5
      vertex 6.20833 9.59289 5
      vertex 5.875 9.01554 3
    endloop
  endfacet
  facet normal -0.822035 0.474597 0.314669
    outer loop
      vertex 6.41578 6.47138 3
      vertex 7.0161 6.18513 5
      vertex 6.5987 6.78821 3
    endloop
  endfacet
  facet normal -0.822013 0.474636 0.314668
    outer loop
      vertex 7.0161 6.18513 5
      vertex 6.41578 6.47138 3
      vertex 6.95512 6.07952 5
    endloop
  endfacet
  facet normal -0.386087 -0.867134 0.314668
    outer loop
      vertex 5.875 9.01554 3
      vertex 5.74679 9.79839 5
      vertex 5.54078 9.16435 3
    endloop
  endfacet
  facet normal -0.386055 -0.867146 0.314674
    outer loop
      vertex 5.74679 9.79839 5
      vertex 5.875 9.01554 3
      vertex 5.8582 9.74879 5
    endloop
  endfacet
  facet normal 0.902744 -0.29332 0.314668
    outer loop
      vertex 3.28824 7.86384 3
      vertex 2.75458 8.36697 5
      vertex 2.63614 8.00245 5
    endloop
  endfacet
  facet normal 0.557923 -0.767923 0.314668
    outer loop
      vertex 3.82902 8.8005 3
      vertex 3.48159 9.36761 5
      vertex 3.38293 9.29593 5
    endloop
  endfacet
  facet normal 0.557923 -0.767923 0.314668
    outer loop
      vertex 3.48159 9.36761 5
      vertex 3.82902 8.8005 3
      vertex 4.125 9.01554 3
    endloop
  endfacet
  facet normal 0.386087 0.867134 0.314668
    outer loop
      vertex 4.125 5.98446 3
      vertex 4.25321 5.20161 5
      vertex 4.45922 5.83565 3
    endloop
  endfacet
  facet normal 0.386055 0.867146 0.314674
    outer loop
      vertex 4.25321 5.20161 5
      vertex 4.125 5.98446 3
      vertex 4.1418 5.25121 5
    endloop
  endfacet
  facet normal 0.557932 0.767916 0.31467
    outer loop
      vertex 3.79167 5.4071 5
      vertex 4.125 5.98446 3
      vertex 3.48159 5.63239 5
    endloop
  endfacet
  facet normal -0.705408 -0.635124 0.31467
    outer loop
      vertex 6.17098 8.8005 3
      vertex 6.95512 8.92048 5
      vertex 6.87352 9.01111 5
    endloop
  endfacet
  facet normal -0.705397 -0.635138 0.314667
    outer loop
      vertex 6.95512 8.92048 5
      vertex 6.17098 8.8005 3
      vertex 6.41578 8.52862 3
    endloop
  endfacet
  facet normal -0.822037 -0.474593 0.314668
    outer loop
      vertex 7.20773 8.48295 5
      vertex 7.0161 8.81487 5
      vertex 6.5987 8.21179 3
    endloop
  endfacet
  facet normal -0.902731 -0.29336 0.314669
    outer loop
      vertex 6.5987 8.21179 3
      vertex 7.24542 8.36697 5
      vertex 7.20773 8.48295 5
    endloop
  endfacet
  facet normal -0.902741 -0.293329 0.31467
    outer loop
      vertex 7.24542 8.36697 5
      vertex 6.5987 8.21179 3
      vertex 6.71176 7.86384 3
    endloop
  endfacet
  facet normal 0.386055 -0.867146 0.314674
    outer loop
      vertex 4.125 9.01554 3
      vertex 4.25321 9.79839 5
      vertex 4.1418 9.74879 5
    endloop
  endfacet
  facet normal 0.386087 -0.867134 0.314668
    outer loop
      vertex 4.25321 9.79839 5
      vertex 4.125 9.01554 3
      vertex 4.45922 9.16435 3
    endloop
  endfacet
  facet normal 0.944 -0.0992414 0.314668
    outer loop
      vertex 3.25 7.5 3
      vertex 2.59608 7.62128 5
      vertex 2.58333 7.5 5
    endloop
  endfacet
  facet normal 0.944002 -0.0992157 0.314667
    outer loop
      vertex 2.59608 7.62128 5
      vertex 3.25 7.5 3
      vertex 3.28824 7.86384 3
    endloop
  endfacet
  facet normal -0.822013 -0.474636 0.314668
    outer loop
      vertex 6.41578 8.52862 3
      vertex 7.0161 8.81487 5
      vertex 6.95512 8.92048 5
    endloop
  endfacet
  facet normal -0.822035 -0.474597 0.314669
    outer loop
      vertex 7.0161 8.81487 5
      vertex 6.41578 8.52862 3
      vertex 6.5987 8.21179 3
    endloop
  endfacet
  facet normal -0.951021 -0.309126 0
    outer loop
      vertex 46.7118 7.86384 0
      vertex 46.5987 8.21179 3
      vertex 46.5987 8.21179 0
    endloop
  endfacet
  facet normal -0.951021 -0.309126 0
    outer loop
      vertex 46.5987 8.21179 3
      vertex 46.7118 7.86384 0
      vertex 46.7118 7.86384 3
    endloop
  endfacet
  facet normal -0.994534 -0.104417 0
    outer loop
      vertex 46.75 7.5 0
      vertex 46.7118 7.86384 3
      vertex 46.7118 7.86384 0
    endloop
  endfacet
  facet normal -0.994534 -0.104417 0
    outer loop
      vertex 46.7118 7.86384 3
      vertex 46.75 7.5 0
      vertex 46.75 7.5 3
    endloop
  endfacet
  facet normal -0.866051 -0.499955 0
    outer loop
      vertex 46.5987 8.21179 0
      vertex 46.4158 8.52862 3
      vertex 46.4158 8.52862 0
    endloop
  endfacet
  facet normal -0.866051 -0.499955 0
    outer loop
      vertex 46.4158 8.52862 3
      vertex 46.5987 8.21179 0
      vertex 46.5987 8.21179 3
    endloop
  endfacet
  facet normal 0.587756 0.809039 -0
    outer loop
      vertex 44.125 5.98446 0
      vertex 43.829 6.1995 3
      vertex 44.125 5.98446 3
    endloop
  endfacet
  facet normal 0.587756 0.809039 0
    outer loop
      vertex 43.829 6.1995 3
      vertex 44.125 5.98446 0
      vertex 43.829 6.1995 0
    endloop
  endfacet
  facet normal 0.994534 -0.104417 0
    outer loop
      vertex 43.25 7.5 3
      vertex 43.2882 7.86384 0
      vertex 43.2882 7.86384 3
    endloop
  endfacet
  facet normal 0.994534 -0.104417 0
    outer loop
      vertex 43.2882 7.86384 0
      vertex 43.25 7.5 3
      vertex 43.25 7.5 0
    endloop
  endfacet
  facet normal -0.994534 0.104414 0
    outer loop
      vertex 46.7118 7.13615 0
      vertex 46.75 7.5 3
      vertex 46.75 7.5 0
    endloop
  endfacet
  facet normal -0.994534 0.104414 0
    outer loop
      vertex 46.75 7.5 3
      vertex 46.7118 7.13615 0
      vertex 46.7118 7.13615 3
    endloop
  endfacet
  facet normal -0.40677 0.913531 0
    outer loop
      vertex 45.875 5.98446 0
      vertex 45.5408 5.83565 3
      vertex 45.875 5.98446 3
    endloop
  endfacet
  facet normal -0.40677 0.913531 0
    outer loop
      vertex 45.5408 5.83565 3
      vertex 45.875 5.98446 0
      vertex 45.5408 5.83565 0
    endloop
  endfacet
  facet normal -0.866051 0.499955 0
    outer loop
      vertex 46.4158 6.47138 0
      vertex 46.5987 6.78821 3
      vertex 46.5987 6.78821 0
    endloop
  endfacet
  facet normal -0.866051 0.499955 0
    outer loop
      vertex 46.5987 6.78821 3
      vertex 46.4158 6.47138 0
      vertex 46.4158 6.47138 3
    endloop
  endfacet
  facet normal -0.587756 -0.809039 0
    outer loop
      vertex 45.875 9.01554 0
      vertex 46.171 8.8005 3
      vertex 45.875 9.01554 3
    endloop
  endfacet
  facet normal -0.587756 -0.809039 -0
    outer loop
      vertex 46.171 8.8005 3
      vertex 45.875 9.01554 0
      vertex 46.171 8.8005 0
    endloop
  endfacet
  facet normal -0.951018 0.309134 0
    outer loop
      vertex 46.5987 6.78821 0
      vertex 46.7118 7.13615 3
      vertex 46.7118 7.13615 0
    endloop
  endfacet
  facet normal -0.951018 0.309134 0
    outer loop
      vertex 46.7118 7.13615 3
      vertex 46.5987 6.78821 0
      vertex 46.5987 6.78821 3
    endloop
  endfacet
  facet normal 0 -1 0
    outer loop
      vertex 44.8171 9.24041 0
      vertex 45.1829 9.24041 3
      vertex 44.8171 9.24041 3
    endloop
  endfacet
  facet normal 0 -1 -0
    outer loop
      vertex 45.1829 9.24041 3
      vertex 44.8171 9.24041 0
      vertex 45.1829 9.24041 0
    endloop
  endfacet
  facet normal -0.207875 -0.978155 0
    outer loop
      vertex 45.1829 9.24041 0
      vertex 45.5408 9.16435 3
      vertex 45.1829 9.24041 3
    endloop
  endfacet
  facet normal -0.207875 -0.978155 -0
    outer loop
      vertex 45.5408 9.16435 3
      vertex 45.1829 9.24041 0
      vertex 45.5408 9.16435 0
    endloop
  endfacet
  facet normal 0 1 -0
    outer loop
      vertex 45.1829 5.75959 0
      vertex 44.8171 5.75959 3
      vertex 45.1829 5.75959 3
    endloop
  endfacet
  facet normal 0 1 0
    outer loop
      vertex 44.8171 5.75959 3
      vertex 45.1829 5.75959 0
      vertex 44.8171 5.75959 0
    endloop
  endfacet
  facet normal 0.951021 -0.309126 0
    outer loop
      vertex 43.2882 7.86384 3
      vertex 43.4013 8.21179 0
      vertex 43.4013 8.21179 3
    endloop
  endfacet
  facet normal 0.951021 -0.309126 0
    outer loop
      vertex 43.4013 8.21179 0
      vertex 43.2882 7.86384 3
      vertex 43.2882 7.86384 0
    endloop
  endfacet
  facet normal 0.40677 -0.913531 0
    outer loop
      vertex 44.125 9.01554 0
      vertex 44.4592 9.16435 3
      vertex 44.125 9.01554 3
    endloop
  endfacet
  facet normal 0.40677 -0.913531 0
    outer loop
      vertex 44.4592 9.16435 3
      vertex 44.125 9.01554 0
      vertex 44.4592 9.16435 0
    endloop
  endfacet
  facet normal -0.40677 -0.913531 0
    outer loop
      vertex 45.5408 9.16435 0
      vertex 45.875 9.01554 3
      vertex 45.5408 9.16435 3
    endloop
  endfacet
  facet normal -0.40677 -0.913531 -0
    outer loop
      vertex 45.875 9.01554 3
      vertex 45.5408 9.16435 0
      vertex 45.875 9.01554 0
    endloop
  endfacet
  facet normal -0.743147 0.669128 0
    outer loop
      vertex 46.171 6.1995 0
      vertex 46.4158 6.47138 3
      vertex 46.4158 6.47138 0
    endloop
  endfacet
  facet normal -0.743147 0.669128 0
    outer loop
      vertex 46.4158 6.47138 3
      vertex 46.171 6.1995 0
      vertex 46.171 6.1995 3
    endloop
  endfacet
  facet normal 0.40677 0.913531 -0
    outer loop
      vertex 44.4592 5.83565 0
      vertex 44.125 5.98446 3
      vertex 44.4592 5.83565 3
    endloop
  endfacet
  facet normal 0.40677 0.913531 0
    outer loop
      vertex 44.125 5.98446 3
      vertex 44.4592 5.83565 0
      vertex 44.125 5.98446 0
    endloop
  endfacet
  facet normal 0.587756 -0.809039 0
    outer loop
      vertex 43.829 8.8005 0
      vertex 44.125 9.01554 3
      vertex 43.829 8.8005 3
    endloop
  endfacet
  facet normal 0.587756 -0.809039 0
    outer loop
      vertex 44.125 9.01554 3
      vertex 43.829 8.8005 0
      vertex 44.125 9.01554 0
    endloop
  endfacet
  facet normal -0.587756 0.809039 0
    outer loop
      vertex 46.171 6.1995 0
      vertex 45.875 5.98446 3
      vertex 46.171 6.1995 3
    endloop
  endfacet
  facet normal -0.587756 0.809039 0
    outer loop
      vertex 45.875 5.98446 3
      vertex 46.171 6.1995 0
      vertex 45.875 5.98446 0
    endloop
  endfacet
  facet normal 0.743147 -0.669128 0
    outer loop
      vertex 43.5842 8.52862 3
      vertex 43.829 8.8005 0
      vertex 43.829 8.8005 3
    endloop
  endfacet
  facet normal 0.743147 -0.669128 0
    outer loop
      vertex 43.829 8.8005 0
      vertex 43.5842 8.52862 3
      vertex 43.5842 8.52862 0
    endloop
  endfacet
  facet normal -0.743147 -0.669128 0
    outer loop
      vertex 46.4158 8.52862 0
      vertex 46.171 8.8005 3
      vertex 46.171 8.8005 0
    endloop
  endfacet
  facet normal -0.743147 -0.669128 0
    outer loop
      vertex 46.171 8.8005 3
      vertex 46.4158 8.52862 0
      vertex 46.4158 8.52862 3
    endloop
  endfacet
  facet normal 0.951018 0.309134 0
    outer loop
      vertex 43.4013 6.78821 3
      vertex 43.2882 7.13615 0
      vertex 43.2882 7.13615 3
    endloop
  endfacet
  facet normal 0.951018 0.309134 0
    outer loop
      vertex 43.2882 7.13615 0
      vertex 43.4013 6.78821 3
      vertex 43.4013 6.78821 0
    endloop
  endfacet
  facet normal 0.207875 0.978155 -0
    outer loop
      vertex 44.8171 5.75959 0
      vertex 44.4592 5.83565 3
      vertex 44.8171 5.75959 3
    endloop
  endfacet
  facet normal 0.207875 0.978155 0
    outer loop
      vertex 44.4592 5.83565 3
      vertex 44.8171 5.75959 0
      vertex 44.4592 5.83565 0
    endloop
  endfacet
  facet normal 0.743147 0.669128 0
    outer loop
      vertex 43.829 6.1995 3
      vertex 43.5842 6.47138 0
      vertex 43.5842 6.47138 3
    endloop
  endfacet
  facet normal 0.743147 0.669128 0
    outer loop
      vertex 43.5842 6.47138 0
      vertex 43.829 6.1995 3
      vertex 43.829 6.1995 0
    endloop
  endfacet
  facet normal 0.866051 0.499955 0
    outer loop
      vertex 43.5842 6.47138 3
      vertex 43.4013 6.78821 0
      vertex 43.4013 6.78821 3
    endloop
  endfacet
  facet normal 0.866051 0.499955 0
    outer loop
      vertex 43.4013 6.78821 0
      vertex 43.5842 6.47138 3
      vertex 43.5842 6.47138 0
    endloop
  endfacet
  facet normal 0.866051 -0.499955 0
    outer loop
      vertex 43.4013 8.21179 3
      vertex 43.5842 8.52862 0
      vertex 43.5842 8.52862 3
    endloop
  endfacet
  facet normal 0.866051 -0.499955 0
    outer loop
      vertex 43.5842 8.52862 0
      vertex 43.4013 8.21179 3
      vertex 43.4013 8.21179 0
    endloop
  endfacet
  facet normal 0.994534 0.104414 0
    outer loop
      vertex 43.2882 7.13615 3
      vertex 43.25 7.5 0
      vertex 43.25 7.5 3
    endloop
  endfacet
  facet normal 0.994534 0.104414 0
    outer loop
      vertex 43.25 7.5 0
      vertex 43.2882 7.13615 3
      vertex 43.2882 7.13615 0
    endloop
  endfacet
  facet normal -0.207875 0.978155 0
    outer loop
      vertex 45.5408 5.83565 0
      vertex 45.1829 5.75959 3
      vertex 45.5408 5.83565 3
    endloop
  endfacet
  facet normal -0.207875 0.978155 0
    outer loop
      vertex 45.1829 5.75959 3
      vertex 45.5408 5.83565 0
      vertex 45.1829 5.75959 0
    endloop
  endfacet
  facet normal 0.207875 -0.978155 0
    outer loop
      vertex 44.4592 9.16435 0
      vertex 44.8171 9.24041 3
      vertex 44.4592 9.16435 3
    endloop
  endfacet
  facet normal 0.207875 -0.978155 0
    outer loop
      vertex 44.8171 9.24041 3
      vertex 44.4592 9.16435 0
      vertex 44.8171 9.24041 0
    endloop
  endfacet
  facet normal -0.902711 0.293432 0.314659
    outer loop
      vertex 46.5987 6.78821 3
      vertex 47.2454 6.63303 5
      vertex 46.7118 7.13615 3
    endloop
  endfacet
  facet normal -0.902711 0.293432 0.314659
    outer loop
      vertex 47.2454 6.63303 5
      vertex 46.5987 6.78821 3
      vertex 47.2077 6.51705 5
    endloop
  endfacet
  facet normal -0.386128 -0.867117 0.314663
    outer loop
      vertex 45.875 9.01554 3
      vertex 46.2083 9.59289 5
      vertex 45.8582 9.74879 5
    endloop
  endfacet
  facet normal -0.557776 0.768031 0.314665
    outer loop
      vertex 46.171 6.1995 3
      vertex 46.5184 5.63239 5
      vertex 46.6171 5.70407 5
    endloop
  endfacet
  facet normal -0.5579 0.767943 0.314661
    outer loop
      vertex 46.5184 5.63239 5
      vertex 46.171 6.1995 3
      vertex 45.875 5.98446 3
    endloop
  endfacet
  facet normal -0.943989 -0.0993099 0.314679
    outer loop
      vertex 47.4167 7.5 5
      vertex 47.3766 7.88117 5
      vertex 46.75 7.5 3
    endloop
  endfacet
  facet normal -0.944044 -0.0988568 0.314657
    outer loop
      vertex 46.7118 7.86384 3
      vertex 47.3766 7.88117 5
      vertex 47.3639 8.00245 5
    endloop
  endfacet
  facet normal -0.944019 -0.0991137 0.314651
    outer loop
      vertex 47.3766 7.88117 5
      vertex 46.7118 7.86384 3
      vertex 46.75 7.5 3
    endloop
  endfacet
  facet normal 0.902711 0.293432 0.314659
    outer loop
      vertex 42.7546 6.63303 5
      vertex 43.4013 6.78821 3
      vertex 43.2882 7.13615 3
    endloop
  endfacet
  facet normal 0.902711 0.293432 0.314659
    outer loop
      vertex 43.4013 6.78821 3
      vertex 42.7546 6.63303 5
      vertex 42.7923 6.51705 5
    endloop
  endfacet
  facet normal 0.902711 -0.293432 0.314659
    outer loop
      vertex 42.7546 8.36697 5
      vertex 43.4013 8.21179 3
      vertex 42.7923 8.48295 5
    endloop
  endfacet
  facet normal 0.902714 -0.293424 0.314659
    outer loop
      vertex 43.4013 8.21179 3
      vertex 42.7546 8.36697 5
      vertex 43.2882 7.86384 3
    endloop
  endfacet
  facet normal 0.197333 0.928464 0.314667
    outer loop
      vertex 44.6281 5.12193 5
      vertex 44.4592 5.83565 3
      vertex 44.2532 5.20161 5
    endloop
  endfacet
  facet normal 0.70546 -0.635067 0.314668
    outer loop
      vertex 43.829 8.8005 3
      vertex 43.3829 9.29593 5
      vertex 43.1265 9.01111 5
    endloop
  endfacet
  facet normal -0.902702 0.293455 0.314663
    outer loop
      vertex 47.2454 6.63303 5
      vertex 47.3639 6.99755 5
      vertex 46.7118 7.13615 3
    endloop
  endfacet
  facet normal 0.70546 0.635067 0.314668
    outer loop
      vertex 43.3829 5.70407 5
      vertex 43.829 6.1995 3
      vertex 43.1265 5.98889 5
    endloop
  endfacet
  facet normal -0.386085 0.867134 0.31467
    outer loop
      vertex 45.875 5.98446 3
      vertex 45.7468 5.20161 5
      vertex 45.8582 5.25121 5
    endloop
  endfacet
  facet normal -0.386107 0.867126 0.314665
    outer loop
      vertex 45.7468 5.20161 5
      vertex 45.875 5.98446 3
      vertex 45.5408 5.83565 3
    endloop
  endfacet
  facet normal 0.902702 0.293455 0.314663
    outer loop
      vertex 42.7546 6.63303 5
      vertex 43.2882 7.13615 3
      vertex 42.6361 6.99755 5
    endloop
  endfacet
  facet normal -0.5579 -0.767943 0.314661
    outer loop
      vertex 46.171 8.8005 3
      vertex 46.5184 9.36761 5
      vertex 45.875 9.01554 3
    endloop
  endfacet
  facet normal -0.557776 -0.768031 0.314665
    outer loop
      vertex 46.5184 9.36761 5
      vertex 46.171 8.8005 3
      vertex 46.6171 9.29593 5
    endloop
  endfacet
  facet normal -0.386107 0.867125 0.314666
    outer loop
      vertex 46.2083 5.4071 5
      vertex 45.875 5.98446 3
      vertex 45.8582 5.25121 5
    endloop
  endfacet
  facet normal -0.197365 -0.928455 0.31467
    outer loop
      vertex 45.1829 9.24041 3
      vertex 45.3719 9.87807 5
      vertex 45.2526 9.90343 5
    endloop
  endfacet
  facet normal -0.197315 -0.928466 0.314669
    outer loop
      vertex 45.3719 9.87807 5
      vertex 45.1829 9.24041 3
      vertex 45.5408 9.16435 3
    endloop
  endfacet
  facet normal 0.822072 0.474539 0.314659
    outer loop
      vertex 42.9839 6.18513 5
      vertex 43.4013 6.78821 3
      vertex 42.7923 6.51705 5
    endloop
  endfacet
  facet normal -0.197315 0.928466 0.314669
    outer loop
      vertex 45.1829 5.75959 3
      vertex 45.3719 5.12193 5
      vertex 45.5408 5.83565 3
    endloop
  endfacet
  facet normal -0.197365 0.928455 0.31467
    outer loop
      vertex 45.3719 5.12193 5
      vertex 45.1829 5.75959 3
      vertex 45.2526 5.09657 5
    endloop
  endfacet
  facet normal 0.822072 -0.474539 0.314659
    outer loop
      vertex 43.4013 8.21179 3
      vertex 42.9839 8.81487 5
      vertex 42.7923 8.48295 5
    endloop
  endfacet
  facet normal -0.822072 0.474539 0.314659
    outer loop
      vertex 47.0161 6.18513 5
      vertex 47.2077 6.51705 5
      vertex 46.5987 6.78821 3
    endloop
  endfacet
  facet normal 0.705411 -0.635127 0.314658
    outer loop
      vertex 43.0449 8.92048 5
      vertex 43.829 8.8005 3
      vertex 43.1265 9.01111 5
    endloop
  endfacet
  facet normal 0.7054 -0.63514 0.314654
    outer loop
      vertex 43.829 8.8005 3
      vertex 43.0449 8.92048 5
      vertex 43.5842 8.52862 3
    endloop
  endfacet
  facet normal -0.197333 -0.928464 0.314667
    outer loop
      vertex 45.5408 9.16435 3
      vertex 45.7468 9.79839 5
      vertex 45.3719 9.87807 5
    endloop
  endfacet
  facet normal -0.7054 0.63514 0.314654
    outer loop
      vertex 46.171 6.1995 3
      vertex 46.9551 6.07952 5
      vertex 46.4158 6.47138 3
    endloop
  endfacet
  facet normal -0.705411 0.635127 0.314658
    outer loop
      vertex 46.9551 6.07952 5
      vertex 46.171 6.1995 3
      vertex 46.8735 5.98889 5
    endloop
  endfacet
  facet normal -0.55791 0.767934 0.314663
    outer loop
      vertex 46.2083 5.4071 5
      vertex 46.5184 5.63239 5
      vertex 45.875 5.98446 3
    endloop
  endfacet
  facet normal 0.94402 0.0990655 0.314663
    outer loop
      vertex 42.6361 6.99755 5
      vertex 43.2882 7.13615 3
      vertex 42.5961 7.37872 5
    endloop
  endfacet
  facet normal -0.70546 0.635067 0.314668
    outer loop
      vertex 46.6171 5.70407 5
      vertex 46.8735 5.98889 5
      vertex 46.171 6.1995 3
    endloop
  endfacet
  facet normal 0.5579 0.767943 0.314661
    outer loop
      vertex 43.829 6.1995 3
      vertex 43.4816 5.63239 5
      vertex 44.125 5.98446 3
    endloop
  endfacet
  facet normal 0.557776 0.768031 0.314665
    outer loop
      vertex 43.4816 5.63239 5
      vertex 43.829 6.1995 3
      vertex 43.3829 5.70407 5
    endloop
  endfacet
  facet normal -0.944019 0.099111 0.31465
    outer loop
      vertex 46.7118 7.13615 3
      vertex 47.3766 7.11883 5
      vertex 46.75 7.5 3
    endloop
  endfacet
  facet normal -0.944044 0.0988568 0.314656
    outer loop
      vertex 47.3766 7.11883 5
      vertex 46.7118 7.13615 3
      vertex 47.3639 6.99755 5
    endloop
  endfacet
  facet normal -0.943989 0.0993099 0.314679
    outer loop
      vertex 47.3766 7.11883 5
      vertex 47.4167 7.5 5
      vertex 46.75 7.5 3
    endloop
  endfacet
  facet normal 0.943959 0.0996263 0.314669
    outer loop
      vertex 42.5961 7.37872 5
      vertex 43.25 7.5 3
      vertex 42.5833 7.5 5
    endloop
  endfacet
  facet normal 0.944017 0.0991108 0.314656
    outer loop
      vertex 43.25 7.5 3
      vertex 42.5961 7.37872 5
      vertex 43.2882 7.13615 3
    endloop
  endfacet
  facet normal 0.386107 0.867125 0.314666
    outer loop
      vertex 44.1418 5.25121 5
      vertex 44.125 5.98446 3
      vertex 43.7917 5.4071 5
    endloop
  endfacet
  facet normal -0.902702 -0.293455 0.314664
    outer loop
      vertex 47.3639 8.00245 5
      vertex 47.2454 8.36697 5
      vertex 46.7118 7.86384 3
    endloop
  endfacet
  facet normal 0.197333 -0.928464 0.314667
    outer loop
      vertex 44.4592 9.16435 3
      vertex 44.6281 9.87807 5
      vertex 44.2532 9.79839 5
    endloop
  endfacet
  facet normal 0.197315 -0.928466 0.314669
    outer loop
      vertex 44.8171 9.24041 3
      vertex 44.6281 9.87807 5
      vertex 44.4592 9.16435 3
    endloop
  endfacet
  facet normal 0.197365 -0.928455 0.31467
    outer loop
      vertex 44.6281 9.87807 5
      vertex 44.8171 9.24041 3
      vertex 44.7474 9.90343 5
    endloop
  endfacet
  facet normal 0.7054 0.63514 0.314654
    outer loop
      vertex 43.0449 6.07952 5
      vertex 43.829 6.1995 3
      vertex 43.5842 6.47138 3
    endloop
  endfacet
  facet normal 0.705411 0.635127 0.314658
    outer loop
      vertex 43.829 6.1995 3
      vertex 43.0449 6.07952 5
      vertex 43.1265 5.98889 5
    endloop
  endfacet
  facet normal 0.822059 0.474559 0.314662
    outer loop
      vertex 42.9839 6.18513 5
      vertex 43.5842 6.47138 3
      vertex 43.4013 6.78821 3
    endloop
  endfacet
  facet normal 0.821948 0.474755 0.314657
    outer loop
      vertex 43.5842 6.47138 3
      vertex 42.9839 6.18513 5
      vertex 43.0449 6.07952 5
    endloop
  endfacet
  facet normal 0 -0.949201 0.31467
    outer loop
      vertex 44.8171 9.24041 3
      vertex 45.2526 9.90343 5
      vertex 44.7474 9.90343 5
    endloop
  endfacet
  facet normal 0 -0.949201 0.31467
    outer loop
      vertex 45.2526 9.90343 5
      vertex 44.8171 9.24041 3
      vertex 45.1829 9.24041 3
    endloop
  endfacet
  facet normal -0.70546 -0.635067 0.314668
    outer loop
      vertex 46.8735 9.01111 5
      vertex 46.6171 9.29593 5
      vertex 46.171 8.8005 3
    endloop
  endfacet
  facet normal 0.197365 0.928455 0.31467
    outer loop
      vertex 44.8171 5.75959 3
      vertex 44.6281 5.12193 5
      vertex 44.7474 5.09657 5
    endloop
  endfacet
  facet normal 0.197315 0.928466 0.314669
    outer loop
      vertex 44.6281 5.12193 5
      vertex 44.8171 5.75959 3
      vertex 44.4592 5.83565 3
    endloop
  endfacet
  facet normal 0 0.949201 0.31467
    outer loop
      vertex 45.1829 5.75959 3
      vertex 44.7474 5.09657 5
      vertex 45.2526 5.09657 5
    endloop
  endfacet
  facet normal 0 0.949201 0.31467
    outer loop
      vertex 44.7474 5.09657 5
      vertex 45.1829 5.75959 3
      vertex 44.8171 5.75959 3
    endloop
  endfacet
  facet normal 0.821948 -0.474755 0.314657
    outer loop
      vertex 42.9839 8.81487 5
      vertex 43.5842 8.52862 3
      vertex 43.0449 8.92048 5
    endloop
  endfacet
  facet normal 0.822059 -0.474559 0.314662
    outer loop
      vertex 43.5842 8.52862 3
      vertex 42.9839 8.81487 5
      vertex 43.4013 8.21179 3
    endloop
  endfacet
  facet normal -0.197333 0.928464 0.314667
    outer loop
      vertex 45.7468 5.20161 5
      vertex 45.5408 5.83565 3
      vertex 45.3719 5.12193 5
    endloop
  endfacet
  facet normal 0.386128 -0.867117 0.314663
    outer loop
      vertex 44.125 9.01554 3
      vertex 44.1418 9.74879 5
      vertex 43.7917 9.59289 5
    endloop
  endfacet
  facet normal 0.557895 -0.767947 0.31466
    outer loop
      vertex 44.125 9.01554 3
      vertex 43.7917 9.59289 5
      vertex 43.4816 9.36761 5
    endloop
  endfacet
  facet normal 0.94402 -0.0990655 0.314663
    outer loop
      vertex 43.2882 7.86384 3
      vertex 42.6361 8.00245 5
      vertex 42.5961 7.62128 5
    endloop
  endfacet
  facet normal -0.557895 -0.767947 0.31466
    outer loop
      vertex 46.5184 9.36761 5
      vertex 46.2083 9.59289 5
      vertex 45.875 9.01554 3
    endloop
  endfacet
  facet normal -0.822059 0.474559 0.314662
    outer loop
      vertex 46.4158 6.47138 3
      vertex 47.0161 6.18513 5
      vertex 46.5987 6.78821 3
    endloop
  endfacet
  facet normal -0.821948 0.474755 0.314657
    outer loop
      vertex 47.0161 6.18513 5
      vertex 46.4158 6.47138 3
      vertex 46.9551 6.07952 5
    endloop
  endfacet
  facet normal -0.386107 -0.867126 0.314665
    outer loop
      vertex 45.875 9.01554 3
      vertex 45.7468 9.79839 5
      vertex 45.5408 9.16435 3
    endloop
  endfacet
  facet normal -0.386085 -0.867134 0.31467
    outer loop
      vertex 45.7468 9.79839 5
      vertex 45.875 9.01554 3
      vertex 45.8582 9.74879 5
    endloop
  endfacet
  facet normal 0.902702 -0.293455 0.314664
    outer loop
      vertex 43.2882 7.86384 3
      vertex 42.7546 8.36697 5
      vertex 42.6361 8.00245 5
    endloop
  endfacet
  facet normal 0.557776 -0.768031 0.314665
    outer loop
      vertex 43.829 8.8005 3
      vertex 43.4816 9.36761 5
      vertex 43.3829 9.29593 5
    endloop
  endfacet
  facet normal 0.5579 -0.767943 0.314661
    outer loop
      vertex 43.4816 9.36761 5
      vertex 43.829 8.8005 3
      vertex 44.125 9.01554 3
    endloop
  endfacet
  facet normal 0.386107 0.867126 0.314665
    outer loop
      vertex 44.125 5.98446 3
      vertex 44.2532 5.20161 5
      vertex 44.4592 5.83565 3
    endloop
  endfacet
  facet normal 0.386085 0.867134 0.31467
    outer loop
      vertex 44.2532 5.20161 5
      vertex 44.125 5.98446 3
      vertex 44.1418 5.25121 5
    endloop
  endfacet
  facet normal 0.55791 0.767934 0.314663
    outer loop
      vertex 43.7917 5.4071 5
      vertex 44.125 5.98446 3
      vertex 43.4816 5.63239 5
    endloop
  endfacet
  facet normal -0.705411 -0.635127 0.314658
    outer loop
      vertex 46.171 8.8005 3
      vertex 46.9551 8.92048 5
      vertex 46.8735 9.01111 5
    endloop
  endfacet
  facet normal -0.7054 -0.63514 0.314654
    outer loop
      vertex 46.9551 8.92048 5
      vertex 46.171 8.8005 3
      vertex 46.4158 8.52862 3
    endloop
  endfacet
  facet normal -0.822072 -0.474539 0.314659
    outer loop
      vertex 47.2077 8.48295 5
      vertex 47.0161 8.81487 5
      vertex 46.5987 8.21179 3
    endloop
  endfacet
  facet normal -0.902711 -0.293432 0.314659
    outer loop
      vertex 46.5987 8.21179 3
      vertex 47.2454 8.36697 5
      vertex 47.2077 8.48295 5
    endloop
  endfacet
  facet normal -0.902714 -0.293424 0.314659
    outer loop
      vertex 47.2454 8.36697 5
      vertex 46.5987 8.21179 3
      vertex 46.7118 7.86384 3
    endloop
  endfacet
  facet normal 0.386085 -0.867134 0.31467
    outer loop
      vertex 44.125 9.01554 3
      vertex 44.2532 9.79839 5
      vertex 44.1418 9.74879 5
    endloop
  endfacet
  facet normal 0.386107 -0.867126 0.314665
    outer loop
      vertex 44.2532 9.79839 5
      vertex 44.125 9.01554 3
      vertex 44.4592 9.16435 3
    endloop
  endfacet
  facet normal 0.943959 -0.0996263 0.314669
    outer loop
      vertex 43.25 7.5 3
      vertex 42.5961 7.62128 5
      vertex 42.5833 7.5 5
    endloop
  endfacet
  facet normal 0.944017 -0.0991135 0.314657
    outer loop
      vertex 42.5961 7.62128 5
      vertex 43.25 7.5 3
      vertex 43.2882 7.86384 3
    endloop
  endfacet
  facet normal -0.821948 -0.474755 0.314657
    outer loop
      vertex 46.4158 8.52862 3
      vertex 47.0161 8.81487 5
      vertex 46.9551 8.92048 5
    endloop
  endfacet
  facet normal -0.822059 -0.474559 0.314662
    outer loop
      vertex 47.0161 8.81487 5
      vertex 46.4158 8.52862 3
      vertex 46.5987 8.21179 3
    endloop
  endfacet
  facet normal -0.951066 -0.308987 0
    outer loop
      vertex 6.71176 32.8638 0
      vertex 6.5987 33.2118 3
      vertex 6.5987 33.2118 0
    endloop
  endfacet
  facet normal -0.951066 -0.308987 0
    outer loop
      vertex 6.5987 33.2118 3
      vertex 6.71176 32.8638 0
      vertex 6.71176 32.8638 3
    endloop
  endfacet
  facet normal -0.994521 -0.104537 0
    outer loop
      vertex 6.75 32.5 0
      vertex 6.71176 32.8638 3
      vertex 6.71176 32.8638 0
    endloop
  endfacet
  facet normal -0.994521 -0.104537 0
    outer loop
      vertex 6.71176 32.8638 3
      vertex 6.75 32.5 0
      vertex 6.75 32.5 3
    endloop
  endfacet
  facet normal -0.866007 -0.500032 0
    outer loop
      vertex 6.5987 33.2118 0
      vertex 6.41578 33.5286 3
      vertex 6.41578 33.5286 0
    endloop
  endfacet
  facet normal -0.866007 -0.500032 0
    outer loop
      vertex 6.41578 33.5286 3
      vertex 6.5987 33.2118 0
      vertex 6.5987 33.2118 3
    endloop
  endfacet
  facet normal 0.58771 0.809072 -0
    outer loop
      vertex 4.125 30.9845 0
      vertex 3.82902 31.1995 3
      vertex 4.125 30.9845 3
    endloop
  endfacet
  facet normal 0.58771 0.809072 0
    outer loop
      vertex 3.82902 31.1995 3
      vertex 4.125 30.9845 0
      vertex 3.82902 31.1995 0
    endloop
  endfacet
  facet normal 0.994521 -0.104537 0
    outer loop
      vertex 3.25 32.5 3
      vertex 3.28824 32.8638 0
      vertex 3.28824 32.8638 3
    endloop
  endfacet
  facet normal 0.994521 -0.104537 0
    outer loop
      vertex 3.28824 32.8638 0
      vertex 3.25 32.5 3
      vertex 3.25 32.5 0
    endloop
  endfacet
  facet normal -0.994521 0.104537 0
    outer loop
      vertex 6.71176 32.1362 0
      vertex 6.75 32.5 3
      vertex 6.75 32.5 0
    endloop
  endfacet
  facet normal -0.994521 0.104537 0
    outer loop
      vertex 6.75 32.5 3
      vertex 6.71176 32.1362 0
      vertex 6.71176 32.1362 3
    endloop
  endfacet
  facet normal -0.406727 0.91355 0
    outer loop
      vertex 5.875 30.9845 0
      vertex 5.54078 30.8357 3
      vertex 5.875 30.9845 3
    endloop
  endfacet
  facet normal -0.406727 0.91355 0
    outer loop
      vertex 5.54078 30.8357 3
      vertex 5.875 30.9845 0
      vertex 5.54078 30.8357 0
    endloop
  endfacet
  facet normal -0.866007 0.500032 0
    outer loop
      vertex 6.41578 31.4714 0
      vertex 6.5987 31.7882 3
      vertex 6.5987 31.7882 0
    endloop
  endfacet
  facet normal -0.866007 0.500032 0
    outer loop
      vertex 6.5987 31.7882 3
      vertex 6.41578 31.4714 0
      vertex 6.41578 31.4714 3
    endloop
  endfacet
  facet normal -0.58771 -0.809072 0
    outer loop
      vertex 5.875 34.0155 0
      vertex 6.17098 33.8005 3
      vertex 5.875 34.0155 3
    endloop
  endfacet
  facet normal -0.58771 -0.809072 -0
    outer loop
      vertex 6.17098 33.8005 3
      vertex 5.875 34.0155 0
      vertex 6.17098 33.8005 0
    endloop
  endfacet
  facet normal -0.951066 0.308987 0
    outer loop
      vertex 6.5987 31.7882 0
      vertex 6.71176 32.1362 3
      vertex 6.71176 32.1362 0
    endloop
  endfacet
  facet normal -0.951066 0.308987 0
    outer loop
      vertex 6.71176 32.1362 3
      vertex 6.5987 31.7882 0
      vertex 6.5987 31.7882 3
    endloop
  endfacet
  facet normal 0 -1 0
    outer loop
      vertex 4.81707 34.2404 0
      vertex 5.18292 34.2404 3
      vertex 4.81707 34.2404 3
    endloop
  endfacet
  facet normal 0 -1 -0
    outer loop
      vertex 5.18292 34.2404 3
      vertex 4.81707 34.2404 0
      vertex 5.18292 34.2404 0
    endloop
  endfacet
  facet normal -0.208002 -0.978128 0
    outer loop
      vertex 5.18292 34.2404 0
      vertex 5.54078 34.1643 3
      vertex 5.18292 34.2404 3
    endloop
  endfacet
  facet normal -0.208002 -0.978128 -0
    outer loop
      vertex 5.54078 34.1643 3
      vertex 5.18292 34.2404 0
      vertex 5.54078 34.1643 0
    endloop
  endfacet
  facet normal 0 1 -0
    outer loop
      vertex 5.18292 30.7596 0
      vertex 4.81707 30.7596 3
      vertex 5.18292 30.7596 3
    endloop
  endfacet
  facet normal 0 1 0
    outer loop
      vertex 4.81707 30.7596 3
      vertex 5.18292 30.7596 0
      vertex 4.81707 30.7596 0
    endloop
  endfacet
  facet normal 0.951074 -0.308962 0
    outer loop
      vertex 3.28824 32.8638 3
      vertex 3.40129 33.2118 0
      vertex 3.40129 33.2118 3
    endloop
  endfacet
  facet normal 0.951074 -0.308962 0
    outer loop
      vertex 3.40129 33.2118 0
      vertex 3.28824 32.8638 3
      vertex 3.28824 32.8638 0
    endloop
  endfacet
  facet normal -0.406727 -0.91355 0
    outer loop
      vertex 5.54078 34.1643 0
      vertex 5.875 34.0155 3
      vertex 5.54078 34.1643 3
    endloop
  endfacet
  facet normal -0.406727 -0.91355 -0
    outer loop
      vertex 5.875 34.0155 3
      vertex 5.54078 34.1643 0
      vertex 5.875 34.0155 0
    endloop
  endfacet
  facet normal -0.743172 0.669101 0
    outer loop
      vertex 6.17098 31.1995 0
      vertex 6.41578 31.4714 3
      vertex 6.41578 31.4714 0
    endloop
  endfacet
  facet normal -0.743172 0.669101 0
    outer loop
      vertex 6.41578 31.4714 3
      vertex 6.17098 31.1995 0
      vertex 6.17098 31.1995 3
    endloop
  endfacet
  facet normal 0.406727 0.91355 -0
    outer loop
      vertex 4.45922 30.8357 0
      vertex 4.125 30.9845 3
      vertex 4.45922 30.8357 3
    endloop
  endfacet
  facet normal 0.406727 0.91355 0
    outer loop
      vertex 4.125 30.9845 3
      vertex 4.45922 30.8357 0
      vertex 4.125 30.9845 0
    endloop
  endfacet
  facet normal 0.58771 -0.809072 0
    outer loop
      vertex 3.82902 33.8005 0
      vertex 4.125 34.0155 3
      vertex 3.82902 33.8005 3
    endloop
  endfacet
  facet normal 0.58771 -0.809072 0
    outer loop
      vertex 4.125 34.0155 3
      vertex 3.82902 33.8005 0
      vertex 4.125 34.0155 0
    endloop
  endfacet
  facet normal -0.58771 0.809072 0
    outer loop
      vertex 6.17098 31.1995 0
      vertex 5.875 30.9845 3
      vertex 6.17098 31.1995 3
    endloop
  endfacet
  facet normal -0.58771 0.809072 0
    outer loop
      vertex 5.875 30.9845 3
      vertex 6.17098 31.1995 0
      vertex 5.875 30.9845 0
    endloop
  endfacet
  facet normal 0.743172 -0.669101 0
    outer loop
      vertex 3.58422 33.5286 3
      vertex 3.82902 33.8005 0
      vertex 3.82902 33.8005 3
    endloop
  endfacet
  facet normal 0.743172 -0.669101 0
    outer loop
      vertex 3.82902 33.8005 0
      vertex 3.58422 33.5286 3
      vertex 3.58422 33.5286 0
    endloop
  endfacet
  facet normal -0.743172 -0.669101 0
    outer loop
      vertex 6.41578 33.5286 0
      vertex 6.17098 33.8005 3
      vertex 6.17098 33.8005 0
    endloop
  endfacet
  facet normal -0.743172 -0.669101 0
    outer loop
      vertex 6.17098 33.8005 3
      vertex 6.41578 33.5286 0
      vertex 6.41578 33.5286 3
    endloop
  endfacet
  facet normal 0.951074 0.308962 0
    outer loop
      vertex 3.40129 31.7882 3
      vertex 3.28824 32.1362 0
      vertex 3.28824 32.1362 3
    endloop
  endfacet
  facet normal 0.951074 0.308962 0
    outer loop
      vertex 3.28824 32.1362 0
      vertex 3.40129 31.7882 3
      vertex 3.40129 31.7882 0
    endloop
  endfacet
  facet normal 0.208007 0.978127 -0
    outer loop
      vertex 4.81707 30.7596 0
      vertex 4.45922 30.8357 3
      vertex 4.81707 30.7596 3
    endloop
  endfacet
  facet normal 0.208007 0.978127 0
    outer loop
      vertex 4.45922 30.8357 3
      vertex 4.81707 30.7596 0
      vertex 4.45922 30.8357 0
    endloop
  endfacet
  facet normal 0.743172 0.669101 0
    outer loop
      vertex 3.82902 31.1995 3
      vertex 3.58422 31.4714 0
      vertex 3.58422 31.4714 3
    endloop
  endfacet
  facet normal 0.743172 0.669101 0
    outer loop
      vertex 3.58422 31.4714 0
      vertex 3.82902 31.1995 3
      vertex 3.82902 31.1995 0
    endloop
  endfacet
  facet normal 0.406727 -0.91355 0
    outer loop
      vertex 4.125 34.0155 0
      vertex 4.45922 34.1643 3
      vertex 4.125 34.0155 3
    endloop
  endfacet
  facet normal 0.406727 -0.91355 0
    outer loop
      vertex 4.45922 34.1643 3
      vertex 4.125 34.0155 0
      vertex 4.45922 34.1643 0
    endloop
  endfacet
  facet normal 0.865995 0.500052 0
    outer loop
      vertex 3.58422 31.4714 3
      vertex 3.40129 31.7882 0
      vertex 3.40129 31.7882 3
    endloop
  endfacet
  facet normal 0.865995 0.500052 0
    outer loop
      vertex 3.40129 31.7882 0
      vertex 3.58422 31.4714 3
      vertex 3.58422 31.4714 0
    endloop
  endfacet
  facet normal 0.865995 -0.500052 0
    outer loop
      vertex 3.40129 33.2118 3
      vertex 3.58422 33.5286 0
      vertex 3.58422 33.5286 3
    endloop
  endfacet
  facet normal 0.865995 -0.500052 0
    outer loop
      vertex 3.58422 33.5286 0
      vertex 3.40129 33.2118 3
      vertex 3.40129 33.2118 0
    endloop
  endfacet
  facet normal 0.994521 0.104537 0
    outer loop
      vertex 3.28824 32.1362 3
      vertex 3.25 32.5 0
      vertex 3.25 32.5 3
    endloop
  endfacet
  facet normal 0.994521 0.104537 0
    outer loop
      vertex 3.25 32.5 0
      vertex 3.28824 32.1362 3
      vertex 3.28824 32.1362 0
    endloop
  endfacet
  facet normal -0.208002 0.978128 0
    outer loop
      vertex 5.54078 30.8357 0
      vertex 5.18292 30.7596 3
      vertex 5.54078 30.8357 3
    endloop
  endfacet
  facet normal -0.208002 0.978128 0
    outer loop
      vertex 5.18292 30.7596 3
      vertex 5.54078 30.8357 0
      vertex 5.18292 30.7596 0
    endloop
  endfacet
  facet normal 0.208007 -0.978127 0
    outer loop
      vertex 4.45922 34.1643 0
      vertex 4.81707 34.2404 3
      vertex 4.45922 34.1643 3
    endloop
  endfacet
  facet normal 0.208007 -0.978127 0
    outer loop
      vertex 4.81707 34.2404 3
      vertex 4.45922 34.1643 0
      vertex 4.81707 34.2404 0
    endloop
  endfacet
  facet normal -0.902752 0.293291 0.314673
    outer loop
      vertex 6.5987 31.7882 3
      vertex 7.24542 31.633 5
      vertex 6.71176 32.1362 3
    endloop
  endfacet
  facet normal -0.902672 0.293544 0.314667
    outer loop
      vertex 7.24542 31.633 5
      vertex 6.5987 31.7882 3
      vertex 7.20773 31.5171 5
    endloop
  endfacet
  facet normal -0.386098 -0.867122 0.314687
    outer loop
      vertex 5.875 34.0155 3
      vertex 6.20833 34.5929 5
      vertex 5.8582 34.7488 5
    endloop
  endfacet
  facet normal -0.558026 0.767851 0.314662
    outer loop
      vertex 6.17098 31.1995 3
      vertex 6.51841 30.6324 5
      vertex 6.61707 30.7041 5
    endloop
  endfacet
  facet normal -0.557856 0.767973 0.314667
    outer loop
      vertex 6.51841 30.6324 5
      vertex 6.17098 31.1995 3
      vertex 5.875 30.9845 3
    endloop
  endfacet
  facet normal -0.944001 -0.099229 0.314668
    outer loop
      vertex 7.41667 32.5 5
      vertex 7.3766 32.8812 5
      vertex 6.75 32.5 3
    endloop
  endfacet
  facet normal -0.944009 -0.0991482 0.31467
    outer loop
      vertex 6.71176 32.8638 3
      vertex 7.3766 32.8812 5
      vertex 7.36386 33.0025 5
    endloop
  endfacet
  facet normal -0.944001 -0.0992265 0.314668
    outer loop
      vertex 7.3766 32.8812 5
      vertex 6.71176 32.8638 3
      vertex 6.75 32.5 3
    endloop
  endfacet
  facet normal 0.902761 0.293268 0.31467
    outer loop
      vertex 2.75458 31.633 5
      vertex 3.40129 31.7882 3
      vertex 3.28824 32.1362 3
    endloop
  endfacet
  facet normal 0.902696 0.293473 0.314665
    outer loop
      vertex 3.40129 31.7882 3
      vertex 2.75458 31.633 5
      vertex 2.79226 31.5171 5
    endloop
  endfacet
  facet normal 0.902696 -0.293473 0.314665
    outer loop
      vertex 2.75458 33.367 5
      vertex 3.40129 33.2118 3
      vertex 2.79226 33.4829 5
    endloop
  endfacet
  facet normal 0.902761 -0.293268 0.31467
    outer loop
      vertex 3.40129 33.2118 3
      vertex 2.75458 33.367 5
      vertex 3.28824 32.8638 3
    endloop
  endfacet
  facet normal 0.197383 0.928443 0.314694
    outer loop
      vertex 4.6281 30.1219 5
      vertex 4.45922 30.8357 3
      vertex 4.25321 30.2016 5
    endloop
  endfacet
  facet normal 0.705378 -0.635162 0.314661
    outer loop
      vertex 3.82902 33.8005 3
      vertex 3.38293 34.2959 5
      vertex 3.12648 34.0111 5
    endloop
  endfacet
  facet normal -0.902736 0.293333 0.31468
    outer loop
      vertex 7.24542 31.633 5
      vertex 7.36386 31.9975 5
      vertex 6.71176 32.1362 3
    endloop
  endfacet
  facet normal 0.705378 0.635162 0.314661
    outer loop
      vertex 3.38293 30.7041 5
      vertex 3.82902 31.1995 3
      vertex 3.12648 30.9889 5
    endloop
  endfacet
  facet normal -0.386053 0.86714 0.314694
    outer loop
      vertex 5.875 30.9845 3
      vertex 5.74679 30.2016 5
      vertex 5.8582 30.2512 5
    endloop
  endfacet
  facet normal -0.386063 0.867136 0.314692
    outer loop
      vertex 5.74679 30.2016 5
      vertex 5.875 30.9845 3
      vertex 5.54078 30.8357 3
    endloop
  endfacet
  facet normal 0.902736 0.293333 0.31468
    outer loop
      vertex 2.75458 31.633 5
      vertex 3.28824 32.1362 3
      vertex 2.63614 31.9975 5
    endloop
  endfacet
  facet normal -0.557856 -0.767973 0.314667
    outer loop
      vertex 6.17098 33.8005 3
      vertex 6.51841 34.3676 5
      vertex 5.875 34.0155 3
    endloop
  endfacet
  facet normal -0.558026 -0.767851 0.314662
    outer loop
      vertex 6.51841 34.3676 5
      vertex 6.17098 33.8005 3
      vertex 6.61707 34.2959 5
    endloop
  endfacet
  facet normal -0.386098 0.867122 0.314687
    outer loop
      vertex 6.20833 30.4071 5
      vertex 5.875 30.9845 3
      vertex 5.8582 30.2512 5
    endloop
  endfacet
  facet normal -0.196949 -0.928542 0.314674
    outer loop
      vertex 5.18292 34.2404 3
      vertex 5.37189 34.8781 5
      vertex 5.25261 34.9034 5
    endloop
  endfacet
  facet normal -0.197435 -0.928435 0.314686
    outer loop
      vertex 5.37189 34.8781 5
      vertex 5.18292 34.2404 3
      vertex 5.54078 34.1643 3
    endloop
  endfacet
  facet normal 0.822079 0.474528 0.314658
    outer loop
      vertex 2.9839 31.1851 5
      vertex 3.40129 31.7882 3
      vertex 2.79226 31.5171 5
    endloop
  endfacet
  facet normal -0.197435 0.928435 0.314686
    outer loop
      vertex 5.18292 30.7596 3
      vertex 5.37189 30.1219 5
      vertex 5.54078 30.8357 3
    endloop
  endfacet
  facet normal -0.196949 0.928542 0.314674
    outer loop
      vertex 5.37189 30.1219 5
      vertex 5.18292 30.7596 3
      vertex 5.25261 30.0966 5
    endloop
  endfacet
  facet normal 0.822079 -0.474528 0.314658
    outer loop
      vertex 3.40129 33.2118 3
      vertex 2.9839 33.8149 5
      vertex 2.79226 33.4829 5
    endloop
  endfacet
  facet normal -0.82209 0.474509 0.314658
    outer loop
      vertex 7.0161 31.1851 5
      vertex 7.20773 31.5171 5
      vertex 6.5987 31.7882 3
    endloop
  endfacet
  facet normal 0.705309 -0.635246 0.314645
    outer loop
      vertex 3.04488 33.9205 5
      vertex 3.82902 33.8005 3
      vertex 3.12648 34.0111 5
    endloop
  endfacet
  facet normal 0.705417 -0.635109 0.314679
    outer loop
      vertex 3.82902 33.8005 3
      vertex 3.04488 33.9205 5
      vertex 3.58422 33.5286 3
    endloop
  endfacet
  facet normal -0.197378 -0.928445 0.314694
    outer loop
      vertex 5.54078 34.1643 3
      vertex 5.74679 34.7984 5
      vertex 5.37189 34.8781 5
    endloop
  endfacet
  facet normal -0.705417 0.635109 0.314679
    outer loop
      vertex 6.17098 31.1995 3
      vertex 6.95512 31.0795 5
      vertex 6.41578 31.4714 3
    endloop
  endfacet
  facet normal -0.705309 0.635246 0.314645
    outer loop
      vertex 6.95512 31.0795 5
      vertex 6.17098 31.1995 3
      vertex 6.87352 30.9889 5
    endloop
  endfacet
  facet normal -0.557946 0.7679 0.314683
    outer loop
      vertex 6.20833 30.4071 5
      vertex 6.51841 30.6324 5
      vertex 5.875 30.9845 3
    endloop
  endfacet
  facet normal 0.944002 0.0992044 0.314672
    outer loop
      vertex 2.63614 31.9975 5
      vertex 3.28824 32.1362 3
      vertex 2.59608 32.3787 5
    endloop
  endfacet
  facet normal -0.705378 0.635162 0.314661
    outer loop
      vertex 6.61707 30.7041 5
      vertex 6.87352 30.9889 5
      vertex 6.17098 31.1995 3
    endloop
  endfacet
  facet normal 0.557856 0.767973 0.314667
    outer loop
      vertex 3.82902 31.1995 3
      vertex 3.48159 30.6324 5
      vertex 4.125 30.9845 3
    endloop
  endfacet
  facet normal 0.558026 0.767851 0.314662
    outer loop
      vertex 3.48159 30.6324 5
      vertex 3.82902 31.1995 3
      vertex 3.38293 30.7041 5
    endloop
  endfacet
  facet normal -0.944001 0.0992265 0.314668
    outer loop
      vertex 6.71176 32.1362 3
      vertex 7.3766 32.1188 5
      vertex 6.75 32.5 3
    endloop
  endfacet
  facet normal -0.944009 0.0991482 0.31467
    outer loop
      vertex 7.3766 32.1188 5
      vertex 6.71176 32.1362 3
      vertex 7.36386 31.9975 5
    endloop
  endfacet
  facet normal -0.944001 0.099229 0.314668
    outer loop
      vertex 7.3766 32.1188 5
      vertex 7.41667 32.5 5
      vertex 6.75 32.5 3
    endloop
  endfacet
  facet normal 0.944001 0.0992252 0.314669
    outer loop
      vertex 2.59608 32.3787 5
      vertex 3.25 32.5 3
      vertex 2.58333 32.5 5
    endloop
  endfacet
  facet normal 0.944001 0.0992265 0.314669
    outer loop
      vertex 3.25 32.5 3
      vertex 2.59608 32.3787 5
      vertex 3.28824 32.1362 3
    endloop
  endfacet
  facet normal 0.386098 0.867122 0.314687
    outer loop
      vertex 4.1418 30.2512 5
      vertex 4.125 30.9845 3
      vertex 3.79167 30.4071 5
    endloop
  endfacet
  facet normal -0.902736 -0.293333 0.31468
    outer loop
      vertex 7.36386 33.0025 5
      vertex 7.24542 33.367 5
      vertex 6.71176 32.8638 3
    endloop
  endfacet
  facet normal 0.197383 -0.928443 0.314694
    outer loop
      vertex 4.45922 34.1643 3
      vertex 4.6281 34.8781 5
      vertex 4.25321 34.7984 5
    endloop
  endfacet
  facet normal 0.19744 -0.928434 0.314686
    outer loop
      vertex 4.81707 34.2404 3
      vertex 4.6281 34.8781 5
      vertex 4.45922 34.1643 3
    endloop
  endfacet
  facet normal 0.196934 -0.928546 0.314674
    outer loop
      vertex 4.6281 34.8781 5
      vertex 4.81707 34.2404 3
      vertex 4.74739 34.9034 5
    endloop
  endfacet
  facet normal 0.705417 0.635109 0.314679
    outer loop
      vertex 3.04488 31.0795 5
      vertex 3.82902 31.1995 3
      vertex 3.58422 31.4714 3
    endloop
  endfacet
  facet normal 0.705309 0.635246 0.314645
    outer loop
      vertex 3.82902 31.1995 3
      vertex 3.04488 31.0795 5
      vertex 3.12648 30.9889 5
    endloop
  endfacet
  facet normal 0.822001 0.474649 0.314678
    outer loop
      vertex 2.9839 31.1851 5
      vertex 3.58422 31.4714 3
      vertex 3.40129 31.7882 3
    endloop
  endfacet
  facet normal 0.82199 0.474668 0.314677
    outer loop
      vertex 3.58422 31.4714 3
      vertex 2.9839 31.1851 5
      vertex 3.04488 31.0795 5
    endloop
  endfacet
  facet normal 0 -0.949204 0.314661
    outer loop
      vertex 4.81707 34.2404 3
      vertex 5.25261 34.9034 5
      vertex 4.74739 34.9034 5
    endloop
  endfacet
  facet normal 0 -0.949204 0.314661
    outer loop
      vertex 5.25261 34.9034 5
      vertex 4.81707 34.2404 3
      vertex 5.18292 34.2404 3
    endloop
  endfacet
  facet normal -0.705378 -0.635162 0.314661
    outer loop
      vertex 6.87352 34.0111 5
      vertex 6.61707 34.2959 5
      vertex 6.17098 33.8005 3
    endloop
  endfacet
  facet normal 0.196934 0.928546 0.314674
    outer loop
      vertex 4.81707 30.7596 3
      vertex 4.6281 30.1219 5
      vertex 4.74739 30.0966 5
    endloop
  endfacet
  facet normal 0.19744 0.928434 0.314686
    outer loop
      vertex 4.6281 30.1219 5
      vertex 4.81707 30.7596 3
      vertex 4.45922 30.8357 3
    endloop
  endfacet
  facet normal 0 0.949204 0.314661
    outer loop
      vertex 5.18292 30.7596 3
      vertex 4.74739 30.0966 5
      vertex 5.25261 30.0966 5
    endloop
  endfacet
  facet normal 0 0.949204 0.314661
    outer loop
      vertex 4.74739 30.0966 5
      vertex 5.18292 30.7596 3
      vertex 4.81707 30.7596 3
    endloop
  endfacet
  facet normal 0.82199 -0.474668 0.314677
    outer loop
      vertex 2.9839 33.8149 5
      vertex 3.58422 33.5286 3
      vertex 3.04488 33.9205 5
    endloop
  endfacet
  facet normal 0.822001 -0.474649 0.314678
    outer loop
      vertex 3.58422 33.5286 3
      vertex 2.9839 33.8149 5
      vertex 3.40129 33.2118 3
    endloop
  endfacet
  facet normal -0.197378 0.928445 0.314694
    outer loop
      vertex 5.74679 30.2016 5
      vertex 5.54078 30.8357 3
      vertex 5.37189 30.1219 5
    endloop
  endfacet
  facet normal 0.386098 -0.867122 0.314687
    outer loop
      vertex 4.125 34.0155 3
      vertex 4.1418 34.7488 5
      vertex 3.79167 34.5929 5
    endloop
  endfacet
  facet normal 0.557946 -0.7679 0.314683
    outer loop
      vertex 4.125 34.0155 3
      vertex 3.79167 34.5929 5
      vertex 3.48159 34.3676 5
    endloop
  endfacet
  facet normal 0.944002 -0.0992044 0.314672
    outer loop
      vertex 3.28824 32.8638 3
      vertex 2.63614 33.0025 5
      vertex 2.59608 32.6213 5
    endloop
  endfacet
  facet normal -0.557946 -0.7679 0.314683
    outer loop
      vertex 6.51841 34.3676 5
      vertex 6.20833 34.5929 5
      vertex 5.875 34.0155 3
    endloop
  endfacet
  facet normal -0.822013 0.474629 0.314678
    outer loop
      vertex 6.41578 31.4714 3
      vertex 7.0161 31.1851 5
      vertex 6.5987 31.7882 3
    endloop
  endfacet
  facet normal -0.82199 0.474668 0.314677
    outer loop
      vertex 7.0161 31.1851 5
      vertex 6.41578 31.4714 3
      vertex 6.95512 31.0795 5
    endloop
  endfacet
  facet normal -0.386063 -0.867136 0.314692
    outer loop
      vertex 5.875 34.0155 3
      vertex 5.74679 34.7984 5
      vertex 5.54078 34.1643 3
    endloop
  endfacet
  facet normal -0.386053 -0.86714 0.314694
    outer loop
      vertex 5.74679 34.7984 5
      vertex 5.875 34.0155 3
      vertex 5.8582 34.7488 5
    endloop
  endfacet
  facet normal 0.902736 -0.293333 0.31468
    outer loop
      vertex 3.28824 32.8638 3
      vertex 2.75458 33.367 5
      vertex 2.63614 33.0025 5
    endloop
  endfacet
  facet normal 0.558026 -0.767851 0.314662
    outer loop
      vertex 3.82902 33.8005 3
      vertex 3.48159 34.3676 5
      vertex 3.38293 34.2959 5
    endloop
  endfacet
  facet normal 0.557856 -0.767973 0.314667
    outer loop
      vertex 3.48159 34.3676 5
      vertex 3.82902 33.8005 3
      vertex 4.125 34.0155 3
    endloop
  endfacet
  facet normal 0.386063 0.867136 0.314692
    outer loop
      vertex 4.125 30.9845 3
      vertex 4.25321 30.2016 5
      vertex 4.45922 30.8357 3
    endloop
  endfacet
  facet normal 0.386053 0.86714 0.314694
    outer loop
      vertex 4.25321 30.2016 5
      vertex 4.125 30.9845 3
      vertex 4.1418 30.2512 5
    endloop
  endfacet
  facet normal 0.557946 0.7679 0.314683
    outer loop
      vertex 3.79167 30.4071 5
      vertex 4.125 30.9845 3
      vertex 3.48159 30.6324 5
    endloop
  endfacet
  facet normal -0.705309 -0.635246 0.314645
    outer loop
      vertex 6.17098 33.8005 3
      vertex 6.95512 33.9205 5
      vertex 6.87352 34.0111 5
    endloop
  endfacet
  facet normal -0.705417 -0.635109 0.314679
    outer loop
      vertex 6.95512 33.9205 5
      vertex 6.17098 33.8005 3
      vertex 6.41578 33.5286 3
    endloop
  endfacet
  facet normal -0.82209 -0.474509 0.314658
    outer loop
      vertex 7.20773 33.4829 5
      vertex 7.0161 33.8149 5
      vertex 6.5987 33.2118 3
    endloop
  endfacet
  facet normal -0.902672 -0.293544 0.314667
    outer loop
      vertex 6.5987 33.2118 3
      vertex 7.24542 33.367 5
      vertex 7.20773 33.4829 5
    endloop
  endfacet
  facet normal -0.902752 -0.293291 0.314673
    outer loop
      vertex 7.24542 33.367 5
      vertex 6.5987 33.2118 3
      vertex 6.71176 32.8638 3
    endloop
  endfacet
  facet normal 0.386053 -0.86714 0.314694
    outer loop
      vertex 4.125 34.0155 3
      vertex 4.25321 34.7984 5
      vertex 4.1418 34.7488 5
    endloop
  endfacet
  facet normal 0.386063 -0.867136 0.314692
    outer loop
      vertex 4.25321 34.7984 5
      vertex 4.125 34.0155 3
      vertex 4.45922 34.1643 3
    endloop
  endfacet
  facet normal 0.944001 -0.0992252 0.314669
    outer loop
      vertex 3.25 32.5 3
      vertex 2.59608 32.6213 5
      vertex 2.58333 32.5 5
    endloop
  endfacet
  facet normal 0.944001 -0.0992265 0.314669
    outer loop
      vertex 2.59608 32.6213 5
      vertex 3.25 32.5 3
      vertex 3.28824 32.8638 3
    endloop
  endfacet
  facet normal -0.82199 -0.474668 0.314677
    outer loop
      vertex 6.41578 33.5286 3
      vertex 7.0161 33.8149 5
      vertex 6.95512 33.9205 5
    endloop
  endfacet
  facet normal -0.822013 -0.474629 0.314678
    outer loop
      vertex 7.0161 33.8149 5
      vertex 6.41578 33.5286 3
      vertex 6.5987 33.2118 3
    endloop
  endfacet
  facet normal -0.951034 -0.309086 0
    outer loop
      vertex 46.7118 32.8638 0
      vertex 46.5987 33.2118 3
      vertex 46.5987 33.2118 0
    endloop
  endfacet
  facet normal -0.951034 -0.309086 0
    outer loop
      vertex 46.5987 33.2118 3
      vertex 46.7118 32.8638 0
      vertex 46.7118 32.8638 3
    endloop
  endfacet
  facet normal -0.994532 -0.104429 0
    outer loop
      vertex 46.75 32.5 0
      vertex 46.7118 32.8638 3
      vertex 46.7118 32.8638 0
    endloop
  endfacet
  facet normal -0.994532 -0.104429 0
    outer loop
      vertex 46.7118 32.8638 3
      vertex 46.75 32.5 0
      vertex 46.75 32.5 3
    endloop
  endfacet
  facet normal -0.866031 -0.499991 0
    outer loop
      vertex 46.5987 33.2118 0
      vertex 46.4158 33.5286 3
      vertex 46.4158 33.5286 0
    endloop
  endfacet
  facet normal -0.866031 -0.499991 0
    outer loop
      vertex 46.4158 33.5286 3
      vertex 46.5987 33.2118 0
      vertex 46.5987 33.2118 3
    endloop
  endfacet
  facet normal 0.587684 0.809091 -0
    outer loop
      vertex 44.125 30.9845 0
      vertex 43.829 31.1995 3
      vertex 44.125 30.9845 3
    endloop
  endfacet
  facet normal 0.587684 0.809091 0
    outer loop
      vertex 43.829 31.1995 3
      vertex 44.125 30.9845 0
      vertex 43.829 31.1995 0
    endloop
  endfacet
  facet normal 0.994532 -0.104429 0
    outer loop
      vertex 43.25 32.5 3
      vertex 43.2882 32.8638 0
      vertex 43.2882 32.8638 3
    endloop
  endfacet
  facet normal 0.994532 -0.104429 0
    outer loop
      vertex 43.2882 32.8638 0
      vertex 43.25 32.5 3
      vertex 43.25 32.5 0
    endloop
  endfacet
  facet normal -0.994532 0.104429 0
    outer loop
      vertex 46.7118 32.1362 0
      vertex 46.75 32.5 3
      vertex 46.75 32.5 0
    endloop
  endfacet
  facet normal -0.994532 0.104429 0
    outer loop
      vertex 46.75 32.5 3
      vertex 46.7118 32.1362 0
      vertex 46.7118 32.1362 3
    endloop
  endfacet
  facet normal -0.406747 0.913541 0
    outer loop
      vertex 45.875 30.9845 0
      vertex 45.5408 30.8357 3
      vertex 45.875 30.9845 3
    endloop
  endfacet
  facet normal -0.406747 0.913541 0
    outer loop
      vertex 45.5408 30.8357 3
      vertex 45.875 30.9845 0
      vertex 45.5408 30.8357 0
    endloop
  endfacet
  facet normal -0.866031 0.499991 0
    outer loop
      vertex 46.4158 31.4714 0
      vertex 46.5987 31.7882 3
      vertex 46.5987 31.7882 0
    endloop
  endfacet
  facet normal -0.866031 0.499991 0
    outer loop
      vertex 46.5987 31.7882 3
      vertex 46.4158 31.4714 0
      vertex 46.4158 31.4714 3
    endloop
  endfacet
  facet normal -0.587684 -0.809091 0
    outer loop
      vertex 45.875 34.0155 0
      vertex 46.171 33.8005 3
      vertex 45.875 34.0155 3
    endloop
  endfacet
  facet normal -0.587684 -0.809091 -0
    outer loop
      vertex 46.171 33.8005 3
      vertex 45.875 34.0155 0
      vertex 46.171 33.8005 0
    endloop
  endfacet
  facet normal -0.951034 0.309086 0
    outer loop
      vertex 46.5987 31.7882 0
      vertex 46.7118 32.1362 3
      vertex 46.7118 32.1362 0
    endloop
  endfacet
  facet normal -0.951034 0.309086 0
    outer loop
      vertex 46.7118 32.1362 3
      vertex 46.5987 31.7882 0
      vertex 46.5987 31.7882 3
    endloop
  endfacet
  facet normal 0 -1 0
    outer loop
      vertex 44.8171 34.2404 0
      vertex 45.1829 34.2404 3
      vertex 44.8171 34.2404 3
    endloop
  endfacet
  facet normal 0 -1 -0
    outer loop
      vertex 45.1829 34.2404 3
      vertex 44.8171 34.2404 0
      vertex 45.1829 34.2404 0
    endloop
  endfacet
  facet normal -0.20798 -0.978133 0
    outer loop
      vertex 45.1829 34.2404 0
      vertex 45.5408 34.1643 3
      vertex 45.1829 34.2404 3
    endloop
  endfacet
  facet normal -0.20798 -0.978133 -0
    outer loop
      vertex 45.5408 34.1643 3
      vertex 45.1829 34.2404 0
      vertex 45.5408 34.1643 0
    endloop
  endfacet
  facet normal 0 1 -0
    outer loop
      vertex 45.1829 30.7596 0
      vertex 44.8171 30.7596 3
      vertex 45.1829 30.7596 3
    endloop
  endfacet
  facet normal 0 1 0
    outer loop
      vertex 44.8171 30.7596 3
      vertex 45.1829 30.7596 0
      vertex 44.8171 30.7596 0
    endloop
  endfacet
  facet normal 0.951034 -0.309086 0
    outer loop
      vertex 43.2882 32.8638 3
      vertex 43.4013 33.2118 0
      vertex 43.4013 33.2118 3
    endloop
  endfacet
  facet normal 0.951034 -0.309086 0
    outer loop
      vertex 43.4013 33.2118 0
      vertex 43.2882 32.8638 3
      vertex 43.2882 32.8638 0
    endloop
  endfacet
  facet normal -0.406747 -0.913541 0
    outer loop
      vertex 45.5408 34.1643 0
      vertex 45.875 34.0155 3
      vertex 45.5408 34.1643 3
    endloop
  endfacet
  facet normal -0.406747 -0.913541 -0
    outer loop
      vertex 45.875 34.0155 3
      vertex 45.5408 34.1643 0
      vertex 45.875 34.0155 0
    endloop
  endfacet
  facet normal -0.743172 0.669101 0
    outer loop
      vertex 46.171 31.1995 0
      vertex 46.4158 31.4714 3
      vertex 46.4158 31.4714 0
    endloop
  endfacet
  facet normal -0.743172 0.669101 0
    outer loop
      vertex 46.4158 31.4714 3
      vertex 46.171 31.1995 0
      vertex 46.171 31.1995 3
    endloop
  endfacet
  facet normal 0.406747 0.913541 -0
    outer loop
      vertex 44.4592 30.8357 0
      vertex 44.125 30.9845 3
      vertex 44.4592 30.8357 3
    endloop
  endfacet
  facet normal 0.406747 0.913541 0
    outer loop
      vertex 44.125 30.9845 3
      vertex 44.4592 30.8357 0
      vertex 44.125 30.9845 0
    endloop
  endfacet
  facet normal 0.587684 -0.809091 0
    outer loop
      vertex 43.829 33.8005 0
      vertex 44.125 34.0155 3
      vertex 43.829 33.8005 3
    endloop
  endfacet
  facet normal 0.587684 -0.809091 0
    outer loop
      vertex 44.125 34.0155 3
      vertex 43.829 33.8005 0
      vertex 44.125 34.0155 0
    endloop
  endfacet
  facet normal -0.587684 0.809091 0
    outer loop
      vertex 46.171 31.1995 0
      vertex 45.875 30.9845 3
      vertex 46.171 31.1995 3
    endloop
  endfacet
  facet normal -0.587684 0.809091 0
    outer loop
      vertex 45.875 30.9845 3
      vertex 46.171 31.1995 0
      vertex 45.875 30.9845 0
    endloop
  endfacet
  facet normal 0.743172 -0.669101 0
    outer loop
      vertex 43.5842 33.5286 3
      vertex 43.829 33.8005 0
      vertex 43.829 33.8005 3
    endloop
  endfacet
  facet normal 0.743172 -0.669101 0
    outer loop
      vertex 43.829 33.8005 0
      vertex 43.5842 33.5286 3
      vertex 43.5842 33.5286 0
    endloop
  endfacet
  facet normal -0.743172 -0.669101 0
    outer loop
      vertex 46.4158 33.5286 0
      vertex 46.171 33.8005 3
      vertex 46.171 33.8005 0
    endloop
  endfacet
  facet normal -0.743172 -0.669101 0
    outer loop
      vertex 46.171 33.8005 3
      vertex 46.4158 33.5286 0
      vertex 46.4158 33.5286 3
    endloop
  endfacet
  facet normal 0.951034 0.309086 0
    outer loop
      vertex 43.4013 31.7882 3
      vertex 43.2882 32.1362 0
      vertex 43.2882 32.1362 3
    endloop
  endfacet
  facet normal 0.951034 0.309086 0
    outer loop
      vertex 43.2882 32.1362 0
      vertex 43.4013 31.7882 3
      vertex 43.4013 31.7882 0
    endloop
  endfacet
  facet normal 0.20798 0.978133 -0
    outer loop
      vertex 44.8171 30.7596 0
      vertex 44.4592 30.8357 3
      vertex 44.8171 30.7596 3
    endloop
  endfacet
  facet normal 0.20798 0.978133 0
    outer loop
      vertex 44.4592 30.8357 3
      vertex 44.8171 30.7596 0
      vertex 44.4592 30.8357 0
    endloop
  endfacet
  facet normal 0.743172 0.669101 0
    outer loop
      vertex 43.829 31.1995 3
      vertex 43.5842 31.4714 0
      vertex 43.5842 31.4714 3
    endloop
  endfacet
  facet normal 0.743172 0.669101 0
    outer loop
      vertex 43.5842 31.4714 0
      vertex 43.829 31.1995 3
      vertex 43.829 31.1995 0
    endloop
  endfacet
  facet normal 0.406747 -0.913541 0
    outer loop
      vertex 44.125 34.0155 0
      vertex 44.4592 34.1643 3
      vertex 44.125 34.0155 3
    endloop
  endfacet
  facet normal 0.406747 -0.913541 0
    outer loop
      vertex 44.4592 34.1643 3
      vertex 44.125 34.0155 0
      vertex 44.4592 34.1643 0
    endloop
  endfacet
  facet normal 0.866031 0.499991 0
    outer loop
      vertex 43.5842 31.4714 3
      vertex 43.4013 31.7882 0
      vertex 43.4013 31.7882 3
    endloop
  endfacet
  facet normal 0.866031 0.499991 0
    outer loop
      vertex 43.4013 31.7882 0
      vertex 43.5842 31.4714 3
      vertex 43.5842 31.4714 0
    endloop
  endfacet
  facet normal 0.866031 -0.499991 0
    outer loop
      vertex 43.4013 33.2118 3
      vertex 43.5842 33.5286 0
      vertex 43.5842 33.5286 3
    endloop
  endfacet
  facet normal 0.866031 -0.499991 0
    outer loop
      vertex 43.5842 33.5286 0
      vertex 43.4013 33.2118 3
      vertex 43.4013 33.2118 0
    endloop
  endfacet
  facet normal 0.994532 0.104429 0
    outer loop
      vertex 43.2882 32.1362 3
      vertex 43.25 32.5 0
      vertex 43.25 32.5 3
    endloop
  endfacet
  facet normal 0.994532 0.104429 0
    outer loop
      vertex 43.25 32.5 0
      vertex 43.2882 32.1362 3
      vertex 43.2882 32.1362 0
    endloop
  endfacet
  facet normal -0.20798 0.978133 0
    outer loop
      vertex 45.5408 30.8357 0
      vertex 45.1829 30.7596 3
      vertex 45.5408 30.8357 3
    endloop
  endfacet
  facet normal -0.20798 0.978133 0
    outer loop
      vertex 45.1829 30.7596 3
      vertex 45.5408 30.8357 0
      vertex 45.1829 30.7596 0
    endloop
  endfacet
  facet normal 0.20798 -0.978133 0
    outer loop
      vertex 44.4592 34.1643 0
      vertex 44.8171 34.2404 3
      vertex 44.4592 34.1643 3
    endloop
  endfacet
  facet normal 0.20798 -0.978133 0
    outer loop
      vertex 44.8171 34.2404 3
      vertex 44.4592 34.1643 0
      vertex 44.8171 34.2404 0
    endloop
  endfacet
  facet normal -0.902725 0.293386 0.314663
    outer loop
      vertex 46.5987 31.7882 3
      vertex 47.2454 31.633 5
      vertex 46.7118 32.1362 3
    endloop
  endfacet
  facet normal -0.902652 0.293615 0.314657
    outer loop
      vertex 47.2454 31.633 5
      vertex 46.5987 31.7882 3
      vertex 47.2077 31.5171 5
    endloop
  endfacet
  facet normal -0.386126 -0.867111 0.314683
    outer loop
      vertex 45.875 34.0155 3
      vertex 46.2083 34.5929 5
      vertex 45.8582 34.7488 5
    endloop
  endfacet
  facet normal -0.557879 0.767959 0.314658
    outer loop
      vertex 46.171 31.1995 3
      vertex 46.5184 30.6324 5
      vertex 46.6171 30.7041 5
    endloop
  endfacet
  facet normal -0.557832 0.767992 0.31466
    outer loop
      vertex 46.5184 30.6324 5
      vertex 46.171 31.1995 3
      vertex 45.875 30.9845 3
    endloop
  endfacet
  facet normal -0.94399 -0.0993022 0.314679
    outer loop
      vertex 47.4167 32.5 5
      vertex 47.3766 32.8812 5
      vertex 46.75 32.5 3
    endloop
  endfacet
  facet normal -0.944044 -0.0988406 0.31466
    outer loop
      vertex 46.7118 32.8638 3
      vertex 47.3766 32.8812 5
      vertex 47.3639 33.0025 5
    endloop
  endfacet
  facet normal -0.944017 -0.0991243 0.314654
    outer loop
      vertex 47.3766 32.8812 5
      vertex 46.7118 32.8638 3
      vertex 46.75 32.5 3
    endloop
  endfacet
  facet normal 0.902725 0.293386 0.314663
    outer loop
      vertex 42.7546 31.633 5
      vertex 43.4013 31.7882 3
      vertex 43.2882 32.1362 3
    endloop
  endfacet
  facet normal 0.902652 0.293615 0.314657
    outer loop
      vertex 43.4013 31.7882 3
      vertex 42.7546 31.633 5
      vertex 42.7923 31.5171 5
    endloop
  endfacet
  facet normal 0.902652 -0.293615 0.314657
    outer loop
      vertex 42.7546 33.367 5
      vertex 43.4013 33.2118 3
      vertex 42.7923 33.4829 5
    endloop
  endfacet
  facet normal 0.902725 -0.293386 0.314663
    outer loop
      vertex 43.4013 33.2118 3
      vertex 42.7546 33.367 5
      vertex 43.2882 32.8638 3
    endloop
  endfacet
  facet normal 0.197378 0.928445 0.314693
    outer loop
      vertex 44.6281 30.1219 5
      vertex 44.4592 30.8357 3
      vertex 44.2532 30.2016 5
    endloop
  endfacet
  facet normal 0.705439 -0.635094 0.314661
    outer loop
      vertex 43.829 33.8005 3
      vertex 43.3829 34.2959 5
      vertex 43.1265 34.0111 5
    endloop
  endfacet
  facet normal -0.902694 0.293468 0.314675
    outer loop
      vertex 47.2454 31.633 5
      vertex 47.3639 31.9975 5
      vertex 46.7118 32.1362 3
    endloop
  endfacet
  facet normal 0.705439 0.635094 0.314661
    outer loop
      vertex 43.3829 30.7041 5
      vertex 43.829 31.1995 3
      vertex 43.1265 30.9889 5
    endloop
  endfacet
  facet normal -0.386082 0.867128 0.314689
    outer loop
      vertex 45.875 30.9845 3
      vertex 45.7468 30.2016 5
      vertex 45.8582 30.2512 5
    endloop
  endfacet
  facet normal -0.386082 0.867128 0.314689
    outer loop
      vertex 45.7468 30.2016 5
      vertex 45.875 30.9845 3
      vertex 45.5408 30.8357 3
    endloop
  endfacet
  facet normal 0.902694 0.293468 0.314675
    outer loop
      vertex 42.7546 31.633 5
      vertex 43.2882 32.1362 3
      vertex 42.6361 31.9975 5
    endloop
  endfacet
  facet normal -0.557832 -0.767992 0.31466
    outer loop
      vertex 46.171 33.8005 3
      vertex 46.5184 34.3676 5
      vertex 45.875 34.0155 3
    endloop
  endfacet
  facet normal -0.557879 -0.767959 0.314658
    outer loop
      vertex 46.5184 34.3676 5
      vertex 46.171 33.8005 3
      vertex 46.6171 34.2959 5
    endloop
  endfacet
  facet normal -0.386126 0.867111 0.314683
    outer loop
      vertex 46.2083 30.4071 5
      vertex 45.875 30.9845 3
      vertex 45.8582 30.2512 5
    endloop
  endfacet
  facet normal -0.196918 -0.928548 0.314676
    outer loop
      vertex 45.1829 34.2404 3
      vertex 45.3719 34.8781 5
      vertex 45.2526 34.9034 5
    endloop
  endfacet
  facet normal -0.197413 -0.928439 0.314688
    outer loop
      vertex 45.3719 34.8781 5
      vertex 45.1829 34.2404 3
      vertex 45.5408 34.1643 3
    endloop
  endfacet
  facet normal 0.822124 0.474455 0.314649
    outer loop
      vertex 42.9839 31.1851 5
      vertex 43.4013 31.7882 3
      vertex 42.7923 31.5171 5
    endloop
  endfacet
  facet normal -0.197413 0.928439 0.314688
    outer loop
      vertex 45.1829 30.7596 3
      vertex 45.3719 30.1219 5
      vertex 45.5408 30.8357 3
    endloop
  endfacet
  facet normal -0.196918 0.928548 0.314676
    outer loop
      vertex 45.3719 30.1219 5
      vertex 45.1829 30.7596 3
      vertex 45.2526 30.0966 5
    endloop
  endfacet
  facet normal 0.822124 -0.474455 0.314649
    outer loop
      vertex 43.4013 33.2118 3
      vertex 42.9839 33.8149 5
      vertex 42.7923 33.4829 5
    endloop
  endfacet
  facet normal -0.822124 0.474455 0.314649
    outer loop
      vertex 47.0161 31.1851 5
      vertex 47.2077 31.5171 5
      vertex 46.5987 31.7882 3
    endloop
  endfacet
  facet normal 0.705313 -0.635248 0.314633
    outer loop
      vertex 43.0449 33.9205 5
      vertex 43.829 33.8005 3
      vertex 43.1265 34.0111 5
    endloop
  endfacet
  facet normal 0.70542 -0.635112 0.314667
    outer loop
      vertex 43.829 33.8005 3
      vertex 43.0449 33.9205 5
      vertex 43.5842 33.5286 3
    endloop
  endfacet
  facet normal -0.197378 -0.928445 0.314693
    outer loop
      vertex 45.5408 34.1643 3
      vertex 45.7468 34.7984 5
      vertex 45.3719 34.8781 5
    endloop
  endfacet
  facet normal -0.70542 0.635112 0.314667
    outer loop
      vertex 46.171 31.1995 3
      vertex 46.9551 31.0795 5
      vertex 46.4158 31.4714 3
    endloop
  endfacet
  facet normal -0.705313 0.635248 0.314633
    outer loop
      vertex 46.9551 31.0795 5
      vertex 46.171 31.1995 3
      vertex 46.8735 30.9889 5
    endloop
  endfacet
  facet normal -0.557924 0.767919 0.314676
    outer loop
      vertex 46.2083 30.4071 5
      vertex 46.5184 30.6324 5
      vertex 45.875 30.9845 3
    endloop
  endfacet
  facet normal 0.944019 0.0990576 0.314667
    outer loop
      vertex 42.6361 31.9975 5
      vertex 43.2882 32.1362 3
      vertex 42.5961 32.3787 5
    endloop
  endfacet
  facet normal -0.705439 0.635094 0.314661
    outer loop
      vertex 46.6171 30.7041 5
      vertex 46.8735 30.9889 5
      vertex 46.171 31.1995 3
    endloop
  endfacet
  facet normal 0.557832 0.767992 0.31466
    outer loop
      vertex 43.829 31.1995 3
      vertex 43.4816 30.6324 5
      vertex 44.125 30.9845 3
    endloop
  endfacet
  facet normal 0.557879 0.767959 0.314658
    outer loop
      vertex 43.4816 30.6324 5
      vertex 43.829 31.1995 3
      vertex 43.3829 30.7041 5
    endloop
  endfacet
  facet normal -0.944017 0.0991243 0.314654
    outer loop
      vertex 46.7118 32.1362 3
      vertex 47.3766 32.1188 5
      vertex 46.75 32.5 3
    endloop
  endfacet
  facet normal -0.944044 0.0988406 0.31466
    outer loop
      vertex 47.3766 32.1188 5
      vertex 46.7118 32.1362 3
      vertex 47.3639 31.9975 5
    endloop
  endfacet
  facet normal -0.94399 0.0993022 0.314679
    outer loop
      vertex 47.3766 32.1188 5
      vertex 47.4167 32.5 5
      vertex 46.75 32.5 3
    endloop
  endfacet
  facet normal 0.94396 0.09961 0.314669
    outer loop
      vertex 42.5961 32.3787 5
      vertex 43.25 32.5 3
      vertex 42.5833 32.5 5
    endloop
  endfacet
  facet normal 0.944015 0.0991242 0.314658
    outer loop
      vertex 43.25 32.5 3
      vertex 42.5961 32.3787 5
      vertex 43.2882 32.1362 3
    endloop
  endfacet
  facet normal 0.386126 0.867111 0.314683
    outer loop
      vertex 44.1418 30.2512 5
      vertex 44.125 30.9845 3
      vertex 43.7917 30.4071 5
    endloop
  endfacet
  facet normal -0.902694 -0.293468 0.314675
    outer loop
      vertex 47.3639 33.0025 5
      vertex 47.2454 33.367 5
      vertex 46.7118 32.8638 3
    endloop
  endfacet
  facet normal 0.197378 -0.928445 0.314693
    outer loop
      vertex 44.4592 34.1643 3
      vertex 44.6281 34.8781 5
      vertex 44.2532 34.7984 5
    endloop
  endfacet
  facet normal 0.197413 -0.928439 0.314688
    outer loop
      vertex 44.8171 34.2404 3
      vertex 44.6281 34.8781 5
      vertex 44.4592 34.1643 3
    endloop
  endfacet
  facet normal 0.196918 -0.928548 0.314676
    outer loop
      vertex 44.6281 34.8781 5
      vertex 44.8171 34.2404 3
      vertex 44.7474 34.9034 5
    endloop
  endfacet
  facet normal 0.70542 0.635112 0.314667
    outer loop
      vertex 43.0449 31.0795 5
      vertex 43.829 31.1995 3
      vertex 43.5842 31.4714 3
    endloop
  endfacet
  facet normal 0.705313 0.635248 0.314633
    outer loop
      vertex 43.829 31.1995 3
      vertex 43.0449 31.0795 5
      vertex 43.1265 30.9889 5
    endloop
  endfacet
  facet normal 0.822037 0.474591 0.314672
    outer loop
      vertex 42.9839 31.1851 5
      vertex 43.5842 31.4714 3
      vertex 43.4013 31.7882 3
    endloop
  endfacet
  facet normal 0.821926 0.474787 0.314667
    outer loop
      vertex 43.5842 31.4714 3
      vertex 42.9839 31.1851 5
      vertex 43.0449 31.0795 5
    endloop
  endfacet
  facet normal 0 -0.949204 0.314661
    outer loop
      vertex 44.8171 34.2404 3
      vertex 45.2526 34.9034 5
      vertex 44.7474 34.9034 5
    endloop
  endfacet
  facet normal 0 -0.949204 0.314661
    outer loop
      vertex 45.2526 34.9034 5
      vertex 44.8171 34.2404 3
      vertex 45.1829 34.2404 3
    endloop
  endfacet
  facet normal -0.705439 -0.635094 0.314661
    outer loop
      vertex 46.8735 34.0111 5
      vertex 46.6171 34.2959 5
      vertex 46.171 33.8005 3
    endloop
  endfacet
  facet normal 0.196918 0.928548 0.314676
    outer loop
      vertex 44.8171 30.7596 3
      vertex 44.6281 30.1219 5
      vertex 44.7474 30.0966 5
    endloop
  endfacet
  facet normal 0.197413 0.928439 0.314688
    outer loop
      vertex 44.6281 30.1219 5
      vertex 44.8171 30.7596 3
      vertex 44.4592 30.8357 3
    endloop
  endfacet
  facet normal 0 0.949204 0.314661
    outer loop
      vertex 45.1829 30.7596 3
      vertex 44.7474 30.0966 5
      vertex 45.2526 30.0966 5
    endloop
  endfacet
  facet normal 0 0.949204 0.314661
    outer loop
      vertex 44.7474 30.0966 5
      vertex 45.1829 30.7596 3
      vertex 44.8171 30.7596 3
    endloop
  endfacet
  facet normal 0.821926 -0.474787 0.314667
    outer loop
      vertex 42.9839 33.8149 5
      vertex 43.5842 33.5286 3
      vertex 43.0449 33.9205 5
    endloop
  endfacet
  facet normal 0.822037 -0.474591 0.314672
    outer loop
      vertex 43.5842 33.5286 3
      vertex 42.9839 33.8149 5
      vertex 43.4013 33.2118 3
    endloop
  endfacet
  facet normal -0.197378 0.928445 0.314693
    outer loop
      vertex 45.7468 30.2016 5
      vertex 45.5408 30.8357 3
      vertex 45.3719 30.1219 5
    endloop
  endfacet
  facet normal 0.386126 -0.867111 0.314683
    outer loop
      vertex 44.125 34.0155 3
      vertex 44.1418 34.7488 5
      vertex 43.7917 34.5929 5
    endloop
  endfacet
  facet normal 0.557924 -0.767919 0.314676
    outer loop
      vertex 44.125 34.0155 3
      vertex 43.7917 34.5929 5
      vertex 43.4816 34.3676 5
    endloop
  endfacet
  facet normal 0.944019 -0.0990576 0.314667
    outer loop
      vertex 43.2882 32.8638 3
      vertex 42.6361 33.0025 5
      vertex 42.5961 32.6213 5
    endloop
  endfacet
  facet normal -0.557924 -0.767919 0.314676
    outer loop
      vertex 46.5184 34.3676 5
      vertex 46.2083 34.5929 5
      vertex 45.875 34.0155 3
    endloop
  endfacet
  facet normal -0.822037 0.474591 0.314672
    outer loop
      vertex 46.4158 31.4714 3
      vertex 47.0161 31.1851 5
      vertex 46.5987 31.7882 3
    endloop
  endfacet
  facet normal -0.821926 0.474787 0.314667
    outer loop
      vertex 47.0161 31.1851 5
      vertex 46.4158 31.4714 3
      vertex 46.9551 31.0795 5
    endloop
  endfacet
  facet normal -0.386082 -0.867128 0.314689
    outer loop
      vertex 45.875 34.0155 3
      vertex 45.7468 34.7984 5
      vertex 45.5408 34.1643 3
    endloop
  endfacet
  facet normal -0.386082 -0.867128 0.314689
    outer loop
      vertex 45.7468 34.7984 5
      vertex 45.875 34.0155 3
      vertex 45.8582 34.7488 5
    endloop
  endfacet
  facet normal 0.902694 -0.293468 0.314675
    outer loop
      vertex 43.2882 32.8638 3
      vertex 42.7546 33.367 5
      vertex 42.6361 33.0025 5
    endloop
  endfacet
  facet normal 0.557879 -0.767959 0.314658
    outer loop
      vertex 43.829 33.8005 3
      vertex 43.4816 34.3676 5
      vertex 43.3829 34.2959 5
    endloop
  endfacet
  facet normal 0.557832 -0.767992 0.31466
    outer loop
      vertex 43.4816 34.3676 5
      vertex 43.829 33.8005 3
      vertex 44.125 34.0155 3
    endloop
  endfacet
  facet normal 0.386082 0.867128 0.314689
    outer loop
      vertex 44.125 30.9845 3
      vertex 44.2532 30.2016 5
      vertex 44.4592 30.8357 3
    endloop
  endfacet
  facet normal 0.386082 0.867128 0.314689
    outer loop
      vertex 44.2532 30.2016 5
      vertex 44.125 30.9845 3
      vertex 44.1418 30.2512 5
    endloop
  endfacet
  facet normal 0.557924 0.767919 0.314676
    outer loop
      vertex 43.7917 30.4071 5
      vertex 44.125 30.9845 3
      vertex 43.4816 30.6324 5
    endloop
  endfacet
  facet normal -0.705313 -0.635248 0.314633
    outer loop
      vertex 46.171 33.8005 3
      vertex 46.9551 33.9205 5
      vertex 46.8735 34.0111 5
    endloop
  endfacet
  facet normal -0.70542 -0.635112 0.314667
    outer loop
      vertex 46.9551 33.9205 5
      vertex 46.171 33.8005 3
      vertex 46.4158 33.5286 3
    endloop
  endfacet
  facet normal -0.822124 -0.474455 0.314649
    outer loop
      vertex 47.2077 33.4829 5
      vertex 47.0161 33.8149 5
      vertex 46.5987 33.2118 3
    endloop
  endfacet
  facet normal -0.902652 -0.293615 0.314657
    outer loop
      vertex 46.5987 33.2118 3
      vertex 47.2454 33.367 5
      vertex 47.2077 33.4829 5
    endloop
  endfacet
  facet normal -0.902725 -0.293386 0.314663
    outer loop
      vertex 47.2454 33.367 5
      vertex 46.5987 33.2118 3
      vertex 46.7118 32.8638 3
    endloop
  endfacet
  facet normal 0.386082 -0.867128 0.314689
    outer loop
      vertex 44.125 34.0155 3
      vertex 44.2532 34.7984 5
      vertex 44.1418 34.7488 5
    endloop
  endfacet
  facet normal 0.386082 -0.867128 0.314689
    outer loop
      vertex 44.2532 34.7984 5
      vertex 44.125 34.0155 3
      vertex 44.4592 34.1643 3
    endloop
  endfacet
  facet normal 0.94396 -0.09961 0.314669
    outer loop
      vertex 43.25 32.5 3
      vertex 42.5961 32.6213 5
      vertex 42.5833 32.5 5
    endloop
  endfacet
  facet normal 0.944015 -0.0991242 0.314658
    outer loop
      vertex 42.5961 32.6213 5
      vertex 43.25 32.5 3
      vertex 43.2882 32.8638 3
    endloop
  endfacet
  facet normal -0.821926 -0.474787 0.314667
    outer loop
      vertex 46.4158 33.5286 3
      vertex 47.0161 33.8149 5
      vertex 46.9551 33.9205 5
    endloop
  endfacet
  facet normal -0.822037 -0.474591 0.314672
    outer loop
      vertex 47.0161 33.8149 5
      vertex 46.4158 33.5286 3
      vertex 46.5987 33.2118 3
    endloop
  endfacet
  facet normal -0.951071 -0.308973 0
    outer loop
      vertex 22.9563 10.4158 0
      vertex 22.8271 10.8135 5
      vertex 22.8271 10.8135 0
    endloop
  endfacet
  facet normal -0.951071 -0.308973 0
    outer loop
      vertex 22.8271 10.8135 5
      vertex 22.9563 10.4158 0
      vertex 22.9563 10.4158 5
    endloop
  endfacet
  facet normal -0.994522 -0.104523 0
    outer loop
      vertex 23 10 0
      vertex 22.9563 10.4158 5
      vertex 22.9563 10.4158 0
    endloop
  endfacet
  facet normal -0.994522 -0.104523 0
    outer loop
      vertex 22.9563 10.4158 5
      vertex 23 10 0
      vertex 23 10 5
    endloop
  endfacet
  facet normal -0.865982 -0.500074 0
    outer loop
      vertex 22.8271 10.8135 0
      vertex 22.618 11.1756 5
      vertex 22.618 11.1756 0
    endloop
  endfacet
  facet normal -0.865982 -0.500074 0
    outer loop
      vertex 22.618 11.1756 5
      vertex 22.8271 10.8135 0
      vertex 22.8271 10.8135 5
    endloop
  endfacet
  facet normal 0 1 -0
    outer loop
      vertex 21 8.01096 0
      vertex 20.7909 8.01096 5
      vertex 21 8.01096 5
    endloop
  endfacet
  facet normal 0 1 0
    outer loop
      vertex 20.7909 8.01096 5
      vertex 21 8.01096 0
      vertex 20.7909 8.01096 0
    endloop
  endfacet
  facet normal 0.95106 0.309008 0
    outer loop
      vertex 19.1729 9.18653 5
      vertex 19.0437 9.58418 0
      vertex 19.0437 9.58418 5
    endloop
  endfacet
  facet normal 0.95106 0.309008 0
    outer loop
      vertex 19.0437 9.58418 0
      vertex 19.1729 9.18653 5
      vertex 19.1729 9.18653 0
    endloop
  endfacet
  facet normal 0.743211 -0.669057 0
    outer loop
      vertex 19.382 11.1756 5
      vertex 19.6617 11.4863 0
      vertex 19.6617 11.4863 5
    endloop
  endfacet
  facet normal 0.743211 -0.669057 0
    outer loop
      vertex 19.6617 11.4863 0
      vertex 19.382 11.1756 5
      vertex 19.382 11.1756 0
    endloop
  endfacet
  facet normal 0.406782 -0.913525 0
    outer loop
      vertex 20 11.732 0
      vertex 20.382 11.9021 5
      vertex 20 11.732 5
    endloop
  endfacet
  facet normal 0.406782 -0.913525 0
    outer loop
      vertex 20.382 11.9021 5
      vertex 20 11.732 0
      vertex 20.382 11.9021 0
    endloop
  endfacet
  facet normal 0.207947 0.97814 -0
    outer loop
      vertex 20.7909 8.01096 0
      vertex 20.382 8.09789 5
      vertex 20.7909 8.01096 5
    endloop
  endfacet
  facet normal 0.207947 0.97814 0
    outer loop
      vertex 20.382 8.09789 5
      vertex 20.7909 8.01096 0
      vertex 20.382 8.09789 0
    endloop
  endfacet
  facet normal 0.406702 0.913561 -0
    outer loop
      vertex 20.382 8.09789 0
      vertex 20 8.26795 5
      vertex 20.382 8.09789 5
    endloop
  endfacet
  facet normal 0.406702 0.913561 0
    outer loop
      vertex 20 8.26795 5
      vertex 20.382 8.09789 0
      vertex 20 8.26795 0
    endloop
  endfacet
  facet normal -0.207879 -0.978155 0
    outer loop
      vertex 21.2091 11.989 0
      vertex 21.618 11.9021 5
      vertex 21.2091 11.989 5
    endloop
  endfacet
  facet normal -0.207879 -0.978155 -0
    outer loop
      vertex 21.618 11.9021 5
      vertex 21.2091 11.989 0
      vertex 21.618 11.9021 0
    endloop
  endfacet
  facet normal 0 -1 0
    outer loop
      vertex 20.7909 11.989 0
      vertex 21.2091 11.989 5
      vertex 20.7909 11.989 5
    endloop
  endfacet
  facet normal 0 -1 -0
    outer loop
      vertex 21.2091 11.989 5
      vertex 20.7909 11.989 0
      vertex 21.2091 11.989 0
    endloop
  endfacet
  facet normal 0.951071 -0.308973 0
    outer loop
      vertex 19.0437 10.4158 5
      vertex 19.1729 10.8135 0
      vertex 19.1729 10.8135 5
    endloop
  endfacet
  facet normal 0.951071 -0.308973 0
    outer loop
      vertex 19.1729 10.8135 0
      vertex 19.0437 10.4158 5
      vertex 19.0437 10.4158 0
    endloop
  endfacet
  facet normal 0.587739 0.80905 -0
    outer loop
      vertex 20 8.26795 0
      vertex 19.6617 8.51371 5
      vertex 20 8.26795 5
    endloop
  endfacet
  facet normal 0.587739 0.80905 0
    outer loop
      vertex 19.6617 8.51371 5
      vertex 20 8.26795 0
      vertex 19.6617 8.51371 0
    endloop
  endfacet
  facet normal 0.743232 0.669033 0
    outer loop
      vertex 19.6617 8.51371 5
      vertex 19.382 8.82443 0
      vertex 19.382 8.82443 5
    endloop
  endfacet
  facet normal 0.743232 0.669033 0
    outer loop
      vertex 19.382 8.82443 0
      vertex 19.6617 8.51371 5
      vertex 19.6617 8.51371 0
    endloop
  endfacet
  facet normal -0.743211 -0.669057 0
    outer loop
      vertex 22.618 11.1756 0
      vertex 22.3383 11.4863 5
      vertex 22.3383 11.4863 0
    endloop
  endfacet
  facet normal -0.743211 -0.669057 0
    outer loop
      vertex 22.3383 11.4863 5
      vertex 22.618 11.1756 0
      vertex 22.618 11.1756 5
    endloop
  endfacet
  facet normal 0.994522 -0.104523 0
    outer loop
      vertex 19 10 5
      vertex 19.0437 10.4158 0
      vertex 19.0437 10.4158 5
    endloop
  endfacet
  facet normal 0.994522 -0.104523 0
    outer loop
      vertex 19.0437 10.4158 0
      vertex 19 10 5
      vertex 19 10 0
    endloop
  endfacet
  facet normal 0.207879 -0.978155 0
    outer loop
      vertex 20.382 11.9021 0
      vertex 20.7909 11.989 5
      vertex 20.382 11.9021 5
    endloop
  endfacet
  facet normal 0.207879 -0.978155 0
    outer loop
      vertex 20.7909 11.989 5
      vertex 20.382 11.9021 0
      vertex 20.7909 11.989 0
    endloop
  endfacet
  facet normal -0.587645 -0.809119 0
    outer loop
      vertex 22 11.732 0
      vertex 22.3383 11.4863 5
      vertex 22 11.732 5
    endloop
  endfacet
  facet normal -0.587645 -0.809119 -0
    outer loop
      vertex 22.3383 11.4863 5
      vertex 22 11.732 0
      vertex 22.3383 11.4863 0
    endloop
  endfacet
  facet normal -0.406782 -0.913525 0
    outer loop
      vertex 21.618 11.9021 0
      vertex 22 11.732 5
      vertex 21.618 11.9021 5
    endloop
  endfacet
  facet normal -0.406782 -0.913525 -0
    outer loop
      vertex 22 11.732 5
      vertex 21.618 11.9021 0
      vertex 22 11.732 0
    endloop
  endfacet
  facet normal 0.587645 -0.809119 0
    outer loop
      vertex 19.6617 11.4863 0
      vertex 20 11.732 5
      vertex 19.6617 11.4863 5
    endloop
  endfacet
  facet normal 0.587645 -0.809119 0
    outer loop
      vertex 20 11.732 5
      vertex 19.6617 11.4863 0
      vertex 20 11.732 0
    endloop
  endfacet
  facet normal 0.865982 0.500074 0
    outer loop
      vertex 19.382 8.82443 5
      vertex 19.1729 9.18653 0
      vertex 19.1729 9.18653 5
    endloop
  endfacet
  facet normal 0.865982 0.500074 0
    outer loop
      vertex 19.1729 9.18653 0
      vertex 19.382 8.82443 5
      vertex 19.382 8.82443 0
    endloop
  endfacet
  facet normal 0.994523 0.104518 0
    outer loop
      vertex 19.0437 9.58418 5
      vertex 19 10 0
      vertex 19 10 5
    endloop
  endfacet
  facet normal 0.994523 0.104518 0
    outer loop
      vertex 19 10 0
      vertex 19.0437 9.58418 5
      vertex 19.0437 9.58418 0
    endloop
  endfacet
  facet normal 0.865982 -0.500074 0
    outer loop
      vertex 19.1729 10.8135 5
      vertex 19.382 11.1756 0
      vertex 19.382 11.1756 5
    endloop
  endfacet
  facet normal 0.865982 -0.500074 0
    outer loop
      vertex 19.382 11.1756 0
      vertex 19.1729 10.8135 5
      vertex 19.1729 10.8135 0
    endloop
  endfacet
  facet normal -0.951071 -0.308973 0
    outer loop
      vertex 30.9563 10.4158 0
      vertex 30.8271 10.8135 5
      vertex 30.8271 10.8135 0
    endloop
  endfacet
  facet normal -0.951071 -0.308973 0
    outer loop
      vertex 30.8271 10.8135 5
      vertex 30.9563 10.4158 0
      vertex 30.9563 10.4158 5
    endloop
  endfacet
  facet normal -0.994522 -0.104523 0
    outer loop
      vertex 31 10 0
      vertex 30.9563 10.4158 5
      vertex 30.9563 10.4158 0
    endloop
  endfacet
  facet normal -0.994522 -0.104523 0
    outer loop
      vertex 30.9563 10.4158 5
      vertex 31 10 0
      vertex 31 10 5
    endloop
  endfacet
  facet normal -0.865982 -0.500074 0
    outer loop
      vertex 30.8271 10.8135 0
      vertex 30.618 11.1756 5
      vertex 30.618 11.1756 0
    endloop
  endfacet
  facet normal -0.865982 -0.500074 0
    outer loop
      vertex 30.618 11.1756 5
      vertex 30.8271 10.8135 0
      vertex 30.8271 10.8135 5
    endloop
  endfacet
  facet normal 0 1 -0
    outer loop
      vertex 29 8.01096 0
      vertex 28.7909 8.01096 5
      vertex 29 8.01096 5
    endloop
  endfacet
  facet normal 0 1 0
    outer loop
      vertex 28.7909 8.01096 5
      vertex 29 8.01096 0
      vertex 28.7909 8.01096 0
    endloop
  endfacet
  facet normal 0.95106 0.309008 0
    outer loop
      vertex 27.1729 9.18653 5
      vertex 27.0437 9.58418 0
      vertex 27.0437 9.58418 5
    endloop
  endfacet
  facet normal 0.95106 0.309008 0
    outer loop
      vertex 27.0437 9.58418 0
      vertex 27.1729 9.18653 5
      vertex 27.1729 9.18653 0
    endloop
  endfacet
  facet normal 0.743211 -0.669057 0
    outer loop
      vertex 27.382 11.1756 5
      vertex 27.6617 11.4863 0
      vertex 27.6617 11.4863 5
    endloop
  endfacet
  facet normal 0.743211 -0.669057 0
    outer loop
      vertex 27.6617 11.4863 0
      vertex 27.382 11.1756 5
      vertex 27.382 11.1756 0
    endloop
  endfacet
  facet normal 0.207947 0.97814 -0
    outer loop
      vertex 28.7909 8.01096 0
      vertex 28.382 8.09789 5
      vertex 28.7909 8.01096 5
    endloop
  endfacet
  facet normal 0.207947 0.97814 0
    outer loop
      vertex 28.382 8.09789 5
      vertex 28.7909 8.01096 0
      vertex 28.382 8.09789 0
    endloop
  endfacet
  facet normal 0.406702 0.913561 -0
    outer loop
      vertex 28.382 8.09789 0
      vertex 28 8.26795 5
      vertex 28.382 8.09789 5
    endloop
  endfacet
  facet normal 0.406702 0.913561 0
    outer loop
      vertex 28 8.26795 5
      vertex 28.382 8.09789 0
      vertex 28 8.26795 0
    endloop
  endfacet
  facet normal -0.207879 -0.978155 0
    outer loop
      vertex 29.2091 11.989 0
      vertex 29.618 11.9021 5
      vertex 29.2091 11.989 5
    endloop
  endfacet
  facet normal -0.207879 -0.978155 -0
    outer loop
      vertex 29.618 11.9021 5
      vertex 29.2091 11.989 0
      vertex 29.618 11.9021 0
    endloop
  endfacet
  facet normal 0 -1 0
    outer loop
      vertex 28.7909 11.989 0
      vertex 29.2091 11.989 5
      vertex 28.7909 11.989 5
    endloop
  endfacet
  facet normal 0 -1 -0
    outer loop
      vertex 29.2091 11.989 5
      vertex 28.7909 11.989 0
      vertex 29.2091 11.989 0
    endloop
  endfacet
  facet normal 0.951071 -0.308973 0
    outer loop
      vertex 27.0437 10.4158 5
      vertex 27.1729 10.8135 0
      vertex 27.1729 10.8135 5
    endloop
  endfacet
  facet normal 0.951071 -0.308973 0
    outer loop
      vertex 27.1729 10.8135 0
      vertex 27.0437 10.4158 5
      vertex 27.0437 10.4158 0
    endloop
  endfacet
  facet normal 0.743232 0.669033 0
    outer loop
      vertex 27.6617 8.51371 5
      vertex 27.382 8.82443 0
      vertex 27.382 8.82443 5
    endloop
  endfacet
  facet normal 0.743232 0.669033 0
    outer loop
      vertex 27.382 8.82443 0
      vertex 27.6617 8.51371 5
      vertex 27.6617 8.51371 0
    endloop
  endfacet
  facet normal -0.743211 -0.669057 0
    outer loop
      vertex 30.618 11.1756 0
      vertex 30.3383 11.4863 5
      vertex 30.3383 11.4863 0
    endloop
  endfacet
  facet normal -0.743211 -0.669057 0
    outer loop
      vertex 30.3383 11.4863 5
      vertex 30.618 11.1756 0
      vertex 30.618 11.1756 5
    endloop
  endfacet
  facet normal 0.994522 -0.104523 0
    outer loop
      vertex 27 10 5
      vertex 27.0437 10.4158 0
      vertex 27.0437 10.4158 5
    endloop
  endfacet
  facet normal 0.994522 -0.104523 0
    outer loop
      vertex 27.0437 10.4158 0
      vertex 27 10 5
      vertex 27 10 0
    endloop
  endfacet
  facet normal 0.207879 -0.978155 0
    outer loop
      vertex 28.382 11.9021 0
      vertex 28.7909 11.989 5
      vertex 28.382 11.9021 5
    endloop
  endfacet
  facet normal 0.207879 -0.978155 0
    outer loop
      vertex 28.7909 11.989 5
      vertex 28.382 11.9021 0
      vertex 28.7909 11.989 0
    endloop
  endfacet
  facet normal -0.587645 -0.809119 0
    outer loop
      vertex 30 11.732 0
      vertex 30.3383 11.4863 5
      vertex 30 11.732 5
    endloop
  endfacet
  facet normal -0.587645 -0.809119 -0
    outer loop
      vertex 30.3383 11.4863 5
      vertex 30 11.732 0
      vertex 30.3383 11.4863 0
    endloop
  endfacet
  facet normal 0.406782 -0.913525 0
    outer loop
      vertex 28 11.732 0
      vertex 28.382 11.9021 5
      vertex 28 11.732 5
    endloop
  endfacet
  facet normal 0.406782 -0.913525 0
    outer loop
      vertex 28.382 11.9021 5
      vertex 28 11.732 0
      vertex 28.382 11.9021 0
    endloop
  endfacet
  facet normal -0.406782 -0.913525 0
    outer loop
      vertex 29.618 11.9021 0
      vertex 30 11.732 5
      vertex 29.618 11.9021 5
    endloop
  endfacet
  facet normal -0.406782 -0.913525 -0
    outer loop
      vertex 30 11.732 5
      vertex 29.618 11.9021 0
      vertex 30 11.732 0
    endloop
  endfacet
  facet normal 0.587739 0.80905 -0
    outer loop
      vertex 28 8.26795 0
      vertex 27.6617 8.51371 5
      vertex 28 8.26795 5
    endloop
  endfacet
  facet normal 0.587739 0.80905 0
    outer loop
      vertex 27.6617 8.51371 5
      vertex 28 8.26795 0
      vertex 27.6617 8.51371 0
    endloop
  endfacet
  facet normal 0.587645 -0.809119 0
    outer loop
      vertex 27.6617 11.4863 0
      vertex 28 11.732 5
      vertex 27.6617 11.4863 5
    endloop
  endfacet
  facet normal 0.587645 -0.809119 0
    outer loop
      vertex 28 11.732 5
      vertex 27.6617 11.4863 0
      vertex 28 11.732 0
    endloop
  endfacet
  facet normal 0.865982 0.500074 0
    outer loop
      vertex 27.382 8.82443 5
      vertex 27.1729 9.18653 0
      vertex 27.1729 9.18653 5
    endloop
  endfacet
  facet normal 0.865982 0.500074 0
    outer loop
      vertex 27.1729 9.18653 0
      vertex 27.382 8.82443 5
      vertex 27.382 8.82443 0
    endloop
  endfacet
  facet normal 0.994523 0.104518 0
    outer loop
      vertex 27.0437 9.58418 5
      vertex 27 10 0
      vertex 27 10 5
    endloop
  endfacet
  facet normal 0.994523 0.104518 0
    outer loop
      vertex 27 10 0
      vertex 27.0437 9.58418 5
      vertex 27.0437 9.58418 0
    endloop
  endfacet
  facet normal 0.865982 -0.500074 0
    outer loop
      vertex 27.1729 10.8135 5
      vertex 27.382 11.1756 0
      vertex 27.382 11.1756 5
    endloop
  endfacet
  facet normal 0.865982 -0.500074 0
    outer loop
      vertex 27.382 11.1756 0
      vertex 27.1729 10.8135 5
      vertex 27.1729 10.8135 0
    endloop
  endfacet
  facet normal -1 0 0
    outer loop
      vertex 25 5 0
      vertex 25 10 5
      vertex 25 10 0
    endloop
  endfacet
  facet normal -1 -0 0
    outer loop
      vertex 25 10 5
      vertex 25 5 0
      vertex 25 5 5
    endloop
  endfacet
  facet normal 1 -0 0
    outer loop
      vertex 21 5 5
      vertex 21 8.01096 0
      vertex 21 8.01096 5
    endloop
  endfacet
  facet normal 1 0 0
    outer loop
      vertex 21 8.01096 0
      vertex 21 5 5
      vertex 21 5 0
    endloop
  endfacet
  facet normal 0 -1 0
    outer loop
      vertex 23 10 0
      vertex 25 10 5
      vertex 23 10 5
    endloop
  endfacet
  facet normal 0 -1 -0
    outer loop
      vertex 25 10 5
      vertex 23 10 0
      vertex 25 10 0
    endloop
  endfacet
  facet normal 0 1 -0
    outer loop
      vertex 25 5 0
      vertex 21 5 5
      vertex 25 5 5
    endloop
  endfacet
  facet normal 0 1 0
    outer loop
      vertex 21 5 5
      vertex 25 5 0
      vertex 21 5 0
    endloop
  endfacet
  facet normal -1 0 0
    outer loop
      vertex 33 5 0
      vertex 33 10 5
      vertex 33 10 0
    endloop
  endfacet
  facet normal -1 -0 0
    outer loop
      vertex 33 10 5
      vertex 33 5 0
      vertex 33 5 5
    endloop
  endfacet
  facet normal 1 -0 0
    outer loop
      vertex 29 5 5
      vertex 29 8.01096 0
      vertex 29 8.01096 5
    endloop
  endfacet
  facet normal 1 0 0
    outer loop
      vertex 29 8.01096 0
      vertex 29 5 5
      vertex 29 5 0
    endloop
  endfacet
  facet normal 0 -1 0
    outer loop
      vertex 31 10 0
      vertex 33 10 5
      vertex 31 10 5
    endloop
  endfacet
  facet normal 0 -1 -0
    outer loop
      vertex 33 10 5
      vertex 31 10 0
      vertex 33 10 0
    endloop
  endfacet
  facet normal 0 1 -0
    outer loop
      vertex 33 5 0
      vertex 29 5 5
      vertex 33 5 5
    endloop
  endfacet
  facet normal 0 1 0
    outer loop
      vertex 29 5 5
      vertex 33 5 0
      vertex 29 5 0
    endloop
  endfacet
  facet normal -1 0 0
    outer loop
      vertex 27.5 35 5
      vertex 27.5 40 3.66025
      vertex 27.5 40 0
    endloop
  endfacet
  facet normal -1 0 0
    outer loop
      vertex 27.5 40 3.66025
      vertex 27.5 35 5
      vertex 27.5 35.5774 6
    endloop
  endfacet
  facet normal -1 0 0
    outer loop
      vertex 27.5 35 5
      vertex 27.5 33 5
      vertex 27.5 35 6
    endloop
  endfacet
  facet normal -1 0 0
    outer loop
      vertex 27.5 29.0499 0.5
      vertex 27.5 35 5
      vertex 27.5 40 0
    endloop
  endfacet
  facet normal -1 -0 0
    outer loop
      vertex 27.5 35 5
      vertex 27.5 29.0499 0.5
      vertex 27.5 33 5
    endloop
  endfacet
  facet normal -1 0 0
    outer loop
      vertex 27.5 25 0
      vertex 27.5 29.0499 0.5
      vertex 27.5 40 0
    endloop
  endfacet
  facet normal -1 -0 0
    outer loop
      vertex 27.5 29.0499 0.5
      vertex 27.5 25 0
      vertex 27.5 25 0.5
    endloop
  endfacet
  facet normal -1 -0 0
    outer loop
      vertex 27.5 41.3509 6
      vertex 27.5 40 3.66025
      vertex 27.5 35.5774 6
    endloop
  endfacet
  facet normal -1 -0 0
    outer loop
      vertex 27.5 35 6
      vertex 27.5 33 5
      vertex 27.5 33 6
    endloop
  endfacet
  facet normal -1 0 0
    outer loop
      vertex 27.5 29.0499 1
      vertex 27.5 33 5
      vertex 27.5 29.0499 0.5
    endloop
  endfacet
  facet normal -1 0 0
    outer loop
      vertex 27.5 25 5
      vertex 27.5 29.0499 1
      vertex 27.5 25 1
    endloop
  endfacet
  facet normal -1 0 0
    outer loop
      vertex 27.5 29.0499 1
      vertex 27.5 25 5
      vertex 27.5 33 5
    endloop
  endfacet
  facet normal 0 0 -1
    outer loop
      vertex 27.5 33 6
      vertex 23 35 6
      vertex 27.5 35 6
    endloop
  endfacet
  facet normal -0 0 -1
    outer loop
      vertex 23 35 6
      vertex 22.5 33 6
      vertex 22.6151 35.5774 6
    endloop
  endfacet
  facet normal 0 0 -1
    outer loop
      vertex 22.5 33 6
      vertex 23 35 6
      vertex 27.5 33 6
    endloop
  endfacet
  facet normal 0 0 -1
    outer loop
      vertex 22.6151 35.5774 6
      vertex 27.5 41.3509 6
      vertex 27.5 35.5774 6
    endloop
  endfacet
  facet normal 0 0 -1
    outer loop
      vertex 22.6151 35.5774 6
      vertex 22.5 41.3509 6
      vertex 27.5 41.3509 6
    endloop
  endfacet
  facet normal 0 0 -1
    outer loop
      vertex 22.5 41.3509 6
      vertex 22.6151 35.5774 6
      vertex 22.5 33 6
    endloop
  endfacet
  facet normal 1 0 0
    outer loop
      vertex 22.5 33 5
      vertex 22.5 28.9348 1
      vertex 22.5 29.0499 1
    endloop
  endfacet
  facet normal 1 0 0
    outer loop
      vertex 22.5 28.9348 1
      vertex 22.5 25.4294 1
      vertex 22.5 28.9348 0.5
    endloop
  endfacet
  facet normal 1 -0 0
    outer loop
      vertex 22.5 25 5
      vertex 22.5 28.9348 1
      vertex 22.5 33 5
    endloop
  endfacet
  facet normal 1 0 0
    outer loop
      vertex 22.5 28.9348 1
      vertex 22.5 25 5
      vertex 22.5 25.4294 1
    endloop
  endfacet
  facet normal 1 0 0
    outer loop
      vertex 22.5 25.4294 1
      vertex 22.5 25 5
      vertex 22.5 25 1
    endloop
  endfacet
  facet normal 1 -0 0
    outer loop
      vertex 22.5 33 6
      vertex 22.5 40 3.66025
      vertex 22.5 41.3509 6
    endloop
  endfacet
  facet normal 1 -0 0
    outer loop
      vertex 22.5 33 5
      vertex 22.5 40 3.66025
      vertex 22.5 33 6
    endloop
  endfacet
  facet normal 1 0 0
    outer loop
      vertex 22.5 40 3.66025
      vertex 22.5 33 5
      vertex 22.5 40 0
    endloop
  endfacet
  facet normal 1 0 0
    outer loop
      vertex 22.5 29.0499 0.5
      vertex 22.5 33 5
      vertex 22.5 29.0499 1
    endloop
  endfacet
  facet normal 1 0 0
    outer loop
      vertex 22.5 33 5
      vertex 22.5 29.0499 0.5
      vertex 22.5 40 0
    endloop
  endfacet
  facet normal 1 0 0
    outer loop
      vertex 22.5 25 0
      vertex 22.5 29.0499 0.5
      vertex 22.5 28.9348 0.5
    endloop
  endfacet
  facet normal 1 0 0
    outer loop
      vertex 22.5 25.4294 0.5
      vertex 22.5 28.9348 0.5
      vertex 22.5 25.4294 1
    endloop
  endfacet
  facet normal 1 0 0
    outer loop
      vertex 22.5 25 0
      vertex 22.5 28.9348 0.5
      vertex 22.5 25.4294 0.5
    endloop
  endfacet
  facet normal 1 0 0
    outer loop
      vertex 22.5 25 0
      vertex 22.5 25.4294 0.5
      vertex 22.5 25 0.5
    endloop
  endfacet
  facet normal 1 0 0
    outer loop
      vertex 22.5 29.0499 0.5
      vertex 22.5 25 0
      vertex 22.5 40 0
    endloop
  endfacet
  facet normal 0 1 -0
    outer loop
      vertex 27.5 25 0
      vertex 27.0226 25 0.5
      vertex 27.5 25 0.5
    endloop
  endfacet
  facet normal 0 1 0
    outer loop
      vertex 27.0226 25 0.5
      vertex 27.5 25 0
      vertex 26.586 25 0.5
    endloop
  endfacet
  facet normal 0 1 0
    outer loop
      vertex 26.586 25 0.5
      vertex 27.5 25 0
      vertex 25.5362 25 0.5
    endloop
  endfacet
  facet normal 0 1 0
    outer loop
      vertex 22.5 25 0
      vertex 25.5362 25 0.5
      vertex 27.5 25 0
    endloop
  endfacet
  facet normal 0 1 0
    outer loop
      vertex 25.5362 25 0.5
      vertex 22.5 25 0
      vertex 23.3907 25 0.5
    endloop
  endfacet
  facet normal 0 1 0
    outer loop
      vertex 23.3907 25 0.5
      vertex 22.5 25 0
      vertex 22.5 25 0.5
    endloop
  endfacet
  facet normal 0 1 -0
    outer loop
      vertex 25.5362 25 0.5
      vertex 23.3907 25 1
      vertex 25.5362 25 1
    endloop
  endfacet
  facet normal 0 1 0
    outer loop
      vertex 23.3907 25 1
      vertex 25.5362 25 0.5
      vertex 23.3907 25 0.5
    endloop
  endfacet
  facet normal 0 1 -0
    outer loop
      vertex 27.0226 25 0.5
      vertex 26.586 25 1
      vertex 27.0226 25 1
    endloop
  endfacet
  facet normal 0 1 0
    outer loop
      vertex 26.586 25 1
      vertex 27.0226 25 0.5
      vertex 26.586 25 0.5
    endloop
  endfacet
  facet normal 0 1 0
    outer loop
      vertex 27.0226 25 1
      vertex 27.5 25 5
      vertex 27.5 25 1
    endloop
  endfacet
  facet normal 0 1 0
    outer loop
      vertex 26.586 25 1
      vertex 27.5 25 5
      vertex 27.0226 25 1
    endloop
  endfacet
  facet normal 0 1 0
    outer loop
      vertex 25.5362 25 1
      vertex 27.5 25 5
      vertex 26.586 25 1
    endloop
  endfacet
  facet normal 0 1 0
    outer loop
      vertex 27.5 25 5
      vertex 25.5362 25 1
      vertex 22.5 25 5
    endloop
  endfacet
  facet normal 0 1 -0
    outer loop
      vertex 23.3907 25 1
      vertex 22.5 25 5
      vertex 25.5362 25 1
    endloop
  endfacet
  facet normal 0 1 0
    outer loop
      vertex 22.5 25 5
      vertex 23.3907 25 1
      vertex 22.5 25 1
    endloop
  endfacet
  facet normal 0 0 -1
    outer loop
      vertex 22.5 29.0499 0.5
      vertex 22.5271 29.0499 0.5
      vertex 22.5 28.9348 0.5
    endloop
  endfacet
  facet normal 0 0 -1
    outer loop
      vertex 25.2813 25.7373 0.5
      vertex 26.586 25 0.5
      vertex 25.5362 25 0.5
    endloop
  endfacet
  facet normal 0 0 -1
    outer loop
      vertex 25.0182 26.4899 0.5
      vertex 26.586 25 0.5
      vertex 25.2813 25.7373 0.5
    endloop
  endfacet
  facet normal 0 0 -1
    outer loop
      vertex 26.586 25 0.5
      vertex 25.0182 26.4899 0.5
      vertex 25.086 29.0499 0.5
    endloop
  endfacet
  facet normal 0 0 -1
    outer loop
      vertex 25.2813 25.7373 0.5
      vertex 23.9088 26.4899 0.5
      vertex 25.0182 26.4899 0.5
    endloop
  endfacet
  facet normal 0 0 -1
    outer loop
      vertex 23.6484 25.7373 0.5
      vertex 23.9088 26.4899 0.5
      vertex 25.2813 25.7373 0.5
    endloop
  endfacet
  facet normal 0 0 -1
    outer loop
      vertex 22.5 25.4294 0.5
      vertex 23.9088 26.4899 0.5
      vertex 23.6484 25.7373 0.5
    endloop
  endfacet
  facet normal 0 0 -1
    outer loop
      vertex 22.5 25.4294 0.5
      vertex 23.6484 25.7373 0.5
      vertex 23.3907 25 0.5
    endloop
  endfacet
  facet normal 0 0 -1
    outer loop
      vertex 22.5 25.4294 0.5
      vertex 23.3907 25 0.5
      vertex 22.5 25 0.5
    endloop
  endfacet
  facet normal -0 0 -1
    outer loop
      vertex 23.9088 26.4899 0.5
      vertex 22.5 25.4294 0.5
      vertex 23.8409 29.0499 0.5
    endloop
  endfacet
  facet normal 0 0 -1
    outer loop
      vertex 24.4648 28.1008 0.5
      vertex 25.086 29.0499 0.5
      vertex 25.0182 26.4899 0.5
    endloop
  endfacet
  facet normal 0 0 -1
    outer loop
      vertex 24.4648 28.1008 0.5
      vertex 23.8409 29.0499 0.5
      vertex 25.086 29.0499 0.5
    endloop
  endfacet
  facet normal 0 0 -1
    outer loop
      vertex 23.8409 29.0499 0.5
      vertex 24.4648 28.1008 0.5
      vertex 23.9088 26.4899 0.5
    endloop
  endfacet
  facet normal 0 0 -1
    outer loop
      vertex 27.0226 25 0.5
      vertex 27.5 29.0499 0.5
      vertex 27.5 25 0.5
    endloop
  endfacet
  facet normal -0 0 -1
    outer loop
      vertex 27.5 29.0499 0.5
      vertex 27.0226 25 0.5
      vertex 27.0226 29.0499 0.5
    endloop
  endfacet
  facet normal 0 0 1
    outer loop
      vertex 22.5271 29.0499 1
      vertex 22.5 29.0499 1
      vertex 22.5 28.9348 1
    endloop
  endfacet
  facet normal 0 0 1
    outer loop
      vertex 25.086 29.0499 1
      vertex 24.4648 28.1008 1
      vertex 25.0182 26.4899 1
    endloop
  endfacet
  facet normal 0 0 1
    outer loop
      vertex 24.4648 28.1008 1
      vertex 23.8409 29.0499 1
      vertex 23.9088 26.4899 1
    endloop
  endfacet
  facet normal -0 0 1
    outer loop
      vertex 23.8409 29.0499 1
      vertex 24.4648 28.1008 1
      vertex 25.086 29.0499 1
    endloop
  endfacet
  facet normal 0 0 1
    outer loop
      vertex 26.586 25 1
      vertex 25.2813 25.7373 1
      vertex 25.5362 25 1
    endloop
  endfacet
  facet normal -0 0 1
    outer loop
      vertex 25.0182 26.4899 1
      vertex 26.586 25 1
      vertex 25.086 29.0499 1
    endloop
  endfacet
  facet normal 0 0 1
    outer loop
      vertex 26.586 25 1
      vertex 25.0182 26.4899 1
      vertex 25.2813 25.7373 1
    endloop
  endfacet
  facet normal -0 0 1
    outer loop
      vertex 23.9088 26.4899 1
      vertex 25.2813 25.7373 1
      vertex 25.0182 26.4899 1
    endloop
  endfacet
  facet normal 0 0 1
    outer loop
      vertex 23.9088 26.4899 1
      vertex 23.6484 25.7373 1
      vertex 25.2813 25.7373 1
    endloop
  endfacet
  facet normal 0 0 1
    outer loop
      vertex 22.5 25.4294 1
      vertex 23.9088 26.4899 1
      vertex 23.8409 29.0499 1
    endloop
  endfacet
  facet normal 0 0 1
    outer loop
      vertex 23.9088 26.4899 1
      vertex 22.5 25.4294 1
      vertex 23.6484 25.7373 1
    endloop
  endfacet
  facet normal 0 0 1
    outer loop
      vertex 23.6484 25.7373 1
      vertex 22.5 25.4294 1
      vertex 23.3907 25 1
    endloop
  endfacet
  facet normal 0 0 1
    outer loop
      vertex 23.3907 25 1
      vertex 22.5 25.4294 1
      vertex 22.5 25 1
    endloop
  endfacet
  facet normal -0 0 1
    outer loop
      vertex 27.0226 29.0499 1
      vertex 27.5 25 1
      vertex 27.5 29.0499 1
    endloop
  endfacet
  facet normal 0 0 1
    outer loop
      vertex 27.5 25 1
      vertex 27.0226 29.0499 1
      vertex 27.0226 25 1
    endloop
  endfacet
  facet normal 0.973384 -0.229181 0
    outer loop
      vertex 22.5 28.9348 1
      vertex 22.5271 29.0499 0.5
      vertex 22.5271 29.0499 1
    endloop
  endfacet
  facet normal 0.973384 -0.229181 0
    outer loop
      vertex 22.5271 29.0499 0.5
      vertex 22.5 28.9348 1
      vertex 22.5 28.9348 0.5
    endloop
  endfacet
  facet normal 0 1 -0
    outer loop
      vertex 22.5271 29.0499 0.5
      vertex 22.5 29.0499 1
      vertex 22.5271 29.0499 1
    endloop
  endfacet
  facet normal 0 1 0
    outer loop
      vertex 22.5 29.0499 1
      vertex 22.5271 29.0499 0.5
      vertex 22.5 29.0499 0.5
    endloop
  endfacet
  facet normal 0 -1 0
    outer loop
      vertex 23.6484 25.7373 0.5
      vertex 25.2813 25.7373 1
      vertex 23.6484 25.7373 1
    endloop
  endfacet
  facet normal 0 -1 -0
    outer loop
      vertex 25.2813 25.7373 1
      vertex 23.6484 25.7373 0.5
      vertex 25.2813 25.7373 0.5
    endloop
  endfacet
  facet normal -0.945112 -0.326745 0
    outer loop
      vertex 25.5362 25 0.5
      vertex 25.2813 25.7373 1
      vertex 25.2813 25.7373 0.5
    endloop
  endfacet
  facet normal -0.945112 -0.326745 0
    outer loop
      vertex 25.2813 25.7373 1
      vertex 25.5362 25 0.5
      vertex 25.5362 25 1
    endloop
  endfacet
  facet normal 0.937746 0.347322 0
    outer loop
      vertex 26.586 25 1
      vertex 25.086 29.0499 0.5
      vertex 25.086 29.0499 1
    endloop
  endfacet
  facet normal 0.937746 0.347322 0
    outer loop
      vertex 25.086 29.0499 0.5
      vertex 26.586 25 1
      vertex 26.586 25 0.5
    endloop
  endfacet
  facet normal 0 1 -0
    outer loop
      vertex 25.086 29.0499 0.5
      vertex 23.8409 29.0499 1
      vertex 25.086 29.0499 1
    endloop
  endfacet
  facet normal 0 1 0
    outer loop
      vertex 23.8409 29.0499 1
      vertex 25.086 29.0499 0.5
      vertex 23.8409 29.0499 0.5
    endloop
  endfacet
  facet normal -0.937751 0.347308 0
    outer loop
      vertex 22.5 25.4294 0.5
      vertex 23.8409 29.0499 1
      vertex 23.8409 29.0499 0.5
    endloop
  endfacet
  facet normal -0.937751 0.347308 0
    outer loop
      vertex 23.8409 29.0499 1
      vertex 22.5 25.4294 0.5
      vertex 22.5 25.4294 1
    endloop
  endfacet
  facet normal 0.944 -0.329945 0
    outer loop
      vertex 23.3907 25 1
      vertex 23.6484 25.7373 0.5
      vertex 23.6484 25.7373 1
    endloop
  endfacet
  facet normal 0.944 -0.329945 0
    outer loop
      vertex 23.6484 25.7373 0.5
      vertex 23.3907 25 1
      vertex 23.3907 25 0.5
    endloop
  endfacet
  facet normal 0.945279 -0.326262 0
    outer loop
      vertex 23.9088 26.4899 1
      vertex 24.4648 28.1008 0.5
      vertex 24.4648 28.1008 1
    endloop
  endfacet
  facet normal 0.945279 -0.326262 0
    outer loop
      vertex 24.4648 28.1008 0.5
      vertex 23.9088 26.4899 1
      vertex 23.9088 26.4899 0.5
    endloop
  endfacet
  facet normal -0.945749 -0.324898 0
    outer loop
      vertex 25.0182 26.4899 0.5
      vertex 24.4648 28.1008 1
      vertex 24.4648 28.1008 0.5
    endloop
  endfacet
  facet normal -0.945749 -0.324898 0
    outer loop
      vertex 24.4648 28.1008 1
      vertex 25.0182 26.4899 0.5
      vertex 25.0182 26.4899 1
    endloop
  endfacet
  facet normal 0 1 -0
    outer loop
      vertex 25.0182 26.4899 0.5
      vertex 23.9088 26.4899 1
      vertex 25.0182 26.4899 1
    endloop
  endfacet
  facet normal 0 1 0
    outer loop
      vertex 23.9088 26.4899 1
      vertex 25.0182 26.4899 0.5
      vertex 23.9088 26.4899 0.5
    endloop
  endfacet
  facet normal 0 1 -0
    outer loop
      vertex 27.5 29.0499 0.5
      vertex 27.0226 29.0499 1
      vertex 27.5 29.0499 1
    endloop
  endfacet
  facet normal 0 1 0
    outer loop
      vertex 27.0226 29.0499 1
      vertex 27.5 29.0499 0.5
      vertex 27.0226 29.0499 0.5
    endloop
  endfacet
  facet normal -1 0 0
    outer loop
      vertex 27.0226 25 0.5
      vertex 27.0226 29.0499 1
      vertex 27.0226 29.0499 0.5
    endloop
  endfacet
  facet normal -1 -0 0
    outer loop
      vertex 27.0226 29.0499 1
      vertex 27.0226 25 0.5
      vertex 27.0226 25 1
    endloop
  endfacet
endsolid OpenSCAD_Model
