solid OpenSCAD_Model
  facet normal 0 0 -1
    outer loop
      vertex -11.7098 -13.005 0
      vertex -10.0432 -13.531 0
      vertex -10.2862 -14.1578 0
    endloop
  endfacet
  facet normal -0 0 -1
    outer loop
      vertex -9.87522 -14.0479 0
      vertex -10.2862 -14.1578 0
      vertex -10.0432 -13.531 0
    endloop
  endfacet
  facet normal 0 0 -1
    outer loop
      vertex -9.60344 -14.5186 0
      vertex -10.2862 -14.1578 0
      vertex -9.87522 -14.0479 0
    endloop
  endfacet
  facet normal 0 0 -1
    outer loop
      vertex -10.2862 -14.1578 0
      vertex -9.60344 -14.5186 0
      vertex -9.42437 -14.7175 0
    endloop
  endfacet
  facet normal 0 0 -1
    outer loop
      vertex 7.11789 -15.987 0
      vertex 7.77177 -15.5761 0
      vertex 8.03354 -15.5205 0
    endloop
  endfacet
  facet normal 0 0 -1
    outer loop
      vertex 7.11789 -15.987 0
      vertex 7.22823 -15.5761 0
      vertex 7.77177 -15.5761 0
    endloop
  endfacet
  facet normal 0 0 -1
    outer loop
      vertex 7.11789 -15.987 0
      vertex 6.69656 -15.4631 0
      vertex 7.22823 -15.5761 0
    endloop
  endfacet
  facet normal 0 0 -1
    outer loop
      vertex 5.4078 -16.6435 0
      vertex 6.69656 -15.4631 0
      vertex 7.11789 -15.987 0
    endloop
  endfacet
  facet normal -0 0 -1
    outer loop
      vertex 6.69656 -15.4631 0
      vertex 5.4078 -16.6435 0
      vertex 6.2 -15.242 0
    endloop
  endfacet
  facet normal -0 0 -1
    outer loop
      vertex 6.2 -15.242 0
      vertex 5.4078 -16.6435 0
      vertex 5.76026 -14.9226 0
    endloop
  endfacet
  facet normal 0 0 -1
    outer loop
      vertex 5.4078 -16.6435 0
      vertex 5.39655 -14.5186 0
      vertex 5.76026 -14.9226 0
    endloop
  endfacet
  facet normal 0 0 -1
    outer loop
      vertex 3.63845 -17.1176 0
      vertex 5.39655 -14.5186 0
      vertex 5.4078 -16.6435 0
    endloop
  endfacet
  facet normal -0 0 -1
    outer loop
      vertex 5.39655 -14.5186 0
      vertex 3.63845 -17.1176 0
      vertex 5.13898 -14.0725 0
    endloop
  endfacet
  facet normal -0 0 -1
    outer loop
      vertex 5.13898 -14.0725 0
      vertex 3.63845 -17.1176 0
      vertex 5.05621 -13.8368 0
    endloop
  endfacet
  facet normal 0 0 -1
    outer loop
      vertex 6.69656 -10.5176 0
      vertex 3.75079 -5.91029 0
      vertex 4.46197 -5.39359 0
    endloop
  endfacet
  facet normal 0 0 -1
    outer loop
      vertex 1.82925 -17.4041 0
      vertex 4.9 -12.9904 0
      vertex 4.95682 -13.531 0
    endloop
  endfacet
  facet normal 0 0 -1
    outer loop
      vertex 1.82925 -17.4041 0
      vertex 5.05621 -13.8368 0
      vertex 3.63845 -17.1176 0
    endloop
  endfacet
  facet normal -0 0 -1
    outer loop
      vertex 5.05621 -13.8368 0
      vertex 1.82925 -17.4041 0
      vertex 4.95682 -13.531 0
    endloop
  endfacet
  facet normal 0 0 -1
    outer loop
      vertex 4.95682 -12.4498 0
      vertex 2.98045 -6.33379 0
      vertex 3.75079 -5.91029 0
    endloop
  endfacet
  facet normal 0 0 -1
    outer loop
      vertex 4.95682 -12.4498 0
      vertex 2.16312 -6.6574 0
      vertex 2.98045 -6.33379 0
    endloop
  endfacet
  facet normal 0 0 -1
    outer loop
      vertex 4.9 -12.9904 0
      vertex 1.82925 -17.4041 0
      vertex 0 -17.5 0
    endloop
  endfacet
  facet normal 0 0 -1
    outer loop
      vertex 4.95682 -12.4498 0
      vertex 1.31167 -6.87601 0
      vertex 2.16312 -6.6574 0
    endloop
  endfacet
  facet normal 0 0 -1
    outer loop
      vertex 4.95682 -12.4498 0
      vertex 0.439533 -6.98619 0
      vertex 1.31167 -6.87601 0
    endloop
  endfacet
  facet normal -0 0 -1
    outer loop
      vertex 4.9 -12.9904 0
      vertex 0 -17.5 0
      vertex -4.9 -12.9904 0
    endloop
  endfacet
  facet normal 0 0 -1
    outer loop
      vertex 4.9 -12.9904 0
      vertex -4.9 -12.9904 0
      vertex -4.95682 -12.4498 0
    endloop
  endfacet
  facet normal 0 0 -1
    outer loop
      vertex 4.95682 -12.4498 0
      vertex -4.95682 -12.4498 0
      vertex 0.439533 -6.98619 0
    endloop
  endfacet
  facet normal 0 0 -1
    outer loop
      vertex -4.9 -12.9904 0
      vertex 0 -17.5 0
      vertex -1.82925 -17.4041 0
    endloop
  endfacet
  facet normal -0 0 -1
    outer loop
      vertex 0.439533 -6.98619 0
      vertex -4.95682 -12.4498 0
      vertex -0.439533 -6.98619 0
    endloop
  endfacet
  facet normal -0 0 -1
    outer loop
      vertex -0.439533 -6.98619 0
      vertex -5.12266 -11.9394 0
      vertex -1.31167 -6.87601 0
    endloop
  endfacet
  facet normal 0 0 -1
    outer loop
      vertex -5.05621 -13.8368 0
      vertex -1.82925 -17.4041 0
      vertex -3.63845 -17.1176 0
    endloop
  endfacet
  facet normal 0 0 -1
    outer loop
      vertex -5.12266 -11.9394 0
      vertex -0.439533 -6.98619 0
      vertex -4.95682 -12.4498 0
    endloop
  endfacet
  facet normal -0 0 -1
    outer loop
      vertex -1.31167 -6.87601 0
      vertex -5.33257 -11.573 0
      vertex -2.16312 -6.6574 0
    endloop
  endfacet
  facet normal 0 0 -1
    outer loop
      vertex -5.33257 -11.573 0
      vertex -1.31167 -6.87601 0
      vertex -5.12266 -11.9394 0
    endloop
  endfacet
  facet normal 0 0 -1
    outer loop
      vertex -1.82925 -17.4041 0
      vertex -4.95682 -13.531 0
      vertex -4.9 -12.9904 0
    endloop
  endfacet
  facet normal 0 0 -1
    outer loop
      vertex -1.82925 -17.4041 0
      vertex -5.05621 -13.8368 0
      vertex -4.95682 -13.531 0
    endloop
  endfacet
  facet normal 0 0 -1
    outer loop
      vertex -3.63845 -17.1176 0
      vertex -5.13898 -14.0725 0
      vertex -5.05621 -13.8368 0
    endloop
  endfacet
  facet normal 0 0 -1
    outer loop
      vertex -3.63845 -17.1176 0
      vertex -5.39655 -14.5186 0
      vertex -5.13898 -14.0725 0
    endloop
  endfacet
  facet normal 0 0 -1
    outer loop
      vertex -5.4078 -16.6435 0
      vertex -5.39655 -14.5186 0
      vertex -3.63845 -17.1176 0
    endloop
  endfacet
  facet normal 0 0 -1
    outer loop
      vertex -5.4078 -16.6435 0
      vertex -5.76026 -14.9226 0
      vertex -5.39655 -14.5186 0
    endloop
  endfacet
  facet normal 0 0 -1
    outer loop
      vertex -5.4078 -16.6435 0
      vertex -6.2 -15.242 0
      vertex -5.76026 -14.9226 0
    endloop
  endfacet
  facet normal 0 0 -1
    outer loop
      vertex -5.4078 -16.6435 0
      vertex -6.69656 -15.4631 0
      vertex -6.2 -15.242 0
    endloop
  endfacet
  facet normal 0 0 -1
    outer loop
      vertex -7.11789 -15.987 0
      vertex -6.69656 -15.4631 0
      vertex -5.4078 -16.6435 0
    endloop
  endfacet
  facet normal 0 0 -1
    outer loop
      vertex -7.11789 -15.987 0
      vertex -7.22823 -15.5761 0
      vertex -6.69656 -15.4631 0
    endloop
  endfacet
  facet normal 0 0 -1
    outer loop
      vertex -7.11789 -15.987 0
      vertex -7.77177 -15.5761 0
      vertex -7.22823 -15.5761 0
    endloop
  endfacet
  facet normal -0 -0 -1
    outer loop
      vertex -7.77177 -15.5761 0
      vertex -7.11789 -15.987 0
      vertex -8.03354 -15.5205 0
    endloop
  endfacet
  facet normal 0 0 -1
    outer loop
      vertex 7.77177 15.5761 0
      vertex 7.11789 15.987 0
      vertex 8.03354 15.5205 0
    endloop
  endfacet
  facet normal 0 0 -1
    outer loop
      vertex 7.22823 15.5761 0
      vertex 7.11789 15.987 0
      vertex 7.77177 15.5761 0
    endloop
  endfacet
  facet normal 0 0 -1
    outer loop
      vertex 6.69656 15.4631 0
      vertex 7.11789 15.987 0
      vertex 7.22823 15.5761 0
    endloop
  endfacet
  facet normal 0 0 -1
    outer loop
      vertex 5.4078 16.6435 0
      vertex 6.69656 15.4631 0
      vertex 6.2 15.242 0
    endloop
  endfacet
  facet normal 0 0 -1
    outer loop
      vertex 5.4078 16.6435 0
      vertex 6.2 15.242 0
      vertex 5.76026 14.9226 0
    endloop
  endfacet
  facet normal 0 0 -1
    outer loop
      vertex 6.69656 15.4631 0
      vertex 5.4078 16.6435 0
      vertex 7.11789 15.987 0
    endloop
  endfacet
  facet normal 0 0 -1
    outer loop
      vertex 5.39655 14.5186 0
      vertex 5.4078 16.6435 0
      vertex 5.76026 14.9226 0
    endloop
  endfacet
  facet normal 0 0 -1
    outer loop
      vertex 3.63845 17.1176 0
      vertex 5.39655 14.5186 0
      vertex 5.13898 14.0725 0
    endloop
  endfacet
  facet normal 0 0 -1
    outer loop
      vertex 3.63845 17.1176 0
      vertex 5.13898 14.0725 0
      vertex 5.05621 13.8368 0
    endloop
  endfacet
  facet normal 0 0 -1
    outer loop
      vertex 1.82925 17.4041 0
      vertex 5.05621 13.8368 0
      vertex 4.95682 13.531 0
    endloop
  endfacet
  facet normal 0 0 -1
    outer loop
      vertex 1.31167 6.87601 0
      vertex 5.33257 11.573 0
      vertex 2.16312 6.6574 0
    endloop
  endfacet
  facet normal -0 0 -1
    outer loop
      vertex 5.33257 11.573 0
      vertex 1.31167 6.87601 0
      vertex 5.12266 11.9394 0
    endloop
  endfacet
  facet normal 0 0 -1
    outer loop
      vertex 0.439533 6.98619 0
      vertex 5.12266 11.9394 0
      vertex 1.31167 6.87601 0
    endloop
  endfacet
  facet normal -0 0 -1
    outer loop
      vertex 5.12266 11.9394 0
      vertex 0.439533 6.98619 0
      vertex 4.95682 12.4498 0
    endloop
  endfacet
  facet normal 0 0 -1
    outer loop
      vertex -4.95682 12.4498 0
      vertex 4.95682 12.4498 0
      vertex 0.439533 6.98619 0
    endloop
  endfacet
  facet normal 0 0 -1
    outer loop
      vertex 5.39655 14.5186 0
      vertex 3.63845 17.1176 0
      vertex 5.4078 16.6435 0
    endloop
  endfacet
  facet normal 0 0 -1
    outer loop
      vertex 4.95682 12.4498 0
      vertex -4.95682 12.4498 0
      vertex 4.9 12.9904 0
    endloop
  endfacet
  facet normal 0 0 -1
    outer loop
      vertex 5.05621 13.8368 0
      vertex 1.82925 17.4041 0
      vertex 3.63845 17.1176 0
    endloop
  endfacet
  facet normal 0 -0 -1
    outer loop
      vertex -4.9 12.9904 0
      vertex 4.9 12.9904 0
      vertex -4.95682 12.4498 0
    endloop
  endfacet
  facet normal 0 0 -1
    outer loop
      vertex 4.9 12.9904 0
      vertex 1.82925 17.4041 0
      vertex 4.95682 13.531 0
    endloop
  endfacet
  facet normal 0 0 -1
    outer loop
      vertex -4.95682 12.4498 0
      vertex 0.439533 6.98619 0
      vertex -0.439533 6.98619 0
    endloop
  endfacet
  facet normal 0 0 -1
    outer loop
      vertex -5.12266 11.9394 0
      vertex -0.439533 6.98619 0
      vertex -1.31167 6.87601 0
    endloop
  endfacet
  facet normal 0 -0 -1
    outer loop
      vertex 0 17.5 0
      vertex 4.9 12.9904 0
      vertex -4.9 12.9904 0
    endloop
  endfacet
  facet normal 0 0 -1
    outer loop
      vertex -5.33257 11.573 0
      vertex -1.31167 6.87601 0
      vertex -2.16312 6.6574 0
    endloop
  endfacet
  facet normal 0 0 -1
    outer loop
      vertex -5.76026 11.0582 0
      vertex -2.16312 6.6574 0
      vertex -2.98045 6.33379 0
    endloop
  endfacet
  facet normal -0 -0 -1
    outer loop
      vertex 1.82925 17.4041 0
      vertex 4.9 12.9904 0
      vertex 0 17.5 0
    endloop
  endfacet
  facet normal 0 0 -1
    outer loop
      vertex -6.2 10.7387 0
      vertex -2.98045 6.33379 0
      vertex -3.75079 5.91029 0
    endloop
  endfacet
  facet normal 0 0 -1
    outer loop
      vertex -6.69656 10.5176 0
      vertex -3.75079 5.91029 0
      vertex -4.46197 5.39359 0
    endloop
  endfacet
  facet normal 0 0 -1
    outer loop
      vertex 0 17.5 0
      vertex -4.9 12.9904 0
      vertex -1.82925 17.4041 0
    endloop
  endfacet
  facet normal 0 0 -1
    outer loop
      vertex -5.05621 13.8368 0
      vertex -1.82925 17.4041 0
      vertex -4.95682 13.531 0
    endloop
  endfacet
  facet normal 0 0 -1
    outer loop
      vertex -1.82925 17.4041 0
      vertex -5.05621 13.8368 0
      vertex -3.63845 17.1176 0
    endloop
  endfacet
  facet normal 0 0 -1
    outer loop
      vertex -5.13898 14.0725 0
      vertex -3.63845 17.1176 0
      vertex -5.05621 13.8368 0
    endloop
  endfacet
  facet normal 0 0 -1
    outer loop
      vertex -5.39655 14.5186 0
      vertex -3.63845 17.1176 0
      vertex -5.13898 14.0725 0
    endloop
  endfacet
  facet normal 0 0 -1
    outer loop
      vertex -5.39655 14.5186 0
      vertex -5.4078 16.6435 0
      vertex -3.63845 17.1176 0
    endloop
  endfacet
  facet normal 0 0 -1
    outer loop
      vertex -5.76026 14.9226 0
      vertex -5.4078 16.6435 0
      vertex -5.39655 14.5186 0
    endloop
  endfacet
  facet normal 0 0 -1
    outer loop
      vertex -6.2 15.242 0
      vertex -5.4078 16.6435 0
      vertex -5.76026 14.9226 0
    endloop
  endfacet
  facet normal 0 0 -1
    outer loop
      vertex -6.69656 15.4631 0
      vertex -5.4078 16.6435 0
      vertex -6.2 15.242 0
    endloop
  endfacet
  facet normal 0 0 -1
    outer loop
      vertex -6.69656 15.4631 0
      vertex -7.11789 15.987 0
      vertex -5.4078 16.6435 0
    endloop
  endfacet
  facet normal 0 0 -1
    outer loop
      vertex -7.22823 15.5761 0
      vertex -7.11789 15.987 0
      vertex -6.69656 15.4631 0
    endloop
  endfacet
  facet normal 0 0 -1
    outer loop
      vertex -7.77177 15.5761 0
      vertex -7.11789 15.987 0
      vertex -7.22823 15.5761 0
    endloop
  endfacet
  facet normal 0 0 -1
    outer loop
      vertex -7.11789 15.987 0
      vertex -7.77177 15.5761 0
      vertex -8.03354 15.5205 0
    endloop
  endfacet
  facet normal 0 0 -1
    outer loop
      vertex -9.87522 -11.9329 0
      vertex -10.095 -11.1341 0
      vertex -10.05 -11.1341 0
    endloop
  endfacet
  facet normal 0 0 -1
    outer loop
      vertex -11.7098 -13.005 0
      vertex -10.0432 -12.4498 0
      vertex -10.1 -12.9904 0
    endloop
  endfacet
  facet normal 0 0 -1
    outer loop
      vertex -10.0432 -13.531 0
      vertex -11.7098 -13.005 0
      vertex -10.1 -12.9904 0
    endloop
  endfacet
  facet normal -0 0 -1
    outer loop
      vertex -10.0432 -12.4498 0
      vertex -11.7098 -13.005 0
      vertex -10.467 -11.0133 0
    endloop
  endfacet
  facet normal 0 0 -1
    outer loop
      vertex -9.87522 -11.9329 0
      vertex -10.467 -11.0133 0
      vertex -10.095 -11.1341 0
    endloop
  endfacet
  facet normal -0 0 -1
    outer loop
      vertex -10.467 -11.0133 0
      vertex -11.7098 -13.005 0
      vertex -10.7834 -10.7834 0
    endloop
  endfacet
  facet normal 0 0 -1
    outer loop
      vertex -13.005 -11.7098 0
      vertex -10.7834 -10.7834 0
      vertex -11.7098 -13.005 0
    endloop
  endfacet
  facet normal 0 0 -1
    outer loop
      vertex -14.1578 -10.2862 0
      vertex -11.1341 -10.05 0
      vertex -11.1341 -10.095 0
    endloop
  endfacet
  facet normal 0 0 -1
    outer loop
      vertex -11.1341 -10.05 0
      vertex -12.4 0 0
      vertex -11.1341 10.05 0
    endloop
  endfacet
  facet normal -0 0 -1
    outer loop
      vertex -11.0133 -10.467 0
      vertex -13.005 -11.7098 0
      vertex -11.1341 -10.095 0
    endloop
  endfacet
  facet normal -0 0 -1
    outer loop
      vertex -10.7834 -10.7834 0
      vertex -13.005 -11.7098 0
      vertex -11.0133 -10.467 0
    endloop
  endfacet
  facet normal 0 0 -1
    outer loop
      vertex -10.467 11.0133 0
      vertex -9.87522 11.9329 0
      vertex -10.095 11.1341 0
    endloop
  endfacet
  facet normal -0 0 -1
    outer loop
      vertex -9.87522 11.9329 0
      vertex -10.467 11.0133 0
      vertex -10.0432 12.4498 0
    endloop
  endfacet
  facet normal 0 0 -1
    outer loop
      vertex -11.7098 13.005 0
      vertex -10.0432 12.4498 0
      vertex -10.467 11.0133 0
    endloop
  endfacet
  facet normal 0 0 -1
    outer loop
      vertex -10.0432 12.4498 0
      vertex -11.7098 13.005 0
      vertex -10.1 12.9904 0
    endloop
  endfacet
  facet normal 0 0 -1
    outer loop
      vertex -11.7098 13.005 0
      vertex -10.467 11.0133 0
      vertex -10.7834 10.7834 0
    endloop
  endfacet
  facet normal 0 0 -1
    outer loop
      vertex -13.005 11.7098 0
      vertex -10.7834 10.7834 0
      vertex -11.0133 10.467 0
    endloop
  endfacet
  facet normal 0 0 -1
    outer loop
      vertex -13.005 11.7098 0
      vertex -11.0133 10.467 0
      vertex -11.1341 10.095 0
    endloop
  endfacet
  facet normal 0 0 -1
    outer loop
      vertex -10.1 12.9904 0
      vertex -11.7098 13.005 0
      vertex -10.2862 14.1578 0
    endloop
  endfacet
  facet normal 0 0 -1
    outer loop
      vertex -12.4568 0.54057 0
      vertex -11.1341 10.05 0
      vertex -12.4 0 0
    endloop
  endfacet
  facet normal 0 0 -1
    outer loop
      vertex -12.6248 1.05752 0
      vertex -11.1341 10.05 0
      vertex -12.4568 0.54057 0
    endloop
  endfacet
  facet normal 0 0 -1
    outer loop
      vertex -11.1341 -10.05 0
      vertex -12.4568 -0.54057 0
      vertex -12.4 0 0
    endloop
  endfacet
  facet normal 0 0 -1
    outer loop
      vertex -11.1341 -10.05 0
      vertex -12.6248 -1.05752 0
      vertex -12.4568 -0.54057 0
    endloop
  endfacet
  facet normal 0 0 -1
    outer loop
      vertex -11.1341 -10.05 0
      vertex -12.6888 -1.16835 0
      vertex -12.6248 -1.05752 0
    endloop
  endfacet
  facet normal 0 0 -1
    outer loop
      vertex -12.9288 -1.35887 0
      vertex -12.6888 -1.16835 0
      vertex -12.9011 -1.53334 0
    endloop
  endfacet
  facet normal 0 0 -1
    outer loop
      vertex -11.1341 -10.05 0
      vertex -12.9011 -1.53334 0
      vertex -12.6888 -1.16835 0
    endloop
  endfacet
  facet normal 0 0 -1
    outer loop
      vertex -14.1578 -10.2862 0
      vertex -11.1341 -10.095 0
      vertex -13.005 -11.7098 0
    endloop
  endfacet
  facet normal 0 0 -1
    outer loop
      vertex -11.1341 -10.05 0
      vertex -13.2603 -1.93218 0
      vertex -12.9011 -1.53334 0
    endloop
  endfacet
  facet normal -0 0 -1
    outer loop
      vertex -11.1341 -10.05 0
      vertex -14.1578 -10.2862 0
      vertex -15.1554 -8.75 0
    endloop
  endfacet
  facet normal 0 0 -1
    outer loop
      vertex -11.1341 -10.05 0
      vertex -15.1554 -8.75 0
      vertex -15.987 -7.11789 0
    endloop
  endfacet
  facet normal 0 0 -1
    outer loop
      vertex -11.1341 -10.05 0
      vertex -13.7 -2.25167 0
      vertex -13.2603 -1.93218 0
    endloop
  endfacet
  facet normal 0 0 -1
    outer loop
      vertex -11.1341 -10.05 0
      vertex -15.987 -7.11789 0
      vertex -13.7 -2.25167 0
    endloop
  endfacet
  facet normal 0 0 -1
    outer loop
      vertex -13.7 -2.25167 0
      vertex -15.987 -7.11789 0
      vertex -14.1966 -2.47275 0
    endloop
  endfacet
  facet normal 0 0 -1
    outer loop
      vertex -14.9178 -1.56793 0
      vertex -14.6692 -1.54179 0
      vertex -14.7566 -2.58576 0
    endloop
  endfacet
  facet normal -0 0 -1
    outer loop
      vertex -14.5112 -2.53962 0
      vertex -14.7566 -2.58576 0
      vertex -14.6692 -1.54179 0
    endloop
  endfacet
  facet normal 0 0 -1
    outer loop
      vertex -14.1966 -2.47275 0
      vertex -15.987 -7.11789 0
      vertex -14.5112 -2.53962 0
    endloop
  endfacet
  facet normal 0 0 -1
    outer loop
      vertex -16.6435 -5.4078 0
      vertex -14.5112 -2.53962 0
      vertex -15.987 -7.11789 0
    endloop
  endfacet
  facet normal 0 0 -1
    outer loop
      vertex -14.5112 -2.53962 0
      vertex -16.6435 -5.4078 0
      vertex -14.7566 -2.58576 0
    endloop
  endfacet
  facet normal -0 0 -1
    outer loop
      vertex -14.7566 -2.58576 0
      vertex -16.6435 -5.4078 0
      vertex -15.2718 -2.58576 0
    endloop
  endfacet
  facet normal 0 0 -1
    outer loop
      vertex -17.1176 -3.63845 0
      vertex -15.2718 -2.58576 0
      vertex -16.6435 -5.4078 0
    endloop
  endfacet
  facet normal -0 0 -1
    outer loop
      vertex -15.2718 -2.58576 0
      vertex -17.1176 -3.63845 0
      vertex -15.8034 -2.47275 0
    endloop
  endfacet
  facet normal -0 0 -1
    outer loop
      vertex -15.8034 -2.47275 0
      vertex -17.1176 -3.63845 0
      vertex -16.3 -2.25167 0
    endloop
  endfacet
  facet normal -0 0 -1
    outer loop
      vertex -16.3 -2.25167 0
      vertex -17.1176 -3.63845 0
      vertex -16.7397 -1.93218 0
    endloop
  endfacet
  facet normal 0 0 -1
    outer loop
      vertex -17.4041 -1.82925 0
      vertex -16.7397 -1.93218 0
      vertex -17.1176 -3.63845 0
    endloop
  endfacet
  facet normal 0 0 -1
    outer loop
      vertex -16.7397 -1.93218 0
      vertex -17.4041 -1.82925 0
      vertex -17.1034 -1.52824 0
    endloop
  endfacet
  facet normal -0 0 -1
    outer loop
      vertex -17.1034 -1.52824 0
      vertex -17.4041 -1.82925 0
      vertex -17.3752 -1.05752 0
    endloop
  endfacet
  facet normal -0 0 -1
    outer loop
      vertex -17.3752 -1.05752 0
      vertex -17.4041 -1.82925 0
      vertex -17.4579 -0.802993 0
    endloop
  endfacet
  facet normal 0 0 -1
    outer loop
      vertex -15 0 0
      vertex -14.75 0 0
      vertex -14.9178 -1.56793 0
    endloop
  endfacet
  facet normal 0 -0 -1
    outer loop
      vertex -14.9178 1.56793 0
      vertex -14.75 0 0
      vertex -15 0 0
    endloop
  endfacet
  facet normal 0 0 -1
    outer loop
      vertex -14.75 0 0
      vertex -14.9178 1.56793 0
      vertex -14.7566 2.58576 0
    endloop
  endfacet
  facet normal 0 0 -1
    outer loop
      vertex -12.6888 -1.16835 0
      vertex -13 0 0
      vertex -12.75 0 0
    endloop
  endfacet
  facet normal 0 -0 -1
    outer loop
      vertex -12.9288 1.35887 0
      vertex -12.75 0 0
      vertex -13 0 0
    endloop
  endfacet
  facet normal 0 0 -1
    outer loop
      vertex -12.75 0 0
      vertex -12.9288 1.35887 0
      vertex -12.9011 1.53334 0
    endloop
  endfacet
  facet normal 0 0 -1
    outer loop
      vertex -12.6888 1.16835 0
      vertex -11.1341 10.05 0
      vertex -12.6248 1.05752 0
    endloop
  endfacet
  facet normal 0 0 -1
    outer loop
      vertex -12.9011 1.53334 0
      vertex -11.1341 10.05 0
      vertex -12.6888 1.16835 0
    endloop
  endfacet
  facet normal 0 0 -1
    outer loop
      vertex -13.2603 1.93218 0
      vertex -11.1341 10.05 0
      vertex -12.9011 1.53334 0
    endloop
  endfacet
  facet normal 0 0 -1
    outer loop
      vertex -13 0 0
      vertex -12.6888 -1.16835 0
      vertex -12.9288 -1.35887 0
    endloop
  endfacet
  facet normal 0 0 -1
    outer loop
      vertex -12.75 0 0
      vertex -12.9011 1.53334 0
      vertex -12.6888 1.16835 0
    endloop
  endfacet
  facet normal 0 0 -1
    outer loop
      vertex -13.7 2.25167 0
      vertex -11.1341 10.05 0
      vertex -13.2603 1.93218 0
    endloop
  endfacet
  facet normal 0 0 -1
    outer loop
      vertex -10.7834 10.7834 0
      vertex -13.005 11.7098 0
      vertex -11.7098 13.005 0
    endloop
  endfacet
  facet normal 0 0 -1
    outer loop
      vertex -15.987 7.11789 0
      vertex -11.1341 10.05 0
      vertex -13.7 2.25167 0
    endloop
  endfacet
  facet normal 0 -0 -1
    outer loop
      vertex -15.1554 8.75 0
      vertex -11.1341 10.05 0
      vertex -15.987 7.11789 0
    endloop
  endfacet
  facet normal 0 0 -1
    outer loop
      vertex -11.1341 10.095 0
      vertex -14.1578 10.2862 0
      vertex -13.005 11.7098 0
    endloop
  endfacet
  facet normal 0 0 -1
    outer loop
      vertex -15.987 7.11789 0
      vertex -13.7 2.25167 0
      vertex -14.1966 2.47275 0
    endloop
  endfacet
  facet normal 0 0 -1
    outer loop
      vertex -15.987 7.11789 0
      vertex -14.1966 2.47275 0
      vertex -14.5112 2.53962 0
    endloop
  endfacet
  facet normal 0 0 -1
    outer loop
      vertex -14.7566 2.58576 0
      vertex -14.5112 2.53962 0
      vertex -14.6692 1.54179 0
    endloop
  endfacet
  facet normal -0 0 -1
    outer loop
      vertex -14.6692 -1.54179 0
      vertex -14.9178 -1.56793 0
      vertex -14.75 0 0
    endloop
  endfacet
  facet normal 0 0 -1
    outer loop
      vertex -14.7566 2.58576 0
      vertex -14.6692 1.54179 0
      vertex -14.75 0 0
    endloop
  endfacet
  facet normal 0 0 -1
    outer loop
      vertex -16.6435 5.4078 0
      vertex -14.5112 2.53962 0
      vertex -14.7566 2.58576 0
    endloop
  endfacet
  facet normal 0 0 -1
    outer loop
      vertex -11.1341 10.05 0
      vertex -14.1578 10.2862 0
      vertex -11.1341 10.095 0
    endloop
  endfacet
  facet normal 0 0 -1
    outer loop
      vertex -16.6435 5.4078 0
      vertex -14.7566 2.58576 0
      vertex -15.2718 2.58576 0
    endloop
  endfacet
  facet normal 0 0 -1
    outer loop
      vertex -17.1176 3.63845 0
      vertex -15.2718 2.58576 0
      vertex -15.8034 2.47275 0
    endloop
  endfacet
  facet normal 0 -0 -1
    outer loop
      vertex -14.1578 10.2862 0
      vertex -11.1341 10.05 0
      vertex -15.1554 8.75 0
    endloop
  endfacet
  facet normal 0 0 -1
    outer loop
      vertex -17.1176 3.63845 0
      vertex -15.8034 2.47275 0
      vertex -16.3 2.25167 0
    endloop
  endfacet
  facet normal 0 0 -1
    outer loop
      vertex -14.5112 2.53962 0
      vertex -16.6435 5.4078 0
      vertex -15.987 7.11789 0
    endloop
  endfacet
  facet normal 0 0 -1
    outer loop
      vertex -17.1176 3.63845 0
      vertex -16.3 2.25167 0
      vertex -16.7397 1.93218 0
    endloop
  endfacet
  facet normal 0 0 -1
    outer loop
      vertex -17.4041 1.82925 0
      vertex -16.7397 1.93218 0
      vertex -17.1034 1.52824 0
    endloop
  endfacet
  facet normal 0 0 -1
    outer loop
      vertex -15.2718 2.58576 0
      vertex -17.1176 3.63845 0
      vertex -16.6435 5.4078 0
    endloop
  endfacet
  facet normal 0 0 -1
    outer loop
      vertex -17.4041 1.82925 0
      vertex -17.1034 1.52824 0
      vertex -17.3752 1.05752 0
    endloop
  endfacet
  facet normal -0 0 -1
    outer loop
      vertex -16.7397 1.93218 0
      vertex -17.4041 1.82925 0
      vertex -17.1176 3.63845 0
    endloop
  endfacet
  facet normal 0 -0 -1
    outer loop
      vertex -17.4041 1.82925 0
      vertex -17.3752 1.05752 0
      vertex -17.4579 0.802993 0
    endloop
  endfacet
  facet normal -0 0 -1
    outer loop
      vertex -9.60344 14.5186 0
      vertex -10.2862 14.1578 0
      vertex -9.42437 14.7175 0
    endloop
  endfacet
  facet normal 0 0 -1
    outer loop
      vertex -9.87522 14.0479 0
      vertex -10.2862 14.1578 0
      vertex -9.60344 14.5186 0
    endloop
  endfacet
  facet normal 0 0 -1
    outer loop
      vertex -10.0432 13.531 0
      vertex -10.2862 14.1578 0
      vertex -9.87522 14.0479 0
    endloop
  endfacet
  facet normal 0 0 -1
    outer loop
      vertex -10.2862 14.1578 0
      vertex -10.0432 13.531 0
      vertex -10.1 12.9904 0
    endloop
  endfacet
  facet normal -0 0 -1
    outer loop
      vertex -6.13415 -3.37228 0
      vertex -9.70395 -8.66488 0
      vertex -6.50844 -2.57687 0
    endloop
  endfacet
  facet normal 0 0 -1
    outer loop
      vertex -7 0 0
      vertex -8.6718 9.68266 0
      vertex -8.66488 9.70395 0
    endloop
  endfacet
  facet normal 0 0 -1
    outer loop
      vertex -10.095 -8.66488 0
      vertex -6.50844 -2.57687 0
      vertex -9.70395 -8.66488 0
    endloop
  endfacet
  facet normal 0 0 -1
    outer loop
      vertex -10.467 -8.78574 0
      vertex -6.78008 -1.74083 0
      vertex -10.095 -8.66488 0
    endloop
  endfacet
  facet normal -0 0 -1
    outer loop
      vertex -6.50844 -2.57687 0
      vertex -10.095 -8.66488 0
      vertex -6.78008 -1.74083 0
    endloop
  endfacet
  facet normal 0 -0 -1
    outer loop
      vertex -9.66088 8.6987 0
      vertex -7 0 0
      vertex -9.68266 8.6718 0
    endloop
  endfacet
  facet normal 0 0 -1
    outer loop
      vertex -7 0 0
      vertex -8.6987 9.66088 0
      vertex -8.6718 9.68266 0
    endloop
  endfacet
  facet normal 0 0 -1
    outer loop
      vertex -7 0 0
      vertex -9.66088 8.6987 0
      vertex -8.6987 9.66088 0
    endloop
  endfacet
  facet normal -0 0 -1
    outer loop
      vertex -6.78008 -1.74083 0
      vertex -10.467 -8.78574 0
      vertex -6.9448 -0.877332 0
    endloop
  endfacet
  facet normal 0 0 -1
    outer loop
      vertex -7 0 0
      vertex -9.70395 8.66488 0
      vertex -9.68266 8.6718 0
    endloop
  endfacet
  facet normal 0 0 -1
    outer loop
      vertex -10.7834 -9.01561 0
      vertex -6.9448 -0.877332 0
      vertex -10.467 -8.78574 0
    endloop
  endfacet
  facet normal 0 0 -1
    outer loop
      vertex -7 0 0
      vertex -10.095 8.66488 0
      vertex -9.70395 8.66488 0
    endloop
  endfacet
  facet normal -0 0 -1
    outer loop
      vertex -6.9448 -0.877332 0
      vertex -10.7834 -9.01561 0
      vertex -7 0 0
    endloop
  endfacet
  facet normal 0 0 -1
    outer loop
      vertex -7 0 0
      vertex -10.467 8.78574 0
      vertex -10.095 8.66488 0
    endloop
  endfacet
  facet normal 0 0 -1
    outer loop
      vertex -10.7834 9.01561 0
      vertex -7 0 0
      vertex -10.7834 -9.01561 0
    endloop
  endfacet
  facet normal 0 0 -1
    outer loop
      vertex -7 0 0
      vertex -10.7834 9.01561 0
      vertex -10.467 8.78574 0
    endloop
  endfacet
  facet normal 0 0 -1
    outer loop
      vertex -11.0133 -9.33201 0
      vertex -10.7834 9.01561 0
      vertex -10.7834 -9.01561 0
    endloop
  endfacet
  facet normal 0 0 -1
    outer loop
      vertex -11.0133 -9.33201 0
      vertex -11.0133 9.33201 0
      vertex -10.7834 9.01561 0
    endloop
  endfacet
  facet normal 0 0 -1
    outer loop
      vertex -11.1231 -9.67001 0
      vertex -11.0133 9.33201 0
      vertex -11.0133 -9.33201 0
    endloop
  endfacet
  facet normal -0 0 -1
    outer loop
      vertex -11.0133 9.33201 0
      vertex -11.1231 -9.67001 0
      vertex -11.1231 9.67001 0
    endloop
  endfacet
  facet normal 0 0 -1
    outer loop
      vertex -9.70395 -8.66488 0
      vertex -6.13415 -3.37228 0
      vertex -9.68266 -8.6718 0
    endloop
  endfacet
  facet normal 0 0 -1
    outer loop
      vertex -7 0 0
      vertex -8.66488 9.70395 0
      vertex -8.30344 10.5176 0
    endloop
  endfacet
  facet normal 0 0 -1
    outer loop
      vertex -8.66488 10.095 0
      vertex -8.30344 10.5176 0
      vertex -8.66488 9.70395 0
    endloop
  endfacet
  facet normal 0 0 -1
    outer loop
      vertex -8.78574 10.467 0
      vertex -8.30344 10.5176 0
      vertex -8.66488 10.095 0
    endloop
  endfacet
  facet normal 0 0 -1
    outer loop
      vertex -8.78574 10.467 0
      vertex -8.8 10.7387 0
      vertex -8.30344 10.5176 0
    endloop
  endfacet
  facet normal 0 0 -1
    outer loop
      vertex -9.01561 10.7834 0
      vertex -8.8 10.7387 0
      vertex -8.78574 10.467 0
    endloop
  endfacet
  facet normal 0 0 -1
    outer loop
      vertex -9.01561 10.7834 0
      vertex -9.23974 11.0582 0
      vertex -8.8 10.7387 0
    endloop
  endfacet
  facet normal 0 0 -1
    outer loop
      vertex -9.33201 11.0133 0
      vertex -9.23974 11.0582 0
      vertex -9.01561 10.7834 0
    endloop
  endfacet
  facet normal 0 0 -1
    outer loop
      vertex -9.33201 11.0133 0
      vertex -9.45495 11.2972 0
      vertex -9.23974 11.0582 0
    endloop
  endfacet
  facet normal 0 0 -1
    outer loop
      vertex -9.67001 11.1231 0
      vertex -9.45495 11.2972 0
      vertex -9.33201 11.0133 0
    endloop
  endfacet
  facet normal -0 0 -1
    outer loop
      vertex -9.45495 11.2972 0
      vertex -9.67001 11.1231 0
      vertex -9.61764 11.4867 0
    endloop
  endfacet
  facet normal 0 0 -1
    outer loop
      vertex -10.05 11.1341 0
      vertex -9.67001 11.1231 0
      vertex -9.86968 10.9614 0
    endloop
  endfacet
  facet normal 0 0 -1
    outer loop
      vertex -9.67001 11.1231 0
      vertex -10.05 11.1341 0
      vertex -9.61764 11.4867 0
    endloop
  endfacet
  facet normal -0 0 -1
    outer loop
      vertex -9.61764 11.4867 0
      vertex -10.05 11.1341 0
      vertex -9.87522 11.9329 0
    endloop
  endfacet
  facet normal 0 0 -1
    outer loop
      vertex -10.095 11.1341 0
      vertex -9.87522 11.9329 0
      vertex -10.05 11.1341 0
    endloop
  endfacet
  facet normal 0 0 -1
    outer loop
      vertex -10.9614 9.86968 0
      vertex -10.05 11.1341 0
      vertex -9.86968 10.9614 0
    endloop
  endfacet
  facet normal 0 0 -1
    outer loop
      vertex -11.1341 10.05 0
      vertex -10.9614 9.86968 0
      vertex -11.1231 9.67001 0
    endloop
  endfacet
  facet normal 0 0 -1
    outer loop
      vertex -10.9614 9.86968 0
      vertex -11.1341 10.05 0
      vertex -10.05 11.1341 0
    endloop
  endfacet
  facet normal 0 0 -1
    outer loop
      vertex -11.1341 10.05 0
      vertex -11.1231 9.67001 0
      vertex -11.1341 -10.05 0
    endloop
  endfacet
  facet normal 0 0 -1
    outer loop
      vertex -6.5 -11.2583 0
      vertex -5.33257 -11.573 0
      vertex -5.28758 -11.8761 0
    endloop
  endfacet
  facet normal 0 0 -1
    outer loop
      vertex -5.33257 -11.573 0
      vertex -6.5 -11.2583 0
      vertex -6.375 -11.0418 0
    endloop
  endfacet
  facet normal 0 0 -1
    outer loop
      vertex -6.5 -11.2583 0
      vertex -7.3562 -10.4046 0
      vertex -6.375 -11.0418 0
    endloop
  endfacet
  facet normal 0 0 -1
    outer loop
      vertex -9.68266 -8.6718 0
      vertex -5.10278 -4.79183 0
      vertex -9.66088 -8.6987 0
    endloop
  endfacet
  facet normal 0 0 -1
    outer loop
      vertex -7.64121 -10.5172 0
      vertex -7.3562 -10.4046 0
      vertex -6.5 -11.2583 0
    endloop
  endfacet
  facet normal 0 0 -1
    outer loop
      vertex -5.99936 13.4748 0
      vertex -5.13898 14.0725 0
      vertex -5.05621 13.8368 0
    endloop
  endfacet
  facet normal 0 0 -1
    outer loop
      vertex -5.99936 13.4748 0
      vertex -6.10105 13.7032 0
      vertex -5.13898 14.0725 0
    endloop
  endfacet
  facet normal 0 0 -1
    outer loop
      vertex -7.375 12.7739 0
      vertex -6.10105 13.7032 0
      vertex -5.99936 13.4748 0
    endloop
  endfacet
  facet normal 0 0 -1
    outer loop
      vertex -7.375 12.7739 0
      vertex -7.5 12.9904 0
      vertex -6.10105 13.7032 0
    endloop
  endfacet
  facet normal 0 0 -1
    outer loop
      vertex -8.66983 11.933 0
      vertex -7.5 12.9904 0
      vertex -7.375 12.7739 0
    endloop
  endfacet
  facet normal 0 0 -1
    outer loop
      vertex -8.66983 11.933 0
      vertex -8.81678 12.1353 0
      vertex -7.5 12.9904 0
    endloop
  endfacet
  facet normal 0 0 -1
    outer loop
      vertex -9.61764 11.4867 0
      vertex -8.66983 11.933 0
      vertex -9.45495 11.2972 0
    endloop
  endfacet
  facet normal -0 0 -1
    outer loop
      vertex -8.66983 11.933 0
      vertex -9.61764 11.4867 0
      vertex -8.81678 12.1353 0
    endloop
  endfacet
  facet normal 0 0 -1
    outer loop
      vertex -4.95682 13.531 0
      vertex -1.82925 17.4041 0
      vertex -4.9 12.9904 0
    endloop
  endfacet
  facet normal 0 0 -1
    outer loop
      vertex -7.22823 10.4046 0
      vertex -4.46197 5.39359 0
      vertex -5.10278 4.79183 0
    endloop
  endfacet
  facet normal 0 0 -1
    outer loop
      vertex -0.439533 6.98619 0
      vertex -5.12266 11.9394 0
      vertex -4.95682 12.4498 0
    endloop
  endfacet
  facet normal 0 0 -1
    outer loop
      vertex -1.31167 6.87601 0
      vertex -5.33257 11.573 0
      vertex -5.12266 11.9394 0
    endloop
  endfacet
  facet normal 0 0 -1
    outer loop
      vertex -5.12266 11.9394 0
      vertex -5.33257 11.573 0
      vertex -5.28758 11.8761 0
    endloop
  endfacet
  facet normal 0 0 -1
    outer loop
      vertex -2.16312 6.6574 0
      vertex -5.39655 11.4621 0
      vertex -5.33257 11.573 0
    endloop
  endfacet
  facet normal 0 0 -1
    outer loop
      vertex -7.3562 10.4046 0
      vertex -5.10278 4.79183 0
      vertex -5.66312 4.1145 0
    endloop
  endfacet
  facet normal 0 0 -1
    outer loop
      vertex -2.16312 6.6574 0
      vertex -5.76026 11.0582 0
      vertex -5.39655 11.4621 0
    endloop
  endfacet
  facet normal 0 0 -1
    outer loop
      vertex -7.3562 10.4046 0
      vertex -5.66312 4.1145 0
      vertex -6.13415 3.37228 0
    endloop
  endfacet
  facet normal 0 0 -1
    outer loop
      vertex -2.98045 6.33379 0
      vertex -6.2 10.7387 0
      vertex -5.76026 11.0582 0
    endloop
  endfacet
  facet normal 0 0 -1
    outer loop
      vertex -7.3562 10.4046 0
      vertex -6.13415 3.37228 0
      vertex -6.50844 2.57687 0
    endloop
  endfacet
  facet normal 0 0 -1
    outer loop
      vertex -3.75079 5.91029 0
      vertex -6.69656 10.5176 0
      vertex -6.2 10.7387 0
    endloop
  endfacet
  facet normal 0 0 -1
    outer loop
      vertex -7.3562 10.4046 0
      vertex -6.50844 2.57687 0
      vertex -6.78008 1.74083 0
    endloop
  endfacet
  facet normal 0 0 -1
    outer loop
      vertex -7.3562 10.4046 0
      vertex -6.78008 1.74083 0
      vertex -6.9448 0.877332 0
    endloop
  endfacet
  facet normal 0 0 -1
    outer loop
      vertex -7.3562 10.4046 0
      vertex -6.9448 0.877332 0
      vertex -7 0 0
    endloop
  endfacet
  facet normal 0 0 -1
    outer loop
      vertex -4.46197 5.39359 0
      vertex -7.22823 10.4046 0
      vertex -6.69656 10.5176 0
    endloop
  endfacet
  facet normal -0 0 -1
    outer loop
      vertex -4.46197 -5.39359 0
      vertex -8.6987 -9.66088 0
      vertex -5.10278 -4.79183 0
    endloop
  endfacet
  facet normal 0 0 -1
    outer loop
      vertex -9.66088 -8.6987 0
      vertex -5.10278 -4.79183 0
      vertex -8.6987 -9.66088 0
    endloop
  endfacet
  facet normal 0 0 -1
    outer loop
      vertex -5.10278 4.79183 0
      vertex -7.3562 10.4046 0
      vertex -7.22823 10.4046 0
    endloop
  endfacet
  facet normal 0 0 -1
    outer loop
      vertex -5.39655 -11.4621 0
      vertex -2.16312 -6.6574 0
      vertex -5.33257 -11.573 0
    endloop
  endfacet
  facet normal 0 0 -1
    outer loop
      vertex -5.76026 -11.0582 0
      vertex -2.16312 -6.6574 0
      vertex -5.39655 -11.4621 0
    endloop
  endfacet
  facet normal -0 0 -1
    outer loop
      vertex -2.16312 -6.6574 0
      vertex -5.76026 -11.0582 0
      vertex -2.98045 -6.33379 0
    endloop
  endfacet
  facet normal 0 0 -1
    outer loop
      vertex -5.33257 -11.573 0
      vertex -5.12266 -11.9394 0
      vertex -5.28758 -11.8761 0
    endloop
  endfacet
  facet normal 0 0 -1
    outer loop
      vertex -6.2 -10.7387 0
      vertex -2.98045 -6.33379 0
      vertex -5.76026 -11.0582 0
    endloop
  endfacet
  facet normal -0 0 -1
    outer loop
      vertex -2.98045 -6.33379 0
      vertex -6.2 -10.7387 0
      vertex -3.75079 -5.91029 0
    endloop
  endfacet
  facet normal 0 0 -1
    outer loop
      vertex -6.69656 -10.5176 0
      vertex -3.75079 -5.91029 0
      vertex -6.2 -10.7387 0
    endloop
  endfacet
  facet normal -0 0 -1
    outer loop
      vertex -3.75079 -5.91029 0
      vertex -6.69656 -10.5176 0
      vertex -4.46197 -5.39359 0
    endloop
  endfacet
  facet normal 0 0 -1
    outer loop
      vertex -7.22823 -10.4046 0
      vertex -4.46197 -5.39359 0
      vertex -6.69656 -10.5176 0
    endloop
  endfacet
  facet normal 0 0 -1
    outer loop
      vertex -7.3562 -10.4046 0
      vertex -8.6718 -9.68266 0
      vertex -7.22823 -10.4046 0
    endloop
  endfacet
  facet normal 0 0 -1
    outer loop
      vertex -7.77849 -10.4061 0
      vertex -8.6718 -9.68266 0
      vertex -7.3562 -10.4046 0
    endloop
  endfacet
  facet normal 0 0 -1
    outer loop
      vertex -8.66488 -9.70395 0
      vertex -7.77849 -10.4061 0
      vertex -8.66488 -10.095 0
    endloop
  endfacet
  facet normal 0 0 -1
    outer loop
      vertex -7.77849 -10.4061 0
      vertex -7.3562 -10.4046 0
      vertex -7.64121 -10.5172 0
    endloop
  endfacet
  facet normal 0 0 -1
    outer loop
      vertex -8.6718 -9.68266 0
      vertex -7.77849 -10.4061 0
      vertex -8.66488 -9.70395 0
    endloop
  endfacet
  facet normal 0 0 -1
    outer loop
      vertex -7.22823 -10.4046 0
      vertex -8.6718 -9.68266 0
      vertex -4.46197 -5.39359 0
    endloop
  endfacet
  facet normal 0 0 -1
    outer loop
      vertex -8.6987 -9.66088 0
      vertex -4.46197 -5.39359 0
      vertex -8.6718 -9.68266 0
    endloop
  endfacet
  facet normal 0 0 -1
    outer loop
      vertex -5.13898 -14.0725 0
      vertex -5.99936 -13.4748 0
      vertex -5.05621 -13.8368 0
    endloop
  endfacet
  facet normal 0 0 -1
    outer loop
      vertex -6.10105 -13.7032 0
      vertex -5.99936 -13.4748 0
      vertex -5.13898 -14.0725 0
    endloop
  endfacet
  facet normal 0 0 -1
    outer loop
      vertex -6.10105 -13.7032 0
      vertex -7.375 -12.7739 0
      vertex -5.99936 -13.4748 0
    endloop
  endfacet
  facet normal 0 0 -1
    outer loop
      vertex -7.5 -12.9904 0
      vertex -7.375 -12.7739 0
      vertex -6.10105 -13.7032 0
    endloop
  endfacet
  facet normal 0 0 -1
    outer loop
      vertex -7.5 -12.9904 0
      vertex -8.66983 -11.933 0
      vertex -7.375 -12.7739 0
    endloop
  endfacet
  facet normal 0 0 -1
    outer loop
      vertex -8.81678 -12.1353 0
      vertex -8.66983 -11.933 0
      vertex -7.5 -12.9904 0
    endloop
  endfacet
  facet normal 0 0 -1
    outer loop
      vertex -9.61764 -11.4867 0
      vertex -8.66983 -11.933 0
      vertex -8.81678 -12.1353 0
    endloop
  endfacet
  facet normal 0 0 -1
    outer loop
      vertex -8.66983 -11.933 0
      vertex -9.61764 -11.4867 0
      vertex -9.45495 -11.2972 0
    endloop
  endfacet
  facet normal 0 0 -1
    outer loop
      vertex -6.5 11.2583 0
      vertex -5.33257 11.573 0
      vertex -6.375 11.0418 0
    endloop
  endfacet
  facet normal -0 0 -1
    outer loop
      vertex -5.33257 11.573 0
      vertex -6.5 11.2583 0
      vertex -5.28758 11.8761 0
    endloop
  endfacet
  facet normal 0 0 -1
    outer loop
      vertex -7.3562 10.4046 0
      vertex -6.5 11.2583 0
      vertex -6.375 11.0418 0
    endloop
  endfacet
  facet normal 0 0 -1
    outer loop
      vertex -7.3562 10.4046 0
      vertex -7.64121 10.5172 0
      vertex -6.5 11.2583 0
    endloop
  endfacet
  facet normal -0 0 -1
    outer loop
      vertex -5.10278 -4.79183 0
      vertex -9.68266 -8.6718 0
      vertex -5.66312 -4.1145 0
    endloop
  endfacet
  facet normal -0 0 -1
    outer loop
      vertex -5.66312 -4.1145 0
      vertex -9.68266 -8.6718 0
      vertex -6.13415 -3.37228 0
    endloop
  endfacet
  facet normal 0 0 -1
    outer loop
      vertex -7.3562 10.4046 0
      vertex -7.77849 10.4061 0
      vertex -7.64121 10.5172 0
    endloop
  endfacet
  facet normal 0 0 -1
    outer loop
      vertex -8.66488 -10.095 0
      vertex -7.77849 -10.4061 0
      vertex -8.30344 -10.5176 0
    endloop
  endfacet
  facet normal 0 0 -1
    outer loop
      vertex -7 0 0
      vertex -7.77849 10.4061 0
      vertex -7.3562 10.4046 0
    endloop
  endfacet
  facet normal 0 0 -1
    outer loop
      vertex -7 0 0
      vertex -8.30344 10.5176 0
      vertex -7.77849 10.4061 0
    endloop
  endfacet
  facet normal 0 0 -1
    outer loop
      vertex -8.30344 -10.5176 0
      vertex -8.78574 -10.467 0
      vertex -8.66488 -10.095 0
    endloop
  endfacet
  facet normal 0 0 -1
    outer loop
      vertex -8.8 -10.7387 0
      vertex -8.78574 -10.467 0
      vertex -8.30344 -10.5176 0
    endloop
  endfacet
  facet normal -0 0 -1
    outer loop
      vertex -8.8 -10.7387 0
      vertex -9.01561 -10.7834 0
      vertex -8.78574 -10.467 0
    endloop
  endfacet
  facet normal 0 0 -1
    outer loop
      vertex -9.23974 -11.0582 0
      vertex -9.01561 -10.7834 0
      vertex -8.8 -10.7387 0
    endloop
  endfacet
  facet normal 0 0 -1
    outer loop
      vertex -9.23974 -11.0582 0
      vertex -9.33201 -11.0133 0
      vertex -9.01561 -10.7834 0
    endloop
  endfacet
  facet normal 0 0 -1
    outer loop
      vertex -9.45495 -11.2972 0
      vertex -9.33201 -11.0133 0
      vertex -9.23974 -11.0582 0
    endloop
  endfacet
  facet normal 0 0 -1
    outer loop
      vertex -9.67001 -11.1231 0
      vertex -9.45495 -11.2972 0
      vertex -9.61764 -11.4867 0
    endloop
  endfacet
  facet normal 0 0 -1
    outer loop
      vertex -9.45495 -11.2972 0
      vertex -9.67001 -11.1231 0
      vertex -9.33201 -11.0133 0
    endloop
  endfacet
  facet normal 0 0 -1
    outer loop
      vertex -10.05 -11.1341 0
      vertex -9.67001 -11.1231 0
      vertex -9.61764 -11.4867 0
    endloop
  endfacet
  facet normal 0 0 -1
    outer loop
      vertex -10.05 -11.1341 0
      vertex -9.61764 -11.4867 0
      vertex -9.87522 -11.9329 0
    endloop
  endfacet
  facet normal 0 0 -1
    outer loop
      vertex -10.467 -11.0133 0
      vertex -9.87522 -11.9329 0
      vertex -10.0432 -12.4498 0
    endloop
  endfacet
  facet normal -0 0 -1
    outer loop
      vertex -9.67001 -11.1231 0
      vertex -10.05 -11.1341 0
      vertex -9.86968 -10.9614 0
    endloop
  endfacet
  facet normal 0 0 -1
    outer loop
      vertex -10.05 -11.1341 0
      vertex -10.9614 -9.86968 0
      vertex -9.86968 -10.9614 0
    endloop
  endfacet
  facet normal 0 0 -1
    outer loop
      vertex -11.1341 -10.05 0
      vertex -10.9614 -9.86968 0
      vertex -10.05 -11.1341 0
    endloop
  endfacet
  facet normal -0 0 -1
    outer loop
      vertex -11.1231 -9.67001 0
      vertex -11.1341 -10.05 0
      vertex -11.1231 9.67001 0
    endloop
  endfacet
  facet normal -0 0 -1
    outer loop
      vertex -10.9614 -9.86968 0
      vertex -11.1341 -10.05 0
      vertex -11.1231 -9.67001 0
    endloop
  endfacet
  facet normal -0 0 -1
    outer loop
      vertex 12.6888 -1.16835 0
      vertex 6.78008 -1.74083 0
      vertex 12.6248 -1.05752 0
    endloop
  endfacet
  facet normal 0 0 -1
    outer loop
      vertex 6.9448 0.877332 0
      vertex 12.4 0 0
      vertex 7 0 0
    endloop
  endfacet
  facet normal 0 0 -1
    outer loop
      vertex 6.78008 1.74083 0
      vertex 12.4 0 0
      vertex 6.9448 0.877332 0
    endloop
  endfacet
  facet normal 0 0 -1
    outer loop
      vertex 12.4568 -0.54057 0
      vertex 7 0 0
      vertex 12.4 0 0
    endloop
  endfacet
  facet normal 0 -0 -1
    outer loop
      vertex 7 0 0
      vertex 12.4568 -0.54057 0
      vertex 6.9448 -0.877332 0
    endloop
  endfacet
  facet normal 0 0 -1
    outer loop
      vertex 4.46197 -5.39359 0
      vertex 7.22823 -10.4046 0
      vertex 6.69656 -10.5176 0
    endloop
  endfacet
  facet normal 0 0 -1
    outer loop
      vertex 12.6248 -1.05752 0
      vertex 6.9448 -0.877332 0
      vertex 12.4568 -0.54057 0
    endloop
  endfacet
  facet normal 0 0 -1
    outer loop
      vertex 3.75079 -5.91029 0
      vertex 6.69656 -10.5176 0
      vertex 6.2 -10.7387 0
    endloop
  endfacet
  facet normal 0 -0 -1
    outer loop
      vertex 6.9448 -0.877332 0
      vertex 12.6248 -1.05752 0
      vertex 6.78008 -1.74083 0
    endloop
  endfacet
  facet normal 0 0 -1
    outer loop
      vertex 3.75079 -5.91029 0
      vertex 6.2 -10.7387 0
      vertex 5.76026 -11.0582 0
    endloop
  endfacet
  facet normal 0 0 -1
    outer loop
      vertex 7.22823 -10.4046 0
      vertex 5.66312 -4.1145 0
      vertex 6.13415 -3.37228 0
    endloop
  endfacet
  facet normal 0 0 -1
    outer loop
      vertex 3.75079 -5.91029 0
      vertex 5.76026 -11.0582 0
      vertex 5.39655 -11.4621 0
    endloop
  endfacet
  facet normal 0 0 -1
    outer loop
      vertex 3.75079 -5.91029 0
      vertex 5.39655 -11.4621 0
      vertex 5.33257 -11.573 0
    endloop
  endfacet
  facet normal 0 0 -1
    outer loop
      vertex 5.12266 -11.9394 0
      vertex 5.33257 -11.573 0
      vertex 5.28758 -11.8761 0
    endloop
  endfacet
  facet normal 0 0 -1
    outer loop
      vertex 3.75079 -5.91029 0
      vertex 5.33257 -11.573 0
      vertex 5.12266 -11.9394 0
    endloop
  endfacet
  facet normal 0 0 -1
    outer loop
      vertex 7.22823 -10.4046 0
      vertex 5.10278 -4.79183 0
      vertex 5.66312 -4.1145 0
    endloop
  endfacet
  facet normal 0 0 -1
    outer loop
      vertex 3.75079 -5.91029 0
      vertex 5.12266 -11.9394 0
      vertex 4.95682 -12.4498 0
    endloop
  endfacet
  facet normal 0 0 -1
    outer loop
      vertex -4.95682 -12.4498 0
      vertex 4.95682 -12.4498 0
      vertex 4.9 -12.9904 0
    endloop
  endfacet
  facet normal 0 0 -1
    outer loop
      vertex 7.22823 -10.4046 0
      vertex 4.46197 -5.39359 0
      vertex 5.10278 -4.79183 0
    endloop
  endfacet
  facet normal -0 0 -1
    outer loop
      vertex 7.77849 10.4061 0
      vertex 7.3562 10.4046 0
      vertex 7.64121 10.5172 0
    endloop
  endfacet
  facet normal 0 0 -1
    outer loop
      vertex 7.3562 10.4046 0
      vertex 6.5 11.2583 0
      vertex 7.64121 10.5172 0
    endloop
  endfacet
  facet normal 0 0 -1
    outer loop
      vertex 6.375 11.0418 0
      vertex 6.5 11.2583 0
      vertex 7.3562 10.4046 0
    endloop
  endfacet
  facet normal 0 0 -1
    outer loop
      vertex 5.33257 11.573 0
      vertex 6.5 11.2583 0
      vertex 6.375 11.0418 0
    endloop
  endfacet
  facet normal 0 0 -1
    outer loop
      vertex 6.5 11.2583 0
      vertex 5.33257 11.573 0
      vertex 5.28758 11.8761 0
    endloop
  endfacet
  facet normal 0 0 -1
    outer loop
      vertex 6.50844 2.57687 0
      vertex 12.4 0 0
      vertex 6.78008 1.74083 0
    endloop
  endfacet
  facet normal 0 0 -1
    outer loop
      vertex 6.13415 3.37228 0
      vertex 12.4 0 0
      vertex 6.50844 2.57687 0
    endloop
  endfacet
  facet normal 0 0 -1
    outer loop
      vertex 12.4 0 0
      vertex 6.13415 3.37228 0
      vertex 7.3562 10.4046 0
    endloop
  endfacet
  facet normal 0 0 -1
    outer loop
      vertex 5.66312 4.1145 0
      vertex 7.3562 10.4046 0
      vertex 6.13415 3.37228 0
    endloop
  endfacet
  facet normal 0 0 -1
    outer loop
      vertex 5.10278 4.79183 0
      vertex 7.3562 10.4046 0
      vertex 5.66312 4.1145 0
    endloop
  endfacet
  facet normal -0 0 -1
    outer loop
      vertex 7.3562 10.4046 0
      vertex 5.10278 4.79183 0
      vertex 7.22823 10.4046 0
    endloop
  endfacet
  facet normal 0 0 -1
    outer loop
      vertex 4.46197 5.39359 0
      vertex 7.22823 10.4046 0
      vertex 5.10278 4.79183 0
    endloop
  endfacet
  facet normal -0 0 -1
    outer loop
      vertex 7.22823 10.4046 0
      vertex 4.46197 5.39359 0
      vertex 6.69656 10.5176 0
    endloop
  endfacet
  facet normal 0 0 -1
    outer loop
      vertex 3.75079 5.91029 0
      vertex 6.69656 10.5176 0
      vertex 4.46197 5.39359 0
    endloop
  endfacet
  facet normal -0 0 -1
    outer loop
      vertex 6.69656 10.5176 0
      vertex 3.75079 5.91029 0
      vertex 6.2 10.7387 0
    endloop
  endfacet
  facet normal 0 0 -1
    outer loop
      vertex 2.98045 6.33379 0
      vertex 6.2 10.7387 0
      vertex 3.75079 5.91029 0
    endloop
  endfacet
  facet normal -0 0 -1
    outer loop
      vertex 6.2 10.7387 0
      vertex 2.98045 6.33379 0
      vertex 5.76026 11.0582 0
    endloop
  endfacet
  facet normal 0 0 -1
    outer loop
      vertex 2.16312 6.6574 0
      vertex 5.76026 11.0582 0
      vertex 2.98045 6.33379 0
    endloop
  endfacet
  facet normal 0 0 -1
    outer loop
      vertex 5.33257 11.573 0
      vertex 5.12266 11.9394 0
      vertex 5.28758 11.8761 0
    endloop
  endfacet
  facet normal -0 0 -1
    outer loop
      vertex 5.76026 11.0582 0
      vertex 2.16312 6.6574 0
      vertex 5.39655 11.4621 0
    endloop
  endfacet
  facet normal -0 0 -1
    outer loop
      vertex 5.39655 11.4621 0
      vertex 2.16312 6.6574 0
      vertex 5.33257 11.573 0
    endloop
  endfacet
  facet normal 0 0 -1
    outer loop
      vertex 8.66983 -11.933 0
      vertex 9.61764 -11.4867 0
      vertex 8.81678 -12.1353 0
    endloop
  endfacet
  facet normal -0 0 -1
    outer loop
      vertex 9.61764 -11.4867 0
      vertex 8.66983 -11.933 0
      vertex 9.45495 -11.2972 0
    endloop
  endfacet
  facet normal 0 0 -1
    outer loop
      vertex 7.5 -12.9904 0
      vertex 8.66983 -11.933 0
      vertex 8.81678 -12.1353 0
    endloop
  endfacet
  facet normal 0 0 -1
    outer loop
      vertex 7.5 -12.9904 0
      vertex 7.375 -12.7739 0
      vertex 8.66983 -11.933 0
    endloop
  endfacet
  facet normal 0 0 -1
    outer loop
      vertex 6.10105 -13.7032 0
      vertex 7.375 -12.7739 0
      vertex 7.5 -12.9904 0
    endloop
  endfacet
  facet normal 0 0 -1
    outer loop
      vertex 6.10105 -13.7032 0
      vertex 5.99936 -13.4748 0
      vertex 7.375 -12.7739 0
    endloop
  endfacet
  facet normal 0 0 -1
    outer loop
      vertex 5.13898 -14.0725 0
      vertex 5.99936 -13.4748 0
      vertex 6.10105 -13.7032 0
    endloop
  endfacet
  facet normal 0 0 -1
    outer loop
      vertex 5.99936 -13.4748 0
      vertex 5.13898 -14.0725 0
      vertex 5.05621 -13.8368 0
    endloop
  endfacet
  facet normal 0 0 -1
    outer loop
      vertex 8.66983 11.933 0
      vertex 9.61764 11.4867 0
      vertex 9.45495 11.2972 0
    endloop
  endfacet
  facet normal 0 0 -1
    outer loop
      vertex 9.61764 11.4867 0
      vertex 8.66983 11.933 0
      vertex 8.81678 12.1353 0
    endloop
  endfacet
  facet normal 0 0 -1
    outer loop
      vertex 8.66983 11.933 0
      vertex 7.5 12.9904 0
      vertex 8.81678 12.1353 0
    endloop
  endfacet
  facet normal 0 0 -1
    outer loop
      vertex 7.375 12.7739 0
      vertex 7.5 12.9904 0
      vertex 8.66983 11.933 0
    endloop
  endfacet
  facet normal 0 0 -1
    outer loop
      vertex 7.375 12.7739 0
      vertex 6.10105 13.7032 0
      vertex 7.5 12.9904 0
    endloop
  endfacet
  facet normal 0 0 -1
    outer loop
      vertex 5.99936 13.4748 0
      vertex 6.10105 13.7032 0
      vertex 7.375 12.7739 0
    endloop
  endfacet
  facet normal 0 0 -1
    outer loop
      vertex 5.99936 13.4748 0
      vertex 5.13898 14.0725 0
      vertex 6.10105 13.7032 0
    endloop
  endfacet
  facet normal 0 -0 -1
    outer loop
      vertex 5.13898 14.0725 0
      vertex 5.99936 13.4748 0
      vertex 5.05621 13.8368 0
    endloop
  endfacet
  facet normal -0 0 -1
    outer loop
      vertex 11.7098 -13.005 0
      vertex 10.0432 -13.531 0
      vertex 10.1 -12.9904 0
    endloop
  endfacet
  facet normal 0 0 -1
    outer loop
      vertex 10.2862 -14.1578 0
      vertex 9.87522 -14.0479 0
      vertex 10.0432 -13.531 0
    endloop
  endfacet
  facet normal -0 0 -1
    outer loop
      vertex 10.2862 -14.1578 0
      vertex 9.60344 -14.5186 0
      vertex 9.87522 -14.0479 0
    endloop
  endfacet
  facet normal 0 -0 -1
    outer loop
      vertex 9.60344 -14.5186 0
      vertex 10.2862 -14.1578 0
      vertex 9.42437 -14.7175 0
    endloop
  endfacet
  facet normal 0 0 -1
    outer loop
      vertex 10.095 -8.66488 0
      vertex 6.50844 -2.57687 0
      vertex 13.2603 -1.93218 0
    endloop
  endfacet
  facet normal 0 0 -1
    outer loop
      vertex 12.4 0 0
      vertex 11.0133 9.33201 0
      vertex 11.1231 9.67001 0
    endloop
  endfacet
  facet normal -0 0 -1
    outer loop
      vertex 13.2603 -1.93218 0
      vertex 6.50844 -2.57687 0
      vertex 12.9011 -1.53334 0
    endloop
  endfacet
  facet normal 0 0 -1
    outer loop
      vertex 12.4 0 0
      vertex 10.7834 9.01561 0
      vertex 11.0133 9.33201 0
    endloop
  endfacet
  facet normal 0 0 -1
    outer loop
      vertex 6.13415 -3.37228 0
      vertex 9.70395 -8.66488 0
      vertex 9.68266 -8.6718 0
    endloop
  endfacet
  facet normal 0 0 -1
    outer loop
      vertex 12.4 0 0
      vertex 10.467 8.78574 0
      vertex 10.7834 9.01561 0
    endloop
  endfacet
  facet normal 0 -0 -1
    outer loop
      vertex 6.78008 -1.74083 0
      vertex 12.9011 -1.53334 0
      vertex 6.50844 -2.57687 0
    endloop
  endfacet
  facet normal 0 0 -1
    outer loop
      vertex 12.4 0 0
      vertex 10.095 8.66488 0
      vertex 10.467 8.78574 0
    endloop
  endfacet
  facet normal 0 0 -1
    outer loop
      vertex 8.6987 -9.66088 0
      vertex 6.13415 -3.37228 0
      vertex 9.66088 -8.6987 0
    endloop
  endfacet
  facet normal 0 0 -1
    outer loop
      vertex 12.4 0 0
      vertex 9.70395 8.66488 0
      vertex 10.095 8.66488 0
    endloop
  endfacet
  facet normal 0 0 -1
    outer loop
      vertex 9.66088 -8.6987 0
      vertex 6.13415 -3.37228 0
      vertex 9.68266 -8.6718 0
    endloop
  endfacet
  facet normal 0 0 -1
    outer loop
      vertex 12.4 0 0
      vertex 9.68266 8.6718 0
      vertex 9.70395 8.66488 0
    endloop
  endfacet
  facet normal 0 0 -1
    outer loop
      vertex 8.6718 -9.68266 0
      vertex 6.13415 -3.37228 0
      vertex 8.6987 -9.66088 0
    endloop
  endfacet
  facet normal -0 0 -1
    outer loop
      vertex 12.9011 -1.53334 0
      vertex 6.78008 -1.74083 0
      vertex 12.6888 -1.16835 0
    endloop
  endfacet
  facet normal 0 0 -1
    outer loop
      vertex 6.13415 -3.37228 0
      vertex 8.6718 -9.68266 0
      vertex 7.22823 -10.4046 0
    endloop
  endfacet
  facet normal 0 0 -1
    outer loop
      vertex 7.3562 10.4046 0
      vertex 9.68266 8.6718 0
      vertex 12.4 0 0
    endloop
  endfacet
  facet normal 0 0 -1
    outer loop
      vertex 7.22823 -10.4046 0
      vertex 8.6718 -9.68266 0
      vertex 7.3562 -10.4046 0
    endloop
  endfacet
  facet normal 0 0 -1
    outer loop
      vertex 7.3562 10.4046 0
      vertex 9.66088 8.6987 0
      vertex 9.68266 8.6718 0
    endloop
  endfacet
  facet normal 0 0 -1
    outer loop
      vertex 7.77849 -10.4061 0
      vertex 8.6718 -9.68266 0
      vertex 8.66488 -9.70395 0
    endloop
  endfacet
  facet normal 0 0 -1
    outer loop
      vertex 7.3562 10.4046 0
      vertex 8.6987 9.66088 0
      vertex 9.66088 8.6987 0
    endloop
  endfacet
  facet normal 0 0 -1
    outer loop
      vertex 6.13415 -3.37228 0
      vertex 10.095 -8.66488 0
      vertex 9.70395 -8.66488 0
    endloop
  endfacet
  facet normal 0 0 -1
    outer loop
      vertex 11.1341 -10.05 0
      vertex 10.9614 -9.86968 0
      vertex 11.1231 -9.67001 0
    endloop
  endfacet
  facet normal 0 0 -1
    outer loop
      vertex 10.05 -11.1341 0
      vertex 10.9614 -9.86968 0
      vertex 11.1341 -10.05 0
    endloop
  endfacet
  facet normal -0 0 -1
    outer loop
      vertex 10.095 -11.1341 0
      vertex 9.87522 -11.9329 0
      vertex 10.05 -11.1341 0
    endloop
  endfacet
  facet normal 0 0 -1
    outer loop
      vertex 10.05 -11.1341 0
      vertex 9.86968 -10.9614 0
      vertex 10.9614 -9.86968 0
    endloop
  endfacet
  facet normal 0 0 -1
    outer loop
      vertex 9.61764 -11.4867 0
      vertex 10.05 -11.1341 0
      vertex 9.87522 -11.9329 0
    endloop
  endfacet
  facet normal 0 -0 -1
    outer loop
      vertex 9.67001 -11.1231 0
      vertex 10.05 -11.1341 0
      vertex 9.61764 -11.4867 0
    endloop
  endfacet
  facet normal 0 0 -1
    outer loop
      vertex 10.05 -11.1341 0
      vertex 9.67001 -11.1231 0
      vertex 9.86968 -10.9614 0
    endloop
  endfacet
  facet normal 0 0 -1
    outer loop
      vertex 9.45495 -11.2972 0
      vertex 9.67001 -11.1231 0
      vertex 9.61764 -11.4867 0
    endloop
  endfacet
  facet normal 0 0 -1
    outer loop
      vertex 9.45495 -11.2972 0
      vertex 9.33201 -11.0133 0
      vertex 9.67001 -11.1231 0
    endloop
  endfacet
  facet normal 0 0 -1
    outer loop
      vertex 9.23974 -11.0582 0
      vertex 9.33201 -11.0133 0
      vertex 9.45495 -11.2972 0
    endloop
  endfacet
  facet normal 0 0 -1
    outer loop
      vertex 9.23974 -11.0582 0
      vertex 9.01561 -10.7834 0
      vertex 9.33201 -11.0133 0
    endloop
  endfacet
  facet normal 0 0 -1
    outer loop
      vertex 8.8 -10.7387 0
      vertex 9.01561 -10.7834 0
      vertex 9.23974 -11.0582 0
    endloop
  endfacet
  facet normal 0 0 -1
    outer loop
      vertex 8.8 -10.7387 0
      vertex 8.78574 -10.467 0
      vertex 9.01561 -10.7834 0
    endloop
  endfacet
  facet normal 0 0 -1
    outer loop
      vertex 8.30344 -10.5176 0
      vertex 8.78574 -10.467 0
      vertex 8.8 -10.7387 0
    endloop
  endfacet
  facet normal 0 0 -1
    outer loop
      vertex 7.77849 -10.4061 0
      vertex 8.66488 -9.70395 0
      vertex 8.66488 -10.095 0
    endloop
  endfacet
  facet normal 0 0 -1
    outer loop
      vertex 8.6987 9.66088 0
      vertex 7.3562 10.4046 0
      vertex 8.6718 9.68266 0
    endloop
  endfacet
  facet normal 0 0 -1
    outer loop
      vertex 7.77849 -10.4061 0
      vertex 8.66488 -10.095 0
      vertex 8.30344 -10.5176 0
    endloop
  endfacet
  facet normal -0 0 -1
    outer loop
      vertex 8.78574 -10.467 0
      vertex 8.30344 -10.5176 0
      vertex 8.66488 -10.095 0
    endloop
  endfacet
  facet normal 0 -0 -1
    outer loop
      vertex 6.50844 -2.57687 0
      vertex 10.095 -8.66488 0
      vertex 6.13415 -3.37228 0
    endloop
  endfacet
  facet normal 0 0 -1
    outer loop
      vertex 12.4 0 0
      vertex 11.1341 10.05 0
      vertex 11.7098 13.005 0
    endloop
  endfacet
  facet normal 0 0 -1
    outer loop
      vertex 11.1341 10.095 0
      vertex 11.7098 13.005 0
      vertex 11.1341 10.05 0
    endloop
  endfacet
  facet normal 0 0 -1
    outer loop
      vertex 11.0133 10.467 0
      vertex 11.7098 13.005 0
      vertex 11.1341 10.095 0
    endloop
  endfacet
  facet normal 0 0 -1
    outer loop
      vertex 10.7834 10.7834 0
      vertex 11.7098 13.005 0
      vertex 11.0133 10.467 0
    endloop
  endfacet
  facet normal 0 0 -1
    outer loop
      vertex 10.467 11.0133 0
      vertex 11.7098 13.005 0
      vertex 10.7834 10.7834 0
    endloop
  endfacet
  facet normal 0 0 -1
    outer loop
      vertex 10.0432 12.4498 0
      vertex 11.7098 13.005 0
      vertex 10.467 11.0133 0
    endloop
  endfacet
  facet normal 0 0 -1
    outer loop
      vertex 10.0432 13.531 0
      vertex 11.7098 13.005 0
      vertex 10.1 12.9904 0
    endloop
  endfacet
  facet normal 0 0 -1
    outer loop
      vertex 9.87522 11.9329 0
      vertex 10.467 11.0133 0
      vertex 10.095 11.1341 0
    endloop
  endfacet
  facet normal 0 0 -1
    outer loop
      vertex 9.87522 11.9329 0
      vertex 10.095 11.1341 0
      vertex 10.05 11.1341 0
    endloop
  endfacet
  facet normal 0 0 -1
    outer loop
      vertex 11.7098 13.005 0
      vertex 10.0432 12.4498 0
      vertex 10.1 12.9904 0
    endloop
  endfacet
  facet normal 0 0 -1
    outer loop
      vertex 12.4 0 0
      vertex 11.1231 9.67001 0
      vertex 11.1341 10.05 0
    endloop
  endfacet
  facet normal 0 0 -1
    outer loop
      vertex 10.9614 9.86968 0
      vertex 11.1341 10.05 0
      vertex 11.1231 9.67001 0
    endloop
  endfacet
  facet normal 0 0 -1
    outer loop
      vertex 10.9614 9.86968 0
      vertex 10.05 11.1341 0
      vertex 11.1341 10.05 0
    endloop
  endfacet
  facet normal 0 0 -1
    outer loop
      vertex 10.467 11.0133 0
      vertex 9.87522 11.9329 0
      vertex 10.0432 12.4498 0
    endloop
  endfacet
  facet normal 0 0 -1
    outer loop
      vertex 9.86968 10.9614 0
      vertex 10.05 11.1341 0
      vertex 10.9614 9.86968 0
    endloop
  endfacet
  facet normal 0 0 -1
    outer loop
      vertex 9.67001 11.1231 0
      vertex 10.05 11.1341 0
      vertex 9.86968 10.9614 0
    endloop
  endfacet
  facet normal -0 0 -1
    outer loop
      vertex 10.05 11.1341 0
      vertex 9.67001 11.1231 0
      vertex 9.61764 11.4867 0
    endloop
  endfacet
  facet normal 0 0 -1
    outer loop
      vertex 10.05 11.1341 0
      vertex 9.61764 11.4867 0
      vertex 9.87522 11.9329 0
    endloop
  endfacet
  facet normal 0 0 -1
    outer loop
      vertex 9.67001 11.1231 0
      vertex 9.45495 11.2972 0
      vertex 9.61764 11.4867 0
    endloop
  endfacet
  facet normal 0 0 -1
    outer loop
      vertex 9.33201 11.0133 0
      vertex 9.45495 11.2972 0
      vertex 9.67001 11.1231 0
    endloop
  endfacet
  facet normal 0 0 -1
    outer loop
      vertex 9.33201 11.0133 0
      vertex 9.23974 11.0582 0
      vertex 9.45495 11.2972 0
    endloop
  endfacet
  facet normal 0 0 -1
    outer loop
      vertex 9.01561 10.7834 0
      vertex 9.23974 11.0582 0
      vertex 9.33201 11.0133 0
    endloop
  endfacet
  facet normal -0 0 -1
    outer loop
      vertex 9.01561 10.7834 0
      vertex 8.8 10.7387 0
      vertex 9.23974 11.0582 0
    endloop
  endfacet
  facet normal 0 0 -1
    outer loop
      vertex 8.78574 10.467 0
      vertex 8.8 10.7387 0
      vertex 9.01561 10.7834 0
    endloop
  endfacet
  facet normal 0 0 -1
    outer loop
      vertex 8.30344 10.5176 0
      vertex 8.78574 10.467 0
      vertex 8.66488 10.095 0
    endloop
  endfacet
  facet normal 0 0 -1
    outer loop
      vertex 8.78574 10.467 0
      vertex 8.30344 10.5176 0
      vertex 8.8 10.7387 0
    endloop
  endfacet
  facet normal 0 0 -1
    outer loop
      vertex 8.6718 -9.68266 0
      vertex 7.77849 -10.4061 0
      vertex 7.3562 -10.4046 0
    endloop
  endfacet
  facet normal 0 0 -1
    outer loop
      vertex 8.6718 9.68266 0
      vertex 7.77849 10.4061 0
      vertex 8.66488 9.70395 0
    endloop
  endfacet
  facet normal 0 0 -1
    outer loop
      vertex 8.66488 10.095 0
      vertex 7.77849 10.4061 0
      vertex 8.30344 10.5176 0
    endloop
  endfacet
  facet normal 0 0 -1
    outer loop
      vertex 7.3562 -10.4046 0
      vertex 7.77849 -10.4061 0
      vertex 7.64121 -10.5172 0
    endloop
  endfacet
  facet normal 0 0 -1
    outer loop
      vertex 8.66488 9.70395 0
      vertex 7.77849 10.4061 0
      vertex 8.66488 10.095 0
    endloop
  endfacet
  facet normal 0 0 -1
    outer loop
      vertex 8.6718 9.68266 0
      vertex 7.3562 10.4046 0
      vertex 7.77849 10.4061 0
    endloop
  endfacet
  facet normal 0 0 -1
    outer loop
      vertex 6.5 -11.2583 0
      vertex 7.3562 -10.4046 0
      vertex 7.64121 -10.5172 0
    endloop
  endfacet
  facet normal 0 0 -1
    outer loop
      vertex 6.5 -11.2583 0
      vertex 6.375 -11.0418 0
      vertex 7.3562 -10.4046 0
    endloop
  endfacet
  facet normal -0 0 -1
    outer loop
      vertex 6.5 -11.2583 0
      vertex 5.33257 -11.573 0
      vertex 6.375 -11.0418 0
    endloop
  endfacet
  facet normal 0 -0 -1
    outer loop
      vertex 5.33257 -11.573 0
      vertex 6.5 -11.2583 0
      vertex 5.28758 -11.8761 0
    endloop
  endfacet
  facet normal 0 0 -1
    outer loop
      vertex 11.7098 13.005 0
      vertex 10.0432 13.531 0
      vertex 10.2862 14.1578 0
    endloop
  endfacet
  facet normal 0 0 -1
    outer loop
      vertex 9.87522 14.0479 0
      vertex 10.2862 14.1578 0
      vertex 10.0432 13.531 0
    endloop
  endfacet
  facet normal 0 0 -1
    outer loop
      vertex 9.60344 14.5186 0
      vertex 10.2862 14.1578 0
      vertex 9.87522 14.0479 0
    endloop
  endfacet
  facet normal 0 0 -1
    outer loop
      vertex 10.2862 14.1578 0
      vertex 9.60344 14.5186 0
      vertex 9.42437 14.7175 0
    endloop
  endfacet
  facet normal 0 0 -1
    outer loop
      vertex 17.1034 -1.52824 0
      vertex 17.4214 -1.5 0
      vertex 17.4041 -1.82925 0
    endloop
  endfacet
  facet normal 0 0 -1
    outer loop
      vertex 16.7397 -1.93218 0
      vertex 17.4041 -1.82925 0
      vertex 17.1176 -3.63845 0
    endloop
  endfacet
  facet normal -0 0 -1
    outer loop
      vertex 17.4214 -1.5 0
      vertex 17.1034 -1.52824 0
      vertex 17.1197 -1.5 0
    endloop
  endfacet
  facet normal -0 0 -1
    outer loop
      vertex 17.4041 -1.82925 0
      vertex 16.7397 -1.93218 0
      vertex 17.1034 -1.52824 0
    endloop
  endfacet
  facet normal 0 0 -1
    outer loop
      vertex 15.2718 -2.58576 0
      vertex 17.1176 -3.63845 0
      vertex 16.6435 -5.4078 0
    endloop
  endfacet
  facet normal 0 0 -1
    outer loop
      vertex 17.1176 -3.63845 0
      vertex 16.3 -2.25167 0
      vertex 16.7397 -1.93218 0
    endloop
  endfacet
  facet normal 0 0 -1
    outer loop
      vertex 14.5112 -2.53962 0
      vertex 16.6435 -5.4078 0
      vertex 15.987 -7.11789 0
    endloop
  endfacet
  facet normal 0 0 -1
    outer loop
      vertex 17.1176 -3.63845 0
      vertex 15.8034 -2.47275 0
      vertex 16.3 -2.25167 0
    endloop
  endfacet
  facet normal 0 0 -1
    outer loop
      vertex 17.1176 -3.63845 0
      vertex 15.2718 -2.58576 0
      vertex 15.8034 -2.47275 0
    endloop
  endfacet
  facet normal 0 0 -1
    outer loop
      vertex 11.1231 -9.67001 0
      vertex 14.1578 -10.2862 0
      vertex 11.1341 -10.05 0
    endloop
  endfacet
  facet normal 0 0 -1
    outer loop
      vertex 16.6435 -5.4078 0
      vertex 14.7566 -2.58576 0
      vertex 15.2718 -2.58576 0
    endloop
  endfacet
  facet normal 0 0 -1
    outer loop
      vertex 14.6692 1.54179 0
      vertex 14.9178 1.56793 0
      vertex 14.75 0 0
    endloop
  endfacet
  facet normal 0 0 -1
    outer loop
      vertex 14.9178 -1.56793 0
      vertex 14.6692 -1.54179 0
      vertex 14.75 0 0
    endloop
  endfacet
  facet normal 0 0 -1
    outer loop
      vertex 16.6435 -5.4078 0
      vertex 14.5112 -2.53962 0
      vertex 14.7566 -2.58576 0
    endloop
  endfacet
  facet normal 0 0 -1
    outer loop
      vertex 14.7566 -2.58576 0
      vertex 14.5112 -2.53962 0
      vertex 14.6692 -1.54179 0
    endloop
  endfacet
  facet normal 0 0 -1
    outer loop
      vertex 15.987 -7.11789 0
      vertex 14.1966 -2.47275 0
      vertex 14.5112 -2.53962 0
    endloop
  endfacet
  facet normal 0 0 -1
    outer loop
      vertex 11.1341 -10.05 0
      vertex 14.1578 -10.2862 0
      vertex 11.1341 -10.095 0
    endloop
  endfacet
  facet normal 0 0 -1
    outer loop
      vertex 11.0133 -9.33201 0
      vertex 14.1578 -10.2862 0
      vertex 11.1231 -9.67001 0
    endloop
  endfacet
  facet normal 0 0 -1
    outer loop
      vertex 10.467 -8.78574 0
      vertex 15.987 -7.11789 0
      vertex 10.7834 -9.01561 0
    endloop
  endfacet
  facet normal 0 0 -1
    outer loop
      vertex 11.1341 -10.095 0
      vertex 14.1578 -10.2862 0
      vertex 13.005 -11.7098 0
    endloop
  endfacet
  facet normal 0 0 -1
    outer loop
      vertex 14.1578 -10.2862 0
      vertex 11.0133 -9.33201 0
      vertex 15.1554 -8.75 0
    endloop
  endfacet
  facet normal 0 0 -1
    outer loop
      vertex 13 0 0
      vertex 12.6888 1.16835 0
      vertex 12.9288 1.35887 0
    endloop
  endfacet
  facet normal 0 0 -1
    outer loop
      vertex 10.7834 -9.01561 0
      vertex 15.1554 -8.75 0
      vertex 11.0133 -9.33201 0
    endloop
  endfacet
  facet normal 0 0 -1
    outer loop
      vertex 12.9288 -1.35887 0
      vertex 12.6888 -1.16835 0
      vertex 12.75 0 0
    endloop
  endfacet
  facet normal -0 0 -1
    outer loop
      vertex 15.1554 -8.75 0
      vertex 10.7834 -9.01561 0
      vertex 15.987 -7.11789 0
    endloop
  endfacet
  facet normal -0 0 -1
    outer loop
      vertex 15.987 -7.11789 0
      vertex 10.467 -8.78574 0
      vertex 14.1966 -2.47275 0
    endloop
  endfacet
  facet normal -0 0 -1
    outer loop
      vertex 14.1966 -2.47275 0
      vertex 10.467 -8.78574 0
      vertex 13.7 -2.25167 0
    endloop
  endfacet
  facet normal 0 0 -1
    outer loop
      vertex 10.7834 -10.7834 0
      vertex 13.005 -11.7098 0
      vertex 11.7098 -13.005 0
    endloop
  endfacet
  facet normal 0 0 -1
    outer loop
      vertex 14.6692 -1.54179 0
      vertex 14.9178 -1.56793 0
      vertex 14.7566 -2.58576 0
    endloop
  endfacet
  facet normal 0 0 -1
    outer loop
      vertex 14.9178 -1.56793 0
      vertex 14.75 0 0
      vertex 15 0 0
    endloop
  endfacet
  facet normal 0 0 -1
    outer loop
      vertex 14.75 0 0
      vertex 14.9178 1.56793 0
      vertex 15 0 0
    endloop
  endfacet
  facet normal 0 0 -1
    outer loop
      vertex 17.1034 1.52824 0
      vertex 17.4214 1.5 0
      vertex 17.1197 1.5 0
    endloop
  endfacet
  facet normal 0 0 -1
    outer loop
      vertex 17.4214 1.5 0
      vertex 17.1034 1.52824 0
      vertex 17.4041 1.82925 0
    endloop
  endfacet
  facet normal 0 0 -1
    outer loop
      vertex 16.7397 1.93218 0
      vertex 17.4041 1.82925 0
      vertex 17.1034 1.52824 0
    endloop
  endfacet
  facet normal 0 0 -1
    outer loop
      vertex 17.4041 1.82925 0
      vertex 16.7397 1.93218 0
      vertex 17.1176 3.63845 0
    endloop
  endfacet
  facet normal 0 0 -1
    outer loop
      vertex 16.3 2.25167 0
      vertex 17.1176 3.63845 0
      vertex 16.7397 1.93218 0
    endloop
  endfacet
  facet normal 0 0 -1
    outer loop
      vertex 15.8034 2.47275 0
      vertex 17.1176 3.63845 0
      vertex 16.3 2.25167 0
    endloop
  endfacet
  facet normal 0 0 -1
    outer loop
      vertex 15.2718 2.58576 0
      vertex 17.1176 3.63845 0
      vertex 15.8034 2.47275 0
    endloop
  endfacet
  facet normal -0 0 -1
    outer loop
      vertex 17.1176 3.63845 0
      vertex 15.2718 2.58576 0
      vertex 16.6435 5.4078 0
    endloop
  endfacet
  facet normal 0 0 -1
    outer loop
      vertex 14.7566 2.58576 0
      vertex 16.6435 5.4078 0
      vertex 15.2718 2.58576 0
    endloop
  endfacet
  facet normal 0 0 -1
    outer loop
      vertex 14.5112 2.53962 0
      vertex 16.6435 5.4078 0
      vertex 14.7566 2.58576 0
    endloop
  endfacet
  facet normal -0 0 -1
    outer loop
      vertex 16.6435 5.4078 0
      vertex 14.5112 2.53962 0
      vertex 15.987 7.11789 0
    endloop
  endfacet
  facet normal -0 0 -1
    outer loop
      vertex 14.9178 1.56793 0
      vertex 14.6692 1.54179 0
      vertex 14.7566 2.58576 0
    endloop
  endfacet
  facet normal 0 0 -1
    outer loop
      vertex 14.5112 2.53962 0
      vertex 14.7566 2.58576 0
      vertex 14.6692 1.54179 0
    endloop
  endfacet
  facet normal 0 0 -1
    outer loop
      vertex 14.1966 2.47275 0
      vertex 15.987 7.11789 0
      vertex 14.5112 2.53962 0
    endloop
  endfacet
  facet normal 0 0 -1
    outer loop
      vertex 13.7 2.25167 0
      vertex 15.987 7.11789 0
      vertex 14.1966 2.47275 0
    endloop
  endfacet
  facet normal -0 0 -1
    outer loop
      vertex 15.987 7.11789 0
      vertex 13.7 2.25167 0
      vertex 15.1554 8.75 0
    endloop
  endfacet
  facet normal 0 0 -1
    outer loop
      vertex 13.2603 1.93218 0
      vertex 15.1554 8.75 0
      vertex 13.7 2.25167 0
    endloop
  endfacet
  facet normal -0 0 -1
    outer loop
      vertex 15.1554 8.75 0
      vertex 13.2603 1.93218 0
      vertex 14.1578 10.2862 0
    endloop
  endfacet
  facet normal 0 0 -1
    outer loop
      vertex 13.2603 1.93218 0
      vertex 13.005 11.7098 0
      vertex 14.1578 10.2862 0
    endloop
  endfacet
  facet normal 0 0 -1
    outer loop
      vertex 12.9011 1.53334 0
      vertex 13.005 11.7098 0
      vertex 13.2603 1.93218 0
    endloop
  endfacet
  facet normal -0 0 -1
    outer loop
      vertex 12.9288 1.35887 0
      vertex 12.6888 1.16835 0
      vertex 12.9011 1.53334 0
    endloop
  endfacet
  facet normal 0 0 -1
    outer loop
      vertex 11.7098 13.005 0
      vertex 12.9011 1.53334 0
      vertex 12.6888 1.16835 0
    endloop
  endfacet
  facet normal 0 0 -1
    outer loop
      vertex 11.7098 13.005 0
      vertex 12.6888 1.16835 0
      vertex 12.6248 1.05752 0
    endloop
  endfacet
  facet normal 0 0 -1
    outer loop
      vertex 11.7098 13.005 0
      vertex 12.6248 1.05752 0
      vertex 12.4568 0.54057 0
    endloop
  endfacet
  facet normal 0 0 -1
    outer loop
      vertex 11.7098 13.005 0
      vertex 12.4568 0.54057 0
      vertex 12.4 0 0
    endloop
  endfacet
  facet normal 0 0 -1
    outer loop
      vertex 10.095 -8.66488 0
      vertex 13.7 -2.25167 0
      vertex 10.467 -8.78574 0
    endloop
  endfacet
  facet normal -0 0 -1
    outer loop
      vertex 13.7 -2.25167 0
      vertex 10.095 -8.66488 0
      vertex 13.2603 -1.93218 0
    endloop
  endfacet
  facet normal 0 0 -1
    outer loop
      vertex 12.9011 1.53334 0
      vertex 11.7098 13.005 0
      vertex 13.005 11.7098 0
    endloop
  endfacet
  facet normal 0 0 -1
    outer loop
      vertex 13.005 -11.7098 0
      vertex 11.0133 -10.467 0
      vertex 11.1341 -10.095 0
    endloop
  endfacet
  facet normal 0 0 -1
    outer loop
      vertex 13.005 -11.7098 0
      vertex 10.7834 -10.7834 0
      vertex 11.0133 -10.467 0
    endloop
  endfacet
  facet normal 0 0 -1
    outer loop
      vertex 11.7098 -13.005 0
      vertex 10.467 -11.0133 0
      vertex 10.7834 -10.7834 0
    endloop
  endfacet
  facet normal 0 0 -1
    outer loop
      vertex 10.0432 -13.531 0
      vertex 11.7098 -13.005 0
      vertex 10.2862 -14.1578 0
    endloop
  endfacet
  facet normal 0 0 -1
    outer loop
      vertex 10.0432 -12.4498 0
      vertex 11.7098 -13.005 0
      vertex 10.1 -12.9904 0
    endloop
  endfacet
  facet normal 0 0 -1
    outer loop
      vertex 11.7098 -13.005 0
      vertex 10.0432 -12.4498 0
      vertex 10.467 -11.0133 0
    endloop
  endfacet
  facet normal 0 0 -1
    outer loop
      vertex 9.87522 -11.9329 0
      vertex 10.467 -11.0133 0
      vertex 10.0432 -12.4498 0
    endloop
  endfacet
  facet normal 0 0 -1
    outer loop
      vertex 10.467 -11.0133 0
      vertex 9.87522 -11.9329 0
      vertex 10.095 -11.1341 0
    endloop
  endfacet
  facet normal 0 0 -1
    outer loop
      vertex 12.6888 -1.16835 0
      vertex 12.9288 -1.35887 0
      vertex 12.9011 -1.53334 0
    endloop
  endfacet
  facet normal 0 0 -1
    outer loop
      vertex 12.9288 -1.35887 0
      vertex 12.75 0 0
      vertex 13 0 0
    endloop
  endfacet
  facet normal 0 0 -1
    outer loop
      vertex 12.6888 1.16835 0
      vertex 13 0 0
      vertex 12.75 0 0
    endloop
  endfacet
  facet normal 0.987692 -0.156408 0
    outer loop
      vertex 17.1176 -3.63845 3
      vertex 17.4041 -1.82925 0
      vertex 17.4041 -1.82925 3
    endloop
  endfacet
  facet normal 0.987692 -0.156408 0
    outer loop
      vertex 17.4041 -1.82925 0
      vertex 17.1176 -3.63845 3
      vertex 17.1176 -3.63845 0
    endloop
  endfacet
  facet normal 0.987692 0.156408 0
    outer loop
      vertex 17.4041 1.82925 3
      vertex 17.1176 3.63845 0
      vertex 17.1176 3.63845 3
    endloop
  endfacet
  facet normal 0.987692 0.156408 0
    outer loop
      vertex 17.1176 3.63845 0
      vertex 17.4041 1.82925 3
      vertex 17.4041 1.82925 0
    endloop
  endfacet
  facet normal 0.998622 0.0524713 0
    outer loop
      vertex 17.4214 1.5 3
      vertex 17.4041 1.82925 0
      vertex 17.4041 1.82925 3
    endloop
  endfacet
  facet normal 0.998622 0.0524713 0
    outer loop
      vertex 17.4041 1.82925 0
      vertex 17.4214 1.5 3
      vertex 17.4214 1.5 0
    endloop
  endfacet
  facet normal 0.965925 0.258821 0
    outer loop
      vertex 17.1176 3.63845 3
      vertex 16.6435 5.4078 0
      vertex 16.6435 5.4078 3
    endloop
  endfacet
  facet normal 0.965925 0.258821 0
    outer loop
      vertex 16.6435 5.4078 0
      vertex 17.1176 3.63845 3
      vertex 17.1176 3.63845 0
    endloop
  endfacet
  facet normal 0.838676 0.544631 0
    outer loop
      vertex 15.1554 8.75 3
      vertex 14.1578 10.2862 0
      vertex 14.1578 10.2862 3
    endloop
  endfacet
  facet normal 0.838676 0.544631 0
    outer loop
      vertex 14.1578 10.2862 0
      vertex 15.1554 8.75 3
      vertex 15.1554 8.75 0
    endloop
  endfacet
  facet normal -0.156408 0.987692 0
    outer loop
      vertex -1.82925 17.4041 0
      vertex -3.63845 17.1176 3
      vertex -1.82925 17.4041 3
    endloop
  endfacet
  facet normal -0.156408 0.987692 0
    outer loop
      vertex -3.63845 17.1176 3
      vertex -1.82925 17.4041 0
      vertex -3.63845 17.1176 0
    endloop
  endfacet
  facet normal -0.965925 -0.258821 0
    outer loop
      vertex -16.6435 -5.4078 0
      vertex -17.1176 -3.63845 3
      vertex -17.1176 -3.63845 0
    endloop
  endfacet
  facet normal -0.965925 -0.258821 0
    outer loop
      vertex -17.1176 -3.63845 3
      vertex -16.6435 -5.4078 0
      vertex -16.6435 -5.4078 3
    endloop
  endfacet
  facet normal -0.453954 -0.891025 0
    outer loop
      vertex -8.03354 -15.5205 0
      vertex -7.11789 -15.987 3
      vertex -8.03354 -15.5205 3
    endloop
  endfacet
  facet normal -0.453954 -0.891025 -0
    outer loop
      vertex -7.11789 -15.987 3
      vertex -8.03354 -15.5205 0
      vertex -7.11789 -15.987 0
    endloop
  endfacet
  facet normal 0.998622 -0.0524713 0
    outer loop
      vertex 17.4041 -1.82925 3
      vertex 17.4214 -1.5 0
      vertex 17.4214 -1.5 3
    endloop
  endfacet
  facet normal 0.998622 -0.0524713 0
    outer loop
      vertex 17.4214 -1.5 0
      vertex 17.4041 -1.82925 3
      vertex 17.4041 -1.82925 0
    endloop
  endfacet
  facet normal 0.258821 -0.965925 0
    outer loop
      vertex 3.63845 -17.1176 0
      vertex 5.4078 -16.6435 3
      vertex 3.63845 -17.1176 3
    endloop
  endfacet
  facet normal 0.258821 -0.965925 0
    outer loop
      vertex 5.4078 -16.6435 3
      vertex 3.63845 -17.1176 0
      vertex 5.4078 -16.6435 0
    endloop
  endfacet
  facet normal -0.629318 -0.777148 0
    outer loop
      vertex -11.7098 -13.005 0
      vertex -10.2862 -14.1578 3
      vertex -11.7098 -13.005 3
    endloop
  endfacet
  facet normal -0.629318 -0.777148 -0
    outer loop
      vertex -10.2862 -14.1578 3
      vertex -11.7098 -13.005 0
      vertex -10.2862 -14.1578 0
    endloop
  endfacet
  facet normal -0.707107 -0.707107 0
    outer loop
      vertex -11.7098 -13.005 0
      vertex -13.005 -11.7098 3
      vertex -13.005 -11.7098 0
    endloop
  endfacet
  facet normal -0.707107 -0.707107 0
    outer loop
      vertex -13.005 -11.7098 3
      vertex -11.7098 -13.005 0
      vertex -11.7098 -13.005 3
    endloop
  endfacet
  facet normal -0.965925 0.258821 0
    outer loop
      vertex -17.1176 3.63845 0
      vertex -16.6435 5.4078 3
      vertex -16.6435 5.4078 0
    endloop
  endfacet
  facet normal -0.965925 0.258821 0
    outer loop
      vertex -16.6435 5.4078 3
      vertex -17.1176 3.63845 0
      vertex -17.1176 3.63845 3
    endloop
  endfacet
  facet normal -0.544653 -0.838661 0
    outer loop
      vertex -10.2862 -14.1578 0
      vertex -9.42437 -14.7175 3
      vertex -10.2862 -14.1578 3
    endloop
  endfacet
  facet normal -0.544653 -0.838661 -0
    outer loop
      vertex -9.42437 -14.7175 3
      vertex -10.2862 -14.1578 0
      vertex -9.42437 -14.7175 0
    endloop
  endfacet
  facet normal 0.629318 0.777148 -0
    outer loop
      vertex 11.7098 13.005 0
      vertex 10.2862 14.1578 3
      vertex 11.7098 13.005 3
    endloop
  endfacet
  facet normal 0.629318 0.777148 0
    outer loop
      vertex 10.2862 14.1578 3
      vertex 11.7098 13.005 0
      vertex 10.2862 14.1578 0
    endloop
  endfacet
  facet normal 0.156408 0.987692 -0
    outer loop
      vertex 3.63845 17.1176 0
      vertex 1.82925 17.4041 3
      vertex 3.63845 17.1176 3
    endloop
  endfacet
  facet normal 0.156408 0.987692 0
    outer loop
      vertex 1.82925 17.4041 3
      vertex 3.63845 17.1176 0
      vertex 1.82925 17.4041 0
    endloop
  endfacet
  facet normal 0.544653 0.838661 -0
    outer loop
      vertex 10.2862 14.1578 0
      vertex 9.42437 14.7175 3
      vertex 10.2862 14.1578 3
    endloop
  endfacet
  facet normal 0.544653 0.838661 0
    outer loop
      vertex 9.42437 14.7175 3
      vertex 10.2862 14.1578 0
      vertex 9.42437 14.7175 0
    endloop
  endfacet
  facet normal 0.358396 -0.93357 0
    outer loop
      vertex 5.4078 -16.6435 0
      vertex 7.11789 -15.987 3
      vertex 5.4078 -16.6435 3
    endloop
  endfacet
  facet normal 0.358396 -0.93357 0
    outer loop
      vertex 7.11789 -15.987 3
      vertex 5.4078 -16.6435 0
      vertex 7.11789 -15.987 0
    endloop
  endfacet
  facet normal -0.258821 0.965925 0
    outer loop
      vertex -3.63845 17.1176 0
      vertex -5.4078 16.6435 3
      vertex -3.63845 17.1176 3
    endloop
  endfacet
  facet normal -0.258821 0.965925 0
    outer loop
      vertex -5.4078 16.6435 3
      vertex -3.63845 17.1176 0
      vertex -5.4078 16.6435 0
    endloop
  endfacet
  facet normal 0.052354 0.998629 -0
    outer loop
      vertex 1.82925 17.4041 0
      vertex 0 17.5 3
      vertex 1.82925 17.4041 3
    endloop
  endfacet
  facet normal 0.052354 0.998629 0
    outer loop
      vertex 0 17.5 3
      vertex 1.82925 17.4041 0
      vertex 0 17.5 0
    endloop
  endfacet
  facet normal 0.358396 0.93357 -0
    outer loop
      vertex 7.11789 15.987 0
      vertex 5.4078 16.6435 3
      vertex 7.11789 15.987 3
    endloop
  endfacet
  facet normal 0.358396 0.93357 0
    outer loop
      vertex 5.4078 16.6435 3
      vertex 7.11789 15.987 0
      vertex 5.4078 16.6435 0
    endloop
  endfacet
  facet normal 0.965925 -0.258821 0
    outer loop
      vertex 16.6435 -5.4078 3
      vertex 17.1176 -3.63845 0
      vertex 17.1176 -3.63845 3
    endloop
  endfacet
  facet normal 0.965925 -0.258821 0
    outer loop
      vertex 17.1176 -3.63845 0
      vertex 16.6435 -5.4078 3
      vertex 16.6435 -5.4078 0
    endloop
  endfacet
  facet normal 0.453954 0.891025 -0
    outer loop
      vertex 8.03354 15.5205 0
      vertex 7.11789 15.987 3
      vertex 8.03354 15.5205 3
    endloop
  endfacet
  facet normal 0.453954 0.891025 0
    outer loop
      vertex 7.11789 15.987 3
      vertex 8.03354 15.5205 0
      vertex 7.11789 15.987 0
    endloop
  endfacet
  facet normal -0.453954 0.891025 0
    outer loop
      vertex -7.11789 15.987 0
      vertex -8.03354 15.5205 3
      vertex -7.11789 15.987 3
    endloop
  endfacet
  facet normal -0.453954 0.891025 0
    outer loop
      vertex -8.03354 15.5205 3
      vertex -7.11789 15.987 0
      vertex -8.03354 15.5205 0
    endloop
  endfacet
  facet normal 0.156408 -0.987692 0
    outer loop
      vertex 1.82925 -17.4041 0
      vertex 3.63845 -17.1176 3
      vertex 1.82925 -17.4041 3
    endloop
  endfacet
  facet normal 0.156408 -0.987692 0
    outer loop
      vertex 3.63845 -17.1176 3
      vertex 1.82925 -17.4041 0
      vertex 3.63845 -17.1176 0
    endloop
  endfacet
  facet normal -0.258821 -0.965925 0
    outer loop
      vertex -5.4078 -16.6435 0
      vertex -3.63845 -17.1176 3
      vertex -5.4078 -16.6435 3
    endloop
  endfacet
  facet normal -0.258821 -0.965925 -0
    outer loop
      vertex -3.63845 -17.1176 3
      vertex -5.4078 -16.6435 0
      vertex -3.63845 -17.1176 0
    endloop
  endfacet
  facet normal 0.777148 -0.629318 0
    outer loop
      vertex 13.005 -11.7098 3
      vertex 14.1578 -10.2862 0
      vertex 14.1578 -10.2862 3
    endloop
  endfacet
  facet normal 0.777148 -0.629318 0
    outer loop
      vertex 14.1578 -10.2862 0
      vertex 13.005 -11.7098 3
      vertex 13.005 -11.7098 0
    endloop
  endfacet
  facet normal 0.891007 -0.45399 0
    outer loop
      vertex 15.1554 -8.75 3
      vertex 15.987 -7.11789 0
      vertex 15.987 -7.11789 3
    endloop
  endfacet
  facet normal 0.891007 -0.45399 0
    outer loop
      vertex 15.987 -7.11789 0
      vertex 15.1554 -8.75 3
      vertex 15.1554 -8.75 0
    endloop
  endfacet
  facet normal -0.707107 0.707107 0
    outer loop
      vertex -13.005 11.7098 0
      vertex -11.7098 13.005 3
      vertex -11.7098 13.005 0
    endloop
  endfacet
  facet normal -0.707107 0.707107 0
    outer loop
      vertex -11.7098 13.005 3
      vertex -13.005 11.7098 0
      vertex -13.005 11.7098 3
    endloop
  endfacet
  facet normal 0.052354 -0.998629 0
    outer loop
      vertex 0 -17.5 0
      vertex 1.82925 -17.4041 3
      vertex 0 -17.5 3
    endloop
  endfacet
  facet normal 0.052354 -0.998629 0
    outer loop
      vertex 1.82925 -17.4041 3
      vertex 0 -17.5 0
      vertex 1.82925 -17.4041 0
    endloop
  endfacet
  facet normal -0.358396 0.93357 0
    outer loop
      vertex -5.4078 16.6435 0
      vertex -7.11789 15.987 3
      vertex -5.4078 16.6435 3
    endloop
  endfacet
  facet normal -0.358396 0.93357 0
    outer loop
      vertex -7.11789 15.987 3
      vertex -5.4078 16.6435 0
      vertex -7.11789 15.987 0
    endloop
  endfacet
  facet normal -0.052354 0.998629 0
    outer loop
      vertex 0 17.5 0
      vertex -1.82925 17.4041 3
      vertex 0 17.5 3
    endloop
  endfacet
  facet normal -0.052354 0.998629 0
    outer loop
      vertex -1.82925 17.4041 3
      vertex 0 17.5 0
      vertex -1.82925 17.4041 0
    endloop
  endfacet
  facet normal 0.453954 -0.891025 0
    outer loop
      vertex 7.11789 -15.987 0
      vertex 8.03354 -15.5205 3
      vertex 7.11789 -15.987 3
    endloop
  endfacet
  facet normal 0.453954 -0.891025 0
    outer loop
      vertex 8.03354 -15.5205 3
      vertex 7.11789 -15.987 0
      vertex 8.03354 -15.5205 0
    endloop
  endfacet
  facet normal -0.93357 0.358396 0
    outer loop
      vertex -16.6435 5.4078 0
      vertex -15.987 7.11789 3
      vertex -15.987 7.11789 0
    endloop
  endfacet
  facet normal -0.93357 0.358396 0
    outer loop
      vertex -15.987 7.11789 3
      vertex -16.6435 5.4078 0
      vertex -16.6435 5.4078 3
    endloop
  endfacet
  facet normal -0.891007 0.45399 0
    outer loop
      vertex -15.987 7.11789 0
      vertex -15.1554 8.75 3
      vertex -15.1554 8.75 0
    endloop
  endfacet
  facet normal -0.891007 0.45399 0
    outer loop
      vertex -15.1554 8.75 3
      vertex -15.987 7.11789 0
      vertex -15.987 7.11789 3
    endloop
  endfacet
  facet normal 0.777148 0.629318 0
    outer loop
      vertex 14.1578 10.2862 3
      vertex 13.005 11.7098 0
      vertex 13.005 11.7098 3
    endloop
  endfacet
  facet normal 0.777148 0.629318 0
    outer loop
      vertex 13.005 11.7098 0
      vertex 14.1578 10.2862 3
      vertex 14.1578 10.2862 0
    endloop
  endfacet
  facet normal 0.258821 0.965925 -0
    outer loop
      vertex 5.4078 16.6435 0
      vertex 3.63845 17.1176 3
      vertex 5.4078 16.6435 3
    endloop
  endfacet
  facet normal 0.258821 0.965925 0
    outer loop
      vertex 3.63845 17.1176 3
      vertex 5.4078 16.6435 0
      vertex 3.63845 17.1176 0
    endloop
  endfacet
  facet normal 0.93357 0.358396 0
    outer loop
      vertex 16.6435 5.4078 3
      vertex 15.987 7.11789 0
      vertex 15.987 7.11789 3
    endloop
  endfacet
  facet normal 0.93357 0.358396 0
    outer loop
      vertex 15.987 7.11789 0
      vertex 16.6435 5.4078 3
      vertex 16.6435 5.4078 0
    endloop
  endfacet
  facet normal 0.838676 -0.544631 0
    outer loop
      vertex 14.1578 -10.2862 3
      vertex 15.1554 -8.75 0
      vertex 15.1554 -8.75 3
    endloop
  endfacet
  facet normal 0.838676 -0.544631 0
    outer loop
      vertex 15.1554 -8.75 0
      vertex 14.1578 -10.2862 3
      vertex 14.1578 -10.2862 0
    endloop
  endfacet
  facet normal -0.998629 -0.0523516 0
    outer loop
      vertex -17.4041 -1.82925 0
      vertex -17.4579 -0.802993 3
      vertex -17.4579 -0.802993 0
    endloop
  endfacet
  facet normal -0.998629 -0.0523516 0
    outer loop
      vertex -17.4579 -0.802993 3
      vertex -17.4041 -1.82925 0
      vertex -17.4041 -1.82925 3
    endloop
  endfacet
  facet normal 0 0 1
    outer loop
      vertex 17.1034 -1.52824 3
      vertex 17.4214 -1.5 3
      vertex 17.1197 -1.5 3
    endloop
  endfacet
  facet normal 0 0 1
    outer loop
      vertex 17.4214 -1.5 3
      vertex 17.1034 -1.52824 3
      vertex 17.4041 -1.82925 3
    endloop
  endfacet
  facet normal 0 0 1
    outer loop
      vertex 16.7397 -1.93218 3
      vertex 17.4041 -1.82925 3
      vertex 17.1034 -1.52824 3
    endloop
  endfacet
  facet normal 0 0 1
    outer loop
      vertex 17.4041 -1.82925 3
      vertex 16.7397 -1.93218 3
      vertex 17.1176 -3.63845 3
    endloop
  endfacet
  facet normal -0 0 1
    outer loop
      vertex 16.3 -2.25167 3
      vertex 17.1176 -3.63845 3
      vertex 16.7397 -1.93218 3
    endloop
  endfacet
  facet normal -0 0 1
    outer loop
      vertex 15.8034 -2.47275 3
      vertex 17.1176 -3.63845 3
      vertex 16.3 -2.25167 3
    endloop
  endfacet
  facet normal -0 0 1
    outer loop
      vertex 15.1613 -3.22263 3
      vertex 17.1176 -3.63845 3
      vertex 15.8034 -2.47275 3
    endloop
  endfacet
  facet normal 0 0 1
    outer loop
      vertex 17.1176 -3.63845 3
      vertex 15.1613 -3.22263 3
      vertex 16.6435 -5.4078 3
    endloop
  endfacet
  facet normal 0 0 1
    outer loop
      vertex 15.1613 -3.22263 3
      vertex 15.8034 -2.47275 3
      vertex 15.2718 -2.58576 3
    endloop
  endfacet
  facet normal 0 0 1
    outer loop
      vertex 15.1613 -3.22263 3
      vertex 15.2718 -2.58576 3
      vertex 15.2622 -2.58576 3
    endloop
  endfacet
  facet normal 0 0 1
    outer loop
      vertex 16.6435 -5.4078 3
      vertex 15.1613 -3.22263 3
      vertex 14.7414 -4.78976 3
    endloop
  endfacet
  facet normal 0 0 1
    outer loop
      vertex 16.6435 -5.4078 3
      vertex 14.7414 -4.78976 3
      vertex 15.987 -7.11789 3
    endloop
  endfacet
  facet normal -0 0 1
    outer loop
      vertex 14.16 -6.30442 3
      vertex 15.987 -7.11789 3
      vertex 14.7414 -4.78976 3
    endloop
  endfacet
  facet normal 0 0 1
    outer loop
      vertex 15.987 -7.11789 3
      vertex 14.16 -6.30442 3
      vertex 15.1554 -8.75 3
    endloop
  endfacet
  facet normal -0 0 1
    outer loop
      vertex 13.4234 -7.75 3
      vertex 15.1554 -8.75 3
      vertex 14.16 -6.30442 3
    endloop
  endfacet
  facet normal 0 0 1
    outer loop
      vertex 15.1554 -8.75 3
      vertex 13.4234 -7.75 3
      vertex 14.1578 -10.2862 3
    endloop
  endfacet
  facet normal -0 0 1
    outer loop
      vertex 12.5398 -9.11067 3
      vertex 14.1578 -10.2862 3
      vertex 13.4234 -7.75 3
    endloop
  endfacet
  facet normal 0 0 1
    outer loop
      vertex 14.1578 -10.2862 3
      vertex 12.5398 -9.11067 3
      vertex 13.005 -11.7098 3
    endloop
  endfacet
  facet normal -0 0 1
    outer loop
      vertex 11.5187 -10.3715 3
      vertex 13.005 -11.7098 3
      vertex 12.5398 -9.11067 3
    endloop
  endfacet
  facet normal -0 0 1
    outer loop
      vertex 11.3474 -10.6372 3
      vertex 13.005 -11.7098 3
      vertex 11.5187 -10.3715 3
    endloop
  endfacet
  facet normal 0 0 1
    outer loop
      vertex 11.3474 -10.6372 3
      vertex 11.5187 -10.3715 3
      vertex 11.3928 -10.4975 3
    endloop
  endfacet
  facet normal -0 0 1
    outer loop
      vertex 11.1635 -10.8903 3
      vertex 13.005 -11.7098 3
      vertex 11.3474 -10.6372 3
    endloop
  endfacet
  facet normal -0 0 1
    outer loop
      vertex 11.0485 -11.0485 3
      vertex 13.005 -11.7098 3
      vertex 11.1635 -10.8903 3
    endloop
  endfacet
  facet normal 0 0 1
    outer loop
      vertex 13.005 -11.7098 3
      vertex 11.0485 -11.0485 3
      vertex 11.7098 -13.005 3
    endloop
  endfacet
  facet normal -0 0 1
    outer loop
      vertex 10.8903 -11.1635 3
      vertex 11.7098 -13.005 3
      vertex 11.0485 -11.0485 3
    endloop
  endfacet
  facet normal -0 0 1
    outer loop
      vertex 10.6372 -11.3474 3
      vertex 11.7098 -13.005 3
      vertex 10.8903 -11.1635 3
    endloop
  endfacet
  facet normal 0 0 1
    outer loop
      vertex 10.3715 -11.5187 3
      vertex 10.6372 -11.3474 3
      vertex 10.4975 -11.3928 3
    endloop
  endfacet
  facet normal 0 0 1
    outer loop
      vertex 10.6372 -11.3474 3
      vertex 10.3715 -11.5187 3
      vertex 11.7098 -13.005 3
    endloop
  endfacet
  facet normal -0 0 1
    outer loop
      vertex 10.0432 -12.4498 3
      vertex 11.7098 -13.005 3
      vertex 10.3715 -11.5187 3
    endloop
  endfacet
  facet normal 0 0 1
    outer loop
      vertex 10.0432 -13.531 3
      vertex 11.7098 -13.005 3
      vertex 10.1 -12.9904 3
    endloop
  endfacet
  facet normal 0 0 1
    outer loop
      vertex 11.7098 -13.005 3
      vertex 10.0432 -12.4498 3
      vertex 10.1 -12.9904 3
    endloop
  endfacet
  facet normal 0 0 1
    outer loop
      vertex 10.3715 -11.5187 3
      vertex 9.87522 -11.9329 3
      vertex 10.0432 -12.4498 3
    endloop
  endfacet
  facet normal 0 -0 1
    outer loop
      vertex 9.87522 -11.9329 3
      vertex 10.3715 -11.5187 3
      vertex 9.87041 -11.9245 3
    endloop
  endfacet
  facet normal 0 0 1
    outer loop
      vertex 11.7098 -13.005 3
      vertex 10.0432 -13.531 3
      vertex 10.2862 -14.1578 3
    endloop
  endfacet
  facet normal -0 0 1
    outer loop
      vertex 9.87522 -14.0479 3
      vertex 10.2862 -14.1578 3
      vertex 10.0432 -13.531 3
    endloop
  endfacet
  facet normal 0 0 1
    outer loop
      vertex 9.60344 -14.5186 3
      vertex 10.2862 -14.1578 3
      vertex 9.87522 -14.0479 3
    endloop
  endfacet
  facet normal 0 0 1
    outer loop
      vertex 10.2862 -14.1578 3
      vertex 9.60344 -14.5186 3
      vertex 9.42437 -14.7175 3
    endloop
  endfacet
  facet normal 0 0 1
    outer loop
      vertex 11.7098 13.005 3
      vertex 10.0432 13.531 3
      vertex 10.1 12.9904 3
    endloop
  endfacet
  facet normal 0 0 1
    outer loop
      vertex 10.2862 14.1578 3
      vertex 9.87522 14.0479 3
      vertex 10.0432 13.531 3
    endloop
  endfacet
  facet normal 0 0 1
    outer loop
      vertex 10.2862 14.1578 3
      vertex 9.60344 14.5186 3
      vertex 9.87522 14.0479 3
    endloop
  endfacet
  facet normal -0 -0 1
    outer loop
      vertex 9.60344 14.5186 3
      vertex 10.2862 14.1578 3
      vertex 9.42437 14.7175 3
    endloop
  endfacet
  facet normal -0 0 1
    outer loop
      vertex 17.1034 1.52824 3
      vertex 17.4214 1.5 3
      vertex 17.4041 1.82925 3
    endloop
  endfacet
  facet normal -0 0 1
    outer loop
      vertex 16.7397 1.93218 3
      vertex 17.4041 1.82925 3
      vertex 17.1176 3.63845 3
    endloop
  endfacet
  facet normal 0 0 1
    outer loop
      vertex 17.4214 1.5 3
      vertex 17.1034 1.52824 3
      vertex 17.1197 1.5 3
    endloop
  endfacet
  facet normal 0 0 1
    outer loop
      vertex 17.4041 1.82925 3
      vertex 16.7397 1.93218 3
      vertex 17.1034 1.52824 3
    endloop
  endfacet
  facet normal 0 0 1
    outer loop
      vertex 15.1613 3.22263 3
      vertex 17.1176 3.63845 3
      vertex 16.6435 5.4078 3
    endloop
  endfacet
  facet normal 0 0 1
    outer loop
      vertex 17.1176 3.63845 3
      vertex 16.3 2.25167 3
      vertex 16.7397 1.93218 3
    endloop
  endfacet
  facet normal 0 0 1
    outer loop
      vertex 14.7414 4.78976 3
      vertex 16.6435 5.4078 3
      vertex 15.987 7.11789 3
    endloop
  endfacet
  facet normal 0 -0 1
    outer loop
      vertex 15.1613 3.22263 3
      vertex 16.6435 5.4078 3
      vertex 14.7414 4.78976 3
    endloop
  endfacet
  facet normal 0 0 1
    outer loop
      vertex 17.1176 3.63845 3
      vertex 15.8034 2.47275 3
      vertex 16.3 2.25167 3
    endloop
  endfacet
  facet normal 0 0 1
    outer loop
      vertex 15.8034 2.47275 3
      vertex 15.1613 3.22263 3
      vertex 15.2718 2.58576 3
    endloop
  endfacet
  facet normal 0 0 1
    outer loop
      vertex 15.2718 2.58576 3
      vertex 15.1613 3.22263 3
      vertex 15.2622 2.58576 3
    endloop
  endfacet
  facet normal 0 0 1
    outer loop
      vertex 14.16 6.30442 3
      vertex 15.987 7.11789 3
      vertex 15.1554 8.75 3
    endloop
  endfacet
  facet normal 0 0 1
    outer loop
      vertex 17.1176 3.63845 3
      vertex 15.1613 3.22263 3
      vertex 15.8034 2.47275 3
    endloop
  endfacet
  facet normal 0 0 1
    outer loop
      vertex 15.987 7.11789 3
      vertex 14.16 6.30442 3
      vertex 14.7414 4.78976 3
    endloop
  endfacet
  facet normal 0 0 1
    outer loop
      vertex 13.4234 7.75 3
      vertex 15.1554 8.75 3
      vertex 14.1578 10.2862 3
    endloop
  endfacet
  facet normal 0 0 1
    outer loop
      vertex 15.1554 8.75 3
      vertex 13.4234 7.75 3
      vertex 14.16 6.30442 3
    endloop
  endfacet
  facet normal 0 0 1
    outer loop
      vertex 12.5398 9.11067 3
      vertex 14.1578 10.2862 3
      vertex 13.005 11.7098 3
    endloop
  endfacet
  facet normal 0 0 1
    outer loop
      vertex 14.1578 10.2862 3
      vertex 12.5398 9.11067 3
      vertex 13.4234 7.75 3
    endloop
  endfacet
  facet normal 0 0 1
    outer loop
      vertex 11.0485 11.0485 3
      vertex 13.005 11.7098 3
      vertex 11.7098 13.005 3
    endloop
  endfacet
  facet normal 0 0 1
    outer loop
      vertex 13.005 11.7098 3
      vertex 11.5187 10.3715 3
      vertex 12.5398 9.11067 3
    endloop
  endfacet
  facet normal 0 0 1
    outer loop
      vertex 13.005 11.7098 3
      vertex 11.3474 10.6372 3
      vertex 11.5187 10.3715 3
    endloop
  endfacet
  facet normal 0 0 1
    outer loop
      vertex 11.5187 10.3715 3
      vertex 11.3474 10.6372 3
      vertex 11.3928 10.4975 3
    endloop
  endfacet
  facet normal 0 0 1
    outer loop
      vertex 13.005 11.7098 3
      vertex 11.1635 10.8903 3
      vertex 11.3474 10.6372 3
    endloop
  endfacet
  facet normal 0 0 1
    outer loop
      vertex 13.005 11.7098 3
      vertex 11.0485 11.0485 3
      vertex 11.1635 10.8903 3
    endloop
  endfacet
  facet normal 0 0 1
    outer loop
      vertex 11.7098 13.005 3
      vertex 10.8903 11.1635 3
      vertex 11.0485 11.0485 3
    endloop
  endfacet
  facet normal 0 0 1
    outer loop
      vertex 11.7098 13.005 3
      vertex 10.6372 11.3474 3
      vertex 10.8903 11.1635 3
    endloop
  endfacet
  facet normal -0 0 1
    outer loop
      vertex 10.3715 11.5187 3
      vertex 10.6372 11.3474 3
      vertex 11.7098 13.005 3
    endloop
  endfacet
  facet normal 0 0 1
    outer loop
      vertex 10.6372 11.3474 3
      vertex 10.3715 11.5187 3
      vertex 10.4975 11.3928 3
    endloop
  endfacet
  facet normal -0 0 1
    outer loop
      vertex 10.0432 13.531 3
      vertex 11.7098 13.005 3
      vertex 10.2862 14.1578 3
    endloop
  endfacet
  facet normal 0 0 1
    outer loop
      vertex 10.0432 12.4498 3
      vertex 11.7098 13.005 3
      vertex 10.1 12.9904 3
    endloop
  endfacet
  facet normal 0 0 1
    outer loop
      vertex 11.7098 13.005 3
      vertex 10.0432 12.4498 3
      vertex 10.3715 11.5187 3
    endloop
  endfacet
  facet normal -0 0 1
    outer loop
      vertex 9.87522 11.9329 3
      vertex 10.3715 11.5187 3
      vertex 10.0432 12.4498 3
    endloop
  endfacet
  facet normal 0 0 1
    outer loop
      vertex 10.3715 11.5187 3
      vertex 9.87522 11.9329 3
      vertex 9.87041 11.9245 3
    endloop
  endfacet
  facet normal 0 0 1
    outer loop
      vertex -11.7098 -13.005 3
      vertex -10.1 -12.9904 3
      vertex -10.0432 -12.4498 3
    endloop
  endfacet
  facet normal 0 0 1
    outer loop
      vertex -10.3715 -11.5187 3
      vertex -9.87522 -11.9329 3
      vertex -9.87041 -11.9245 3
    endloop
  endfacet
  facet normal 0 0 1
    outer loop
      vertex -10.3715 -11.5187 3
      vertex -10.0432 -12.4498 3
      vertex -9.87522 -11.9329 3
    endloop
  endfacet
  facet normal 0 0 1
    outer loop
      vertex -11.7098 -13.005 3
      vertex -10.0432 -12.4498 3
      vertex -10.3715 -11.5187 3
    endloop
  endfacet
  facet normal 0 0 1
    outer loop
      vertex -10.6372 -11.3474 3
      vertex -10.3715 -11.5187 3
      vertex -10.4975 -11.3928 3
    endloop
  endfacet
  facet normal 0 0 1
    outer loop
      vertex -10.3715 -11.5187 3
      vertex -10.6372 -11.3474 3
      vertex -11.7098 -13.005 3
    endloop
  endfacet
  facet normal 0 0 1
    outer loop
      vertex -11.7098 -13.005 3
      vertex -10.6372 -11.3474 3
      vertex -10.8903 -11.1635 3
    endloop
  endfacet
  facet normal 0 0 1
    outer loop
      vertex -11.7098 -13.005 3
      vertex -10.8903 -11.1635 3
      vertex -11.0485 -11.0485 3
    endloop
  endfacet
  facet normal 0 0 1
    outer loop
      vertex -13.005 -11.7098 3
      vertex -11.0485 -11.0485 3
      vertex -11.1635 -10.8903 3
    endloop
  endfacet
  facet normal 0 0 1
    outer loop
      vertex -13.005 -11.7098 3
      vertex -11.1635 -10.8903 3
      vertex -11.3474 -10.6372 3
    endloop
  endfacet
  facet normal 0 0 1
    outer loop
      vertex -11.5187 -10.3715 3
      vertex -11.3474 -10.6372 3
      vertex -11.3928 -10.4975 3
    endloop
  endfacet
  facet normal 0 0 1
    outer loop
      vertex -11.3474 -10.6372 3
      vertex -11.5187 -10.3715 3
      vertex -13.005 -11.7098 3
    endloop
  endfacet
  facet normal 0 0 1
    outer loop
      vertex -10.1 -12.9904 3
      vertex -11.7098 -13.005 3
      vertex -10.2862 -14.1578 3
    endloop
  endfacet
  facet normal 0 0 1
    outer loop
      vertex -13.005 -11.7098 3
      vertex -11.5187 -10.3715 3
      vertex -12.5398 -9.11067 3
    endloop
  endfacet
  facet normal 0 0 1
    outer loop
      vertex -11.0485 -11.0485 3
      vertex -13.005 -11.7098 3
      vertex -11.7098 -13.005 3
    endloop
  endfacet
  facet normal 0 0 1
    outer loop
      vertex -14.1578 -10.2862 3
      vertex -12.5398 -9.11067 3
      vertex -13.4234 -7.75 3
    endloop
  endfacet
  facet normal 0 0 1
    outer loop
      vertex -12.5398 -9.11067 3
      vertex -14.1578 -10.2862 3
      vertex -13.005 -11.7098 3
    endloop
  endfacet
  facet normal 0 0 1
    outer loop
      vertex -15.1554 -8.75 3
      vertex -13.4234 -7.75 3
      vertex -14.16 -6.30442 3
    endloop
  endfacet
  facet normal 0 0 1
    outer loop
      vertex -15.987 -7.11789 3
      vertex -14.16 -6.30442 3
      vertex -14.7414 -4.78976 3
    endloop
  endfacet
  facet normal 0 0 1
    outer loop
      vertex -13.4234 -7.75 3
      vertex -15.1554 -8.75 3
      vertex -14.1578 -10.2862 3
    endloop
  endfacet
  facet normal 0 0 1
    outer loop
      vertex -16.6435 -5.4078 3
      vertex -14.7414 -4.78976 3
      vertex -15.1613 -3.22263 3
    endloop
  endfacet
  facet normal -0 0 1
    outer loop
      vertex -15.2718 -2.58576 3
      vertex -15.1613 -3.22263 3
      vertex -15.2622 -2.58576 3
    endloop
  endfacet
  facet normal 0 0 1
    outer loop
      vertex -15.8034 -2.47275 3
      vertex -15.1613 -3.22263 3
      vertex -15.2718 -2.58576 3
    endloop
  endfacet
  facet normal 0 0 1
    outer loop
      vertex -15.1613 -3.22263 3
      vertex -15.8034 -2.47275 3
      vertex -17.1176 -3.63845 3
    endloop
  endfacet
  facet normal 0 0 1
    outer loop
      vertex -14.16 -6.30442 3
      vertex -15.987 -7.11789 3
      vertex -15.1554 -8.75 3
    endloop
  endfacet
  facet normal 0 0 1
    outer loop
      vertex -17.1176 -3.63845 3
      vertex -15.8034 -2.47275 3
      vertex -16.3 -2.25167 3
    endloop
  endfacet
  facet normal 0 0 1
    outer loop
      vertex -14.7414 -4.78976 3
      vertex -16.6435 -5.4078 3
      vertex -15.987 -7.11789 3
    endloop
  endfacet
  facet normal 0 0 1
    outer loop
      vertex -17.1176 -3.63845 3
      vertex -16.3 -2.25167 3
      vertex -16.7397 -1.93218 3
    endloop
  endfacet
  facet normal -0 0 1
    outer loop
      vertex -17.4041 -1.82925 3
      vertex -16.7397 -1.93218 3
      vertex -17.1034 -1.52824 3
    endloop
  endfacet
  facet normal 0 0 1
    outer loop
      vertex -15.1613 -3.22263 3
      vertex -17.1176 -3.63845 3
      vertex -16.6435 -5.4078 3
    endloop
  endfacet
  facet normal 0 0 1
    outer loop
      vertex -17.4041 -1.82925 3
      vertex -17.1034 -1.52824 3
      vertex -17.3752 -1.05752 3
    endloop
  endfacet
  facet normal 0 0 1
    outer loop
      vertex -16.7397 -1.93218 3
      vertex -17.4041 -1.82925 3
      vertex -17.1176 -3.63845 3
    endloop
  endfacet
  facet normal 0 -0 1
    outer loop
      vertex -17.4041 -1.82925 3
      vertex -17.3752 -1.05752 3
      vertex -17.4579 -0.802993 3
    endloop
  endfacet
  facet normal 0 0 1
    outer loop
      vertex -9.60344 -14.5186 3
      vertex -10.2862 -14.1578 3
      vertex -9.42437 -14.7175 3
    endloop
  endfacet
  facet normal 0 0 1
    outer loop
      vertex -9.87522 -14.0479 3
      vertex -10.2862 -14.1578 3
      vertex -9.60344 -14.5186 3
    endloop
  endfacet
  facet normal 0 0 1
    outer loop
      vertex -10.0432 -13.531 3
      vertex -10.2862 -14.1578 3
      vertex -9.87522 -14.0479 3
    endloop
  endfacet
  facet normal 0 0 1
    outer loop
      vertex -10.2862 -14.1578 3
      vertex -10.0432 -13.531 3
      vertex -10.1 -12.9904 3
    endloop
  endfacet
  facet normal -0 0 1
    outer loop
      vertex 7.77177 -15.5761 3
      vertex 7.11789 -15.987 3
      vertex 8.03354 -15.5205 3
    endloop
  endfacet
  facet normal -0 0 1
    outer loop
      vertex 7.22823 -15.5761 3
      vertex 7.11789 -15.987 3
      vertex 7.77177 -15.5761 3
    endloop
  endfacet
  facet normal 0 0 1
    outer loop
      vertex 6.69656 -15.4631 3
      vertex 7.11789 -15.987 3
      vertex 7.22823 -15.5761 3
    endloop
  endfacet
  facet normal 0 0 1
    outer loop
      vertex 5.4078 -16.6435 3
      vertex 6.69656 -15.4631 3
      vertex 6.2 -15.242 3
    endloop
  endfacet
  facet normal 0 0 1
    outer loop
      vertex 5.4078 -16.6435 3
      vertex 6.2 -15.242 3
      vertex 5.76026 -14.9226 3
    endloop
  endfacet
  facet normal 0 0 1
    outer loop
      vertex 6.69656 -15.4631 3
      vertex 5.4078 -16.6435 3
      vertex 7.11789 -15.987 3
    endloop
  endfacet
  facet normal -0 0 1
    outer loop
      vertex 4.78976 -14.7414 3
      vertex 5.76026 -14.9226 3
      vertex 5.39655 -14.5186 3
    endloop
  endfacet
  facet normal 0 0 1
    outer loop
      vertex 4.78976 -14.7414 3
      vertex 5.39655 -14.5186 3
      vertex 5.39175 -14.5103 3
    endloop
  endfacet
  facet normal 0 0 1
    outer loop
      vertex 5.76026 -14.9226 3
      vertex 4.78976 -14.7414 3
      vertex 5.4078 -16.6435 3
    endloop
  endfacet
  facet normal 0 0 1
    outer loop
      vertex 4.78976 -14.7414 3
      vertex 3.63845 -17.1176 3
      vertex 5.4078 -16.6435 3
    endloop
  endfacet
  facet normal -0 0 1
    outer loop
      vertex 3.22263 -15.1613 3
      vertex 3.63845 -17.1176 3
      vertex 4.78976 -14.7414 3
    endloop
  endfacet
  facet normal 0 0 1
    outer loop
      vertex 3.22263 -15.1613 3
      vertex 1.82925 -17.4041 3
      vertex 3.63845 -17.1176 3
    endloop
  endfacet
  facet normal -0 0 1
    outer loop
      vertex 1.62019 -15.4151 3
      vertex 1.82925 -17.4041 3
      vertex 3.22263 -15.1613 3
    endloop
  endfacet
  facet normal -0 0 1
    outer loop
      vertex 0 -15.5 3
      vertex 1.82925 -17.4041 3
      vertex 1.62019 -15.4151 3
    endloop
  endfacet
  facet normal 0 0 1
    outer loop
      vertex 0 -15.5 3
      vertex 0 -17.5 3
      vertex 1.82925 -17.4041 3
    endloop
  endfacet
  facet normal 0 0 1
    outer loop
      vertex -1.62019 -15.4151 3
      vertex 0 -17.5 3
      vertex 0 -15.5 3
    endloop
  endfacet
  facet normal 0 0 1
    outer loop
      vertex -1.62019 -15.4151 3
      vertex -1.82925 -17.4041 3
      vertex 0 -17.5 3
    endloop
  endfacet
  facet normal 0 0 1
    outer loop
      vertex -3.22263 -15.1613 3
      vertex -1.82925 -17.4041 3
      vertex -1.62019 -15.4151 3
    endloop
  endfacet
  facet normal 0 0 1
    outer loop
      vertex -3.22263 -15.1613 3
      vertex -3.63845 -17.1176 3
      vertex -1.82925 -17.4041 3
    endloop
  endfacet
  facet normal 0 0 1
    outer loop
      vertex -4.78976 -14.7414 3
      vertex -3.63845 -17.1176 3
      vertex -3.22263 -15.1613 3
    endloop
  endfacet
  facet normal -0 0 1
    outer loop
      vertex -5.39655 -14.5186 3
      vertex -4.78976 -14.7414 3
      vertex -5.39175 -14.5103 3
    endloop
  endfacet
  facet normal 0 0 1
    outer loop
      vertex -5.76026 -14.9226 3
      vertex -4.78976 -14.7414 3
      vertex -5.39655 -14.5186 3
    endloop
  endfacet
  facet normal 0 0 1
    outer loop
      vertex -4.78976 -14.7414 3
      vertex -5.4078 -16.6435 3
      vertex -3.63845 -17.1176 3
    endloop
  endfacet
  facet normal 0 0 1
    outer loop
      vertex -4.78976 -14.7414 3
      vertex -5.76026 -14.9226 3
      vertex -5.4078 -16.6435 3
    endloop
  endfacet
  facet normal -0 0 1
    outer loop
      vertex -6.2 -15.242 3
      vertex -5.4078 -16.6435 3
      vertex -5.76026 -14.9226 3
    endloop
  endfacet
  facet normal -0 0 1
    outer loop
      vertex -6.69656 -15.4631 3
      vertex -5.4078 -16.6435 3
      vertex -6.2 -15.242 3
    endloop
  endfacet
  facet normal 0 0 1
    outer loop
      vertex -6.69656 -15.4631 3
      vertex -7.11789 -15.987 3
      vertex -5.4078 -16.6435 3
    endloop
  endfacet
  facet normal -0 0 1
    outer loop
      vertex -7.22823 -15.5761 3
      vertex -7.11789 -15.987 3
      vertex -6.69656 -15.4631 3
    endloop
  endfacet
  facet normal -0 0 1
    outer loop
      vertex -7.77177 -15.5761 3
      vertex -7.11789 -15.987 3
      vertex -7.22823 -15.5761 3
    endloop
  endfacet
  facet normal 0 0 1
    outer loop
      vertex -7.11789 -15.987 3
      vertex -7.77177 -15.5761 3
      vertex -8.03354 -15.5205 3
    endloop
  endfacet
  facet normal 0 0 1
    outer loop
      vertex -11.7098 13.005 3
      vertex -10.0432 13.531 3
      vertex -10.2862 14.1578 3
    endloop
  endfacet
  facet normal 0 0 1
    outer loop
      vertex -9.87522 14.0479 3
      vertex -10.2862 14.1578 3
      vertex -10.0432 13.531 3
    endloop
  endfacet
  facet normal 0 0 1
    outer loop
      vertex -9.60344 14.5186 3
      vertex -10.2862 14.1578 3
      vertex -9.87522 14.0479 3
    endloop
  endfacet
  facet normal 0 0 1
    outer loop
      vertex -10.2862 14.1578 3
      vertex -9.60344 14.5186 3
      vertex -9.42437 14.7175 3
    endloop
  endfacet
  facet normal 0 0 1
    outer loop
      vertex -10.0432 13.531 3
      vertex -11.7098 13.005 3
      vertex -10.1 12.9904 3
    endloop
  endfacet
  facet normal 0 0 1
    outer loop
      vertex -9.87522 11.9329 3
      vertex -10.3715 11.5187 3
      vertex -9.87041 11.9245 3
    endloop
  endfacet
  facet normal 0 0 1
    outer loop
      vertex -10.0432 12.4498 3
      vertex -10.3715 11.5187 3
      vertex -9.87522 11.9329 3
    endloop
  endfacet
  facet normal 0 0 1
    outer loop
      vertex -10.1 12.9904 3
      vertex -11.7098 13.005 3
      vertex -10.0432 12.4498 3
    endloop
  endfacet
  facet normal 0 0 1
    outer loop
      vertex -10.0432 12.4498 3
      vertex -11.7098 13.005 3
      vertex -10.3715 11.5187 3
    endloop
  endfacet
  facet normal 0 -0 1
    outer loop
      vertex -10.6372 11.3474 3
      vertex -10.3715 11.5187 3
      vertex -11.7098 13.005 3
    endloop
  endfacet
  facet normal 0 0 1
    outer loop
      vertex -10.3715 11.5187 3
      vertex -10.6372 11.3474 3
      vertex -10.4975 11.3928 3
    endloop
  endfacet
  facet normal 0 0 1
    outer loop
      vertex -10.6372 11.3474 3
      vertex -11.7098 13.005 3
      vertex -10.8903 11.1635 3
    endloop
  endfacet
  facet normal 0 0 1
    outer loop
      vertex -10.8903 11.1635 3
      vertex -11.7098 13.005 3
      vertex -11.0485 11.0485 3
    endloop
  endfacet
  facet normal -0 0 1
    outer loop
      vertex -13.005 11.7098 3
      vertex -11.0485 11.0485 3
      vertex -11.7098 13.005 3
    endloop
  endfacet
  facet normal 0 0 1
    outer loop
      vertex -11.0485 11.0485 3
      vertex -13.005 11.7098 3
      vertex -11.1635 10.8903 3
    endloop
  endfacet
  facet normal 0 0 1
    outer loop
      vertex -11.1635 10.8903 3
      vertex -13.005 11.7098 3
      vertex -11.3474 10.6372 3
    endloop
  endfacet
  facet normal 0 -0 1
    outer loop
      vertex -11.5187 10.3715 3
      vertex -11.3474 10.6372 3
      vertex -13.005 11.7098 3
    endloop
  endfacet
  facet normal 0 0 1
    outer loop
      vertex -11.3474 10.6372 3
      vertex -11.5187 10.3715 3
      vertex -11.3928 10.4975 3
    endloop
  endfacet
  facet normal 0 0 1
    outer loop
      vertex -11.5187 10.3715 3
      vertex -13.005 11.7098 3
      vertex -12.5398 9.11067 3
    endloop
  endfacet
  facet normal -0 0 1
    outer loop
      vertex -14.1578 10.2862 3
      vertex -12.5398 9.11067 3
      vertex -13.005 11.7098 3
    endloop
  endfacet
  facet normal 0 0 1
    outer loop
      vertex -12.5398 9.11067 3
      vertex -14.1578 10.2862 3
      vertex -13.4234 7.75 3
    endloop
  endfacet
  facet normal -0 0 1
    outer loop
      vertex -15.1554 8.75 3
      vertex -13.4234 7.75 3
      vertex -14.1578 10.2862 3
    endloop
  endfacet
  facet normal 0 0 1
    outer loop
      vertex -13.4234 7.75 3
      vertex -15.1554 8.75 3
      vertex -14.16 6.30442 3
    endloop
  endfacet
  facet normal -0 0 1
    outer loop
      vertex -15.987 7.11789 3
      vertex -14.16 6.30442 3
      vertex -15.1554 8.75 3
    endloop
  endfacet
  facet normal 0 0 1
    outer loop
      vertex -14.16 6.30442 3
      vertex -15.987 7.11789 3
      vertex -14.7414 4.78976 3
    endloop
  endfacet
  facet normal -0 0 1
    outer loop
      vertex -16.6435 5.4078 3
      vertex -14.7414 4.78976 3
      vertex -15.987 7.11789 3
    endloop
  endfacet
  facet normal 0 0 1
    outer loop
      vertex -14.7414 4.78976 3
      vertex -16.6435 5.4078 3
      vertex -15.1613 3.22263 3
    endloop
  endfacet
  facet normal -0 0 1
    outer loop
      vertex -17.1176 3.63845 3
      vertex -15.1613 3.22263 3
      vertex -16.6435 5.4078 3
    endloop
  endfacet
  facet normal 0 0 1
    outer loop
      vertex -15.1613 3.22263 3
      vertex -15.2718 2.58576 3
      vertex -15.2622 2.58576 3
    endloop
  endfacet
  facet normal 0 -0 1
    outer loop
      vertex -15.8034 2.47275 3
      vertex -15.1613 3.22263 3
      vertex -17.1176 3.63845 3
    endloop
  endfacet
  facet normal 0 0 1
    outer loop
      vertex -15.1613 3.22263 3
      vertex -15.8034 2.47275 3
      vertex -15.2718 2.58576 3
    endloop
  endfacet
  facet normal 0 0 1
    outer loop
      vertex -15.8034 2.47275 3
      vertex -17.1176 3.63845 3
      vertex -16.3 2.25167 3
    endloop
  endfacet
  facet normal 0 0 1
    outer loop
      vertex -16.3 2.25167 3
      vertex -17.1176 3.63845 3
      vertex -16.7397 1.93218 3
    endloop
  endfacet
  facet normal 0 0 1
    outer loop
      vertex -17.4041 1.82925 3
      vertex -16.7397 1.93218 3
      vertex -17.1176 3.63845 3
    endloop
  endfacet
  facet normal 0 0 1
    outer loop
      vertex -16.7397 1.93218 3
      vertex -17.4041 1.82925 3
      vertex -17.1034 1.52824 3
    endloop
  endfacet
  facet normal 0 0 1
    outer loop
      vertex -17.1034 1.52824 3
      vertex -17.4041 1.82925 3
      vertex -17.3752 1.05752 3
    endloop
  endfacet
  facet normal 0 0 1
    outer loop
      vertex -17.3752 1.05752 3
      vertex -17.4041 1.82925 3
      vertex -17.4579 0.802993 3
    endloop
  endfacet
  facet normal 0 0 1
    outer loop
      vertex 7.11789 15.987 3
      vertex 7.77177 15.5761 3
      vertex 8.03354 15.5205 3
    endloop
  endfacet
  facet normal 0 0 1
    outer loop
      vertex 7.11789 15.987 3
      vertex 7.22823 15.5761 3
      vertex 7.77177 15.5761 3
    endloop
  endfacet
  facet normal 0 0 1
    outer loop
      vertex 7.11789 15.987 3
      vertex 6.69656 15.4631 3
      vertex 7.22823 15.5761 3
    endloop
  endfacet
  facet normal 0 0 1
    outer loop
      vertex 5.4078 16.6435 3
      vertex 6.69656 15.4631 3
      vertex 7.11789 15.987 3
    endloop
  endfacet
  facet normal 0 0 1
    outer loop
      vertex 6.69656 15.4631 3
      vertex 5.4078 16.6435 3
      vertex 6.2 15.242 3
    endloop
  endfacet
  facet normal 0 0 1
    outer loop
      vertex 6.2 15.242 3
      vertex 5.4078 16.6435 3
      vertex 5.76026 14.9226 3
    endloop
  endfacet
  facet normal 0 0 1
    outer loop
      vertex 4.78976 14.7414 3
      vertex 5.76026 14.9226 3
      vertex 5.4078 16.6435 3
    endloop
  endfacet
  facet normal 0 0 1
    outer loop
      vertex 5.76026 14.9226 3
      vertex 4.78976 14.7414 3
      vertex 5.39655 14.5186 3
    endloop
  endfacet
  facet normal 0 0 1
    outer loop
      vertex 5.39655 14.5186 3
      vertex 4.78976 14.7414 3
      vertex 5.39175 14.5103 3
    endloop
  endfacet
  facet normal 0 0 1
    outer loop
      vertex 3.63845 17.1176 3
      vertex 4.78976 14.7414 3
      vertex 5.4078 16.6435 3
    endloop
  endfacet
  facet normal 0 0 1
    outer loop
      vertex 3.63845 17.1176 3
      vertex 3.22263 15.1613 3
      vertex 4.78976 14.7414 3
    endloop
  endfacet
  facet normal 0 0 1
    outer loop
      vertex 1.82925 17.4041 3
      vertex 3.22263 15.1613 3
      vertex 3.63845 17.1176 3
    endloop
  endfacet
  facet normal 0 0 1
    outer loop
      vertex 1.82925 17.4041 3
      vertex 1.62019 15.4151 3
      vertex 3.22263 15.1613 3
    endloop
  endfacet
  facet normal 0 0 1
    outer loop
      vertex 0 17.5 3
      vertex 1.62019 15.4151 3
      vertex 1.82925 17.4041 3
    endloop
  endfacet
  facet normal 0 0 1
    outer loop
      vertex 0 17.5 3
      vertex 0 15.5 3
      vertex 1.62019 15.4151 3
    endloop
  endfacet
  facet normal 0 0 1
    outer loop
      vertex 0 17.5 3
      vertex -1.62019 15.4151 3
      vertex 0 15.5 3
    endloop
  endfacet
  facet normal -0 0 1
    outer loop
      vertex -1.82925 17.4041 3
      vertex -1.62019 15.4151 3
      vertex 0 17.5 3
    endloop
  endfacet
  facet normal 0 0 1
    outer loop
      vertex -1.82925 17.4041 3
      vertex -3.22263 15.1613 3
      vertex -1.62019 15.4151 3
    endloop
  endfacet
  facet normal -0 0 1
    outer loop
      vertex -3.63845 17.1176 3
      vertex -3.22263 15.1613 3
      vertex -1.82925 17.4041 3
    endloop
  endfacet
  facet normal 0 0 1
    outer loop
      vertex -3.63845 17.1176 3
      vertex -4.78976 14.7414 3
      vertex -3.22263 15.1613 3
    endloop
  endfacet
  facet normal -0 0 1
    outer loop
      vertex -5.4078 16.6435 3
      vertex -4.78976 14.7414 3
      vertex -3.63845 17.1176 3
    endloop
  endfacet
  facet normal 0 0 1
    outer loop
      vertex -4.78976 14.7414 3
      vertex -5.39655 14.5186 3
      vertex -5.39175 14.5103 3
    endloop
  endfacet
  facet normal -0 0 1
    outer loop
      vertex -5.76026 14.9226 3
      vertex -4.78976 14.7414 3
      vertex -5.4078 16.6435 3
    endloop
  endfacet
  facet normal 0 0 1
    outer loop
      vertex -4.78976 14.7414 3
      vertex -5.76026 14.9226 3
      vertex -5.39655 14.5186 3
    endloop
  endfacet
  facet normal 0 0 1
    outer loop
      vertex -5.4078 16.6435 3
      vertex -6.2 15.242 3
      vertex -5.76026 14.9226 3
    endloop
  endfacet
  facet normal 0 0 1
    outer loop
      vertex -5.4078 16.6435 3
      vertex -6.69656 15.4631 3
      vertex -6.2 15.242 3
    endloop
  endfacet
  facet normal -0 0 1
    outer loop
      vertex -7.11789 15.987 3
      vertex -6.69656 15.4631 3
      vertex -5.4078 16.6435 3
    endloop
  endfacet
  facet normal 0 0 1
    outer loop
      vertex -7.11789 15.987 3
      vertex -7.22823 15.5761 3
      vertex -6.69656 15.4631 3
    endloop
  endfacet
  facet normal 0 0 1
    outer loop
      vertex -7.11789 15.987 3
      vertex -7.77177 15.5761 3
      vertex -7.22823 15.5761 3
    endloop
  endfacet
  facet normal 0 -0 1
    outer loop
      vertex -7.77177 15.5761 3
      vertex -7.11789 15.987 3
      vertex -8.03354 15.5205 3
    endloop
  endfacet
  facet normal 0 0 1
    outer loop
      vertex 4.95682 13.531 3
      vertex 4.48075 13.7903 3
      vertex 4.9 12.9904 3
    endloop
  endfacet
  facet normal 0 0 1
    outer loop
      vertex 4.48075 13.7903 3
      vertex 4.95682 13.531 3
      vertex 4.97895 13.5991 3
    endloop
  endfacet
  facet normal -0 0 1
    outer loop
      vertex 8.30344 10.5176 3
      vertex 8.39118 10.4513 3
      vertex 8.43124 10.5745 3
    endloop
  endfacet
  facet normal 0 0 1
    outer loop
      vertex 8.30344 10.5176 3
      vertex 8.2945 10.1537 3
      vertex 8.39118 10.4513 3
    endloop
  endfacet
  facet normal 0 0 1
    outer loop
      vertex 7.77177 10.4046 3
      vertex 8.2945 9.64529 3
      vertex 8.2945 10.1537 3
    endloop
  endfacet
  facet normal 0 0 1
    outer loop
      vertex 8.2945 9.64529 3
      vertex 7 0 3
      vertex 8.2945 -9.64529 3
    endloop
  endfacet
  facet normal 0 0 1
    outer loop
      vertex 8.2945 9.64529 3
      vertex 7.77177 10.4046 3
      vertex 7.22823 10.4046 3
    endloop
  endfacet
  facet normal -0 0 1
    outer loop
      vertex 7.77177 10.4046 3
      vertex 8.2945 10.1537 3
      vertex 8.30344 10.5176 3
    endloop
  endfacet
  facet normal 0 0 1
    outer loop
      vertex 14.1831 3.01472 3
      vertex 14.1966 2.47275 3
      vertex 14.2666 2.48764 3
    endloop
  endfacet
  facet normal 0 0 1
    outer loop
      vertex 13.7 2.25167 3
      vertex 14.1831 3.01472 3
      vertex 13.7903 4.48075 3
    endloop
  endfacet
  facet normal 0 0 1
    outer loop
      vertex 14.1831 3.01472 3
      vertex 13.7 2.25167 3
      vertex 14.1966 2.47275 3
    endloop
  endfacet
  facet normal 0 0 1
    outer loop
      vertex 13.7903 4.48075 3
      vertex 13.2603 1.93218 3
      vertex 13.7 2.25167 3
    endloop
  endfacet
  facet normal 0 0 1
    outer loop
      vertex 12.8966 1.52824 3
      vertex 13.7903 4.48075 3
      vertex 13.2464 5.89768 3
    endloop
  endfacet
  facet normal 0 0 1
    outer loop
      vertex 13.7903 4.48075 3
      vertex 12.8966 1.52824 3
      vertex 13.2603 1.93218 3
    endloop
  endfacet
  facet normal 0 0 1
    outer loop
      vertex 9.64529 8.2945 3
      vertex 12.8966 1.52824 3
      vertex 13.2464 5.89768 3
    endloop
  endfacet
  facet normal 0 0 1
    outer loop
      vertex 10.1537 8.2945 3
      vertex 13.2464 5.89768 3
      vertex 12.5574 7.25 3
    endloop
  endfacet
  facet normal 0 0 1
    outer loop
      vertex 12.8966 1.52824 3
      vertex 9.64529 8.2945 3
      vertex 12.6248 1.05752 3
    endloop
  endfacet
  facet normal 0 0 1
    outer loop
      vertex 9.34773 8.39118 3
      vertex 12.6248 1.05752 3
      vertex 9.64529 8.2945 3
    endloop
  endfacet
  facet normal -0 0 1
    outer loop
      vertex 10.6372 8.45161 3
      vertex 12.5574 7.25 3
      vertex 11.7307 8.52289 3
    endloop
  endfacet
  facet normal 0 0 1
    outer loop
      vertex 14.1966 -2.47275 3
      vertex 14.1831 -3.01472 3
      vertex 14.2666 -2.48764 3
    endloop
  endfacet
  facet normal 0 0 1
    outer loop
      vertex 13.7 -2.25167 3
      vertex 14.1831 -3.01472 3
      vertex 14.1966 -2.47275 3
    endloop
  endfacet
  facet normal 0 0 1
    outer loop
      vertex 14.1831 -3.01472 3
      vertex 13.7 -2.25167 3
      vertex 13.7903 -4.48075 3
    endloop
  endfacet
  facet normal 0 0 1
    outer loop
      vertex 13.2603 -1.93218 3
      vertex 13.7903 -4.48075 3
      vertex 13.7 -2.25167 3
    endloop
  endfacet
  facet normal 0 0 1
    outer loop
      vertex 12.8966 -1.52824 3
      vertex 13.7903 -4.48075 3
      vertex 13.2603 -1.93218 3
    endloop
  endfacet
  facet normal 0 0 1
    outer loop
      vertex 13.7903 -4.48075 3
      vertex 12.8966 -1.52824 3
      vertex 13.2464 -5.89768 3
    endloop
  endfacet
  facet normal 0 0 1
    outer loop
      vertex 9.64529 -8.2945 3
      vertex 12.8966 -1.52824 3
      vertex 12.6248 -1.05752 3
    endloop
  endfacet
  facet normal 0 0 1
    outer loop
      vertex 12.8966 -1.52824 3
      vertex 9.64529 -8.2945 3
      vertex 13.2464 -5.89768 3
    endloop
  endfacet
  facet normal 0 0 1
    outer loop
      vertex 9.16176 -8.45161 3
      vertex 12.6248 -1.05752 3
      vertex 12.4568 -0.54057 3
    endloop
  endfacet
  facet normal 0 0 1
    outer loop
      vertex 8.75045 -8.75045 3
      vertex 12.4568 -0.54057 3
      vertex 12.4 0 3
    endloop
  endfacet
  facet normal 0 0 1
    outer loop
      vertex 13.2464 5.89768 3
      vertex 10.1537 8.2945 3
      vertex 9.64529 8.2945 3
    endloop
  endfacet
  facet normal 0 0 1
    outer loop
      vertex 9.16176 8.45161 3
      vertex 12.6248 1.05752 3
      vertex 9.34773 8.39118 3
    endloop
  endfacet
  facet normal -0 0 1
    outer loop
      vertex 11.2324 9.00356 3
      vertex 11.7307 8.52289 3
      vertex 11.284 9.07455 3
    endloop
  endfacet
  facet normal -0 0 1
    outer loop
      vertex 11.0485 8.75045 3
      vertex 11.7307 8.52289 3
      vertex 11.2324 9.00356 3
    endloop
  endfacet
  facet normal -0 0 1
    outer loop
      vertex 10.8903 8.63551 3
      vertex 11.7307 8.52289 3
      vertex 11.0485 8.75045 3
    endloop
  endfacet
  facet normal 0 0 1
    outer loop
      vertex 11.7307 -8.52289 3
      vertex 11.2324 -9.00356 3
      vertex 11.284 -9.07455 3
    endloop
  endfacet
  facet normal 0 0 1
    outer loop
      vertex 10.6372 8.45161 3
      vertex 11.7307 8.52289 3
      vertex 10.8903 8.63551 3
    endloop
  endfacet
  facet normal 0 0 1
    outer loop
      vertex 11.7307 -8.52289 3
      vertex 11.0485 -8.75045 3
      vertex 11.2324 -9.00356 3
    endloop
  endfacet
  facet normal 0 0 1
    outer loop
      vertex 12.5574 7.25 3
      vertex 10.6372 8.45161 3
      vertex 10.4513 8.39118 3
    endloop
  endfacet
  facet normal 0 0 1
    outer loop
      vertex 11.7307 -8.52289 3
      vertex 10.8903 -8.63551 3
      vertex 11.0485 -8.75045 3
    endloop
  endfacet
  facet normal 0 0 1
    outer loop
      vertex 12.5574 7.25 3
      vertex 10.4513 8.39118 3
      vertex 10.1537 8.2945 3
    endloop
  endfacet
  facet normal 0 0 1
    outer loop
      vertex 11.7307 -8.52289 3
      vertex 10.6372 -8.45161 3
      vertex 10.8903 -8.63551 3
    endloop
  endfacet
  facet normal 0 0 1
    outer loop
      vertex 12.6248 1.05752 3
      vertex 9.16176 8.45161 3
      vertex 12.4568 0.54057 3
    endloop
  endfacet
  facet normal 0 0 1
    outer loop
      vertex 12.5574 -7.25 3
      vertex 10.6372 -8.45161 3
      vertex 11.7307 -8.52289 3
    endloop
  endfacet
  facet normal 0 -0 1
    outer loop
      vertex 10.4513 -8.39118 3
      vertex 12.5574 -7.25 3
      vertex 10.1537 -8.2945 3
    endloop
  endfacet
  facet normal 0 -0 1
    outer loop
      vertex 10.6372 -8.45161 3
      vertex 12.5574 -7.25 3
      vertex 10.4513 -8.39118 3
    endloop
  endfacet
  facet normal 0 -0 1
    outer loop
      vertex 10.1537 -8.2945 3
      vertex 13.2464 -5.89768 3
      vertex 9.64529 -8.2945 3
    endloop
  endfacet
  facet normal 0 0 1
    outer loop
      vertex 13.2464 -5.89768 3
      vertex 10.1537 -8.2945 3
      vertex 12.5574 -7.25 3
    endloop
  endfacet
  facet normal 0 0 1
    outer loop
      vertex 9.00356 8.56655 3
      vertex 12.4568 0.54057 3
      vertex 9.16176 8.45161 3
    endloop
  endfacet
  facet normal 0 0 1
    outer loop
      vertex 12.6248 -1.05752 3
      vertex 9.34773 -8.39118 3
      vertex 9.64529 -8.2945 3
    endloop
  endfacet
  facet normal 0 0 1
    outer loop
      vertex 8.75045 8.75045 3
      vertex 12.4568 0.54057 3
      vertex 9.00356 8.56655 3
    endloop
  endfacet
  facet normal 0 0 1
    outer loop
      vertex 12.6248 -1.05752 3
      vertex 9.16176 -8.45161 3
      vertex 9.34773 -8.39118 3
    endloop
  endfacet
  facet normal 0 0 1
    outer loop
      vertex 12.4568 0.54057 3
      vertex 8.75045 8.75045 3
      vertex 12.4 0 3
    endloop
  endfacet
  facet normal 0 0 1
    outer loop
      vertex 12.4568 -0.54057 3
      vertex 9.00356 -8.56655 3
      vertex 9.16176 -8.45161 3
    endloop
  endfacet
  facet normal 0 0 1
    outer loop
      vertex 8.75045 -8.75045 3
      vertex 12.4 0 3
      vertex 8.75045 8.75045 3
    endloop
  endfacet
  facet normal 0 0 1
    outer loop
      vertex 12.4568 -0.54057 3
      vertex 8.75045 -8.75045 3
      vertex 9.00356 -8.56655 3
    endloop
  endfacet
  facet normal 0 0 1
    outer loop
      vertex 8.56655 9.00356 3
      vertex 8.75045 -8.75045 3
      vertex 8.75045 8.75045 3
    endloop
  endfacet
  facet normal 0 0 1
    outer loop
      vertex 8.56655 9.00356 3
      vertex 8.56655 -9.00356 3
      vertex 8.75045 -8.75045 3
    endloop
  endfacet
  facet normal 0 0 1
    outer loop
      vertex 8.45161 9.16176 3
      vertex 8.56655 -9.00356 3
      vertex 8.56655 9.00356 3
    endloop
  endfacet
  facet normal 0 0 1
    outer loop
      vertex 8.45161 9.16176 3
      vertex 8.45161 -9.16176 3
      vertex 8.56655 -9.00356 3
    endloop
  endfacet
  facet normal 0 0 1
    outer loop
      vertex 8.39118 9.34773 3
      vertex 8.45161 -9.16176 3
      vertex 8.45161 9.16176 3
    endloop
  endfacet
  facet normal 0 0 1
    outer loop
      vertex 8.39118 9.34773 3
      vertex 8.39118 -9.34773 3
      vertex 8.45161 -9.16176 3
    endloop
  endfacet
  facet normal 0 0 1
    outer loop
      vertex 8.2945 9.64529 3
      vertex 8.39118 -9.34773 3
      vertex 8.39118 9.34773 3
    endloop
  endfacet
  facet normal 0 0 1
    outer loop
      vertex 8.39118 -9.34773 3
      vertex 8.2945 9.64529 3
      vertex 8.2945 -9.64529 3
    endloop
  endfacet
  facet normal 0 0 1
    outer loop
      vertex 8.39118 -10.4513 3
      vertex 8.30344 -10.5176 3
      vertex 8.43124 -10.5745 3
    endloop
  endfacet
  facet normal 0 0 1
    outer loop
      vertex 8.2945 -10.1537 3
      vertex 8.30344 -10.5176 3
      vertex 8.39118 -10.4513 3
    endloop
  endfacet
  facet normal -0 0 1
    outer loop
      vertex 6.9448 -0.877332 3
      vertex 8.2945 -9.64529 3
      vertex 7 0 3
    endloop
  endfacet
  facet normal -0 0 1
    outer loop
      vertex 6.78008 -1.74083 3
      vertex 8.2945 -9.64529 3
      vertex 6.9448 -0.877332 3
    endloop
  endfacet
  facet normal 0 0 1
    outer loop
      vertex 6.69656 10.5176 3
      vertex 8.2945 9.64529 3
      vertex 7.22823 10.4046 3
    endloop
  endfacet
  facet normal -0 0 1
    outer loop
      vertex 6.50844 -2.57687 3
      vertex 8.2945 -9.64529 3
      vertex 6.78008 -1.74083 3
    endloop
  endfacet
  facet normal -0 0 1
    outer loop
      vertex 6.13415 -3.37228 3
      vertex 8.2945 -9.64529 3
      vertex 6.50844 -2.57687 3
    endloop
  endfacet
  facet normal 0 0 1
    outer loop
      vertex 8.2945 9.64529 3
      vertex 6.9448 0.877332 3
      vertex 7 0 3
    endloop
  endfacet
  facet normal 0 0 1
    outer loop
      vertex 8.2945 9.64529 3
      vertex 6.78008 1.74083 3
      vertex 6.9448 0.877332 3
    endloop
  endfacet
  facet normal 0 0 1
    outer loop
      vertex 8.2945 9.64529 3
      vertex 6.69656 10.5176 3
      vertex 4.46197 5.39359 3
    endloop
  endfacet
  facet normal 0 0 1
    outer loop
      vertex 8.2945 9.64529 3
      vertex 6.50844 2.57687 3
      vertex 6.78008 1.74083 3
    endloop
  endfacet
  facet normal 0 0 1
    outer loop
      vertex 3.75079 5.91029 3
      vertex 6.69656 10.5176 3
      vertex 6.2 10.7387 3
    endloop
  endfacet
  facet normal 0 0 1
    outer loop
      vertex 8.2945 9.64529 3
      vertex 6.13415 3.37228 3
      vertex 6.50844 2.57687 3
    endloop
  endfacet
  facet normal 0 0 1
    outer loop
      vertex 2.98045 6.33379 3
      vertex 6.2 10.7387 3
      vertex 5.76026 11.0582 3
    endloop
  endfacet
  facet normal 0 0 1
    outer loop
      vertex 8.2945 9.64529 3
      vertex 5.66312 4.1145 3
      vertex 6.13415 3.37228 3
    endloop
  endfacet
  facet normal 0 0 1
    outer loop
      vertex 2.16312 6.6574 3
      vertex 5.76026 11.0582 3
      vertex 5.39655 11.4621 3
    endloop
  endfacet
  facet normal 0 0 1
    outer loop
      vertex 1.31167 6.87601 3
      vertex 5.39655 11.4621 3
      vertex 5.12478 11.9329 3
    endloop
  endfacet
  facet normal 0 0 1
    outer loop
      vertex 8.2945 9.64529 3
      vertex 5.10278 4.79183 3
      vertex 5.66312 4.1145 3
    endloop
  endfacet
  facet normal 0 0 1
    outer loop
      vertex 3.01472 14.1831 3
      vertex 5.12478 11.9329 3
      vertex 4.95682 12.4498 3
    endloop
  endfacet
  facet normal 0 0 1
    outer loop
      vertex 3.01472 14.1831 3
      vertex 4.95682 12.4498 3
      vertex 4.9 12.9904 3
    endloop
  endfacet
  facet normal 0 0 1
    outer loop
      vertex 3.01472 14.1831 3
      vertex 4.9 12.9904 3
      vertex 4.48075 13.7903 3
    endloop
  endfacet
  facet normal 0 0 1
    outer loop
      vertex 8.2945 9.64529 3
      vertex 4.46197 5.39359 3
      vertex 5.10278 4.79183 3
    endloop
  endfacet
  facet normal 0 0 1
    outer loop
      vertex 6.69656 10.5176 3
      vertex 3.75079 5.91029 3
      vertex 4.46197 5.39359 3
    endloop
  endfacet
  facet normal 0 0 1
    outer loop
      vertex 5.12478 11.9329 3
      vertex 3.01472 14.1831 3
      vertex 1.51566 14.4206 3
    endloop
  endfacet
  facet normal 0 0 1
    outer loop
      vertex 6.2 10.7387 3
      vertex 2.98045 6.33379 3
      vertex 3.75079 5.91029 3
    endloop
  endfacet
  facet normal 0 0 1
    outer loop
      vertex 5.76026 11.0582 3
      vertex 2.16312 6.6574 3
      vertex 2.98045 6.33379 3
    endloop
  endfacet
  facet normal 0 0 1
    outer loop
      vertex 5.12478 11.9329 3
      vertex 1.51566 14.4206 3
      vertex 1.31167 6.87601 3
    endloop
  endfacet
  facet normal 0 0 1
    outer loop
      vertex 5.39655 11.4621 3
      vertex 1.31167 6.87601 3
      vertex 2.16312 6.6574 3
    endloop
  endfacet
  facet normal 0 0 1
    outer loop
      vertex 1.51566 14.4206 3
      vertex 0.439533 6.98619 3
      vertex 1.31167 6.87601 3
    endloop
  endfacet
  facet normal 0 0 1
    outer loop
      vertex 0 14.5 3
      vertex 0.439533 6.98619 3
      vertex 1.51566 14.4206 3
    endloop
  endfacet
  facet normal 0 0 1
    outer loop
      vertex 0 14.5 3
      vertex -0.439533 6.98619 3
      vertex 0.439533 6.98619 3
    endloop
  endfacet
  facet normal -0 0 1
    outer loop
      vertex -1.51566 14.4206 3
      vertex -0.439533 6.98619 3
      vertex 0 14.5 3
    endloop
  endfacet
  facet normal 0 0 1
    outer loop
      vertex -0.439533 6.98619 3
      vertex -1.51566 14.4206 3
      vertex -1.31167 6.87601 3
    endloop
  endfacet
  facet normal -0 0 1
    outer loop
      vertex -5.12478 11.9329 3
      vertex -1.31167 6.87601 3
      vertex -1.51566 14.4206 3
    endloop
  endfacet
  facet normal -0 0 1
    outer loop
      vertex -5.39655 11.4621 3
      vertex -1.31167 6.87601 3
      vertex -5.12478 11.9329 3
    endloop
  endfacet
  facet normal 0 0 1
    outer loop
      vertex -5.12478 11.9329 3
      vertex -1.51566 14.4206 3
      vertex -3.01472 14.1831 3
    endloop
  endfacet
  facet normal 0 0 1
    outer loop
      vertex -1.31167 6.87601 3
      vertex -5.39655 11.4621 3
      vertex -2.16312 6.6574 3
    endloop
  endfacet
  facet normal -0 0 1
    outer loop
      vertex -5.76026 11.0582 3
      vertex -2.16312 6.6574 3
      vertex -5.39655 11.4621 3
    endloop
  endfacet
  facet normal 0 0 1
    outer loop
      vertex -4.9 12.9904 3
      vertex -3.01472 14.1831 3
      vertex -4.48075 13.7903 3
    endloop
  endfacet
  facet normal 0 0 1
    outer loop
      vertex -3.01472 14.1831 3
      vertex -4.9 12.9904 3
      vertex -4.95682 12.4498 3
    endloop
  endfacet
  facet normal 0 0 1
    outer loop
      vertex -5.12478 11.9329 3
      vertex -3.01472 14.1831 3
      vertex -4.95682 12.4498 3
    endloop
  endfacet
  facet normal 0 0 1
    outer loop
      vertex -2.16312 6.6574 3
      vertex -5.76026 11.0582 3
      vertex -2.98045 6.33379 3
    endloop
  endfacet
  facet normal -0 0 1
    outer loop
      vertex -6.2 10.7387 3
      vertex -2.98045 6.33379 3
      vertex -5.76026 11.0582 3
    endloop
  endfacet
  facet normal 0 0 1
    outer loop
      vertex -2.98045 6.33379 3
      vertex -6.2 10.7387 3
      vertex -3.75079 5.91029 3
    endloop
  endfacet
  facet normal -0 0 1
    outer loop
      vertex -6.69656 10.5176 3
      vertex -3.75079 5.91029 3
      vertex -6.2 10.7387 3
    endloop
  endfacet
  facet normal 0 0 1
    outer loop
      vertex -3.75079 5.91029 3
      vertex -6.69656 10.5176 3
      vertex -4.46197 5.39359 3
    endloop
  endfacet
  facet normal -0 0 1
    outer loop
      vertex -8.45161 9.16176 3
      vertex -4.46197 5.39359 3
      vertex -6.69656 10.5176 3
    endloop
  endfacet
  facet normal -0 0 1
    outer loop
      vertex -8.56655 9.00356 3
      vertex -4.46197 5.39359 3
      vertex -8.45161 9.16176 3
    endloop
  endfacet
  facet normal -0 0 1
    outer loop
      vertex -8.75045 8.75045 3
      vertex -4.46197 5.39359 3
      vertex -8.56655 9.00356 3
    endloop
  endfacet
  facet normal 0 0 1
    outer loop
      vertex -4.46197 5.39359 3
      vertex -8.75045 8.75045 3
      vertex -5.10278 4.79183 3
    endloop
  endfacet
  facet normal -0 0 1
    outer loop
      vertex -9.16176 8.45161 3
      vertex -5.10278 4.79183 3
      vertex -9.00356 8.56655 3
    endloop
  endfacet
  facet normal 0 0 1
    outer loop
      vertex -5.10278 4.79183 3
      vertex -9.16176 8.45161 3
      vertex -5.66312 4.1145 3
    endloop
  endfacet
  facet normal 0 0 1
    outer loop
      vertex -5.66312 4.1145 3
      vertex -9.34773 8.39118 3
      vertex -6.13415 3.37228 3
    endloop
  endfacet
  facet normal 0 0 1
    outer loop
      vertex -8.45161 9.16176 3
      vertex -6.69656 10.5176 3
      vertex -7.22823 10.4046 3
    endloop
  endfacet
  facet normal -0 0 1
    outer loop
      vertex 5.66312 -4.1145 3
      vertex 8.2945 -9.64529 3
      vertex 6.13415 -3.37228 3
    endloop
  endfacet
  facet normal -0 0 1
    outer loop
      vertex 5.10278 -4.79183 3
      vertex 8.2945 -9.64529 3
      vertex 5.66312 -4.1145 3
    endloop
  endfacet
  facet normal -0 0 1
    outer loop
      vertex 4.46197 -5.39359 3
      vertex 8.2945 -9.64529 3
      vertex 5.10278 -4.79183 3
    endloop
  endfacet
  facet normal 0 0 1
    outer loop
      vertex 8.2945 -10.1537 3
      vertex 7.77177 -10.4046 3
      vertex 8.30344 -10.5176 3
    endloop
  endfacet
  facet normal 0 -0 1
    outer loop
      vertex 7.77177 -10.4046 3
      vertex 8.2945 -9.64529 3
      vertex 7.22823 -10.4046 3
    endloop
  endfacet
  facet normal 0 0 1
    outer loop
      vertex 8.2945 -9.64529 3
      vertex 7.77177 -10.4046 3
      vertex 8.2945 -10.1537 3
    endloop
  endfacet
  facet normal 0 -0 1
    outer loop
      vertex 6.69656 -10.5176 3
      vertex 8.2945 -9.64529 3
      vertex 4.46197 -5.39359 3
    endloop
  endfacet
  facet normal 0 0 1
    outer loop
      vertex 8.2945 -9.64529 3
      vertex 6.69656 -10.5176 3
      vertex 7.22823 -10.4046 3
    endloop
  endfacet
  facet normal -0 0 1
    outer loop
      vertex 3.75079 -5.91029 3
      vertex 6.69656 -10.5176 3
      vertex 4.46197 -5.39359 3
    endloop
  endfacet
  facet normal 0 0 1
    outer loop
      vertex 6.69656 -10.5176 3
      vertex 3.75079 -5.91029 3
      vertex 6.2 -10.7387 3
    endloop
  endfacet
  facet normal -0 0 1
    outer loop
      vertex 2.98045 -6.33379 3
      vertex 6.2 -10.7387 3
      vertex 3.75079 -5.91029 3
    endloop
  endfacet
  facet normal 0 0 1
    outer loop
      vertex 6.2 -10.7387 3
      vertex 2.98045 -6.33379 3
      vertex 5.76026 -11.0582 3
    endloop
  endfacet
  facet normal -0 0 1
    outer loop
      vertex 2.16312 -6.6574 3
      vertex 5.76026 -11.0582 3
      vertex 2.98045 -6.33379 3
    endloop
  endfacet
  facet normal 0 0 1
    outer loop
      vertex 5.76026 -11.0582 3
      vertex 2.16312 -6.6574 3
      vertex 5.39655 -11.4621 3
    endloop
  endfacet
  facet normal -0 0 1
    outer loop
      vertex 1.31167 -6.87601 3
      vertex 5.39655 -11.4621 3
      vertex 2.16312 -6.6574 3
    endloop
  endfacet
  facet normal 0 0 1
    outer loop
      vertex 5.39655 -11.4621 3
      vertex 1.31167 -6.87601 3
      vertex 5.12478 -11.9329 3
    endloop
  endfacet
  facet normal 0 -0 1
    outer loop
      vertex 1.51566 -14.4206 3
      vertex 5.12478 -11.9329 3
      vertex 1.31167 -6.87601 3
    endloop
  endfacet
  facet normal 0 -0 1
    outer loop
      vertex 3.01472 -14.1831 3
      vertex 5.12478 -11.9329 3
      vertex 1.51566 -14.4206 3
    endloop
  endfacet
  facet normal 0 0 1
    outer loop
      vertex 4.9 -12.9904 3
      vertex 3.01472 -14.1831 3
      vertex 4.48075 -13.7903 3
    endloop
  endfacet
  facet normal 0 0 1
    outer loop
      vertex 4.95682 -12.4498 3
      vertex 3.01472 -14.1831 3
      vertex 4.9 -12.9904 3
    endloop
  endfacet
  facet normal 0 0 1
    outer loop
      vertex 5.12478 -11.9329 3
      vertex 3.01472 -14.1831 3
      vertex 4.95682 -12.4498 3
    endloop
  endfacet
  facet normal -0 0 1
    outer loop
      vertex 0.439533 -6.98619 3
      vertex 1.51566 -14.4206 3
      vertex 1.31167 -6.87601 3
    endloop
  endfacet
  facet normal 0 0 1
    outer loop
      vertex 0.439533 -6.98619 3
      vertex 0 -14.5 3
      vertex 1.51566 -14.4206 3
    endloop
  endfacet
  facet normal -0 0 1
    outer loop
      vertex -0.439533 -6.98619 3
      vertex 0 -14.5 3
      vertex 0.439533 -6.98619 3
    endloop
  endfacet
  facet normal 0 0 1
    outer loop
      vertex -1.51566 -14.4206 3
      vertex -0.439533 -6.98619 3
      vertex -1.31167 -6.87601 3
    endloop
  endfacet
  facet normal 0 0 1
    outer loop
      vertex -0.439533 -6.98619 3
      vertex -1.51566 -14.4206 3
      vertex 0 -14.5 3
    endloop
  endfacet
  facet normal 0 0 1
    outer loop
      vertex -5.39655 -11.4621 3
      vertex -1.31167 -6.87601 3
      vertex -2.16312 -6.6574 3
    endloop
  endfacet
  facet normal 0 0 1
    outer loop
      vertex -5.76026 -11.0582 3
      vertex -2.16312 -6.6574 3
      vertex -2.98045 -6.33379 3
    endloop
  endfacet
  facet normal 0 0 1
    outer loop
      vertex -1.31167 -6.87601 3
      vertex -5.12478 -11.9329 3
      vertex -1.51566 -14.4206 3
    endloop
  endfacet
  facet normal 0 0 1
    outer loop
      vertex -6.2 -10.7387 3
      vertex -2.98045 -6.33379 3
      vertex -3.75079 -5.91029 3
    endloop
  endfacet
  facet normal 0 0 1
    outer loop
      vertex -6.69656 -10.5176 3
      vertex -3.75079 -5.91029 3
      vertex -4.46197 -5.39359 3
    endloop
  endfacet
  facet normal 0 0 1
    outer loop
      vertex -1.51566 -14.4206 3
      vertex -5.12478 -11.9329 3
      vertex -3.01472 -14.1831 3
    endloop
  endfacet
  facet normal -0 -0 1
    outer loop
      vertex -4.9 -12.9904 3
      vertex -3.01472 -14.1831 3
      vertex -4.95682 -12.4498 3
    endloop
  endfacet
  facet normal 0 0 1
    outer loop
      vertex -3.01472 -14.1831 3
      vertex -4.9 -12.9904 3
      vertex -4.48075 -13.7903 3
    endloop
  endfacet
  facet normal 0 0 1
    outer loop
      vertex -8.75045 -8.75045 3
      vertex -4.46197 -5.39359 3
      vertex -5.10278 -4.79183 3
    endloop
  endfacet
  facet normal 0 0 1
    outer loop
      vertex -3.01472 -14.1831 3
      vertex -5.12478 -11.9329 3
      vertex -4.95682 -12.4498 3
    endloop
  endfacet
  facet normal 0 0 1
    outer loop
      vertex -1.31167 -6.87601 3
      vertex -5.39655 -11.4621 3
      vertex -5.12478 -11.9329 3
    endloop
  endfacet
  facet normal 0 0 1
    outer loop
      vertex -9.16176 -8.45161 3
      vertex -5.10278 -4.79183 3
      vertex -5.66312 -4.1145 3
    endloop
  endfacet
  facet normal 0 0 1
    outer loop
      vertex -2.16312 -6.6574 3
      vertex -5.76026 -11.0582 3
      vertex -5.39655 -11.4621 3
    endloop
  endfacet
  facet normal 0 0 1
    outer loop
      vertex -9.34773 -8.39118 3
      vertex -5.66312 -4.1145 3
      vertex -6.13415 -3.37228 3
    endloop
  endfacet
  facet normal 0 0 1
    outer loop
      vertex -2.98045 -6.33379 3
      vertex -6.2 -10.7387 3
      vertex -5.76026 -11.0582 3
    endloop
  endfacet
  facet normal 0 0 1
    outer loop
      vertex -9.64529 -8.2945 3
      vertex -6.13415 -3.37228 3
      vertex -6.50844 -2.57687 3
    endloop
  endfacet
  facet normal 0 0 1
    outer loop
      vertex -3.75079 -5.91029 3
      vertex -6.69656 -10.5176 3
      vertex -6.2 -10.7387 3
    endloop
  endfacet
  facet normal 0 0 1
    outer loop
      vertex -12.8966 -1.52824 3
      vertex -6.50844 -2.57687 3
      vertex -6.78008 -1.74083 3
    endloop
  endfacet
  facet normal -0 0 1
    outer loop
      vertex -12.6248 -1.05752 3
      vertex -6.78008 -1.74083 3
      vertex -6.9448 -0.877332 3
    endloop
  endfacet
  facet normal -0 0 1
    outer loop
      vertex -12.4568 -0.54057 3
      vertex -6.9448 -0.877332 3
      vertex -7 0 3
    endloop
  endfacet
  facet normal 0 0 1
    outer loop
      vertex -4.46197 -5.39359 3
      vertex -8.75045 -8.75045 3
      vertex -8.56655 -9.00356 3
    endloop
  endfacet
  facet normal -0 0 1
    outer loop
      vertex -9.34773 8.39118 3
      vertex -5.66312 4.1145 3
      vertex -9.16176 8.45161 3
    endloop
  endfacet
  facet normal 0 0 1
    outer loop
      vertex -8.2945 9.64529 3
      vertex -7.22823 10.4046 3
      vertex -7.77177 10.4046 3
    endloop
  endfacet
  facet normal -0 0 1
    outer loop
      vertex -9.00356 8.56655 3
      vertex -5.10278 4.79183 3
      vertex -8.75045 8.75045 3
    endloop
  endfacet
  facet normal 0 0 1
    outer loop
      vertex -8.2945 9.64529 3
      vertex -7.77177 10.4046 3
      vertex -8.2945 10.1537 3
    endloop
  endfacet
  facet normal 0 0 1
    outer loop
      vertex -8.30344 10.5176 3
      vertex -8.2945 10.1537 3
      vertex -7.77177 10.4046 3
    endloop
  endfacet
  facet normal 0 0 1
    outer loop
      vertex -8.30344 10.5176 3
      vertex -8.39118 10.4513 3
      vertex -8.2945 10.1537 3
    endloop
  endfacet
  facet normal 0 -0 1
    outer loop
      vertex -8.39118 10.4513 3
      vertex -8.30344 10.5176 3
      vertex -8.43124 10.5745 3
    endloop
  endfacet
  facet normal -0 0 1
    outer loop
      vertex -9.64529 8.2945 3
      vertex -6.13415 3.37228 3
      vertex -9.34773 8.39118 3
    endloop
  endfacet
  facet normal 0 0 1
    outer loop
      vertex -7.22823 -10.4046 3
      vertex -8.2945 -9.64529 3
      vertex -7.77177 -10.4046 3
    endloop
  endfacet
  facet normal -0 -0 1
    outer loop
      vertex -8.39118 -9.34773 3
      vertex -7.22823 -10.4046 3
      vertex -8.45161 -9.16176 3
    endloop
  endfacet
  facet normal -0 -0 1
    outer loop
      vertex -8.2945 -9.64529 3
      vertex -7.22823 -10.4046 3
      vertex -8.39118 -9.34773 3
    endloop
  endfacet
  facet normal 0 0 1
    outer loop
      vertex -6.13415 3.37228 3
      vertex -9.64529 8.2945 3
      vertex -6.50844 2.57687 3
    endloop
  endfacet
  facet normal 0 0 1
    outer loop
      vertex -6.69656 -10.5176 3
      vertex -8.45161 -9.16176 3
      vertex -7.22823 -10.4046 3
    endloop
  endfacet
  facet normal 0 0 1
    outer loop
      vertex -4.46197 -5.39359 3
      vertex -8.56655 -9.00356 3
      vertex -8.45161 -9.16176 3
    endloop
  endfacet
  facet normal 0 0 1
    outer loop
      vertex -4.46197 -5.39359 3
      vertex -8.45161 -9.16176 3
      vertex -6.69656 -10.5176 3
    endloop
  endfacet
  facet normal -0 0 1
    outer loop
      vertex -13.2464 5.89768 3
      vertex -6.50844 2.57687 3
      vertex -9.64529 8.2945 3
    endloop
  endfacet
  facet normal 0 0 1
    outer loop
      vertex -12.4568 -0.54057 3
      vertex -7 0 3
      vertex -12.4 0 3
    endloop
  endfacet
  facet normal 0 -0 1
    outer loop
      vertex -12.8966 1.52824 3
      vertex -6.50844 2.57687 3
      vertex -13.2464 5.89768 3
    endloop
  endfacet
  facet normal 0 0 1
    outer loop
      vertex -6.9448 -0.877332 3
      vertex -12.4568 -0.54057 3
      vertex -12.6248 -1.05752 3
    endloop
  endfacet
  facet normal 0 0 1
    outer loop
      vertex -6.50844 2.57687 3
      vertex -12.8966 1.52824 3
      vertex -6.78008 1.74083 3
    endloop
  endfacet
  facet normal 0 0 1
    outer loop
      vertex -5.10278 -4.79183 3
      vertex -9.00356 -8.56655 3
      vertex -8.75045 -8.75045 3
    endloop
  endfacet
  facet normal 0 0 1
    outer loop
      vertex -6.78008 1.74083 3
      vertex -12.6248 1.05752 3
      vertex -6.9448 0.877332 3
    endloop
  endfacet
  facet normal 0 0 1
    outer loop
      vertex -5.10278 -4.79183 3
      vertex -9.16176 -8.45161 3
      vertex -9.00356 -8.56655 3
    endloop
  endfacet
  facet normal 0 0 1
    outer loop
      vertex -13.2464 5.89768 3
      vertex -9.64529 8.2945 3
      vertex -10.1537 8.2945 3
    endloop
  endfacet
  facet normal 0 0 1
    outer loop
      vertex -6.78008 -1.74083 3
      vertex -12.6248 -1.05752 3
      vertex -12.8966 -1.52824 3
    endloop
  endfacet
  facet normal 0 0 1
    outer loop
      vertex -12.5574 7.25 3
      vertex -10.1537 8.2945 3
      vertex -10.4513 8.39118 3
    endloop
  endfacet
  facet normal 0 0 1
    outer loop
      vertex -5.66312 -4.1145 3
      vertex -9.34773 -8.39118 3
      vertex -9.16176 -8.45161 3
    endloop
  endfacet
  facet normal 0 0 1
    outer loop
      vertex -12.5574 7.25 3
      vertex -10.4513 8.39118 3
      vertex -10.6372 8.45161 3
    endloop
  endfacet
  facet normal 0 0 1
    outer loop
      vertex -6.13415 -3.37228 3
      vertex -9.64529 -8.2945 3
      vertex -9.34773 -8.39118 3
    endloop
  endfacet
  facet normal -0 0 1
    outer loop
      vertex -11.7307 8.52289 3
      vertex -10.6372 8.45161 3
      vertex -10.8903 8.63551 3
    endloop
  endfacet
  facet normal 0 0 1
    outer loop
      vertex -6.50844 -2.57687 3
      vertex -12.8966 -1.52824 3
      vertex -13.2464 -5.89768 3
    endloop
  endfacet
  facet normal 0 0 1
    outer loop
      vertex -11.7307 8.52289 3
      vertex -10.8903 8.63551 3
      vertex -11.0485 8.75045 3
    endloop
  endfacet
  facet normal 0 0 1
    outer loop
      vertex -6.50844 -2.57687 3
      vertex -13.2464 -5.89768 3
      vertex -9.64529 -8.2945 3
    endloop
  endfacet
  facet normal 0 0 1
    outer loop
      vertex -11.7307 8.52289 3
      vertex -11.0485 8.75045 3
      vertex -11.2324 9.00356 3
    endloop
  endfacet
  facet normal 0 0 1
    outer loop
      vertex -9.64529 -8.2945 3
      vertex -13.2464 -5.89768 3
      vertex -10.1537 -8.2945 3
    endloop
  endfacet
  facet normal 0 0 1
    outer loop
      vertex -11.7307 8.52289 3
      vertex -11.2324 9.00356 3
      vertex -11.284 9.07455 3
    endloop
  endfacet
  facet normal -0 -0 1
    outer loop
      vertex -12.5574 -7.25 3
      vertex -10.1537 -8.2945 3
      vertex -13.2464 -5.89768 3
    endloop
  endfacet
  facet normal 0 0 1
    outer loop
      vertex -10.6372 8.45161 3
      vertex -11.7307 8.52289 3
      vertex -12.5574 7.25 3
    endloop
  endfacet
  facet normal 0 0 1
    outer loop
      vertex -10.1537 -8.2945 3
      vertex -12.5574 -7.25 3
      vertex -10.4513 -8.39118 3
    endloop
  endfacet
  facet normal 0 0 1
    outer loop
      vertex -10.6372 -8.45161 3
      vertex -11.7307 -8.52289 3
      vertex -10.8903 -8.63551 3
    endloop
  endfacet
  facet normal 0 0 1
    outer loop
      vertex -7 0 3
      vertex -12.4568 0.54057 3
      vertex -12.4 0 3
    endloop
  endfacet
  facet normal 0 0 1
    outer loop
      vertex -10.1537 8.2945 3
      vertex -12.5574 7.25 3
      vertex -13.2464 5.89768 3
    endloop
  endfacet
  facet normal 0 0 1
    outer loop
      vertex -6.9448 0.877332 3
      vertex -12.4568 0.54057 3
      vertex -7 0 3
    endloop
  endfacet
  facet normal 0 -0 1
    outer loop
      vertex -12.4568 0.54057 3
      vertex -6.9448 0.877332 3
      vertex -12.6248 1.05752 3
    endloop
  endfacet
  facet normal 0 -0 1
    outer loop
      vertex -12.6248 1.05752 3
      vertex -6.78008 1.74083 3
      vertex -12.8966 1.52824 3
    endloop
  endfacet
  facet normal -0 0 1
    outer loop
      vertex -13.7903 4.48075 3
      vertex -12.8966 1.52824 3
      vertex -13.2464 5.89768 3
    endloop
  endfacet
  facet normal 0 0 1
    outer loop
      vertex -12.8966 1.52824 3
      vertex -13.7903 4.48075 3
      vertex -13.2603 1.93218 3
    endloop
  endfacet
  facet normal 0 0 1
    outer loop
      vertex -13.2603 1.93218 3
      vertex -13.7903 4.48075 3
      vertex -13.7 2.25167 3
    endloop
  endfacet
  facet normal -0 0 1
    outer loop
      vertex -14.1831 3.01472 3
      vertex -13.7 2.25167 3
      vertex -13.7903 4.48075 3
    endloop
  endfacet
  facet normal 0 0 1
    outer loop
      vertex -14.1831 3.01472 3
      vertex -14.1966 2.47275 3
      vertex -13.7 2.25167 3
    endloop
  endfacet
  facet normal 0 -0 1
    outer loop
      vertex -14.1966 2.47275 3
      vertex -14.1831 3.01472 3
      vertex -14.2666 2.48764 3
    endloop
  endfacet
  facet normal 0 0 1
    outer loop
      vertex -7.22823 10.4046 3
      vertex -8.2945 9.64529 3
      vertex -8.39118 9.34773 3
    endloop
  endfacet
  facet normal 0 0 1
    outer loop
      vertex -7.22823 10.4046 3
      vertex -8.39118 9.34773 3
      vertex -8.45161 9.16176 3
    endloop
  endfacet
  facet normal -0 0 1
    outer loop
      vertex -8.2945 -10.1537 3
      vertex -7.77177 -10.4046 3
      vertex -8.2945 -9.64529 3
    endloop
  endfacet
  facet normal 0 0 1
    outer loop
      vertex -8.2945 -10.1537 3
      vertex -8.30344 -10.5176 3
      vertex -7.77177 -10.4046 3
    endloop
  endfacet
  facet normal -0 0 1
    outer loop
      vertex -8.39118 -10.4513 3
      vertex -8.30344 -10.5176 3
      vertex -8.2945 -10.1537 3
    endloop
  endfacet
  facet normal 0 0 1
    outer loop
      vertex -8.30344 -10.5176 3
      vertex -8.39118 -10.4513 3
      vertex -8.43124 -10.5745 3
    endloop
  endfacet
  facet normal 0 0 1
    outer loop
      vertex -10.8903 -8.63551 3
      vertex -11.7307 -8.52289 3
      vertex -11.0485 -8.75045 3
    endloop
  endfacet
  facet normal 0 0 1
    outer loop
      vertex -11.2324 -9.00356 3
      vertex -11.7307 -8.52289 3
      vertex -11.284 -9.07455 3
    endloop
  endfacet
  facet normal 0 0 1
    outer loop
      vertex -11.0485 -8.75045 3
      vertex -11.7307 -8.52289 3
      vertex -11.2324 -9.00356 3
    endloop
  endfacet
  facet normal 0 0 1
    outer loop
      vertex -10.4513 -8.39118 3
      vertex -12.5574 -7.25 3
      vertex -10.6372 -8.45161 3
    endloop
  endfacet
  facet normal 0 -0 1
    outer loop
      vertex -11.7307 -8.52289 3
      vertex -10.6372 -8.45161 3
      vertex -12.5574 -7.25 3
    endloop
  endfacet
  facet normal 0 0 1
    outer loop
      vertex -13.7903 -4.48075 3
      vertex -12.8966 -1.52824 3
      vertex -13.2603 -1.93218 3
    endloop
  endfacet
  facet normal 0 0 1
    outer loop
      vertex -13.7903 -4.48075 3
      vertex -13.2603 -1.93218 3
      vertex -13.7 -2.25167 3
    endloop
  endfacet
  facet normal 0 0 1
    outer loop
      vertex -12.8966 -1.52824 3
      vertex -13.7903 -4.48075 3
      vertex -13.2464 -5.89768 3
    endloop
  endfacet
  facet normal 0 0 1
    outer loop
      vertex -13.7 -2.25167 3
      vertex -14.1831 -3.01472 3
      vertex -13.7903 -4.48075 3
    endloop
  endfacet
  facet normal -0 0 1
    outer loop
      vertex -14.1966 -2.47275 3
      vertex -14.1831 -3.01472 3
      vertex -13.7 -2.25167 3
    endloop
  endfacet
  facet normal 0 0 1
    outer loop
      vertex -14.1831 -3.01472 3
      vertex -14.1966 -2.47275 3
      vertex -14.2666 -2.48764 3
    endloop
  endfacet
  facet normal 0 0 1
    outer loop
      vertex -4.48075 13.7903 3
      vertex -4.95682 13.531 3
      vertex -4.9 12.9904 3
    endloop
  endfacet
  facet normal 0 -0 1
    outer loop
      vertex -4.95682 13.531 3
      vertex -4.48075 13.7903 3
      vertex -4.97895 13.5991 3
    endloop
  endfacet
  facet normal 0 0 1
    outer loop
      vertex 4.95682 -13.531 3
      vertex 4.48075 -13.7903 3
      vertex 4.97895 -13.5991 3
    endloop
  endfacet
  facet normal 0 0 1
    outer loop
      vertex 4.48075 -13.7903 3
      vertex 4.95682 -13.531 3
      vertex 4.9 -12.9904 3
    endloop
  endfacet
  facet normal -0 0 1
    outer loop
      vertex -4.95682 -13.531 3
      vertex -4.48075 -13.7903 3
      vertex -4.9 -12.9904 3
    endloop
  endfacet
  facet normal 0 0 1
    outer loop
      vertex -4.48075 -13.7903 3
      vertex -4.95682 -13.531 3
      vertex -4.97895 -13.5991 3
    endloop
  endfacet
  facet normal 0.707107 0.707107 0
    outer loop
      vertex 13.005 11.7098 3
      vertex 11.7098 13.005 0
      vertex 11.7098 13.005 3
    endloop
  endfacet
  facet normal 0.707107 0.707107 0
    outer loop
      vertex 11.7098 13.005 0
      vertex 13.005 11.7098 3
      vertex 13.005 11.7098 0
    endloop
  endfacet
  facet normal 0.891007 0.45399 0
    outer loop
      vertex 15.987 7.11789 3
      vertex 15.1554 8.75 0
      vertex 15.1554 8.75 3
    endloop
  endfacet
  facet normal 0.891007 0.45399 0
    outer loop
      vertex 15.1554 8.75 0
      vertex 15.987 7.11789 3
      vertex 15.987 7.11789 0
    endloop
  endfacet
  facet normal -0.838676 0.544631 0
    outer loop
      vertex -15.1554 8.75 0
      vertex -14.1578 10.2862 3
      vertex -14.1578 10.2862 0
    endloop
  endfacet
  facet normal -0.838676 0.544631 0
    outer loop
      vertex -14.1578 10.2862 3
      vertex -15.1554 8.75 0
      vertex -15.1554 8.75 3
    endloop
  endfacet
  facet normal -0.987692 0.156408 0
    outer loop
      vertex -17.4041 1.82925 0
      vertex -17.1176 3.63845 3
      vertex -17.1176 3.63845 0
    endloop
  endfacet
  facet normal -0.987692 0.156408 0
    outer loop
      vertex -17.1176 3.63845 3
      vertex -17.4041 1.82925 0
      vertex -17.4041 1.82925 3
    endloop
  endfacet
  facet normal -0.777148 0.629318 0
    outer loop
      vertex -14.1578 10.2862 0
      vertex -13.005 11.7098 3
      vertex -13.005 11.7098 0
    endloop
  endfacet
  facet normal -0.777148 0.629318 0
    outer loop
      vertex -13.005 11.7098 3
      vertex -14.1578 10.2862 0
      vertex -14.1578 10.2862 3
    endloop
  endfacet
  facet normal -0.629318 0.777148 0
    outer loop
      vertex -10.2862 14.1578 0
      vertex -11.7098 13.005 3
      vertex -10.2862 14.1578 3
    endloop
  endfacet
  facet normal -0.629318 0.777148 0
    outer loop
      vertex -11.7098 13.005 3
      vertex -10.2862 14.1578 0
      vertex -11.7098 13.005 0
    endloop
  endfacet
  facet normal -0.544653 0.838661 0
    outer loop
      vertex -9.42437 14.7175 0
      vertex -10.2862 14.1578 3
      vertex -9.42437 14.7175 3
    endloop
  endfacet
  facet normal -0.544653 0.838661 0
    outer loop
      vertex -10.2862 14.1578 3
      vertex -9.42437 14.7175 0
      vertex -10.2862 14.1578 0
    endloop
  endfacet
  facet normal -0.891007 -0.45399 0
    outer loop
      vertex -15.1554 -8.75 0
      vertex -15.987 -7.11789 3
      vertex -15.987 -7.11789 0
    endloop
  endfacet
  facet normal -0.891007 -0.45399 0
    outer loop
      vertex -15.987 -7.11789 3
      vertex -15.1554 -8.75 0
      vertex -15.1554 -8.75 3
    endloop
  endfacet
  facet normal 0.629318 -0.777148 0
    outer loop
      vertex 10.2862 -14.1578 0
      vertex 11.7098 -13.005 3
      vertex 10.2862 -14.1578 3
    endloop
  endfacet
  facet normal 0.629318 -0.777148 0
    outer loop
      vertex 11.7098 -13.005 3
      vertex 10.2862 -14.1578 0
      vertex 11.7098 -13.005 0
    endloop
  endfacet
  facet normal -0.358396 -0.93357 0
    outer loop
      vertex -7.11789 -15.987 0
      vertex -5.4078 -16.6435 3
      vertex -7.11789 -15.987 3
    endloop
  endfacet
  facet normal -0.358396 -0.93357 -0
    outer loop
      vertex -5.4078 -16.6435 3
      vertex -7.11789 -15.987 0
      vertex -5.4078 -16.6435 0
    endloop
  endfacet
  facet normal -0.838676 -0.544631 0
    outer loop
      vertex -14.1578 -10.2862 0
      vertex -15.1554 -8.75 3
      vertex -15.1554 -8.75 0
    endloop
  endfacet
  facet normal -0.838676 -0.544631 0
    outer loop
      vertex -15.1554 -8.75 3
      vertex -14.1578 -10.2862 0
      vertex -14.1578 -10.2862 3
    endloop
  endfacet
  facet normal -0.987692 -0.156408 0
    outer loop
      vertex -17.1176 -3.63845 0
      vertex -17.4041 -1.82925 3
      vertex -17.4041 -1.82925 0
    endloop
  endfacet
  facet normal -0.987692 -0.156408 0
    outer loop
      vertex -17.4041 -1.82925 3
      vertex -17.1176 -3.63845 0
      vertex -17.1176 -3.63845 3
    endloop
  endfacet
  facet normal -0.93357 -0.358396 0
    outer loop
      vertex -15.987 -7.11789 0
      vertex -16.6435 -5.4078 3
      vertex -16.6435 -5.4078 0
    endloop
  endfacet
  facet normal -0.93357 -0.358396 0
    outer loop
      vertex -16.6435 -5.4078 3
      vertex -15.987 -7.11789 0
      vertex -15.987 -7.11789 3
    endloop
  endfacet
  facet normal -0.777148 -0.629318 0
    outer loop
      vertex -13.005 -11.7098 0
      vertex -14.1578 -10.2862 3
      vertex -14.1578 -10.2862 0
    endloop
  endfacet
  facet normal -0.777148 -0.629318 0
    outer loop
      vertex -14.1578 -10.2862 3
      vertex -13.005 -11.7098 0
      vertex -13.005 -11.7098 3
    endloop
  endfacet
  facet normal 0.544653 -0.838661 0
    outer loop
      vertex 9.42437 -14.7175 0
      vertex 10.2862 -14.1578 3
      vertex 9.42437 -14.7175 3
    endloop
  endfacet
  facet normal 0.544653 -0.838661 0
    outer loop
      vertex 10.2862 -14.1578 3
      vertex 9.42437 -14.7175 0
      vertex 10.2862 -14.1578 0
    endloop
  endfacet
  facet normal 0.93357 -0.358396 0
    outer loop
      vertex 15.987 -7.11789 3
      vertex 16.6435 -5.4078 0
      vertex 16.6435 -5.4078 3
    endloop
  endfacet
  facet normal 0.93357 -0.358396 0
    outer loop
      vertex 16.6435 -5.4078 0
      vertex 15.987 -7.11789 3
      vertex 15.987 -7.11789 0
    endloop
  endfacet
  facet normal -0.052354 -0.998629 0
    outer loop
      vertex -1.82925 -17.4041 0
      vertex 0 -17.5 3
      vertex -1.82925 -17.4041 3
    endloop
  endfacet
  facet normal -0.052354 -0.998629 -0
    outer loop
      vertex 0 -17.5 3
      vertex -1.82925 -17.4041 0
      vertex 0 -17.5 0
    endloop
  endfacet
  facet normal -0.998629 0.0523516 0
    outer loop
      vertex -17.4579 0.802993 0
      vertex -17.4041 1.82925 3
      vertex -17.4041 1.82925 0
    endloop
  endfacet
  facet normal -0.998629 0.0523516 0
    outer loop
      vertex -17.4041 1.82925 3
      vertex -17.4579 0.802993 0
      vertex -17.4579 0.802993 3
    endloop
  endfacet
  facet normal -0.156408 -0.987692 0
    outer loop
      vertex -3.63845 -17.1176 0
      vertex -1.82925 -17.4041 3
      vertex -3.63845 -17.1176 3
    endloop
  endfacet
  facet normal -0.156408 -0.987692 -0
    outer loop
      vertex -1.82925 -17.4041 3
      vertex -3.63845 -17.1176 0
      vertex -1.82925 -17.4041 0
    endloop
  endfacet
  facet normal 0.707107 -0.707107 0
    outer loop
      vertex 11.7098 -13.005 3
      vertex 13.005 -11.7098 0
      vertex 13.005 -11.7098 3
    endloop
  endfacet
  facet normal 0.707107 -0.707107 0
    outer loop
      vertex 13.005 -11.7098 0
      vertex 11.7098 -13.005 3
      vertex 11.7098 -13.005 0
    endloop
  endfacet
  facet normal 0.994525 -0.104499 0
    outer loop
      vertex 12.4 0 3
      vertex 12.4568 0.54057 0
      vertex 12.4568 0.54057 3
    endloop
  endfacet
  facet normal 0.994525 -0.104499 0
    outer loop
      vertex 12.4568 0.54057 0
      vertex 12.4 0 3
      vertex 12.4 0 0
    endloop
  endfacet
  facet normal -0.866083 -0.499899 0
    outer loop
      vertex 17.1197 1.5 0
      vertex 17.1034 1.52824 3
      vertex 17.1034 1.52824 0
    endloop
  endfacet
  facet normal -0.866083 -0.499899 0
    outer loop
      vertex 17.1034 1.52824 3
      vertex 17.1197 1.5 0
      vertex 17.1197 1.5 3
    endloop
  endfacet
  facet normal -0.743153 -0.669121 0
    outer loop
      vertex 17.1034 1.52824 0
      vertex 16.7397 1.93218 3
      vertex 16.7397 1.93218 0
    endloop
  endfacet
  facet normal -0.743153 -0.669121 0
    outer loop
      vertex 16.7397 1.93218 3
      vertex 17.1034 1.52824 0
      vertex 17.1034 1.52824 3
    endloop
  endfacet
  facet normal -0.866083 0.499899 0
    outer loop
      vertex 17.1034 -1.52824 0
      vertex 17.1197 -1.5 3
      vertex 17.1197 -1.5 0
    endloop
  endfacet
  facet normal -0.866083 0.499899 0
    outer loop
      vertex 17.1197 -1.5 3
      vertex 17.1034 -1.52824 0
      vertex 17.1034 -1.52824 3
    endloop
  endfacet
  facet normal -0.207938 -0.978142 0
    outer loop
      vertex 15.2718 2.58576 0
      vertex 15.8034 2.47275 3
      vertex 15.2718 2.58576 3
    endloop
  endfacet
  facet normal -0.207938 -0.978142 -0
    outer loop
      vertex 15.8034 2.47275 3
      vertex 15.2718 2.58576 0
      vertex 15.8034 2.47275 0
    endloop
  endfacet
  facet normal 0.951039 0.309072 0
    outer loop
      vertex 12.6248 -1.05752 3
      vertex 12.4568 -0.54057 0
      vertex 12.4568 -0.54057 3
    endloop
  endfacet
  facet normal 0.951039 0.309072 0
    outer loop
      vertex 12.4568 -0.54057 0
      vertex 12.6248 -1.05752 3
      vertex 12.6248 -1.05752 0
    endloop
  endfacet
  facet normal 0 1 0
    outer loop
      vertex 15.2718 -2.58576 3
      vertex 15.2622 -2.58576 2
      vertex 15.2622 -2.58576 3
    endloop
  endfacet
  facet normal 0 1 0
    outer loop
      vertex 15.2622 -2.58576 2
      vertex 14.7566 -2.58576 0.299999
      vertex 14.7282 -2.58576 2
    endloop
  endfacet
  facet normal 0 1 -0
    outer loop
      vertex 15.2718 -2.58576 0
      vertex 15.2622 -2.58576 2
      vertex 15.2718 -2.58576 3
    endloop
  endfacet
  facet normal 0 1 0
    outer loop
      vertex 15.2718 -2.58576 0
      vertex 14.7566 -2.58576 0.299999
      vertex 15.2622 -2.58576 2
    endloop
  endfacet
  facet normal 0 1 0
    outer loop
      vertex 14.7566 -2.58576 0.299999
      vertex 15.2718 -2.58576 0
      vertex 14.7566 -2.58576 0
    endloop
  endfacet
  facet normal 0 1 0
    outer loop
      vertex 14.7282 -2.58576 2
      vertex 14.7566 -2.58576 0.299999
      vertex 14.7282 -2.58576 0.299999
    endloop
  endfacet
  facet normal -0.58782 -0.808991 0
    outer loop
      vertex 16.3 2.25167 0
      vertex 16.7397 1.93218 3
      vertex 16.3 2.25167 3
    endloop
  endfacet
  facet normal -0.58782 -0.808991 -0
    outer loop
      vertex 16.7397 1.93218 3
      vertex 16.3 2.25167 0
      vertex 16.7397 1.93218 0
    endloop
  endfacet
  facet normal 0.749838 0.661622 0
    outer loop
      vertex 12.8966 -1.52824 3
      vertex 12.9011 -1.53334 0.299999
      vertex 12.8966 -1.52824 0.299999
    endloop
  endfacet
  facet normal 0.743153 0.669121 -2.53069e-05
    outer loop
      vertex 13.2603 -1.93218 3
      vertex 12.9011 -1.53334 0.299999
      vertex 12.8966 -1.52824 3
    endloop
  endfacet
  facet normal 0.743068 0.669216 -0
    outer loop
      vertex 13.2603 -1.93218 0
      vertex 12.9011 -1.53334 0.299999
      vertex 13.2603 -1.93218 3
    endloop
  endfacet
  facet normal 0.743068 0.669216 0
    outer loop
      vertex 12.9011 -1.53334 0.299999
      vertex 13.2603 -1.93218 0
      vertex 12.9011 -1.53334 0
    endloop
  endfacet
  facet normal 0.58782 -0.808991 0
    outer loop
      vertex 13.2603 1.93218 0
      vertex 13.7 2.25167 3
      vertex 13.2603 1.93218 3
    endloop
  endfacet
  facet normal 0.58782 -0.808991 0
    outer loop
      vertex 13.7 2.25167 3
      vertex 13.2603 1.93218 0
      vertex 13.7 2.25167 0
    endloop
  endfacet
  facet normal -0.207938 0.978142 0
    outer loop
      vertex 15.8034 -2.47275 0
      vertex 15.2718 -2.58576 3
      vertex 15.8034 -2.47275 3
    endloop
  endfacet
  facet normal -0.207938 0.978142 0
    outer loop
      vertex 15.2718 -2.58576 3
      vertex 15.8034 -2.47275 0
      vertex 15.2718 -2.58576 0
    endloop
  endfacet
  facet normal -0.743153 0.669121 0
    outer loop
      vertex 16.7397 -1.93218 0
      vertex 17.1034 -1.52824 3
      vertex 17.1034 -1.52824 0
    endloop
  endfacet
  facet normal -0.743153 0.669121 0
    outer loop
      vertex 17.1034 -1.52824 3
      vertex 16.7397 -1.93218 0
      vertex 16.7397 -1.93218 3
    endloop
  endfacet
  facet normal 0.951039 -0.309072 0
    outer loop
      vertex 12.4568 0.54057 3
      vertex 12.6248 1.05752 0
      vertex 12.6248 1.05752 3
    endloop
  endfacet
  facet normal 0.951039 -0.309072 0
    outer loop
      vertex 12.6248 1.05752 0
      vertex 12.4568 0.54057 3
      vertex 12.4568 0.54057 0
    endloop
  endfacet
  facet normal 0.406705 0.91356 -0
    outer loop
      vertex 14.1966 -2.47275 0
      vertex 13.7 -2.25167 3
      vertex 14.1966 -2.47275 3
    endloop
  endfacet
  facet normal 0.406705 0.91356 0
    outer loop
      vertex 13.7 -2.25167 3
      vertex 14.1966 -2.47275 0
      vertex 13.7 -2.25167 0
    endloop
  endfacet
  facet normal 0.406705 -0.91356 0
    outer loop
      vertex 13.7 2.25167 0
      vertex 14.1966 2.47275 3
      vertex 13.7 2.25167 3
    endloop
  endfacet
  facet normal 0.406705 -0.91356 0
    outer loop
      vertex 14.1966 2.47275 3
      vertex 13.7 2.25167 0
      vertex 14.1966 2.47275 0
    endloop
  endfacet
  facet normal -0.406705 0.91356 0
    outer loop
      vertex 16.3 -2.25167 0
      vertex 15.8034 -2.47275 3
      vertex 16.3 -2.25167 3
    endloop
  endfacet
  facet normal -0.406705 0.91356 0
    outer loop
      vertex 15.8034 -2.47275 3
      vertex 16.3 -2.25167 0
      vertex 15.8034 -2.47275 0
    endloop
  endfacet
  facet normal 0.994525 0.104499 0
    outer loop
      vertex 12.4568 -0.54057 3
      vertex 12.4 0 0
      vertex 12.4 0 3
    endloop
  endfacet
  facet normal 0.994525 0.104499 0
    outer loop
      vertex 12.4 0 0
      vertex 12.4568 -0.54057 3
      vertex 12.4568 -0.54057 0
    endloop
  endfacet
  facet normal 0.207977 0.978134 0
    outer loop
      vertex 14.5112 -2.53962 0.299999
      vertex 14.7282 -2.58576 2
      vertex 14.7282 -2.58576 0.299999
    endloop
  endfacet
  facet normal 0.208059 0.978116 -0
    outer loop
      vertex 14.2666 -2.48764 2
      vertex 14.1966 -2.47275 3
      vertex 14.2666 -2.48764 3
    endloop
  endfacet
  facet normal 0.20792 0.978146 7.70829e-06
    outer loop
      vertex 14.7282 -2.58576 2
      vertex 14.5112 -2.53962 0.299999
      vertex 14.2666 -2.48764 2
    endloop
  endfacet
  facet normal 0.207911 0.978148 0
    outer loop
      vertex 14.1966 -2.47275 0
      vertex 14.5112 -2.53962 0.299999
      vertex 14.5112 -2.53962 0
    endloop
  endfacet
  facet normal 0.208059 0.978116 0
    outer loop
      vertex 14.2666 -2.48764 2
      vertex 14.1966 -2.47275 0
      vertex 14.1966 -2.47275 3
    endloop
  endfacet
  facet normal 0.207906 0.978149 5.61929e-06
    outer loop
      vertex 14.5112 -2.53962 0.299999
      vertex 14.1966 -2.47275 0
      vertex 14.2666 -2.48764 2
    endloop
  endfacet
  facet normal 0.865984 0.500072 0
    outer loop
      vertex 12.6248 -1.05752 3
      vertex 12.6888 -1.16835 0.299999
      vertex 12.6248 -1.05752 0
    endloop
  endfacet
  facet normal 0.866002 0.500041 1.69392e-06
    outer loop
      vertex 12.8966 -1.52824 3
      vertex 12.6888 -1.16835 0.299999
      vertex 12.6248 -1.05752 3
    endloop
  endfacet
  facet normal 0.866007 0.500031 0
    outer loop
      vertex 12.6888 -1.16835 0.299999
      vertex 12.8966 -1.52824 3
      vertex 12.8966 -1.52824 0.299999
    endloop
  endfacet
  facet normal 0.865984 0.500072 0
    outer loop
      vertex 12.6248 -1.05752 0
      vertex 12.6888 -1.16835 0.299999
      vertex 12.6888 -1.16835 0
    endloop
  endfacet
  facet normal 0.208059 -0.978116 0
    outer loop
      vertex 14.1966 2.47275 3
      vertex 14.2666 2.48764 2
      vertex 14.2666 2.48764 3
    endloop
  endfacet
  facet normal 0.20792 -0.978146 7.70829e-06
    outer loop
      vertex 14.2666 2.48764 2
      vertex 14.5112 2.53962 0.299999
      vertex 14.7282 2.58576 2
    endloop
  endfacet
  facet normal 0.208059 -0.978116 0
    outer loop
      vertex 14.1966 2.47275 0
      vertex 14.2666 2.48764 2
      vertex 14.1966 2.47275 3
    endloop
  endfacet
  facet normal 0.207906 -0.978149 5.61929e-06
    outer loop
      vertex 14.1966 2.47275 0
      vertex 14.5112 2.53962 0.299999
      vertex 14.2666 2.48764 2
    endloop
  endfacet
  facet normal 0.207911 -0.978148 0
    outer loop
      vertex 14.5112 2.53962 0.299999
      vertex 14.1966 2.47275 0
      vertex 14.5112 2.53962 0
    endloop
  endfacet
  facet normal 0.207977 -0.978134 0
    outer loop
      vertex 14.7282 2.58576 2
      vertex 14.5112 2.53962 0.299999
      vertex 14.7282 2.58576 0.299999
    endloop
  endfacet
  facet normal -0.406705 -0.91356 0
    outer loop
      vertex 15.8034 2.47275 0
      vertex 16.3 2.25167 3
      vertex 15.8034 2.47275 3
    endloop
  endfacet
  facet normal -0.406705 -0.91356 -0
    outer loop
      vertex 16.3 2.25167 3
      vertex 15.8034 2.47275 0
      vertex 16.3 2.25167 0
    endloop
  endfacet
  facet normal 0.743068 -0.669216 0
    outer loop
      vertex 13.2603 1.93218 3
      vertex 12.9011 1.53334 0.299999
      vertex 13.2603 1.93218 0
    endloop
  endfacet
  facet normal 0.743153 -0.669121 -2.53069e-05
    outer loop
      vertex 12.8966 1.52824 3
      vertex 12.9011 1.53334 0.299999
      vertex 13.2603 1.93218 3
    endloop
  endfacet
  facet normal 0.749838 -0.661622 0
    outer loop
      vertex 12.9011 1.53334 0.299999
      vertex 12.8966 1.52824 3
      vertex 12.8966 1.52824 0.299999
    endloop
  endfacet
  facet normal 0.743068 -0.669216 0
    outer loop
      vertex 13.2603 1.93218 0
      vertex 12.9011 1.53334 0.299999
      vertex 12.9011 1.53334 0
    endloop
  endfacet
  facet normal 0.866007 -0.500031 0
    outer loop
      vertex 12.8966 1.52824 3
      vertex 12.6888 1.16835 0.299999
      vertex 12.8966 1.52824 0.299999
    endloop
  endfacet
  facet normal 0.866002 -0.500041 1.69392e-06
    outer loop
      vertex 12.6248 1.05752 3
      vertex 12.6888 1.16835 0.299999
      vertex 12.8966 1.52824 3
    endloop
  endfacet
  facet normal 0.865984 -0.500072 0
    outer loop
      vertex 12.6248 1.05752 0
      vertex 12.6888 1.16835 0.299999
      vertex 12.6248 1.05752 3
    endloop
  endfacet
  facet normal 0.865984 -0.500072 0
    outer loop
      vertex 12.6888 1.16835 0.299999
      vertex 12.6248 1.05752 0
      vertex 12.6888 1.16835 0
    endloop
  endfacet
  facet normal -0.58782 0.808991 0
    outer loop
      vertex 16.7397 -1.93218 0
      vertex 16.3 -2.25167 3
      vertex 16.7397 -1.93218 3
    endloop
  endfacet
  facet normal -0.58782 0.808991 0
    outer loop
      vertex 16.3 -2.25167 3
      vertex 16.7397 -1.93218 0
      vertex 16.3 -2.25167 0
    endloop
  endfacet
  facet normal 0 -1 0
    outer loop
      vertex 14.7566 2.58576 0.299999
      vertex 14.7282 2.58576 2
      vertex 14.7282 2.58576 0.299999
    endloop
  endfacet
  facet normal 0 -1 0
    outer loop
      vertex 15.2622 2.58576 2
      vertex 15.2718 2.58576 3
      vertex 15.2622 2.58576 3
    endloop
  endfacet
  facet normal 0 -1 0
    outer loop
      vertex 14.7282 2.58576 2
      vertex 14.7566 2.58576 0.299999
      vertex 15.2622 2.58576 2
    endloop
  endfacet
  facet normal 0 -1 0
    outer loop
      vertex 15.2718 2.58576 0
      vertex 14.7566 2.58576 0.299999
      vertex 14.7566 2.58576 0
    endloop
  endfacet
  facet normal 0 -1 0
    outer loop
      vertex 15.2622 2.58576 2
      vertex 15.2718 2.58576 0
      vertex 15.2718 2.58576 3
    endloop
  endfacet
  facet normal 0 -1 0
    outer loop
      vertex 14.7566 2.58576 0.299999
      vertex 15.2718 2.58576 0
      vertex 15.2622 2.58576 2
    endloop
  endfacet
  facet normal 0.58782 0.808991 -0
    outer loop
      vertex 13.7 -2.25167 0
      vertex 13.2603 -1.93218 3
      vertex 13.7 -2.25167 3
    endloop
  endfacet
  facet normal 0.58782 0.808991 0
    outer loop
      vertex 13.2603 -1.93218 3
      vertex 13.7 -2.25167 0
      vertex 13.2603 -1.93218 0
    endloop
  endfacet
  facet normal -0.207765 -0.978179 0
    outer loop
      vertex 7.77177 15.5761 0
      vertex 8.03354 15.5205 3
      vertex 7.77177 15.5761 3
    endloop
  endfacet
  facet normal -0.207765 -0.978179 -0
    outer loop
      vertex 8.03354 15.5205 3
      vertex 7.77177 15.5761 0
      vertex 8.03354 15.5205 0
    endloop
  endfacet
  facet normal -0.406735 0.913546 0.000121356
    outer loop
      vertex 8.50778 10.6086 2.83189
      vertex 8.30344 10.5176 3
      vertex 8.43124 10.5745 3
    endloop
  endfacet
  facet normal -0.406677 0.913572 0.000206334
    outer loop
      vertex 8.70442 10.6962 2.54132
      vertex 8.30344 10.5176 3
      vertex 8.50778 10.6086 2.83189
    endloop
  endfacet
  facet normal -0.406407 0.913692 -8.82707e-05
    outer loop
      vertex 8.30344 10.5176 0
      vertex 8.70442 10.6962 2.54132
      vertex 8.8 10.7387 2.40007
    endloop
  endfacet
  facet normal -0.406763 0.913534 0
    outer loop
      vertex 8.30344 10.5176 0
      vertex 8.8 10.7387 2.40007
      vertex 8.8 10.7387 0
    endloop
  endfacet
  facet normal -0.406874 0.913484 0
    outer loop
      vertex 8.70442 10.6962 2.54132
      vertex 8.30344 10.5176 0
      vertex 8.30344 10.5176 3
    endloop
  endfacet
  facet normal 0.743111 0.669168 0
    outer loop
      vertex 5.76026 11.0582 3
      vertex 5.39655 11.4621 0
      vertex 5.39655 11.4621 3
    endloop
  endfacet
  facet normal 0.743111 0.669168 0
    outer loop
      vertex 5.39655 11.4621 0
      vertex 5.76026 11.0582 3
      vertex 5.76026 11.0582 0
    endloop
  endfacet
  facet normal 0.994522 0.10453 0
    outer loop
      vertex 4.95682 12.4498 3
      vertex 4.9 12.9904 0
      vertex 4.9 12.9904 3
    endloop
  endfacet
  facet normal 0.994522 0.10453 0
    outer loop
      vertex 4.9 12.9904 0
      vertex 4.95682 12.4498 3
      vertex 4.95682 12.4498 0
    endloop
  endfacet
  facet normal -0.951041 0.309065 0
    outer loop
      vertex 9.87522 11.9329 0
      vertex 10.0432 12.4498 3
      vertex 10.0432 12.4498 0
    endloop
  endfacet
  facet normal -0.951041 0.309065 0
    outer loop
      vertex 10.0432 12.4498 3
      vertex 9.87522 11.9329 0
      vertex 9.87522 11.9329 3
    endloop
  endfacet
  facet normal 0 1 0
    outer loop
      vertex 7.3562 10.4046 0.299999
      vertex 7.77177 10.4046 3
      vertex 7.77177 10.4046 0.299999
    endloop
  endfacet
  facet normal 0 1 0
    outer loop
      vertex 7.77177 10.4046 3
      vertex 7.3562 10.4046 0.299999
      vertex 7.22823 10.4046 3
    endloop
  endfacet
  facet normal 0 1 0
    outer loop
      vertex 7.22823 10.4046 0
      vertex 7.3562 10.4046 0.299999
      vertex 7.3562 10.4046 0
    endloop
  endfacet
  facet normal 0 1 0
    outer loop
      vertex 7.3562 10.4046 0.299999
      vertex 7.22823 10.4046 0
      vertex 7.22823 10.4046 3
    endloop
  endfacet
  facet normal 0.743194 -0.669077 0
    outer loop
      vertex 5.39655 14.5186 3
      vertex 5.76026 14.9226 0
      vertex 5.76026 14.9226 3
    endloop
  endfacet
  facet normal 0.743194 -0.669077 0
    outer loop
      vertex 5.76026 14.9226 0
      vertex 5.39655 14.5186 3
      vertex 5.39655 14.5186 0
    endloop
  endfacet
  facet normal -0.951041 -0.309065 0
    outer loop
      vertex 10.0432 13.531 0
      vertex 9.87522 14.0479 3
      vertex 9.87522 14.0479 0
    endloop
  endfacet
  facet normal -0.951041 -0.309065 0
    outer loop
      vertex 9.87522 14.0479 3
      vertex 10.0432 13.531 0
      vertex 10.0432 13.531 3
    endloop
  endfacet
  facet normal -0.743124 0.669154 0
    outer loop
      vertex 9.23974 11.0582 0
      vertex 9.45495 11.2972 0.299999
      vertex 9.45495 11.2972 0
    endloop
  endfacet
  facet normal -0.740526 0.672028 0
    outer loop
      vertex 9.28767 11.1114 2
      vertex 9.28404 11.1074 2.28177
      vertex 9.28767 11.1114 2.2891
    endloop
  endfacet
  facet normal -0.74313 0.669147 9.80782e-06
    outer loop
      vertex 9.45495 11.2972 0.299999
      vertex 9.23974 11.0582 0
      vertex 9.28767 11.1114 2
    endloop
  endfacet
  facet normal -0.742947 0.66935 0
    outer loop
      vertex 9.23974 11.0582 2.24461
      vertex 9.28767 11.1114 2
      vertex 9.23974 11.0582 0
    endloop
  endfacet
  facet normal -0.743116 0.669162 -7.40373e-05
    outer loop
      vertex 9.28767 11.1114 2
      vertex 9.23974 11.0582 2.24461
      vertex 9.28404 11.1074 2.28177
    endloop
  endfacet
  facet normal -0.743115 0.669164 0
    outer loop
      vertex 9.45495 11.2972 0.299999
      vertex 9.60344 11.4621 2
      vertex 9.60344 11.4621 0.299999
    endloop
  endfacet
  facet normal -0.743147 0.669129 6.19507e-06
    outer loop
      vertex 9.60344 11.4621 2
      vertex 9.45495 11.2972 0.299999
      vertex 9.28767 11.1114 2
    endloop
  endfacet
  facet normal 0.406763 -0.913534 0
    outer loop
      vertex 6.2 15.242 0
      vertex 6.69656 15.4631 3
      vertex 6.2 15.242 3
    endloop
  endfacet
  facet normal 0.406763 -0.913534 0
    outer loop
      vertex 6.69656 15.4631 3
      vertex 6.2 15.242 0
      vertex 6.69656 15.4631 0
    endloop
  endfacet
  facet normal 0.587677 -0.809096 0
    outer loop
      vertex 5.76026 14.9226 0
      vertex 6.2 15.242 3
      vertex 5.76026 14.9226 3
    endloop
  endfacet
  facet normal 0.587677 -0.809096 0
    outer loop
      vertex 6.2 15.242 3
      vertex 5.76026 14.9226 0
      vertex 6.2 15.242 0
    endloop
  endfacet
  facet normal -0.743183 -0.669089 0
    outer loop
      vertex 9.60344 14.5186 0
      vertex 9.42437 14.7175 3
      vertex 9.42437 14.7175 0
    endloop
  endfacet
  facet normal -0.743183 -0.669089 0
    outer loop
      vertex 9.42437 14.7175 3
      vertex 9.60344 14.5186 0
      vertex 9.60344 14.5186 3
    endloop
  endfacet
  facet normal -0.587824 0.808989 0
    outer loop
      vertex 9.23974 11.0582 0
      vertex 9.01266 10.8932 2.24461
      vertex 9.23974 11.0582 2.24461
    endloop
  endfacet
  facet normal -0.587798 0.809008 4.13092e-06
    outer loop
      vertex 8.8 10.7387 0
      vertex 9.01266 10.8932 2.24461
      vertex 9.23974 11.0582 0
    endloop
  endfacet
  facet normal -0.587954 0.808894 2.68052e-05
    outer loop
      vertex 9.01266 10.8932 2.24461
      vertex 8.8 10.7387 0
      vertex 8.95075 10.8482 2.24461
    endloop
  endfacet
  facet normal -0.587693 0.809084 0
    outer loop
      vertex 8.95075 10.8482 2.24461
      vertex 8.8 10.7387 0
      vertex 8.8 10.7387 2.40007
    endloop
  endfacet
  facet normal -0.994526 -0.104493 0
    outer loop
      vertex 10.1 12.9904 0
      vertex 10.0432 13.531 3
      vertex 10.0432 13.531 0
    endloop
  endfacet
  facet normal -0.994526 -0.104493 0
    outer loop
      vertex 10.0432 13.531 3
      vertex 10.1 12.9904 0
      vertex 10.1 12.9904 3
    endloop
  endfacet
  facet normal 0.951044 -0.309054 0
    outer loop
      vertex 4.97895 13.5991 3
      vertex 4.95682 13.531 3
      vertex 4.97895 13.5991 2
    endloop
  endfacet
  facet normal 0.951084 -0.308933 0
    outer loop
      vertex 5.12478 14.0479 2
      vertex 5.05621 13.8368 0.299999
      vertex 5.12478 14.0479 0.299999
    endloop
  endfacet
  facet normal 0.951053 -0.309029 1.30848e-05
    outer loop
      vertex 4.97895 13.5991 2
      vertex 5.05621 13.8368 0.299999
      vertex 5.12478 14.0479 2
    endloop
  endfacet
  facet normal 0.951029 -0.309102 1.77764e-06
    outer loop
      vertex 4.95682 13.531 0
      vertex 5.05621 13.8368 0.299999
      vertex 4.97895 13.5991 2
    endloop
  endfacet
  facet normal 0.951029 -0.3091 0
    outer loop
      vertex 5.05621 13.8368 0.299999
      vertex 4.95682 13.531 0
      vertex 5.05621 13.8368 0
    endloop
  endfacet
  facet normal 0.951044 -0.309054 0
    outer loop
      vertex 4.95682 13.531 0
      vertex 4.97895 13.5991 2
      vertex 4.95682 13.531 3
    endloop
  endfacet
  facet normal 0.866023 -0.500005 -1.52255e-06
    outer loop
      vertex 5.12478 14.0479 2
      vertex 5.13898 14.0725 0.299999
      vertex 5.39175 14.5103 2
    endloop
  endfacet
  facet normal 0.866068 -0.499926 0
    outer loop
      vertex 5.13898 14.0725 0.299999
      vertex 5.12478 14.0479 2
      vertex 5.12478 14.0479 0.299999
    endloop
  endfacet
  facet normal 0.865664 -0.500625 0
    outer loop
      vertex 5.39175 14.5103 2
      vertex 5.39655 14.5186 3
      vertex 5.39175 14.5103 3
    endloop
  endfacet
  facet normal 0.865664 -0.500625 0
    outer loop
      vertex 5.39655 14.5186 3
      vertex 5.39175 14.5103 2
      vertex 5.39655 14.5186 0
    endloop
  endfacet
  facet normal 0.866015 -0.500019 3.35714e-06
    outer loop
      vertex 5.13898 14.0725 0.299999
      vertex 5.39655 14.5186 0
      vertex 5.39175 14.5103 2
    endloop
  endfacet
  facet normal 0.866014 -0.50002 0
    outer loop
      vertex 5.39655 14.5186 0
      vertex 5.13898 14.0725 0.299999
      vertex 5.13898 14.0725 0
    endloop
  endfacet
  facet normal -0.866008 -0.500029 0
    outer loop
      vertex 9.87522 14.0479 0
      vertex 9.60344 14.5186 3
      vertex 9.60344 14.5186 0
    endloop
  endfacet
  facet normal -0.866008 -0.500029 0
    outer loop
      vertex 9.60344 14.5186 3
      vertex 9.87522 14.0479 0
      vertex 9.87522 14.0479 3
    endloop
  endfacet
  facet normal -0.994526 0.104493 0
    outer loop
      vertex 10.0432 12.4498 0
      vertex 10.1 12.9904 3
      vertex 10.1 12.9904 0
    endloop
  endfacet
  facet normal -0.994526 0.104493 0
    outer loop
      vertex 10.1 12.9904 3
      vertex 10.0432 12.4498 0
      vertex 10.0432 12.4498 3
    endloop
  endfacet
  facet normal 0.994522 -0.10453 0
    outer loop
      vertex 4.9 12.9904 3
      vertex 4.95682 13.531 0
      vertex 4.95682 13.531 3
    endloop
  endfacet
  facet normal 0.994522 -0.10453 0
    outer loop
      vertex 4.95682 13.531 0
      vertex 4.9 12.9904 3
      vertex 4.9 12.9904 0
    endloop
  endfacet
  facet normal 0.866024 0.500003 0
    outer loop
      vertex 5.12478 11.9329 3
      vertex 5.33257 11.573 0.299999
      vertex 5.12478 11.9329 0.299999
    endloop
  endfacet
  facet normal 0.866062 0.499936 1.19292e-05
    outer loop
      vertex 5.39655 11.4621 3
      vertex 5.33257 11.573 0.299999
      vertex 5.12478 11.9329 3
    endloop
  endfacet
  facet normal 0.866188 0.499718 -0
    outer loop
      vertex 5.39655 11.4621 0
      vertex 5.33257 11.573 0.299999
      vertex 5.39655 11.4621 3
    endloop
  endfacet
  facet normal 0.866188 0.499718 0
    outer loop
      vertex 5.33257 11.573 0.299999
      vertex 5.39655 11.4621 0
      vertex 5.33257 11.573 0
    endloop
  endfacet
  facet normal 0.207894 -0.978151 0
    outer loop
      vertex 6.69656 15.4631 0
      vertex 7.22823 15.5761 3
      vertex 6.69656 15.4631 3
    endloop
  endfacet
  facet normal 0.207894 -0.978151 0
    outer loop
      vertex 7.22823 15.5761 3
      vertex 6.69656 15.4631 0
      vertex 7.22823 15.5761 0
    endloop
  endfacet
  facet normal 0.587798 0.809008 -0
    outer loop
      vertex 6.2 10.7387 0
      vertex 5.76026 11.0582 3
      vertex 6.2 10.7387 3
    endloop
  endfacet
  facet normal 0.587798 0.809008 0
    outer loop
      vertex 5.76026 11.0582 3
      vertex 6.2 10.7387 0
      vertex 5.76026 11.0582 0
    endloop
  endfacet
  facet normal 0 -1 0
    outer loop
      vertex 7.22823 15.5761 0
      vertex 7.77177 15.5761 3
      vertex 7.22823 15.5761 3
    endloop
  endfacet
  facet normal 0 -1 -0
    outer loop
      vertex 7.77177 15.5761 3
      vertex 7.22823 15.5761 0
      vertex 7.77177 15.5761 0
    endloop
  endfacet
  facet normal 0.951056 0.309019 0
    outer loop
      vertex 4.95682 12.4498 3
      vertex 5.12266 11.9394 0.299999
      vertex 4.95682 12.4498 0
    endloop
  endfacet
  facet normal 0.951052 0.309032 -2.78577e-06
    outer loop
      vertex 5.12478 11.9329 3
      vertex 5.12266 11.9394 0.299999
      vertex 4.95682 12.4498 3
    endloop
  endfacet
  facet normal 0.950711 0.310078 0
    outer loop
      vertex 5.12266 11.9394 0.299999
      vertex 5.12478 11.9329 3
      vertex 5.12478 11.9329 0.299999
    endloop
  endfacet
  facet normal 0.951056 0.309019 0
    outer loop
      vertex 4.95682 12.4498 0
      vertex 5.12266 11.9394 0.299999
      vertex 5.12266 11.9394 0
    endloop
  endfacet
  facet normal -0.867798 0.496918 0
    outer loop
      vertex 9.87522 11.9329 0
      vertex 9.87041 11.9245 2
      vertex 9.87522 11.9329 3
    endloop
  endfacet
  facet normal -0.866054 0.499951 0
    outer loop
      vertex 9.61764 11.4867 0.299999
      vertex 9.87522 11.9329 0
      vertex 9.61764 11.4867 0
    endloop
  endfacet
  facet normal -0.866049 0.49996 1.69827e-05
    outer loop
      vertex 9.87522 11.9329 0
      vertex 9.61764 11.4867 0.299999
      vertex 9.87041 11.9245 2
    endloop
  endfacet
  facet normal -0.866068 0.499926 0
    outer loop
      vertex 9.60344 11.4621 2
      vertex 9.61764 11.4867 0.299999
      vertex 9.60344 11.4621 0.299999
    endloop
  endfacet
  facet normal -0.866023 0.500005 1.52255e-06
    outer loop
      vertex 9.61764 11.4867 0.299999
      vertex 9.60344 11.4621 2
      vertex 9.87041 11.9245 2
    endloop
  endfacet
  facet normal -0.867798 0.496918 0
    outer loop
      vertex 9.87522 11.9329 3
      vertex 9.87041 11.9245 2
      vertex 9.87041 11.9245 3
    endloop
  endfacet
  facet normal 0.207894 0.978151 -0
    outer loop
      vertex 7.22823 10.4046 0
      vertex 6.69656 10.5176 3
      vertex 7.22823 10.4046 3
    endloop
  endfacet
  facet normal 0.207894 0.978151 0
    outer loop
      vertex 6.69656 10.5176 3
      vertex 7.22823 10.4046 0
      vertex 6.69656 10.5176 0
    endloop
  endfacet
  facet normal -0.207894 0.978151 2.59919e-05
    outer loop
      vertex 8.30344 10.5176 3
      vertex 7.77849 10.4061 0.299999
      vertex 7.77177 10.4046 3
    endloop
  endfacet
  facet normal -0.207766 0.978178 0
    outer loop
      vertex 8.30344 10.5176 0
      vertex 7.77849 10.4061 0.299999
      vertex 8.30344 10.5176 3
    endloop
  endfacet
  facet normal -0.207766 0.978178 0
    outer loop
      vertex 7.77849 10.4061 0.299999
      vertex 8.30344 10.5176 0
      vertex 7.77849 10.4061 0
    endloop
  endfacet
  facet normal -0.217853 0.975982 0
    outer loop
      vertex 7.77177 10.4046 3
      vertex 7.77849 10.4061 0.299999
      vertex 7.77177 10.4046 0.299999
    endloop
  endfacet
  facet normal 0.406763 0.913534 -0
    outer loop
      vertex 6.69656 10.5176 0
      vertex 6.2 10.7387 3
      vertex 6.69656 10.5176 3
    endloop
  endfacet
  facet normal 0.406763 0.913534 0
    outer loop
      vertex 6.2 10.7387 3
      vertex 6.69656 10.5176 0
      vertex 6.2 10.7387 0
    endloop
  endfacet
  facet normal 0.866023 0.500005 1.52255e-06
    outer loop
      vertex -9.60344 11.4621 2
      vertex -9.61764 11.4867 0.299999
      vertex -9.87041 11.9245 2
    endloop
  endfacet
  facet normal 0.866068 0.499926 0
    outer loop
      vertex -9.61764 11.4867 0.299999
      vertex -9.60344 11.4621 2
      vertex -9.60344 11.4621 0.299999
    endloop
  endfacet
  facet normal 0.867798 0.496918 -0
    outer loop
      vertex -9.87041 11.9245 2
      vertex -9.87522 11.9329 3
      vertex -9.87041 11.9245 3
    endloop
  endfacet
  facet normal 0.867798 0.496918 0
    outer loop
      vertex -9.87522 11.9329 3
      vertex -9.87041 11.9245 2
      vertex -9.87522 11.9329 0
    endloop
  endfacet
  facet normal 0.866049 0.49996 1.69827e-05
    outer loop
      vertex -9.61764 11.4867 0.299999
      vertex -9.87522 11.9329 0
      vertex -9.87041 11.9245 2
    endloop
  endfacet
  facet normal 0.866054 0.499951 0
    outer loop
      vertex -9.87522 11.9329 0
      vertex -9.61764 11.4867 0.299999
      vertex -9.61764 11.4867 0
    endloop
  endfacet
  facet normal 0.743183 -0.669089 0
    outer loop
      vertex -9.60344 14.5186 3
      vertex -9.42437 14.7175 0
      vertex -9.42437 14.7175 3
    endloop
  endfacet
  facet normal 0.743183 -0.669089 0
    outer loop
      vertex -9.42437 14.7175 0
      vertex -9.60344 14.5186 3
      vertex -9.60344 14.5186 0
    endloop
  endfacet
  facet normal -0.587677 -0.809096 0
    outer loop
      vertex -6.2 15.242 0
      vertex -5.76026 14.9226 3
      vertex -6.2 15.242 3
    endloop
  endfacet
  facet normal -0.587677 -0.809096 -0
    outer loop
      vertex -5.76026 14.9226 3
      vertex -6.2 15.242 0
      vertex -5.76026 14.9226 0
    endloop
  endfacet
  facet normal -0.866188 0.499718 0
    outer loop
      vertex -5.33257 11.573 0
      vertex -5.39655 11.4621 0
      vertex -5.33257 11.573 0.299999
    endloop
  endfacet
  facet normal -0.866024 0.500003 0
    outer loop
      vertex -5.33257 11.573 0.299999
      vertex -5.12478 11.9329 3
      vertex -5.12478 11.9329 0.299999
    endloop
  endfacet
  facet normal -0.866188 0.499718 0
    outer loop
      vertex -5.39655 11.4621 3
      vertex -5.33257 11.573 0.299999
      vertex -5.39655 11.4621 0
    endloop
  endfacet
  facet normal -0.866062 0.499936 1.19292e-05
    outer loop
      vertex -5.33257 11.573 0.299999
      vertex -5.39655 11.4621 3
      vertex -5.12478 11.9329 3
    endloop
  endfacet
  facet normal -0.207894 -0.978151 0
    outer loop
      vertex -7.22823 15.5761 0
      vertex -6.69656 15.4631 3
      vertex -7.22823 15.5761 3
    endloop
  endfacet
  facet normal -0.207894 -0.978151 -0
    outer loop
      vertex -6.69656 15.4631 3
      vertex -7.22823 15.5761 0
      vertex -6.69656 15.4631 0
    endloop
  endfacet
  facet normal -0.951029 -0.3091 0
    outer loop
      vertex -4.95682 13.531 0
      vertex -5.05621 13.8368 0.299999
      vertex -5.05621 13.8368 0
    endloop
  endfacet
  facet normal -0.951029 -0.309102 1.77764e-06
    outer loop
      vertex -5.05621 13.8368 0.299999
      vertex -4.95682 13.531 0
      vertex -4.97895 13.5991 2
    endloop
  endfacet
  facet normal -0.951044 -0.309054 -0
    outer loop
      vertex -4.95682 13.531 3
      vertex -4.97895 13.5991 2
      vertex -4.95682 13.531 0
    endloop
  endfacet
  facet normal -0.951044 -0.309054 0
    outer loop
      vertex -4.97895 13.5991 2
      vertex -4.95682 13.531 3
      vertex -4.97895 13.5991 3
    endloop
  endfacet
  facet normal -0.951084 -0.308933 0
    outer loop
      vertex -5.05621 13.8368 0.299999
      vertex -5.12478 14.0479 2
      vertex -5.12478 14.0479 0.299999
    endloop
  endfacet
  facet normal -0.951053 -0.309029 1.30848e-05
    outer loop
      vertex -5.12478 14.0479 2
      vertex -5.05621 13.8368 0.299999
      vertex -4.97895 13.5991 2
    endloop
  endfacet
  facet normal 0.951041 0.309065 0
    outer loop
      vertex -9.87522 11.9329 3
      vertex -10.0432 12.4498 0
      vertex -10.0432 12.4498 3
    endloop
  endfacet
  facet normal 0.951041 0.309065 0
    outer loop
      vertex -10.0432 12.4498 0
      vertex -9.87522 11.9329 3
      vertex -9.87522 11.9329 0
    endloop
  endfacet
  facet normal 0.587954 0.808894 2.68052e-05
    outer loop
      vertex -8.8 10.7387 0
      vertex -9.01266 10.8932 2.24461
      vertex -8.95075 10.8482 2.24461
    endloop
  endfacet
  facet normal 0.587693 0.809084 -0
    outer loop
      vertex -8.8 10.7387 0
      vertex -8.95075 10.8482 2.24461
      vertex -8.8 10.7387 2.40007
    endloop
  endfacet
  facet normal 0.587798 0.809008 4.13092e-06
    outer loop
      vertex -9.01266 10.8932 2.24461
      vertex -8.8 10.7387 0
      vertex -9.23974 11.0582 0
    endloop
  endfacet
  facet normal 0.587824 0.808989 0
    outer loop
      vertex -9.01266 10.8932 2.24461
      vertex -9.23974 11.0582 0
      vertex -9.23974 11.0582 2.24461
    endloop
  endfacet
  facet normal -0.207894 0.978151 0
    outer loop
      vertex -6.69656 10.5176 0
      vertex -7.22823 10.4046 3
      vertex -6.69656 10.5176 3
    endloop
  endfacet
  facet normal -0.207894 0.978151 0
    outer loop
      vertex -7.22823 10.4046 3
      vertex -6.69656 10.5176 0
      vertex -7.22823 10.4046 0
    endloop
  endfacet
  facet normal 0.994526 0.104493 0
    outer loop
      vertex -10.0432 12.4498 3
      vertex -10.1 12.9904 0
      vertex -10.1 12.9904 3
    endloop
  endfacet
  facet normal 0.994526 0.104493 0
    outer loop
      vertex -10.1 12.9904 0
      vertex -10.0432 12.4498 3
      vertex -10.0432 12.4498 0
    endloop
  endfacet
  facet normal -0.994522 0.10453 0
    outer loop
      vertex -4.95682 12.4498 0
      vertex -4.9 12.9904 3
      vertex -4.9 12.9904 0
    endloop
  endfacet
  facet normal -0.994522 0.10453 0
    outer loop
      vertex -4.9 12.9904 3
      vertex -4.95682 12.4498 0
      vertex -4.95682 12.4498 3
    endloop
  endfacet
  facet normal 0 -1 0
    outer loop
      vertex -7.77177 15.5761 0
      vertex -7.22823 15.5761 3
      vertex -7.77177 15.5761 3
    endloop
  endfacet
  facet normal 0 -1 -0
    outer loop
      vertex -7.22823 15.5761 3
      vertex -7.77177 15.5761 0
      vertex -7.22823 15.5761 0
    endloop
  endfacet
  facet normal 0.866008 -0.500029 0
    outer loop
      vertex -9.87522 14.0479 3
      vertex -9.60344 14.5186 0
      vertex -9.60344 14.5186 3
    endloop
  endfacet
  facet normal 0.866008 -0.500029 0
    outer loop
      vertex -9.60344 14.5186 0
      vertex -9.87522 14.0479 3
      vertex -9.87522 14.0479 0
    endloop
  endfacet
  facet normal 0.740526 0.672028 0
    outer loop
      vertex -9.28767 11.1114 2.2891
      vertex -9.28404 11.1074 2.28177
      vertex -9.28767 11.1114 2
    endloop
  endfacet
  facet normal 0.743115 0.669164 0
    outer loop
      vertex -9.60344 11.4621 2
      vertex -9.45495 11.2972 0.299999
      vertex -9.60344 11.4621 0.299999
    endloop
  endfacet
  facet normal 0.743147 0.669129 6.19507e-06
    outer loop
      vertex -9.28767 11.1114 2
      vertex -9.45495 11.2972 0.299999
      vertex -9.60344 11.4621 2
    endloop
  endfacet
  facet normal 0.74313 0.669147 9.80782e-06
    outer loop
      vertex -9.23974 11.0582 0
      vertex -9.45495 11.2972 0.299999
      vertex -9.28767 11.1114 2
    endloop
  endfacet
  facet normal 0.743116 0.669162 -7.40373e-05
    outer loop
      vertex -9.23974 11.0582 2.24461
      vertex -9.28767 11.1114 2
      vertex -9.28404 11.1074 2.28177
    endloop
  endfacet
  facet normal 0.742947 0.66935 -0
    outer loop
      vertex -9.23974 11.0582 0
      vertex -9.28767 11.1114 2
      vertex -9.23974 11.0582 2.24461
    endloop
  endfacet
  facet normal 0.743124 0.669154 0
    outer loop
      vertex -9.45495 11.2972 0.299999
      vertex -9.23974 11.0582 0
      vertex -9.45495 11.2972 0
    endloop
  endfacet
  facet normal -0.743194 -0.669077 0
    outer loop
      vertex -5.39655 14.5186 0
      vertex -5.76026 14.9226 3
      vertex -5.76026 14.9226 0
    endloop
  endfacet
  facet normal -0.743194 -0.669077 0
    outer loop
      vertex -5.76026 14.9226 3
      vertex -5.39655 14.5186 0
      vertex -5.39655 14.5186 3
    endloop
  endfacet
  facet normal 0.994526 -0.104493 0
    outer loop
      vertex -10.1 12.9904 3
      vertex -10.0432 13.531 0
      vertex -10.0432 13.531 3
    endloop
  endfacet
  facet normal 0.994526 -0.104493 0
    outer loop
      vertex -10.0432 13.531 0
      vertex -10.1 12.9904 3
      vertex -10.1 12.9904 0
    endloop
  endfacet
  facet normal 0.406735 0.913546 0.000121356
    outer loop
      vertex -8.30344 10.5176 3
      vertex -8.50778 10.6086 2.83189
      vertex -8.43124 10.5745 3
    endloop
  endfacet
  facet normal 0.406677 0.913572 0.000206334
    outer loop
      vertex -8.30344 10.5176 3
      vertex -8.70442 10.6962 2.54132
      vertex -8.50778 10.6086 2.83189
    endloop
  endfacet
  facet normal 0.406874 0.913484 -0
    outer loop
      vertex -8.30344 10.5176 0
      vertex -8.70442 10.6962 2.54132
      vertex -8.30344 10.5176 3
    endloop
  endfacet
  facet normal 0.406407 0.913692 -8.82707e-05
    outer loop
      vertex -8.70442 10.6962 2.54132
      vertex -8.30344 10.5176 0
      vertex -8.8 10.7387 2.40007
    endloop
  endfacet
  facet normal 0.406763 0.913534 0
    outer loop
      vertex -8.8 10.7387 2.40007
      vertex -8.30344 10.5176 0
      vertex -8.8 10.7387 0
    endloop
  endfacet
  facet normal -0.406763 0.913534 0
    outer loop
      vertex -6.2 10.7387 0
      vertex -6.69656 10.5176 3
      vertex -6.2 10.7387 3
    endloop
  endfacet
  facet normal -0.406763 0.913534 0
    outer loop
      vertex -6.69656 10.5176 3
      vertex -6.2 10.7387 0
      vertex -6.69656 10.5176 0
    endloop
  endfacet
  facet normal 0.951041 -0.309065 0
    outer loop
      vertex -10.0432 13.531 3
      vertex -9.87522 14.0479 0
      vertex -9.87522 14.0479 3
    endloop
  endfacet
  facet normal 0.951041 -0.309065 0
    outer loop
      vertex -9.87522 14.0479 0
      vertex -10.0432 13.531 3
      vertex -10.0432 13.531 0
    endloop
  endfacet
  facet normal -0.994522 -0.10453 0
    outer loop
      vertex -4.9 12.9904 0
      vertex -4.95682 13.531 3
      vertex -4.95682 13.531 0
    endloop
  endfacet
  facet normal -0.994522 -0.10453 0
    outer loop
      vertex -4.95682 13.531 3
      vertex -4.9 12.9904 0
      vertex -4.9 12.9904 3
    endloop
  endfacet
  facet normal -0.406763 -0.913534 0
    outer loop
      vertex -6.69656 15.4631 0
      vertex -6.2 15.242 3
      vertex -6.69656 15.4631 3
    endloop
  endfacet
  facet normal -0.406763 -0.913534 -0
    outer loop
      vertex -6.2 15.242 3
      vertex -6.69656 15.4631 0
      vertex -6.2 15.242 0
    endloop
  endfacet
  facet normal -0.743111 0.669168 0
    outer loop
      vertex -5.76026 11.0582 0
      vertex -5.39655 11.4621 3
      vertex -5.39655 11.4621 0
    endloop
  endfacet
  facet normal -0.743111 0.669168 0
    outer loop
      vertex -5.39655 11.4621 3
      vertex -5.76026 11.0582 0
      vertex -5.76026 11.0582 3
    endloop
  endfacet
  facet normal 0.207765 -0.978179 0
    outer loop
      vertex -8.03354 15.5205 0
      vertex -7.77177 15.5761 3
      vertex -8.03354 15.5205 3
    endloop
  endfacet
  facet normal 0.207765 -0.978179 0
    outer loop
      vertex -7.77177 15.5761 3
      vertex -8.03354 15.5205 0
      vertex -7.77177 15.5761 0
    endloop
  endfacet
  facet normal -0.951056 0.309019 0
    outer loop
      vertex -5.12266 11.9394 0.299999
      vertex -4.95682 12.4498 0
      vertex -5.12266 11.9394 0
    endloop
  endfacet
  facet normal -0.951056 0.309019 0
    outer loop
      vertex -4.95682 12.4498 0
      vertex -5.12266 11.9394 0.299999
      vertex -4.95682 12.4498 3
    endloop
  endfacet
  facet normal -0.950711 0.310078 0
    outer loop
      vertex -5.12478 11.9329 3
      vertex -5.12266 11.9394 0.299999
      vertex -5.12478 11.9329 0.299999
    endloop
  endfacet
  facet normal -0.951052 0.309032 -2.78577e-06
    outer loop
      vertex -5.12266 11.9394 0.299999
      vertex -5.12478 11.9329 3
      vertex -4.95682 12.4498 3
    endloop
  endfacet
  facet normal -0.587798 0.809008 0
    outer loop
      vertex -5.76026 11.0582 0
      vertex -6.2 10.7387 3
      vertex -5.76026 11.0582 3
    endloop
  endfacet
  facet normal -0.587798 0.809008 0
    outer loop
      vertex -6.2 10.7387 3
      vertex -5.76026 11.0582 0
      vertex -6.2 10.7387 0
    endloop
  endfacet
  facet normal 0 1 0
    outer loop
      vertex -7.22823 10.4046 3
      vertex -7.3562 10.4046 0.299999
      vertex -7.77177 10.4046 3
    endloop
  endfacet
  facet normal 0 1 -0
    outer loop
      vertex -7.22823 10.4046 0
      vertex -7.3562 10.4046 0.299999
      vertex -7.22823 10.4046 3
    endloop
  endfacet
  facet normal 0 1 0
    outer loop
      vertex -7.3562 10.4046 0.299999
      vertex -7.22823 10.4046 0
      vertex -7.3562 10.4046 0
    endloop
  endfacet
  facet normal 0 1 0
    outer loop
      vertex -7.77177 10.4046 3
      vertex -7.3562 10.4046 0.299999
      vertex -7.77177 10.4046 0.299999
    endloop
  endfacet
  facet normal 0.217853 0.975982 0
    outer loop
      vertex -7.77849 10.4061 0.299999
      vertex -7.77177 10.4046 3
      vertex -7.77177 10.4046 0.299999
    endloop
  endfacet
  facet normal 0.207894 0.978151 2.59919e-05
    outer loop
      vertex -7.77177 10.4046 3
      vertex -7.77849 10.4061 0.299999
      vertex -8.30344 10.5176 3
    endloop
  endfacet
  facet normal 0.207766 0.978178 0
    outer loop
      vertex -8.30344 10.5176 0
      vertex -7.77849 10.4061 0.299999
      vertex -7.77849 10.4061 0
    endloop
  endfacet
  facet normal 0.207766 0.978178 0
    outer loop
      vertex -7.77849 10.4061 0.299999
      vertex -8.30344 10.5176 0
      vertex -8.30344 10.5176 3
    endloop
  endfacet
  facet normal -0.865664 -0.500625 0
    outer loop
      vertex -5.39655 14.5186 0
      vertex -5.39175 14.5103 2
      vertex -5.39655 14.5186 3
    endloop
  endfacet
  facet normal -0.866014 -0.50002 -0
    outer loop
      vertex -5.13898 14.0725 0.299999
      vertex -5.39655 14.5186 0
      vertex -5.13898 14.0725 0
    endloop
  endfacet
  facet normal -0.866015 -0.500019 3.35714e-06
    outer loop
      vertex -5.39655 14.5186 0
      vertex -5.13898 14.0725 0.299999
      vertex -5.39175 14.5103 2
    endloop
  endfacet
  facet normal -0.866068 -0.499926 -0
    outer loop
      vertex -5.12478 14.0479 2
      vertex -5.13898 14.0725 0.299999
      vertex -5.12478 14.0479 0.299999
    endloop
  endfacet
  facet normal -0.866023 -0.500005 -1.52255e-06
    outer loop
      vertex -5.13898 14.0725 0.299999
      vertex -5.12478 14.0479 2
      vertex -5.39175 14.5103 2
    endloop
  endfacet
  facet normal -0.865664 -0.500625 0
    outer loop
      vertex -5.39655 14.5186 3
      vertex -5.39175 14.5103 2
      vertex -5.39175 14.5103 3
    endloop
  endfacet
  facet normal -0.743068 -0.669216 -0
    outer loop
      vertex -12.9011 1.53334 0.299999
      vertex -13.2603 1.93218 0
      vertex -12.9011 1.53334 0
    endloop
  endfacet
  facet normal -0.743068 -0.669216 0
    outer loop
      vertex -13.2603 1.93218 0
      vertex -12.9011 1.53334 0.299999
      vertex -13.2603 1.93218 3
    endloop
  endfacet
  facet normal -0.749838 -0.661622 -0
    outer loop
      vertex -12.8966 1.52824 3
      vertex -12.9011 1.53334 0.299999
      vertex -12.8966 1.52824 0.299999
    endloop
  endfacet
  facet normal -0.743153 -0.669121 -2.53069e-05
    outer loop
      vertex -12.9011 1.53334 0.299999
      vertex -12.8966 1.52824 3
      vertex -13.2603 1.93218 3
    endloop
  endfacet
  facet normal -0.994525 0.104499 0
    outer loop
      vertex -12.4568 -0.54057 0
      vertex -12.4 0 3
      vertex -12.4 0 0
    endloop
  endfacet
  facet normal -0.994525 0.104499 0
    outer loop
      vertex -12.4 0 3
      vertex -12.4568 -0.54057 0
      vertex -12.4568 -0.54057 3
    endloop
  endfacet
  facet normal 0.866002 0.500041 0
    outer loop
      vertex -17.1034 -1.52824 3
      vertex -17.3752 -1.05752 0
      vertex -17.3752 -1.05752 3
    endloop
  endfacet
  facet normal 0.866002 0.500041 0
    outer loop
      vertex -17.3752 -1.05752 0
      vertex -17.1034 -1.52824 3
      vertex -17.1034 -1.52824 0
    endloop
  endfacet
  facet normal 0.743153 0.669121 0
    outer loop
      vertex -16.7397 -1.93218 3
      vertex -17.1034 -1.52824 0
      vertex -17.1034 -1.52824 3
    endloop
  endfacet
  facet normal 0.743153 0.669121 0
    outer loop
      vertex -17.1034 -1.52824 0
      vertex -16.7397 -1.93218 3
      vertex -16.7397 -1.93218 0
    endloop
  endfacet
  facet normal 0.866002 -0.500041 0
    outer loop
      vertex -17.3752 1.05752 3
      vertex -17.1034 1.52824 0
      vertex -17.1034 1.52824 3
    endloop
  endfacet
  facet normal 0.866002 -0.500041 0
    outer loop
      vertex -17.1034 1.52824 0
      vertex -17.3752 1.05752 3
      vertex -17.3752 1.05752 0
    endloop
  endfacet
  facet normal -0.406705 0.91356 0
    outer loop
      vertex -13.7 -2.25167 0
      vertex -14.1966 -2.47275 3
      vertex -13.7 -2.25167 3
    endloop
  endfacet
  facet normal -0.406705 0.91356 0
    outer loop
      vertex -14.1966 -2.47275 3
      vertex -13.7 -2.25167 0
      vertex -14.1966 -2.47275 0
    endloop
  endfacet
  facet normal 0 -1 0
    outer loop
      vertex -15.2718 2.58576 3
      vertex -15.2622 2.58576 2
      vertex -15.2622 2.58576 3
    endloop
  endfacet
  facet normal 0 -1 0
    outer loop
      vertex -15.2622 2.58576 2
      vertex -14.7566 2.58576 0.299999
      vertex -14.7282 2.58576 2
    endloop
  endfacet
  facet normal 0 -1 0
    outer loop
      vertex -15.2718 2.58576 0
      vertex -15.2622 2.58576 2
      vertex -15.2718 2.58576 3
    endloop
  endfacet
  facet normal 0 -1 0
    outer loop
      vertex -15.2718 2.58576 0
      vertex -14.7566 2.58576 0.299999
      vertex -15.2622 2.58576 2
    endloop
  endfacet
  facet normal 0 -1 -0
    outer loop
      vertex -14.7566 2.58576 0.299999
      vertex -15.2718 2.58576 0
      vertex -14.7566 2.58576 0
    endloop
  endfacet
  facet normal 0 -1 -0
    outer loop
      vertex -14.7282 2.58576 2
      vertex -14.7566 2.58576 0.299999
      vertex -14.7282 2.58576 0.299999
    endloop
  endfacet
  facet normal 0.58782 0.808991 -0
    outer loop
      vertex -16.3 -2.25167 0
      vertex -16.7397 -1.93218 3
      vertex -16.3 -2.25167 3
    endloop
  endfacet
  facet normal 0.58782 0.808991 0
    outer loop
      vertex -16.7397 -1.93218 3
      vertex -16.3 -2.25167 0
      vertex -16.7397 -1.93218 0
    endloop
  endfacet
  facet normal -0.58782 0.808991 0
    outer loop
      vertex -13.2603 -1.93218 0
      vertex -13.7 -2.25167 3
      vertex -13.2603 -1.93218 3
    endloop
  endfacet
  facet normal -0.58782 0.808991 0
    outer loop
      vertex -13.7 -2.25167 3
      vertex -13.2603 -1.93218 0
      vertex -13.7 -2.25167 0
    endloop
  endfacet
  facet normal 0.207938 -0.978142 0
    outer loop
      vertex -15.8034 2.47275 0
      vertex -15.2718 2.58576 3
      vertex -15.8034 2.47275 3
    endloop
  endfacet
  facet normal 0.207938 -0.978142 0
    outer loop
      vertex -15.2718 2.58576 3
      vertex -15.8034 2.47275 0
      vertex -15.2718 2.58576 0
    endloop
  endfacet
  facet normal 0.58782 -0.808991 0
    outer loop
      vertex -16.7397 1.93218 0
      vertex -16.3 2.25167 3
      vertex -16.7397 1.93218 3
    endloop
  endfacet
  facet normal 0.58782 -0.808991 0
    outer loop
      vertex -16.3 2.25167 3
      vertex -16.7397 1.93218 0
      vertex -16.3 2.25167 0
    endloop
  endfacet
  facet normal -0.951039 -0.309072 0
    outer loop
      vertex -12.4568 0.54057 0
      vertex -12.6248 1.05752 3
      vertex -12.6248 1.05752 0
    endloop
  endfacet
  facet normal -0.951039 -0.309072 0
    outer loop
      vertex -12.6248 1.05752 3
      vertex -12.4568 0.54057 0
      vertex -12.4568 0.54057 3
    endloop
  endfacet
  facet normal -0.994525 -0.104499 0
    outer loop
      vertex -12.4 0 0
      vertex -12.4568 0.54057 3
      vertex -12.4568 0.54057 0
    endloop
  endfacet
  facet normal -0.994525 -0.104499 0
    outer loop
      vertex -12.4568 0.54057 3
      vertex -12.4 0 0
      vertex -12.4 0 3
    endloop
  endfacet
  facet normal 0.743153 -0.669121 0
    outer loop
      vertex -17.1034 1.52824 3
      vertex -16.7397 1.93218 0
      vertex -16.7397 1.93218 3
    endloop
  endfacet
  facet normal 0.743153 -0.669121 0
    outer loop
      vertex -16.7397 1.93218 0
      vertex -17.1034 1.52824 3
      vertex -17.1034 1.52824 0
    endloop
  endfacet
  facet normal 0.951057 0.309014 0
    outer loop
      vertex -17.3752 -1.05752 3
      vertex -17.4579 -0.802993 0
      vertex -17.4579 -0.802993 3
    endloop
  endfacet
  facet normal 0.951057 0.309014 0
    outer loop
      vertex -17.4579 -0.802993 0
      vertex -17.3752 -1.05752 3
      vertex -17.3752 -1.05752 0
    endloop
  endfacet
  facet normal 0.406705 -0.91356 0
    outer loop
      vertex -16.3 2.25167 0
      vertex -15.8034 2.47275 3
      vertex -16.3 2.25167 3
    endloop
  endfacet
  facet normal 0.406705 -0.91356 0
    outer loop
      vertex -15.8034 2.47275 3
      vertex -16.3 2.25167 0
      vertex -15.8034 2.47275 0
    endloop
  endfacet
  facet normal 0.951057 -0.309014 0
    outer loop
      vertex -17.4579 0.802993 3
      vertex -17.3752 1.05752 0
      vertex -17.3752 1.05752 3
    endloop
  endfacet
  facet normal 0.951057 -0.309014 0
    outer loop
      vertex -17.3752 1.05752 0
      vertex -17.4579 0.802993 3
      vertex -17.4579 0.802993 0
    endloop
  endfacet
  facet normal 0.406705 0.91356 -0
    outer loop
      vertex -15.8034 -2.47275 0
      vertex -16.3 -2.25167 3
      vertex -15.8034 -2.47275 3
    endloop
  endfacet
  facet normal 0.406705 0.91356 0
    outer loop
      vertex -16.3 -2.25167 3
      vertex -15.8034 -2.47275 0
      vertex -16.3 -2.25167 0
    endloop
  endfacet
  facet normal -0.207977 -0.978134 0
    outer loop
      vertex -14.5112 2.53962 0.299999
      vertex -14.7282 2.58576 2
      vertex -14.7282 2.58576 0.299999
    endloop
  endfacet
  facet normal -0.208059 -0.978116 0
    outer loop
      vertex -14.2666 2.48764 2
      vertex -14.1966 2.47275 3
      vertex -14.2666 2.48764 3
    endloop
  endfacet
  facet normal -0.20792 -0.978146 7.70829e-06
    outer loop
      vertex -14.7282 2.58576 2
      vertex -14.5112 2.53962 0.299999
      vertex -14.2666 2.48764 2
    endloop
  endfacet
  facet normal -0.207911 -0.978148 0
    outer loop
      vertex -14.1966 2.47275 0
      vertex -14.5112 2.53962 0.299999
      vertex -14.5112 2.53962 0
    endloop
  endfacet
  facet normal -0.208059 -0.978116 0
    outer loop
      vertex -14.2666 2.48764 2
      vertex -14.1966 2.47275 0
      vertex -14.1966 2.47275 3
    endloop
  endfacet
  facet normal -0.207906 -0.978149 5.61929e-06
    outer loop
      vertex -14.5112 2.53962 0.299999
      vertex -14.1966 2.47275 0
      vertex -14.2666 2.48764 2
    endloop
  endfacet
  facet normal -0.866007 -0.500031 0
    outer loop
      vertex -12.6888 1.16835 0.299999
      vertex -12.8966 1.52824 3
      vertex -12.8966 1.52824 0.299999
    endloop
  endfacet
  facet normal -0.865984 -0.500072 -0
    outer loop
      vertex -12.6248 1.05752 3
      vertex -12.6888 1.16835 0.299999
      vertex -12.6248 1.05752 0
    endloop
  endfacet
  facet normal -0.866002 -0.500041 1.69392e-06
    outer loop
      vertex -12.6888 1.16835 0.299999
      vertex -12.6248 1.05752 3
      vertex -12.8966 1.52824 3
    endloop
  endfacet
  facet normal -0.865984 -0.500072 0
    outer loop
      vertex -12.6888 1.16835 0
      vertex -12.6248 1.05752 0
      vertex -12.6888 1.16835 0.299999
    endloop
  endfacet
  facet normal -0.208059 0.978116 0
    outer loop
      vertex -14.1966 -2.47275 3
      vertex -14.2666 -2.48764 2
      vertex -14.2666 -2.48764 3
    endloop
  endfacet
  facet normal -0.20792 0.978146 7.70829e-06
    outer loop
      vertex -14.2666 -2.48764 2
      vertex -14.5112 -2.53962 0.299999
      vertex -14.7282 -2.58576 2
    endloop
  endfacet
  facet normal -0.208059 0.978116 0
    outer loop
      vertex -14.1966 -2.47275 0
      vertex -14.2666 -2.48764 2
      vertex -14.1966 -2.47275 3
    endloop
  endfacet
  facet normal -0.207906 0.978149 5.61929e-06
    outer loop
      vertex -14.1966 -2.47275 0
      vertex -14.5112 -2.53962 0.299999
      vertex -14.2666 -2.48764 2
    endloop
  endfacet
  facet normal -0.207911 0.978148 0
    outer loop
      vertex -14.5112 -2.53962 0.299999
      vertex -14.1966 -2.47275 0
      vertex -14.5112 -2.53962 0
    endloop
  endfacet
  facet normal -0.207977 0.978134 0
    outer loop
      vertex -14.7282 -2.58576 2
      vertex -14.5112 -2.53962 0.299999
      vertex -14.7282 -2.58576 0.299999
    endloop
  endfacet
  facet normal -0.743068 0.669216 0
    outer loop
      vertex -12.9011 -1.53334 0
      vertex -13.2603 -1.93218 0
      vertex -12.9011 -1.53334 0.299999
    endloop
  endfacet
  facet normal -0.749838 0.661622 0
    outer loop
      vertex -12.9011 -1.53334 0.299999
      vertex -12.8966 -1.52824 3
      vertex -12.8966 -1.52824 0.299999
    endloop
  endfacet
  facet normal -0.743068 0.669216 0
    outer loop
      vertex -13.2603 -1.93218 3
      vertex -12.9011 -1.53334 0.299999
      vertex -13.2603 -1.93218 0
    endloop
  endfacet
  facet normal -0.743153 0.669121 -2.53069e-05
    outer loop
      vertex -12.9011 -1.53334 0.299999
      vertex -13.2603 -1.93218 3
      vertex -12.8966 -1.52824 3
    endloop
  endfacet
  facet normal -0.58782 -0.808991 0
    outer loop
      vertex -13.7 2.25167 0
      vertex -13.2603 1.93218 3
      vertex -13.7 2.25167 3
    endloop
  endfacet
  facet normal -0.58782 -0.808991 -0
    outer loop
      vertex -13.2603 1.93218 3
      vertex -13.7 2.25167 0
      vertex -13.2603 1.93218 0
    endloop
  endfacet
  facet normal -0.865984 0.500072 0
    outer loop
      vertex -12.6888 -1.16835 0.299999
      vertex -12.6248 -1.05752 0
      vertex -12.6888 -1.16835 0
    endloop
  endfacet
  facet normal -0.865984 0.500072 0
    outer loop
      vertex -12.6248 -1.05752 0
      vertex -12.6888 -1.16835 0.299999
      vertex -12.6248 -1.05752 3
    endloop
  endfacet
  facet normal -0.866007 0.500031 0
    outer loop
      vertex -12.8966 -1.52824 3
      vertex -12.6888 -1.16835 0.299999
      vertex -12.8966 -1.52824 0.299999
    endloop
  endfacet
  facet normal -0.866002 0.500041 1.69392e-06
    outer loop
      vertex -12.6888 -1.16835 0.299999
      vertex -12.8966 -1.52824 3
      vertex -12.6248 -1.05752 3
    endloop
  endfacet
  facet normal 0.207938 0.978142 -0
    outer loop
      vertex -15.2718 -2.58576 0
      vertex -15.8034 -2.47275 3
      vertex -15.2718 -2.58576 3
    endloop
  endfacet
  facet normal 0.207938 0.978142 0
    outer loop
      vertex -15.8034 -2.47275 3
      vertex -15.2718 -2.58576 0
      vertex -15.8034 -2.47275 0
    endloop
  endfacet
  facet normal 0 1 0
    outer loop
      vertex -14.7566 -2.58576 0.299999
      vertex -14.7282 -2.58576 2
      vertex -14.7282 -2.58576 0.299999
    endloop
  endfacet
  facet normal 0 1 -0
    outer loop
      vertex -15.2622 -2.58576 2
      vertex -15.2718 -2.58576 3
      vertex -15.2622 -2.58576 3
    endloop
  endfacet
  facet normal 0 1 0
    outer loop
      vertex -14.7282 -2.58576 2
      vertex -14.7566 -2.58576 0.299999
      vertex -15.2622 -2.58576 2
    endloop
  endfacet
  facet normal 0 1 0
    outer loop
      vertex -15.2718 -2.58576 0
      vertex -14.7566 -2.58576 0.299999
      vertex -14.7566 -2.58576 0
    endloop
  endfacet
  facet normal 0 1 0
    outer loop
      vertex -15.2622 -2.58576 2
      vertex -15.2718 -2.58576 0
      vertex -15.2718 -2.58576 3
    endloop
  endfacet
  facet normal 0 1 0
    outer loop
      vertex -14.7566 -2.58576 0.299999
      vertex -15.2718 -2.58576 0
      vertex -15.2622 -2.58576 2
    endloop
  endfacet
  facet normal -0.406705 -0.91356 0
    outer loop
      vertex -14.1966 2.47275 0
      vertex -13.7 2.25167 3
      vertex -14.1966 2.47275 3
    endloop
  endfacet
  facet normal -0.406705 -0.91356 -0
    outer loop
      vertex -13.7 2.25167 3
      vertex -14.1966 2.47275 0
      vertex -13.7 2.25167 0
    endloop
  endfacet
  facet normal -0.951039 0.309072 0
    outer loop
      vertex -12.6248 -1.05752 0
      vertex -12.4568 -0.54057 3
      vertex -12.4568 -0.54057 0
    endloop
  endfacet
  facet normal -0.951039 0.309072 0
    outer loop
      vertex -12.4568 -0.54057 3
      vertex -12.6248 -1.05752 0
      vertex -12.6248 -1.05752 3
    endloop
  endfacet
  facet normal 0.743183 0.669089 0
    outer loop
      vertex -9.42437 -14.7175 3
      vertex -9.60344 -14.5186 0
      vertex -9.60344 -14.5186 3
    endloop
  endfacet
  facet normal 0.743183 0.669089 0
    outer loop
      vertex -9.60344 -14.5186 0
      vertex -9.42437 -14.7175 3
      vertex -9.42437 -14.7175 0
    endloop
  endfacet
  facet normal 0.406735 -0.913546 0.000121356
    outer loop
      vertex -8.50778 -10.6086 2.83189
      vertex -8.30344 -10.5176 3
      vertex -8.43124 -10.5745 3
    endloop
  endfacet
  facet normal 0.406677 -0.913572 0.000206334
    outer loop
      vertex -8.70442 -10.6962 2.54132
      vertex -8.30344 -10.5176 3
      vertex -8.50778 -10.6086 2.83189
    endloop
  endfacet
  facet normal 0.406407 -0.913692 -8.82707e-05
    outer loop
      vertex -8.30344 -10.5176 0
      vertex -8.70442 -10.6962 2.54132
      vertex -8.8 -10.7387 2.40007
    endloop
  endfacet
  facet normal 0.406763 -0.913534 0
    outer loop
      vertex -8.30344 -10.5176 0
      vertex -8.8 -10.7387 2.40007
      vertex -8.8 -10.7387 0
    endloop
  endfacet
  facet normal 0.406874 -0.913484 0
    outer loop
      vertex -8.70442 -10.6962 2.54132
      vertex -8.30344 -10.5176 0
      vertex -8.30344 -10.5176 3
    endloop
  endfacet
  facet normal -0.743194 0.669077 0
    outer loop
      vertex -5.76026 -14.9226 0
      vertex -5.39655 -14.5186 3
      vertex -5.39655 -14.5186 0
    endloop
  endfacet
  facet normal -0.743194 0.669077 0
    outer loop
      vertex -5.39655 -14.5186 3
      vertex -5.76026 -14.9226 0
      vertex -5.76026 -14.9226 3
    endloop
  endfacet
  facet normal 0.994526 -0.104493 0
    outer loop
      vertex -10.1 -12.9904 3
      vertex -10.0432 -12.4498 0
      vertex -10.0432 -12.4498 3
    endloop
  endfacet
  facet normal 0.994526 -0.104493 0
    outer loop
      vertex -10.0432 -12.4498 0
      vertex -10.1 -12.9904 3
      vertex -10.1 -12.9904 0
    endloop
  endfacet
  facet normal 0.951041 -0.309065 0
    outer loop
      vertex -10.0432 -12.4498 3
      vertex -9.87522 -11.9329 0
      vertex -9.87522 -11.9329 3
    endloop
  endfacet
  facet normal 0.951041 -0.309065 0
    outer loop
      vertex -9.87522 -11.9329 0
      vertex -10.0432 -12.4498 3
      vertex -10.0432 -12.4498 0
    endloop
  endfacet
  facet normal -0.207894 0.978151 0
    outer loop
      vertex -6.69656 -15.4631 0
      vertex -7.22823 -15.5761 3
      vertex -6.69656 -15.4631 3
    endloop
  endfacet
  facet normal -0.207894 0.978151 0
    outer loop
      vertex -7.22823 -15.5761 3
      vertex -6.69656 -15.4631 0
      vertex -7.22823 -15.5761 0
    endloop
  endfacet
  facet normal 0 -1 0
    outer loop
      vertex -7.3562 -10.4046 0.299999
      vertex -7.77177 -10.4046 3
      vertex -7.77177 -10.4046 0.299999
    endloop
  endfacet
  facet normal 0 -1 0
    outer loop
      vertex -7.77177 -10.4046 3
      vertex -7.3562 -10.4046 0.299999
      vertex -7.22823 -10.4046 3
    endloop
  endfacet
  facet normal 0 -1 0
    outer loop
      vertex -7.22823 -10.4046 0
      vertex -7.3562 -10.4046 0.299999
      vertex -7.3562 -10.4046 0
    endloop
  endfacet
  facet normal 0 -1 0
    outer loop
      vertex -7.3562 -10.4046 0.299999
      vertex -7.22823 -10.4046 0
      vertex -7.22823 -10.4046 3
    endloop
  endfacet
  facet normal -0.207894 -0.978151 0
    outer loop
      vertex -7.22823 -10.4046 0
      vertex -6.69656 -10.5176 3
      vertex -7.22823 -10.4046 3
    endloop
  endfacet
  facet normal -0.207894 -0.978151 -0
    outer loop
      vertex -6.69656 -10.5176 3
      vertex -7.22823 -10.4046 0
      vertex -6.69656 -10.5176 0
    endloop
  endfacet
  facet normal 0.207765 0.978179 -0
    outer loop
      vertex -7.77177 -15.5761 0
      vertex -8.03354 -15.5205 3
      vertex -7.77177 -15.5761 3
    endloop
  endfacet
  facet normal 0.207765 0.978179 0
    outer loop
      vertex -8.03354 -15.5205 3
      vertex -7.77177 -15.5761 0
      vertex -8.03354 -15.5205 0
    endloop
  endfacet
  facet normal 0.743147 -0.669129 6.19507e-06
    outer loop
      vertex -9.60344 -11.4621 2
      vertex -9.45495 -11.2972 0.299999
      vertex -9.28767 -11.1114 2
    endloop
  endfacet
  facet normal 0.743115 -0.669164 0
    outer loop
      vertex -9.45495 -11.2972 0.299999
      vertex -9.60344 -11.4621 2
      vertex -9.60344 -11.4621 0.299999
    endloop
  endfacet
  facet normal 0.743116 -0.669162 -7.40373e-05
    outer loop
      vertex -9.28767 -11.1114 2
      vertex -9.23974 -11.0582 2.24461
      vertex -9.28404 -11.1074 2.28177
    endloop
  endfacet
  facet normal 0.740526 -0.672028 0
    outer loop
      vertex -9.28767 -11.1114 2
      vertex -9.28404 -11.1074 2.28177
      vertex -9.28767 -11.1114 2.2891
    endloop
  endfacet
  facet normal 0.742947 -0.66935 0
    outer loop
      vertex -9.23974 -11.0582 2.24461
      vertex -9.28767 -11.1114 2
      vertex -9.23974 -11.0582 0
    endloop
  endfacet
  facet normal 0.74313 -0.669147 9.80782e-06
    outer loop
      vertex -9.45495 -11.2972 0.299999
      vertex -9.23974 -11.0582 0
      vertex -9.28767 -11.1114 2
    endloop
  endfacet
  facet normal 0.743124 -0.669154 0
    outer loop
      vertex -9.23974 -11.0582 0
      vertex -9.45495 -11.2972 0.299999
      vertex -9.45495 -11.2972 0
    endloop
  endfacet
  facet normal -0.406763 0.913534 0
    outer loop
      vertex -6.2 -15.242 0
      vertex -6.69656 -15.4631 3
      vertex -6.2 -15.242 3
    endloop
  endfacet
  facet normal -0.406763 0.913534 0
    outer loop
      vertex -6.69656 -15.4631 3
      vertex -6.2 -15.242 0
      vertex -6.69656 -15.4631 0
    endloop
  endfacet
  facet normal -0.587677 0.809096 0
    outer loop
      vertex -5.76026 -14.9226 0
      vertex -6.2 -15.242 3
      vertex -5.76026 -14.9226 3
    endloop
  endfacet
  facet normal -0.587677 0.809096 0
    outer loop
      vertex -6.2 -15.242 3
      vertex -5.76026 -14.9226 0
      vertex -6.2 -15.242 0
    endloop
  endfacet
  facet normal -0.743111 -0.669168 0
    outer loop
      vertex -5.39655 -11.4621 0
      vertex -5.76026 -11.0582 3
      vertex -5.76026 -11.0582 0
    endloop
  endfacet
  facet normal -0.743111 -0.669168 0
    outer loop
      vertex -5.76026 -11.0582 3
      vertex -5.39655 -11.4621 0
      vertex -5.39655 -11.4621 3
    endloop
  endfacet
  facet normal -0.866188 -0.499718 -0
    outer loop
      vertex -5.33257 -11.573 0.299999
      vertex -5.39655 -11.4621 0
      vertex -5.33257 -11.573 0
    endloop
  endfacet
  facet normal -0.866188 -0.499718 0
    outer loop
      vertex -5.39655 -11.4621 0
      vertex -5.33257 -11.573 0.299999
      vertex -5.39655 -11.4621 3
    endloop
  endfacet
  facet normal -0.866024 -0.500003 -0
    outer loop
      vertex -5.12478 -11.9329 3
      vertex -5.33257 -11.573 0.299999
      vertex -5.12478 -11.9329 0.299999
    endloop
  endfacet
  facet normal -0.866062 -0.499936 1.19292e-05
    outer loop
      vertex -5.33257 -11.573 0.299999
      vertex -5.12478 -11.9329 3
      vertex -5.39655 -11.4621 3
    endloop
  endfacet
  facet normal 0.994526 0.104493 0
    outer loop
      vertex -10.0432 -13.531 3
      vertex -10.1 -12.9904 0
      vertex -10.1 -12.9904 3
    endloop
  endfacet
  facet normal 0.994526 0.104493 0
    outer loop
      vertex -10.1 -12.9904 0
      vertex -10.0432 -13.531 3
      vertex -10.0432 -13.531 0
    endloop
  endfacet
  facet normal -0.951044 0.309054 0
    outer loop
      vertex -4.95682 -13.531 0
      vertex -4.97895 -13.5991 2
      vertex -4.95682 -13.531 3
    endloop
  endfacet
  facet normal -0.951029 0.3091 0
    outer loop
      vertex -5.05621 -13.8368 0.299999
      vertex -4.95682 -13.531 0
      vertex -5.05621 -13.8368 0
    endloop
  endfacet
  facet normal -0.951029 0.309102 1.77764e-06
    outer loop
      vertex -4.95682 -13.531 0
      vertex -5.05621 -13.8368 0.299999
      vertex -4.97895 -13.5991 2
    endloop
  endfacet
  facet normal -0.951084 0.308933 0
    outer loop
      vertex -5.12478 -14.0479 2
      vertex -5.05621 -13.8368 0.299999
      vertex -5.12478 -14.0479 0.299999
    endloop
  endfacet
  facet normal -0.951053 0.309029 1.30848e-05
    outer loop
      vertex -5.05621 -13.8368 0.299999
      vertex -5.12478 -14.0479 2
      vertex -4.97895 -13.5991 2
    endloop
  endfacet
  facet normal -0.951044 0.309054 0
    outer loop
      vertex -4.95682 -13.531 3
      vertex -4.97895 -13.5991 2
      vertex -4.97895 -13.5991 3
    endloop
  endfacet
  facet normal -0.950711 -0.310078 0
    outer loop
      vertex -5.12266 -11.9394 0.299999
      vertex -5.12478 -11.9329 3
      vertex -5.12478 -11.9329 0.299999
    endloop
  endfacet
  facet normal -0.951056 -0.309019 -0
    outer loop
      vertex -4.95682 -12.4498 3
      vertex -5.12266 -11.9394 0.299999
      vertex -4.95682 -12.4498 0
    endloop
  endfacet
  facet normal -0.951052 -0.309032 -2.78577e-06
    outer loop
      vertex -5.12266 -11.9394 0.299999
      vertex -4.95682 -12.4498 3
      vertex -5.12478 -11.9329 3
    endloop
  endfacet
  facet normal -0.951056 -0.309019 0
    outer loop
      vertex -5.12266 -11.9394 0
      vertex -4.95682 -12.4498 0
      vertex -5.12266 -11.9394 0.299999
    endloop
  endfacet
  facet normal -0.866014 0.50002 0
    outer loop
      vertex -5.39655 -14.5186 0
      vertex -5.13898 -14.0725 0.299999
      vertex -5.13898 -14.0725 0
    endloop
  endfacet
  facet normal -0.866015 0.500019 3.35714e-06
    outer loop
      vertex -5.13898 -14.0725 0.299999
      vertex -5.39655 -14.5186 0
      vertex -5.39175 -14.5103 2
    endloop
  endfacet
  facet normal -0.865664 0.500625 0
    outer loop
      vertex -5.39655 -14.5186 3
      vertex -5.39175 -14.5103 2
      vertex -5.39655 -14.5186 0
    endloop
  endfacet
  facet normal -0.865664 0.500625 0
    outer loop
      vertex -5.39175 -14.5103 2
      vertex -5.39655 -14.5186 3
      vertex -5.39175 -14.5103 3
    endloop
  endfacet
  facet normal -0.866068 0.499926 0
    outer loop
      vertex -5.13898 -14.0725 0.299999
      vertex -5.12478 -14.0479 2
      vertex -5.12478 -14.0479 0.299999
    endloop
  endfacet
  facet normal -0.866023 0.500005 -1.52255e-06
    outer loop
      vertex -5.12478 -14.0479 2
      vertex -5.13898 -14.0725 0.299999
      vertex -5.39175 -14.5103 2
    endloop
  endfacet
  facet normal 0.866008 0.500029 0
    outer loop
      vertex -9.60344 -14.5186 3
      vertex -9.87522 -14.0479 0
      vertex -9.87522 -14.0479 3
    endloop
  endfacet
  facet normal 0.866008 0.500029 0
    outer loop
      vertex -9.87522 -14.0479 0
      vertex -9.60344 -14.5186 3
      vertex -9.60344 -14.5186 0
    endloop
  endfacet
  facet normal -0.994522 -0.10453 0
    outer loop
      vertex -4.9 -12.9904 0
      vertex -4.95682 -12.4498 3
      vertex -4.95682 -12.4498 0
    endloop
  endfacet
  facet normal -0.994522 -0.10453 0
    outer loop
      vertex -4.95682 -12.4498 3
      vertex -4.9 -12.9904 0
      vertex -4.9 -12.9904 3
    endloop
  endfacet
  facet normal -0.994522 0.10453 0
    outer loop
      vertex -4.95682 -13.531 0
      vertex -4.9 -12.9904 3
      vertex -4.9 -12.9904 0
    endloop
  endfacet
  facet normal -0.994522 0.10453 0
    outer loop
      vertex -4.9 -12.9904 3
      vertex -4.95682 -13.531 0
      vertex -4.95682 -13.531 3
    endloop
  endfacet
  facet normal 0.951041 0.309065 0
    outer loop
      vertex -9.87522 -14.0479 3
      vertex -10.0432 -13.531 0
      vertex -10.0432 -13.531 3
    endloop
  endfacet
  facet normal 0.951041 0.309065 0
    outer loop
      vertex -10.0432 -13.531 0
      vertex -9.87522 -14.0479 3
      vertex -9.87522 -14.0479 0
    endloop
  endfacet
  facet normal -0.587798 -0.809008 0
    outer loop
      vertex -6.2 -10.7387 0
      vertex -5.76026 -11.0582 3
      vertex -6.2 -10.7387 3
    endloop
  endfacet
  facet normal -0.587798 -0.809008 -0
    outer loop
      vertex -5.76026 -11.0582 3
      vertex -6.2 -10.7387 0
      vertex -5.76026 -11.0582 0
    endloop
  endfacet
  facet normal 0.867798 -0.496918 0
    outer loop
      vertex -9.87041 -11.9245 3
      vertex -9.87522 -11.9329 3
      vertex -9.87041 -11.9245 2
    endloop
  endfacet
  facet normal 0.866068 -0.499926 0
    outer loop
      vertex -9.60344 -11.4621 2
      vertex -9.61764 -11.4867 0.299999
      vertex -9.60344 -11.4621 0.299999
    endloop
  endfacet
  facet normal 0.866023 -0.500005 1.52255e-06
    outer loop
      vertex -9.87041 -11.9245 2
      vertex -9.61764 -11.4867 0.299999
      vertex -9.60344 -11.4621 2
    endloop
  endfacet
  facet normal 0.866049 -0.49996 1.69827e-05
    outer loop
      vertex -9.87522 -11.9329 0
      vertex -9.61764 -11.4867 0.299999
      vertex -9.87041 -11.9245 2
    endloop
  endfacet
  facet normal 0.866054 -0.499951 0
    outer loop
      vertex -9.61764 -11.4867 0.299999
      vertex -9.87522 -11.9329 0
      vertex -9.61764 -11.4867 0
    endloop
  endfacet
  facet normal 0.867798 -0.496918 0
    outer loop
      vertex -9.87522 -11.9329 0
      vertex -9.87041 -11.9245 2
      vertex -9.87522 -11.9329 3
    endloop
  endfacet
  facet normal 0 1 -0
    outer loop
      vertex -7.22823 -15.5761 0
      vertex -7.77177 -15.5761 3
      vertex -7.22823 -15.5761 3
    endloop
  endfacet
  facet normal 0 1 0
    outer loop
      vertex -7.77177 -15.5761 3
      vertex -7.22823 -15.5761 0
      vertex -7.77177 -15.5761 0
    endloop
  endfacet
  facet normal 0.207894 -0.978151 2.59919e-05
    outer loop
      vertex -8.30344 -10.5176 3
      vertex -7.77849 -10.4061 0.299999
      vertex -7.77177 -10.4046 3
    endloop
  endfacet
  facet normal 0.207766 -0.978178 0
    outer loop
      vertex -8.30344 -10.5176 0
      vertex -7.77849 -10.4061 0.299999
      vertex -8.30344 -10.5176 3
    endloop
  endfacet
  facet normal 0.207766 -0.978178 0
    outer loop
      vertex -7.77849 -10.4061 0.299999
      vertex -8.30344 -10.5176 0
      vertex -7.77849 -10.4061 0
    endloop
  endfacet
  facet normal 0.217853 -0.975982 0
    outer loop
      vertex -7.77177 -10.4046 3
      vertex -7.77849 -10.4061 0.299999
      vertex -7.77177 -10.4046 0.299999
    endloop
  endfacet
  facet normal -0.406763 -0.913534 0
    outer loop
      vertex -6.69656 -10.5176 0
      vertex -6.2 -10.7387 3
      vertex -6.69656 -10.5176 3
    endloop
  endfacet
  facet normal -0.406763 -0.913534 -0
    outer loop
      vertex -6.2 -10.7387 3
      vertex -6.69656 -10.5176 0
      vertex -6.2 -10.7387 0
    endloop
  endfacet
  facet normal 0.587824 -0.808989 0
    outer loop
      vertex -9.23974 -11.0582 0
      vertex -9.01266 -10.8932 2.24461
      vertex -9.23974 -11.0582 2.24461
    endloop
  endfacet
  facet normal 0.587798 -0.809008 4.13092e-06
    outer loop
      vertex -8.8 -10.7387 0
      vertex -9.01266 -10.8932 2.24461
      vertex -9.23974 -11.0582 0
    endloop
  endfacet
  facet normal 0.587954 -0.808894 2.68052e-05
    outer loop
      vertex -9.01266 -10.8932 2.24461
      vertex -8.8 -10.7387 0
      vertex -8.95075 -10.8482 2.24461
    endloop
  endfacet
  facet normal 0.587693 -0.809084 0
    outer loop
      vertex -8.95075 -10.8482 2.24461
      vertex -8.8 -10.7387 0
      vertex -8.8 -10.7387 2.40007
    endloop
  endfacet
  facet normal -0.866054 -0.499951 0
    outer loop
      vertex 9.87522 -11.9329 0
      vertex 9.61764 -11.4867 0.299999
      vertex 9.61764 -11.4867 0
    endloop
  endfacet
  facet normal -0.866049 -0.49996 1.69827e-05
    outer loop
      vertex 9.61764 -11.4867 0.299999
      vertex 9.87522 -11.9329 0
      vertex 9.87041 -11.9245 2
    endloop
  endfacet
  facet normal -0.867798 -0.496918 -0
    outer loop
      vertex 9.87522 -11.9329 3
      vertex 9.87041 -11.9245 2
      vertex 9.87522 -11.9329 0
    endloop
  endfacet
  facet normal -0.867798 -0.496918 0
    outer loop
      vertex 9.87041 -11.9245 2
      vertex 9.87522 -11.9329 3
      vertex 9.87041 -11.9245 3
    endloop
  endfacet
  facet normal -0.866068 -0.499926 0
    outer loop
      vertex 9.61764 -11.4867 0.299999
      vertex 9.60344 -11.4621 2
      vertex 9.60344 -11.4621 0.299999
    endloop
  endfacet
  facet normal -0.866023 -0.500005 1.52255e-06
    outer loop
      vertex 9.60344 -11.4621 2
      vertex 9.61764 -11.4867 0.299999
      vertex 9.87041 -11.9245 2
    endloop
  endfacet
  facet normal 0.743194 0.669077 0
    outer loop
      vertex 5.76026 -14.9226 3
      vertex 5.39655 -14.5186 0
      vertex 5.39655 -14.5186 3
    endloop
  endfacet
  facet normal 0.743194 0.669077 0
    outer loop
      vertex 5.39655 -14.5186 0
      vertex 5.76026 -14.9226 3
      vertex 5.76026 -14.9226 0
    endloop
  endfacet
  facet normal 0 -1 0
    outer loop
      vertex 7.22823 -10.4046 3
      vertex 7.3562 -10.4046 0.299999
      vertex 7.77177 -10.4046 3
    endloop
  endfacet
  facet normal 0 -1 0
    outer loop
      vertex 7.22823 -10.4046 0
      vertex 7.3562 -10.4046 0.299999
      vertex 7.22823 -10.4046 3
    endloop
  endfacet
  facet normal 0 -1 -0
    outer loop
      vertex 7.3562 -10.4046 0.299999
      vertex 7.22823 -10.4046 0
      vertex 7.3562 -10.4046 0
    endloop
  endfacet
  facet normal 0 -1 -0
    outer loop
      vertex 7.77177 -10.4046 3
      vertex 7.3562 -10.4046 0.299999
      vertex 7.77177 -10.4046 0.299999
    endloop
  endfacet
  facet normal 0 1 -0
    outer loop
      vertex 7.77177 -15.5761 0
      vertex 7.22823 -15.5761 3
      vertex 7.77177 -15.5761 3
    endloop
  endfacet
  facet normal 0 1 0
    outer loop
      vertex 7.22823 -15.5761 3
      vertex 7.77177 -15.5761 0
      vertex 7.22823 -15.5761 0
    endloop
  endfacet
  facet normal 0.866188 -0.499718 0
    outer loop
      vertex 5.39655 -11.4621 3
      vertex 5.33257 -11.573 0.299999
      vertex 5.39655 -11.4621 0
    endloop
  endfacet
  facet normal 0.866062 -0.499936 1.19292e-05
    outer loop
      vertex 5.12478 -11.9329 3
      vertex 5.33257 -11.573 0.299999
      vertex 5.39655 -11.4621 3
    endloop
  endfacet
  facet normal 0.866024 -0.500003 0
    outer loop
      vertex 5.33257 -11.573 0.299999
      vertex 5.12478 -11.9329 3
      vertex 5.12478 -11.9329 0.299999
    endloop
  endfacet
  facet normal 0.866188 -0.499718 0
    outer loop
      vertex 5.39655 -11.4621 0
      vertex 5.33257 -11.573 0.299999
      vertex 5.33257 -11.573 0
    endloop
  endfacet
  facet normal -0.951041 -0.309065 0
    outer loop
      vertex 10.0432 -12.4498 0
      vertex 9.87522 -11.9329 3
      vertex 9.87522 -11.9329 0
    endloop
  endfacet
  facet normal -0.951041 -0.309065 0
    outer loop
      vertex 9.87522 -11.9329 3
      vertex 10.0432 -12.4498 0
      vertex 10.0432 -12.4498 3
    endloop
  endfacet
  facet normal -0.587954 -0.808894 2.68052e-05
    outer loop
      vertex 8.8 -10.7387 0
      vertex 9.01266 -10.8932 2.24461
      vertex 8.95075 -10.8482 2.24461
    endloop
  endfacet
  facet normal -0.587693 -0.809084 0
    outer loop
      vertex 8.8 -10.7387 0
      vertex 8.95075 -10.8482 2.24461
      vertex 8.8 -10.7387 2.40007
    endloop
  endfacet
  facet normal -0.587798 -0.809008 4.13092e-06
    outer loop
      vertex 9.01266 -10.8932 2.24461
      vertex 8.8 -10.7387 0
      vertex 9.23974 -11.0582 0
    endloop
  endfacet
  facet normal -0.587824 -0.808989 0
    outer loop
      vertex 9.01266 -10.8932 2.24461
      vertex 9.23974 -11.0582 0
      vertex 9.23974 -11.0582 2.24461
    endloop
  endfacet
  facet normal -0.406735 -0.913546 0.000121356
    outer loop
      vertex 8.30344 -10.5176 3
      vertex 8.50778 -10.6086 2.83189
      vertex 8.43124 -10.5745 3
    endloop
  endfacet
  facet normal -0.406677 -0.913572 0.000206334
    outer loop
      vertex 8.30344 -10.5176 3
      vertex 8.70442 -10.6962 2.54132
      vertex 8.50778 -10.6086 2.83189
    endloop
  endfacet
  facet normal -0.406874 -0.913484 0
    outer loop
      vertex 8.30344 -10.5176 0
      vertex 8.70442 -10.6962 2.54132
      vertex 8.30344 -10.5176 3
    endloop
  endfacet
  facet normal -0.406407 -0.913692 -8.82707e-05
    outer loop
      vertex 8.70442 -10.6962 2.54132
      vertex 8.30344 -10.5176 0
      vertex 8.8 -10.7387 2.40007
    endloop
  endfacet
  facet normal -0.406763 -0.913534 -0
    outer loop
      vertex 8.8 -10.7387 2.40007
      vertex 8.30344 -10.5176 0
      vertex 8.8 -10.7387 0
    endloop
  endfacet
  facet normal 0.994522 -0.10453 0
    outer loop
      vertex 4.9 -12.9904 3
      vertex 4.95682 -12.4498 0
      vertex 4.95682 -12.4498 3
    endloop
  endfacet
  facet normal 0.994522 -0.10453 0
    outer loop
      vertex 4.95682 -12.4498 0
      vertex 4.9 -12.9904 3
      vertex 4.9 -12.9904 0
    endloop
  endfacet
  facet normal -0.743183 0.669089 0
    outer loop
      vertex 9.42437 -14.7175 0
      vertex 9.60344 -14.5186 3
      vertex 9.60344 -14.5186 0
    endloop
  endfacet
  facet normal -0.743183 0.669089 0
    outer loop
      vertex 9.60344 -14.5186 3
      vertex 9.42437 -14.7175 0
      vertex 9.42437 -14.7175 3
    endloop
  endfacet
  facet normal 0.207894 0.978151 -0
    outer loop
      vertex 7.22823 -15.5761 0
      vertex 6.69656 -15.4631 3
      vertex 7.22823 -15.5761 3
    endloop
  endfacet
  facet normal 0.207894 0.978151 0
    outer loop
      vertex 6.69656 -15.4631 3
      vertex 7.22823 -15.5761 0
      vertex 6.69656 -15.4631 0
    endloop
  endfacet
  facet normal -0.742947 -0.66935 0
    outer loop
      vertex 9.28767 -11.1114 2
      vertex 9.23974 -11.0582 2.24461
      vertex 9.23974 -11.0582 0
    endloop
  endfacet
  facet normal -0.743116 -0.669162 -7.40373e-05
    outer loop
      vertex 9.23974 -11.0582 2.24461
      vertex 9.28767 -11.1114 2
      vertex 9.28404 -11.1074 2.28177
    endloop
  endfacet
  facet normal -0.743124 -0.669154 -0
    outer loop
      vertex 9.45495 -11.2972 0.299999
      vertex 9.23974 -11.0582 0
      vertex 9.45495 -11.2972 0
    endloop
  endfacet
  facet normal -0.74313 -0.669147 9.80782e-06
    outer loop
      vertex 9.23974 -11.0582 0
      vertex 9.45495 -11.2972 0.299999
      vertex 9.28767 -11.1114 2
    endloop
  endfacet
  facet normal -0.743115 -0.669164 -0
    outer loop
      vertex 9.60344 -11.4621 2
      vertex 9.45495 -11.2972 0.299999
      vertex 9.60344 -11.4621 0.299999
    endloop
  endfacet
  facet normal -0.743147 -0.669129 6.19507e-06
    outer loop
      vertex 9.45495 -11.2972 0.299999
      vertex 9.60344 -11.4621 2
      vertex 9.28767 -11.1114 2
    endloop
  endfacet
  facet normal -0.740526 -0.672028 0
    outer loop
      vertex 9.28404 -11.1074 2.28177
      vertex 9.28767 -11.1114 2
      vertex 9.28767 -11.1114 2.2891
    endloop
  endfacet
  facet normal -0.994526 -0.104493 0
    outer loop
      vertex 10.1 -12.9904 0
      vertex 10.0432 -12.4498 3
      vertex 10.0432 -12.4498 0
    endloop
  endfacet
  facet normal -0.994526 -0.104493 0
    outer loop
      vertex 10.0432 -12.4498 3
      vertex 10.1 -12.9904 0
      vertex 10.1 -12.9904 3
    endloop
  endfacet
  facet normal 0.994522 0.10453 0
    outer loop
      vertex 4.95682 -13.531 3
      vertex 4.9 -12.9904 0
      vertex 4.9 -12.9904 3
    endloop
  endfacet
  facet normal 0.994522 0.10453 0
    outer loop
      vertex 4.9 -12.9904 0
      vertex 4.95682 -13.531 3
      vertex 4.95682 -13.531 0
    endloop
  endfacet
  facet normal 0.587677 0.809096 -0
    outer loop
      vertex 6.2 -15.242 0
      vertex 5.76026 -14.9226 3
      vertex 6.2 -15.242 3
    endloop
  endfacet
  facet normal 0.587677 0.809096 0
    outer loop
      vertex 5.76026 -14.9226 3
      vertex 6.2 -15.242 0
      vertex 5.76026 -14.9226 0
    endloop
  endfacet
  facet normal -0.994526 0.104493 0
    outer loop
      vertex 10.0432 -13.531 0
      vertex 10.1 -12.9904 3
      vertex 10.1 -12.9904 0
    endloop
  endfacet
  facet normal -0.994526 0.104493 0
    outer loop
      vertex 10.1 -12.9904 3
      vertex 10.0432 -13.531 0
      vertex 10.0432 -13.531 3
    endloop
  endfacet
  facet normal 0.406763 -0.913534 0
    outer loop
      vertex 6.2 -10.7387 0
      vertex 6.69656 -10.5176 3
      vertex 6.2 -10.7387 3
    endloop
  endfacet
  facet normal 0.406763 -0.913534 0
    outer loop
      vertex 6.69656 -10.5176 3
      vertex 6.2 -10.7387 0
      vertex 6.69656 -10.5176 0
    endloop
  endfacet
  facet normal -0.951041 0.309065 0
    outer loop
      vertex 9.87522 -14.0479 0
      vertex 10.0432 -13.531 3
      vertex 10.0432 -13.531 0
    endloop
  endfacet
  facet normal -0.951041 0.309065 0
    outer loop
      vertex 10.0432 -13.531 3
      vertex 9.87522 -14.0479 0
      vertex 9.87522 -14.0479 3
    endloop
  endfacet
  facet normal 0.406763 0.913534 -0
    outer loop
      vertex 6.69656 -15.4631 0
      vertex 6.2 -15.242 3
      vertex 6.69656 -15.4631 3
    endloop
  endfacet
  facet normal 0.406763 0.913534 0
    outer loop
      vertex 6.2 -15.242 3
      vertex 6.69656 -15.4631 0
      vertex 6.2 -15.242 0
    endloop
  endfacet
  facet normal 0.207894 -0.978151 0
    outer loop
      vertex 6.69656 -10.5176 0
      vertex 7.22823 -10.4046 3
      vertex 6.69656 -10.5176 3
    endloop
  endfacet
  facet normal 0.207894 -0.978151 0
    outer loop
      vertex 7.22823 -10.4046 3
      vertex 6.69656 -10.5176 0
      vertex 7.22823 -10.4046 0
    endloop
  endfacet
  facet normal -0.866008 0.500029 0
    outer loop
      vertex 9.60344 -14.5186 0
      vertex 9.87522 -14.0479 3
      vertex 9.87522 -14.0479 0
    endloop
  endfacet
  facet normal -0.866008 0.500029 0
    outer loop
      vertex 9.87522 -14.0479 3
      vertex 9.60344 -14.5186 0
      vertex 9.60344 -14.5186 3
    endloop
  endfacet
  facet normal 0.743111 -0.669168 0
    outer loop
      vertex 5.39655 -11.4621 3
      vertex 5.76026 -11.0582 0
      vertex 5.76026 -11.0582 3
    endloop
  endfacet
  facet normal 0.743111 -0.669168 0
    outer loop
      vertex 5.76026 -11.0582 0
      vertex 5.39655 -11.4621 3
      vertex 5.39655 -11.4621 0
    endloop
  endfacet
  facet normal -0.207765 0.978179 0
    outer loop
      vertex 8.03354 -15.5205 0
      vertex 7.77177 -15.5761 3
      vertex 8.03354 -15.5205 3
    endloop
  endfacet
  facet normal -0.207765 0.978179 0
    outer loop
      vertex 7.77177 -15.5761 3
      vertex 8.03354 -15.5205 0
      vertex 7.77177 -15.5761 0
    endloop
  endfacet
  facet normal 0.950711 -0.310078 0
    outer loop
      vertex 5.12478 -11.9329 3
      vertex 5.12266 -11.9394 0.299999
      vertex 5.12478 -11.9329 0.299999
    endloop
  endfacet
  facet normal 0.951052 -0.309032 -2.78577e-06
    outer loop
      vertex 4.95682 -12.4498 3
      vertex 5.12266 -11.9394 0.299999
      vertex 5.12478 -11.9329 3
    endloop
  endfacet
  facet normal 0.951056 -0.309019 0
    outer loop
      vertex 4.95682 -12.4498 0
      vertex 5.12266 -11.9394 0.299999
      vertex 4.95682 -12.4498 3
    endloop
  endfacet
  facet normal 0.951056 -0.309019 0
    outer loop
      vertex 5.12266 -11.9394 0.299999
      vertex 4.95682 -12.4498 0
      vertex 5.12266 -11.9394 0
    endloop
  endfacet
  facet normal 0.587798 -0.809008 0
    outer loop
      vertex 5.76026 -11.0582 0
      vertex 6.2 -10.7387 3
      vertex 5.76026 -11.0582 3
    endloop
  endfacet
  facet normal 0.587798 -0.809008 0
    outer loop
      vertex 6.2 -10.7387 3
      vertex 5.76026 -11.0582 0
      vertex 6.2 -10.7387 0
    endloop
  endfacet
  facet normal -0.217853 -0.975982 0
    outer loop
      vertex 7.77849 -10.4061 0.299999
      vertex 7.77177 -10.4046 3
      vertex 7.77177 -10.4046 0.299999
    endloop
  endfacet
  facet normal -0.207894 -0.978151 2.59919e-05
    outer loop
      vertex 7.77177 -10.4046 3
      vertex 7.77849 -10.4061 0.299999
      vertex 8.30344 -10.5176 3
    endloop
  endfacet
  facet normal -0.207766 -0.978178 0
    outer loop
      vertex 8.30344 -10.5176 0
      vertex 7.77849 -10.4061 0.299999
      vertex 7.77849 -10.4061 0
    endloop
  endfacet
  facet normal -0.207766 -0.978178 0
    outer loop
      vertex 7.77849 -10.4061 0.299999
      vertex 8.30344 -10.5176 0
      vertex 8.30344 -10.5176 3
    endloop
  endfacet
  facet normal 0.865664 0.500625 0
    outer loop
      vertex 5.39175 -14.5103 3
      vertex 5.39655 -14.5186 3
      vertex 5.39175 -14.5103 2
    endloop
  endfacet
  facet normal 0.866068 0.499926 0
    outer loop
      vertex 5.12478 -14.0479 2
      vertex 5.13898 -14.0725 0.299999
      vertex 5.12478 -14.0479 0.299999
    endloop
  endfacet
  facet normal 0.866023 0.500005 -1.52255e-06
    outer loop
      vertex 5.39175 -14.5103 2
      vertex 5.13898 -14.0725 0.299999
      vertex 5.12478 -14.0479 2
    endloop
  endfacet
  facet normal 0.866015 0.500019 3.35714e-06
    outer loop
      vertex 5.39655 -14.5186 0
      vertex 5.13898 -14.0725 0.299999
      vertex 5.39175 -14.5103 2
    endloop
  endfacet
  facet normal 0.866014 0.50002 0
    outer loop
      vertex 5.13898 -14.0725 0.299999
      vertex 5.39655 -14.5186 0
      vertex 5.13898 -14.0725 0
    endloop
  endfacet
  facet normal 0.865664 0.500625 -0
    outer loop
      vertex 5.39655 -14.5186 0
      vertex 5.39175 -14.5103 2
      vertex 5.39655 -14.5186 3
    endloop
  endfacet
  facet normal 0.951053 0.309029 1.30848e-05
    outer loop
      vertex 5.12478 -14.0479 2
      vertex 5.05621 -13.8368 0.299999
      vertex 4.97895 -13.5991 2
    endloop
  endfacet
  facet normal 0.951084 0.308933 0
    outer loop
      vertex 5.05621 -13.8368 0.299999
      vertex 5.12478 -14.0479 2
      vertex 5.12478 -14.0479 0.299999
    endloop
  endfacet
  facet normal 0.951044 0.309054 -0
    outer loop
      vertex 4.97895 -13.5991 2
      vertex 4.95682 -13.531 3
      vertex 4.97895 -13.5991 3
    endloop
  endfacet
  facet normal 0.951044 0.309054 0
    outer loop
      vertex 4.95682 -13.531 3
      vertex 4.97895 -13.5991 2
      vertex 4.95682 -13.531 0
    endloop
  endfacet
  facet normal 0.951029 0.309102 1.77764e-06
    outer loop
      vertex 5.05621 -13.8368 0.299999
      vertex 4.95682 -13.531 0
      vertex 4.97895 -13.5991 2
    endloop
  endfacet
  facet normal 0.951029 0.3091 0
    outer loop
      vertex 4.95682 -13.531 0
      vertex 5.05621 -13.8368 0.299999
      vertex 5.05621 -13.8368 0
    endloop
  endfacet
  facet normal -0.951109 -0.308855 0
    outer loop
      vertex 11.1341 10.095 0
      vertex 11.0133 10.467 2
      vertex 11.0133 10.467 0
    endloop
  endfacet
  facet normal -0.951109 -0.308855 0
    outer loop
      vertex 11.0133 10.467 2
      vertex 11.1341 10.095 0
      vertex 11.1341 10.095 2
    endloop
  endfacet
  facet normal -0.308855 -0.951109 0
    outer loop
      vertex 10.095 11.1341 0
      vertex 10.467 11.0133 2
      vertex 10.095 11.1341 2
    endloop
  endfacet
  facet normal -0.308855 -0.951109 -0
    outer loop
      vertex 10.467 11.0133 2
      vertex 10.095 11.1341 0
      vertex 10.467 11.0133 0
    endloop
  endfacet
  facet normal -0.587822 -0.80899 0
    outer loop
      vertex 10.467 11.0133 0
      vertex 10.7834 10.7834 2
      vertex 10.467 11.0133 2
    endloop
  endfacet
  facet normal -0.587822 -0.80899 -0
    outer loop
      vertex 10.7834 10.7834 2
      vertex 10.467 11.0133 0
      vertex 10.7834 10.7834 0
    endloop
  endfacet
  facet normal 0 -1 0
    outer loop
      vertex 10.05 11.1341 0.299999
      vertex 9.70395 11.1341 2
      vertex 9.70395 11.1341 0.299999
    endloop
  endfacet
  facet normal 0 -1 0
    outer loop
      vertex 9.70395 11.1341 2
      vertex 10.05 11.1341 0.299999
      vertex 10.095 11.1341 2
    endloop
  endfacet
  facet normal 0 -1 0
    outer loop
      vertex 10.095 11.1341 0
      vertex 10.05 11.1341 0.299999
      vertex 10.05 11.1341 0
    endloop
  endfacet
  facet normal 0 -1 0
    outer loop
      vertex 10.05 11.1341 0.299999
      vertex 10.095 11.1341 0
      vertex 10.095 11.1341 2
    endloop
  endfacet
  facet normal 1 -0 0
    outer loop
      vertex 8.66488 9.70395 2
      vertex 8.66488 10.095 0
      vertex 8.66488 10.095 2
    endloop
  endfacet
  facet normal 1 0 0
    outer loop
      vertex 8.66488 10.095 0
      vertex 8.66488 9.70395 2
      vertex 8.66488 9.70395 0
    endloop
  endfacet
  facet normal 0.587822 -0.80899 0
    outer loop
      vertex 9.01561 10.7834 0
      vertex 9.33201 11.0133 2
      vertex 9.01561 10.7834 2
    endloop
  endfacet
  facet normal 0.587822 -0.80899 0
    outer loop
      vertex 9.33201 11.0133 2
      vertex 9.01561 10.7834 0
      vertex 9.33201 11.0133 0
    endloop
  endfacet
  facet normal 0 1 -0
    outer loop
      vertex 10.095 8.66488 0
      vertex 9.70395 8.66488 2
      vertex 10.095 8.66488 2
    endloop
  endfacet
  facet normal 0 1 0
    outer loop
      vertex 9.70395 8.66488 2
      vertex 10.095 8.66488 0
      vertex 9.70395 8.66488 0
    endloop
  endfacet
  facet normal -0.951075 0.308959 0
    outer loop
      vertex 11.0133 9.33201 0
      vertex 11.1231 9.67001 0.299999
      vertex 11.1231 9.67001 0
    endloop
  endfacet
  facet normal -0.951075 0.308959 0
    outer loop
      vertex 11.0133 9.33201 2
      vertex 11.1231 9.67001 0.299999
      vertex 11.0133 9.33201 0
    endloop
  endfacet
  facet normal -0.951217 0.308522 -9.60841e-05
    outer loop
      vertex 11.1231 9.67001 0.299999
      vertex 11.0133 9.33201 2
      vertex 11.0311 9.38689 2
    endloop
  endfacet
  facet normal -0.951285 0.308313 0
    outer loop
      vertex 11.1231 9.67001 0.299999
      vertex 11.1341 9.70395 2
      vertex 11.1341 9.70395 0.299999
    endloop
  endfacet
  facet normal -0.951073 0.308965 -1.43984e-05
    outer loop
      vertex 11.1341 9.70395 2
      vertex 11.1231 9.67001 0.299999
      vertex 11.0311 9.38689 2
    endloop
  endfacet
  facet normal -0.80899 0.587822 0
    outer loop
      vertex 10.7834 9.01561 0
      vertex 11.0133 9.33201 2
      vertex 11.0133 9.33201 0
    endloop
  endfacet
  facet normal -0.80899 0.587822 0
    outer loop
      vertex 11.0133 9.33201 2
      vertex 10.7834 9.01561 0
      vertex 10.7834 9.01561 2
    endloop
  endfacet
  facet normal -0.80899 -0.587822 0
    outer loop
      vertex 11.0133 10.467 0
      vertex 10.7834 10.7834 2
      vertex 10.7834 10.7834 0
    endloop
  endfacet
  facet normal -0.80899 -0.587822 0
    outer loop
      vertex 10.7834 10.7834 2
      vertex 11.0133 10.467 0
      vertex 11.0133 10.467 2
    endloop
  endfacet
  facet normal 0.809027 -0.587772 0
    outer loop
      vertex 8.78574 10.467 2
      vertex 9.01561 10.7834 0
      vertex 9.01561 10.7834 2
    endloop
  endfacet
  facet normal 0.809027 -0.587772 0
    outer loop
      vertex 9.01561 10.7834 0
      vertex 8.78574 10.467 2
      vertex 8.78574 10.467 0
    endloop
  endfacet
  facet normal -0.587772 0.809027 0
    outer loop
      vertex 10.7834 9.01561 0
      vertex 10.467 8.78574 2
      vertex 10.7834 9.01561 2
    endloop
  endfacet
  facet normal -0.587772 0.809027 0
    outer loop
      vertex 10.467 8.78574 2
      vertex 10.7834 9.01561 0
      vertex 10.467 8.78574 0
    endloop
  endfacet
  facet normal -0.308994 0.951064 0
    outer loop
      vertex 10.467 8.78574 0
      vertex 10.095 8.66488 2
      vertex 10.467 8.78574 2
    endloop
  endfacet
  facet normal -0.308994 0.951064 0
    outer loop
      vertex 10.095 8.66488 2
      vertex 10.467 8.78574 0
      vertex 10.095 8.66488 0
    endloop
  endfacet
  facet normal 0.309039 0.951049 1.07604e-06
    outer loop
      vertex 9.70395 8.66488 2
      vertex 9.68266 8.6718 0.299999
      vertex 9.33201 8.78574 2
    endloop
  endfacet
  facet normal 0.309116 0.951024 -0
    outer loop
      vertex 9.70395 8.66488 0
      vertex 9.68266 8.6718 0.299999
      vertex 9.70395 8.66488 2
    endloop
  endfacet
  facet normal 0.309116 0.951024 0
    outer loop
      vertex 9.68266 8.6718 0.299999
      vertex 9.70395 8.66488 0
      vertex 9.68266 8.6718 0
    endloop
  endfacet
  facet normal 0.309034 0.951051 0
    outer loop
      vertex 9.33201 8.78574 2
      vertex 9.68266 8.6718 0.299999
      vertex 9.33201 8.78574 0.299999
    endloop
  endfacet
  facet normal 0.951024 0.309116 0
    outer loop
      vertex 8.66488 9.70395 2
      vertex 8.6718 9.68266 0.299999
      vertex 8.66488 9.70395 0
    endloop
  endfacet
  facet normal 0.951049 0.309039 1.07604e-06
    outer loop
      vertex 8.78574 9.33201 2
      vertex 8.6718 9.68266 0.299999
      vertex 8.66488 9.70395 2
    endloop
  endfacet
  facet normal 0.951051 0.309034 0
    outer loop
      vertex 8.6718 9.68266 0.299999
      vertex 8.78574 9.33201 2
      vertex 8.78574 9.33201 0.299999
    endloop
  endfacet
  facet normal 0.951024 0.309116 0
    outer loop
      vertex 8.66488 9.70395 0
      vertex 8.6718 9.68266 0.299999
      vertex 8.6718 9.68266 0
    endloop
  endfacet
  facet normal 0.951064 -0.308994 0
    outer loop
      vertex 8.66488 10.095 2
      vertex 8.78574 10.467 0
      vertex 8.78574 10.467 2
    endloop
  endfacet
  facet normal 0.951064 -0.308994 0
    outer loop
      vertex 8.78574 10.467 0
      vertex 8.66488 10.095 2
      vertex 8.66488 10.095 0
    endloop
  endfacet
  facet normal 0.809027 0.587772 0
    outer loop
      vertex 9.01561 9.01561 2
      vertex 8.78574 9.33201 0.299999
      vertex 8.78574 9.33201 2
    endloop
  endfacet
  facet normal 0.809027 0.587772 0
    outer loop
      vertex 8.78574 9.33201 0.299999
      vertex 9.01561 9.01561 2
      vertex 9.01561 9.01561 0.299999
    endloop
  endfacet
  facet normal 0.308522 -0.951217 -9.60841e-05
    outer loop
      vertex 9.67001 11.1231 0.299999
      vertex 9.38689 11.0311 2
      vertex 9.33201 11.0133 2
    endloop
  endfacet
  facet normal 0.308965 -0.951073 -1.43984e-05
    outer loop
      vertex 9.38689 11.0311 2
      vertex 9.67001 11.1231 0.299999
      vertex 9.70395 11.1341 2
    endloop
  endfacet
  facet normal 0.308959 -0.951075 0
    outer loop
      vertex 9.33201 11.0133 0
      vertex 9.67001 11.1231 0.299999
      vertex 9.33201 11.0133 2
    endloop
  endfacet
  facet normal 0.308959 -0.951075 0
    outer loop
      vertex 9.67001 11.1231 0.299999
      vertex 9.33201 11.0133 0
      vertex 9.67001 11.1231 0
    endloop
  endfacet
  facet normal 0.308313 -0.951285 0
    outer loop
      vertex 9.70395 11.1341 2
      vertex 9.67001 11.1231 0.299999
      vertex 9.70395 11.1341 0.299999
    endloop
  endfacet
  facet normal 0.587772 0.809027 -0
    outer loop
      vertex 9.33201 8.78574 0.299999
      vertex 9.01561 9.01561 2
      vertex 9.33201 8.78574 2
    endloop
  endfacet
  facet normal 0.587772 0.809027 0
    outer loop
      vertex 9.01561 9.01561 2
      vertex 9.33201 8.78574 0.299999
      vertex 9.01561 9.01561 0.299999
    endloop
  endfacet
  facet normal -1 0 0
    outer loop
      vertex 11.1341 10.05 0.299999
      vertex 11.1341 10.095 0
      vertex 11.1341 10.05 0
    endloop
  endfacet
  facet normal -1 0 0
    outer loop
      vertex 11.1341 10.095 0
      vertex 11.1341 10.05 0.299999
      vertex 11.1341 10.095 2
    endloop
  endfacet
  facet normal -1 0 0
    outer loop
      vertex 11.1341 9.70395 2
      vertex 11.1341 10.05 0.299999
      vertex 11.1341 9.70395 0.299999
    endloop
  endfacet
  facet normal -1 0 0
    outer loop
      vertex 11.1341 10.05 0.299999
      vertex 11.1341 9.70395 2
      vertex 11.1341 10.095 2
    endloop
  endfacet
  facet normal -0.55113 -0.758653 0.347423
    outer loop
      vertex 10.9451 10.9451 2.61002
      vertex 10.8903 11.1635 3
      vertex 10.7696 11.1206 2.71485
    endloop
  endfacet
  facet normal -0.551387 -0.758517 0.34731
    outer loop
      vertex 10.8903 11.1635 3
      vertex 10.9451 10.9451 2.61002
      vertex 11.0485 11.0485 3
    endloop
  endfacet
  facet normal -0.551221 0.758641 0.347303
    outer loop
      vertex 10.6372 8.45161 3
      vertex 10.8903 8.63551 3
      vertex 10.467 8.78574 2
    endloop
  endfacet
  facet normal 0.89184 0.289799 0.347329
    outer loop
      vertex 8.39118 9.34773 3
      vertex 8.78574 9.33201 2
      vertex 8.66488 9.70395 2
    endloop
  endfacet
  facet normal 0.89184 0.289799 0.347329
    outer loop
      vertex 8.78574 9.33201 2
      vertex 8.39118 9.34773 3
      vertex 8.45161 9.16176 3
    endloop
  endfacet
  facet normal 0.551386 -0.758585 0.347162
    outer loop
      vertex 9.01561 10.7834 2
      vertex 9.01266 10.8932 2.24461
      vertex 8.95075 10.8482 2.24461
    endloop
  endfacet
  facet normal 0.891859 -0.289734 0.347334
    outer loop
      vertex 8.66488 10.095 2
      vertex 8.39118 10.4513 3
      vertex 8.2945 10.1537 3
    endloop
  endfacet
  facet normal -0.289834 -0.891845 0.347289
    outer loop
      vertex 10.6054 11.2849 2.81296
      vertex 10.6372 11.3474 3
      vertex 10.4975 11.3928 3
    endloop
  endfacet
  facet normal 0.758646 0.551203 0.34732
    outer loop
      vertex 8.75045 8.75045 3
      vertex 9.01561 9.01561 2
      vertex 8.56655 9.00356 3
    endloop
  endfacet
  facet normal -0.892088 0.289343 0.347073
    outer loop
      vertex 11.0635 9.34686 2.11665
      vertex 11.0311 9.38689 2
      vertex 11.0133 9.33201 2
    endloop
  endfacet
  facet normal -0.758643 0.551239 0.347271
    outer loop
      vertex 10.7834 9.01561 2
      vertex 11.1193 9.27798 2.31733
      vertex 11.0133 9.33201 2
    endloop
  endfacet
  facet normal -0.758643 0.551237 0.347273
    outer loop
      vertex 11.2324 9.00356 3
      vertex 11.1193 9.27798 2.31733
      vertex 10.7834 9.01561 2
    endloop
  endfacet
  facet normal -0.758542 0.551356 0.347304
    outer loop
      vertex 11.1193 9.27798 2.31733
      vertex 11.2324 9.00356 3
      vertex 11.284 9.07455 3
    endloop
  endfacet
  facet normal -0.758658 0.551212 0.34728
    outer loop
      vertex 11.0485 8.75045 3
      vertex 11.2324 9.00356 3
      vertex 10.7834 9.01561 2
    endloop
  endfacet
  facet normal -0.551488 -0.758488 0.347213
    outer loop
      vertex 10.7696 11.1206 2.71485
      vertex 10.6372 11.3474 3
      vertex 10.6054 11.2849 2.81296
    endloop
  endfacet
  facet normal -0.551191 -0.7586 0.347441
    outer loop
      vertex 10.6372 11.3474 3
      vertex 10.7696 11.1206 2.71485
      vertex 10.8903 11.1635 3
    endloop
  endfacet
  facet normal 0.937746 0 0.347322
    outer loop
      vertex 8.2945 10.1537 3
      vertex 8.66488 9.70395 2
      vertex 8.66488 10.095 2
    endloop
  endfacet
  facet normal 0.937746 0 0.347322
    outer loop
      vertex 8.66488 9.70395 2
      vertex 8.2945 10.1537 3
      vertex 8.2945 9.64529 3
    endloop
  endfacet
  facet normal -0.289899 0.891811 0.347321
    outer loop
      vertex 10.467 8.78574 2
      vertex 10.4513 8.39118 3
      vertex 10.6372 8.45161 3
    endloop
  endfacet
  facet normal -0.289755 0.89185 0.347339
    outer loop
      vertex 10.4513 8.39118 3
      vertex 10.467 8.78574 2
      vertex 10.095 8.66488 2
    endloop
  endfacet
  facet normal 0.551203 0.758646 0.34732
    outer loop
      vertex 9.00356 8.56655 3
      vertex 9.01561 9.01561 2
      vertex 8.75045 8.75045 3
    endloop
  endfacet
  facet normal -0.758517 -0.551387 0.34731
    outer loop
      vertex 10.9451 10.9451 2.61002
      vertex 11.1635 10.8903 3
      vertex 11.0485 11.0485 3
    endloop
  endfacet
  facet normal -0.758653 -0.55113 0.347423
    outer loop
      vertex 11.1635 10.8903 3
      vertex 10.9451 10.9451 2.61002
      vertex 11.1206 10.7696 2.71485
    endloop
  endfacet
  facet normal 0.289771 0.891852 0.347322
    outer loop
      vertex 9.64529 8.2945 3
      vertex 9.70395 8.66488 2
      vertex 9.34773 8.39118 3
    endloop
  endfacet
  facet normal 0.758727 -0.551093 0.347318
    outer loop
      vertex 8.78574 10.467 2
      vertex 8.70442 10.6962 2.54132
      vertex 8.50778 10.6086 2.83189
    endloop
  endfacet
  facet normal -0.7586 -0.551191 0.347441
    outer loop
      vertex 11.1206 10.7696 2.71485
      vertex 11.3474 10.6372 3
      vertex 11.1635 10.8903 3
    endloop
  endfacet
  facet normal -0.758488 -0.551488 0.347213
    outer loop
      vertex 11.3474 10.6372 3
      vertex 11.1206 10.7696 2.71485
      vertex 11.2849 10.6054 2.81296
    endloop
  endfacet
  facet normal 0.891852 0.289771 0.347322
    outer loop
      vertex 8.39118 9.34773 3
      vertex 8.66488 9.70395 2
      vertex 8.2945 9.64529 3
    endloop
  endfacet
  facet normal 0.758601 -0.551255 0.347335
    outer loop
      vertex 8.78574 10.467 2
      vertex 8.95075 10.8482 2.24461
      vertex 8.8 10.7387 2.40007
    endloop
  endfacet
  facet normal 0.758525 -0.551327 0.347387
    outer loop
      vertex 8.78574 10.467 2
      vertex 8.8 10.7387 2.40007
      vertex 8.70442 10.6962 2.54132
    endloop
  endfacet
  facet normal 0.758699 -0.551208 0.347196
    outer loop
      vertex 8.95075 10.8482 2.24461
      vertex 8.78574 10.467 2
      vertex 9.01561 10.7834 2
    endloop
  endfacet
  facet normal -0.892222 0.288774 0.347203
    outer loop
      vertex 11.1193 9.27798 2.31733
      vertex 11.0635 9.34686 2.11665
      vertex 11.0133 9.33201 2
    endloop
  endfacet
  facet normal -0.891845 -0.289834 0.347289
    outer loop
      vertex 11.3928 10.4975 3
      vertex 11.3474 10.6372 3
      vertex 11.2849 10.6054 2.81296
    endloop
  endfacet
  facet normal 0.551257 -0.758664 0.347195
    outer loop
      vertex 9.01266 10.8932 2.24461
      vertex 9.01561 10.7834 2
      vertex 9.23974 11.0582 2.24461
    endloop
  endfacet
  facet normal 0.551254 -0.758664 0.347199
    outer loop
      vertex 9.33201 11.0133 2
      vertex 9.23974 11.0582 2.24461
      vertex 9.01561 10.7834 2
    endloop
  endfacet
  facet normal 0.551295 -0.758631 0.347208
    outer loop
      vertex 9.23974 11.0582 2.24461
      vertex 9.33201 11.0133 2
      vertex 9.28404 11.1074 2.28177
    endloop
  endfacet
  facet normal 0.289343 -0.892088 0.347073
    outer loop
      vertex 9.38689 11.0311 2
      vertex 9.34686 11.0635 2.11665
      vertex 9.33201 11.0133 2
    endloop
  endfacet
  facet normal 0.758659 0.551179 0.347329
    outer loop
      vertex 8.45161 9.16176 3
      vertex 9.01561 9.01561 2
      vertex 8.78574 9.33201 2
    endloop
  endfacet
  facet normal 0.75865 0.551196 0.347321
    outer loop
      vertex 9.01561 9.01561 2
      vertex 8.45161 9.16176 3
      vertex 8.56655 9.00356 3
    endloop
  endfacet
  facet normal 0.289799 0.89184 0.347329
    outer loop
      vertex 9.33201 8.78574 2
      vertex 9.34773 8.39118 3
      vertex 9.70395 8.66488 2
    endloop
  endfacet
  facet normal 0.289799 0.89184 0.347329
    outer loop
      vertex 9.34773 8.39118 3
      vertex 9.33201 8.78574 2
      vertex 9.16176 8.45161 3
    endloop
  endfacet
  facet normal 0.551179 0.758659 0.347329
    outer loop
      vertex 9.01561 9.01561 2
      vertex 9.16176 8.45161 3
      vertex 9.33201 8.78574 2
    endloop
  endfacet
  facet normal 0.551196 0.75865 0.347321
    outer loop
      vertex 9.16176 8.45161 3
      vertex 9.01561 9.01561 2
      vertex 9.00356 8.56655 3
    endloop
  endfacet
  facet normal 0.891821 -0.289987 0.347222
    outer loop
      vertex 8.39118 10.4513 3
      vertex 8.50778 10.6086 2.83189
      vertex 8.43124 10.5745 3
    endloop
  endfacet
  facet normal 0.891816 -0.289837 0.347359
    outer loop
      vertex 8.66488 10.095 2
      vertex 8.50778 10.6086 2.83189
      vertex 8.39118 10.4513 3
    endloop
  endfacet
  facet normal 0.891858 -0.289758 0.347318
    outer loop
      vertex 8.50778 10.6086 2.83189
      vertex 8.66488 10.095 2
      vertex 8.78574 10.467 2
    endloop
  endfacet
  facet normal -0.551203 0.75866 0.34729
    outer loop
      vertex 10.7834 9.01561 2
      vertex 10.8903 8.63551 3
      vertex 11.0485 8.75045 3
    endloop
  endfacet
  facet normal -0.551187 0.75867 0.347293
    outer loop
      vertex 10.8903 8.63551 3
      vertex 10.7834 9.01561 2
      vertex 10.467 8.78574 2
    endloop
  endfacet
  facet normal 0.285572 -0.893628 0.346233
    outer loop
      vertex 9.28404 11.1074 2.28177
      vertex 9.34686 11.0635 2.11665
      vertex 9.28767 11.1114 2.2891
    endloop
  endfacet
  facet normal 0.289005 -0.892167 0.34715
    outer loop
      vertex 9.34686 11.0635 2.11665
      vertex 9.28404 11.1074 2.28177
      vertex 9.33201 11.0133 2
    endloop
  endfacet
  facet normal -0.289734 0.891859 0.347334
    outer loop
      vertex 10.1537 8.2945 3
      vertex 10.4513 8.39118 3
      vertex 10.095 8.66488 2
    endloop
  endfacet
  facet normal 0 0.937746 0.347322
    outer loop
      vertex 10.095 8.66488 2
      vertex 9.64529 8.2945 3
      vertex 10.1537 8.2945 3
    endloop
  endfacet
  facet normal 0 0.937746 0.347322
    outer loop
      vertex 9.64529 8.2945 3
      vertex 10.095 8.66488 2
      vertex 9.70395 8.66488 2
    endloop
  endfacet
  facet normal 0.308855 -0.951109 0
    outer loop
      vertex -10.467 11.0133 0
      vertex -10.095 11.1341 2
      vertex -10.467 11.0133 2
    endloop
  endfacet
  facet normal 0.308855 -0.951109 0
    outer loop
      vertex -10.095 11.1341 2
      vertex -10.467 11.0133 0
      vertex -10.095 11.1341 0
    endloop
  endfacet
  facet normal 0.951109 -0.308855 0
    outer loop
      vertex -11.1341 10.095 2
      vertex -11.0133 10.467 0
      vertex -11.0133 10.467 2
    endloop
  endfacet
  facet normal 0.951109 -0.308855 0
    outer loop
      vertex -11.0133 10.467 0
      vertex -11.1341 10.095 2
      vertex -11.1341 10.095 0
    endloop
  endfacet
  facet normal 0.80899 -0.587822 0
    outer loop
      vertex -11.0133 10.467 2
      vertex -10.7834 10.7834 0
      vertex -10.7834 10.7834 2
    endloop
  endfacet
  facet normal 0.80899 -0.587822 0
    outer loop
      vertex -10.7834 10.7834 0
      vertex -11.0133 10.467 2
      vertex -11.0133 10.467 0
    endloop
  endfacet
  facet normal 1 0 0
    outer loop
      vertex -11.1341 10.095 2
      vertex -11.1341 10.05 0.299999
      vertex -11.1341 10.095 0
    endloop
  endfacet
  facet normal 1 -0 0
    outer loop
      vertex -11.1341 9.70395 2
      vertex -11.1341 10.05 0.299999
      vertex -11.1341 10.095 2
    endloop
  endfacet
  facet normal 1 0 0
    outer loop
      vertex -11.1341 10.05 0.299999
      vertex -11.1341 9.70395 2
      vertex -11.1341 9.70395 0.299999
    endloop
  endfacet
  facet normal 1 0 0
    outer loop
      vertex -11.1341 10.095 0
      vertex -11.1341 10.05 0.299999
      vertex -11.1341 10.05 0
    endloop
  endfacet
  facet normal 0 -1 0
    outer loop
      vertex -10.095 11.1341 2
      vertex -10.05 11.1341 0.299999
      vertex -9.70395 11.1341 2
    endloop
  endfacet
  facet normal 0 -1 0
    outer loop
      vertex -10.095 11.1341 0
      vertex -10.05 11.1341 0.299999
      vertex -10.095 11.1341 2
    endloop
  endfacet
  facet normal 0 -1 -0
    outer loop
      vertex -10.05 11.1341 0.299999
      vertex -10.095 11.1341 0
      vertex -10.05 11.1341 0
    endloop
  endfacet
  facet normal 0 -1 -0
    outer loop
      vertex -9.70395 11.1341 2
      vertex -10.05 11.1341 0.299999
      vertex -9.70395 11.1341 0.299999
    endloop
  endfacet
  facet normal 0.80899 0.587822 0
    outer loop
      vertex -10.7834 9.01561 2
      vertex -11.0133 9.33201 0
      vertex -11.0133 9.33201 2
    endloop
  endfacet
  facet normal 0.80899 0.587822 0
    outer loop
      vertex -11.0133 9.33201 0
      vertex -10.7834 9.01561 2
      vertex -10.7834 9.01561 0
    endloop
  endfacet
  facet normal -1 0 0
    outer loop
      vertex -8.66488 9.70395 0
      vertex -8.66488 10.095 2
      vertex -8.66488 10.095 0
    endloop
  endfacet
  facet normal -1 -0 0
    outer loop
      vertex -8.66488 10.095 2
      vertex -8.66488 9.70395 0
      vertex -8.66488 9.70395 2
    endloop
  endfacet
  facet normal -0.308965 -0.951073 -1.43984e-05
    outer loop
      vertex -9.67001 11.1231 0.299999
      vertex -9.38689 11.0311 2
      vertex -9.70395 11.1341 2
    endloop
  endfacet
  facet normal -0.308313 -0.951285 0
    outer loop
      vertex -9.67001 11.1231 0.299999
      vertex -9.70395 11.1341 2
      vertex -9.70395 11.1341 0.299999
    endloop
  endfacet
  facet normal -0.308522 -0.951217 -9.60841e-05
    outer loop
      vertex -9.38689 11.0311 2
      vertex -9.67001 11.1231 0.299999
      vertex -9.33201 11.0133 2
    endloop
  endfacet
  facet normal -0.308959 -0.951075 0
    outer loop
      vertex -9.33201 11.0133 0
      vertex -9.67001 11.1231 0.299999
      vertex -9.67001 11.1231 0
    endloop
  endfacet
  facet normal -0.308959 -0.951075 0
    outer loop
      vertex -9.67001 11.1231 0.299999
      vertex -9.33201 11.0133 0
      vertex -9.33201 11.0133 2
    endloop
  endfacet
  facet normal 0.587822 -0.80899 0
    outer loop
      vertex -10.7834 10.7834 0
      vertex -10.467 11.0133 2
      vertex -10.7834 10.7834 2
    endloop
  endfacet
  facet normal 0.587822 -0.80899 0
    outer loop
      vertex -10.467 11.0133 2
      vertex -10.7834 10.7834 0
      vertex -10.467 11.0133 0
    endloop
  endfacet
  facet normal -0.809027 -0.587772 0
    outer loop
      vertex -8.78574 10.467 0
      vertex -9.01561 10.7834 2
      vertex -9.01561 10.7834 0
    endloop
  endfacet
  facet normal -0.809027 -0.587772 0
    outer loop
      vertex -9.01561 10.7834 2
      vertex -8.78574 10.467 0
      vertex -8.78574 10.467 2
    endloop
  endfacet
  facet normal -0.951024 0.309116 0
    outer loop
      vertex -8.6718 9.68266 0.299999
      vertex -8.66488 9.70395 0
      vertex -8.6718 9.68266 0
    endloop
  endfacet
  facet normal -0.951024 0.309116 0
    outer loop
      vertex -8.66488 9.70395 0
      vertex -8.6718 9.68266 0.299999
      vertex -8.66488 9.70395 2
    endloop
  endfacet
  facet normal -0.951051 0.309034 0
    outer loop
      vertex -8.78574 9.33201 2
      vertex -8.6718 9.68266 0.299999
      vertex -8.78574 9.33201 0.299999
    endloop
  endfacet
  facet normal -0.951049 0.309039 1.07604e-06
    outer loop
      vertex -8.6718 9.68266 0.299999
      vertex -8.78574 9.33201 2
      vertex -8.66488 9.70395 2
    endloop
  endfacet
  facet normal -0.309034 0.951051 0
    outer loop
      vertex -9.68266 8.6718 0.299999
      vertex -9.33201 8.78574 2
      vertex -9.33201 8.78574 0.299999
    endloop
  endfacet
  facet normal -0.309039 0.951049 1.07604e-06
    outer loop
      vertex -9.33201 8.78574 2
      vertex -9.68266 8.6718 0.299999
      vertex -9.70395 8.66488 2
    endloop
  endfacet
  facet normal -0.309116 0.951024 0
    outer loop
      vertex -9.70395 8.66488 0
      vertex -9.68266 8.6718 0.299999
      vertex -9.68266 8.6718 0
    endloop
  endfacet
  facet normal -0.309116 0.951024 0
    outer loop
      vertex -9.68266 8.6718 0.299999
      vertex -9.70395 8.66488 0
      vertex -9.70395 8.66488 2
    endloop
  endfacet
  facet normal -0.587822 -0.80899 0
    outer loop
      vertex -9.33201 11.0133 0
      vertex -9.01561 10.7834 2
      vertex -9.33201 11.0133 2
    endloop
  endfacet
  facet normal -0.587822 -0.80899 -0
    outer loop
      vertex -9.01561 10.7834 2
      vertex -9.33201 11.0133 0
      vertex -9.01561 10.7834 0
    endloop
  endfacet
  facet normal 0 1 -0
    outer loop
      vertex -9.70395 8.66488 0
      vertex -10.095 8.66488 2
      vertex -9.70395 8.66488 2
    endloop
  endfacet
  facet normal 0 1 0
    outer loop
      vertex -10.095 8.66488 2
      vertex -9.70395 8.66488 0
      vertex -10.095 8.66488 0
    endloop
  endfacet
  facet normal 0.587772 0.809027 -0
    outer loop
      vertex -10.467 8.78574 0
      vertex -10.7834 9.01561 2
      vertex -10.467 8.78574 2
    endloop
  endfacet
  facet normal 0.587772 0.809027 0
    outer loop
      vertex -10.7834 9.01561 2
      vertex -10.467 8.78574 0
      vertex -10.7834 9.01561 0
    endloop
  endfacet
  facet normal 0.308994 0.951064 -0
    outer loop
      vertex -10.095 8.66488 0
      vertex -10.467 8.78574 2
      vertex -10.095 8.66488 2
    endloop
  endfacet
  facet normal 0.308994 0.951064 0
    outer loop
      vertex -10.467 8.78574 2
      vertex -10.095 8.66488 0
      vertex -10.467 8.78574 0
    endloop
  endfacet
  facet normal -0.587772 0.809027 0
    outer loop
      vertex -9.01561 9.01561 0.299999
      vertex -9.33201 8.78574 2
      vertex -9.01561 9.01561 2
    endloop
  endfacet
  facet normal -0.587772 0.809027 0
    outer loop
      vertex -9.33201 8.78574 2
      vertex -9.01561 9.01561 0.299999
      vertex -9.33201 8.78574 0.299999
    endloop
  endfacet
  facet normal -0.951064 -0.308994 0
    outer loop
      vertex -8.66488 10.095 0
      vertex -8.78574 10.467 2
      vertex -8.78574 10.467 0
    endloop
  endfacet
  facet normal -0.951064 -0.308994 0
    outer loop
      vertex -8.78574 10.467 2
      vertex -8.66488 10.095 0
      vertex -8.66488 10.095 2
    endloop
  endfacet
  facet normal 0.951285 0.308313 0
    outer loop
      vertex -11.1341 9.70395 2
      vertex -11.1231 9.67001 0.299999
      vertex -11.1341 9.70395 0.299999
    endloop
  endfacet
  facet normal 0.951073 0.308965 -1.43984e-05
    outer loop
      vertex -11.0311 9.38689 2
      vertex -11.1231 9.67001 0.299999
      vertex -11.1341 9.70395 2
    endloop
  endfacet
  facet normal 0.951217 0.308522 -9.60841e-05
    outer loop
      vertex -11.0133 9.33201 2
      vertex -11.1231 9.67001 0.299999
      vertex -11.0311 9.38689 2
    endloop
  endfacet
  facet normal 0.951075 0.308959 0
    outer loop
      vertex -11.1231 9.67001 0.299999
      vertex -11.0133 9.33201 2
      vertex -11.0133 9.33201 0
    endloop
  endfacet
  facet normal 0.951075 0.308959 0
    outer loop
      vertex -11.1231 9.67001 0.299999
      vertex -11.0133 9.33201 0
      vertex -11.1231 9.67001 0
    endloop
  endfacet
  facet normal -0.809027 0.587772 0
    outer loop
      vertex -9.01561 9.01561 0.299999
      vertex -8.78574 9.33201 2
      vertex -8.78574 9.33201 0.299999
    endloop
  endfacet
  facet normal -0.809027 0.587772 0
    outer loop
      vertex -8.78574 9.33201 2
      vertex -9.01561 9.01561 0.299999
      vertex -9.01561 9.01561 2
    endloop
  endfacet
  facet normal 0.758517 -0.551387 0.34731
    outer loop
      vertex -11.1635 10.8903 3
      vertex -10.9451 10.9451 2.61002
      vertex -11.0485 11.0485 3
    endloop
  endfacet
  facet normal 0.758653 -0.55113 0.347423
    outer loop
      vertex -10.9451 10.9451 2.61002
      vertex -11.1635 10.8903 3
      vertex -11.1206 10.7696 2.71485
    endloop
  endfacet
  facet normal -0.758727 -0.551093 0.347318
    outer loop
      vertex -8.50778 10.6086 2.83189
      vertex -8.70442 10.6962 2.54132
      vertex -8.78574 10.467 2
    endloop
  endfacet
  facet normal -0.289799 0.89184 0.347329
    outer loop
      vertex -9.33201 8.78574 2
      vertex -9.34773 8.39118 3
      vertex -9.16176 8.45161 3
    endloop
  endfacet
  facet normal -0.289799 0.89184 0.347329
    outer loop
      vertex -9.34773 8.39118 3
      vertex -9.33201 8.78574 2
      vertex -9.70395 8.66488 2
    endloop
  endfacet
  facet normal 0.758658 0.551212 0.34728
    outer loop
      vertex -11.0485 8.75045 3
      vertex -10.7834 9.01561 2
      vertex -11.2324 9.00356 3
    endloop
  endfacet
  facet normal 0.289734 0.891859 0.347334
    outer loop
      vertex -10.1537 8.2945 3
      vertex -10.095 8.66488 2
      vertex -10.4513 8.39118 3
    endloop
  endfacet
  facet normal 0.891845 -0.289834 0.347289
    outer loop
      vertex -11.2849 10.6054 2.81296
      vertex -11.3474 10.6372 3
      vertex -11.3928 10.4975 3
    endloop
  endfacet
  facet normal -0.551203 0.758646 0.34732
    outer loop
      vertex -9.00356 8.56655 3
      vertex -8.75045 8.75045 3
      vertex -9.01561 9.01561 2
    endloop
  endfacet
  facet normal -0.289343 -0.892088 0.347073
    outer loop
      vertex -9.33201 11.0133 2
      vertex -9.34686 11.0635 2.11665
      vertex -9.38689 11.0311 2
    endloop
  endfacet
  facet normal -0.551295 -0.758631 0.347208
    outer loop
      vertex -9.33201 11.0133 2
      vertex -9.23974 11.0582 2.24461
      vertex -9.28404 11.1074 2.28177
    endloop
  endfacet
  facet normal -0.551254 -0.758664 0.347199
    outer loop
      vertex -9.01561 10.7834 2
      vertex -9.23974 11.0582 2.24461
      vertex -9.33201 11.0133 2
    endloop
  endfacet
  facet normal -0.551257 -0.758664 0.347195
    outer loop
      vertex -9.23974 11.0582 2.24461
      vertex -9.01561 10.7834 2
      vertex -9.01266 10.8932 2.24461
    endloop
  endfacet
  facet normal -0.937746 0 0.347322
    outer loop
      vertex -8.66488 9.70395 2
      vertex -8.2945 10.1537 3
      vertex -8.66488 10.095 2
    endloop
  endfacet
  facet normal -0.937746 0 0.347322
    outer loop
      vertex -8.2945 10.1537 3
      vertex -8.66488 9.70395 2
      vertex -8.2945 9.64529 3
    endloop
  endfacet
  facet normal -0.551386 -0.758585 0.347162
    outer loop
      vertex -8.95075 10.8482 2.24461
      vertex -9.01266 10.8932 2.24461
      vertex -9.01561 10.7834 2
    endloop
  endfacet
  facet normal 0.7586 -0.551191 0.347441
    outer loop
      vertex -11.3474 10.6372 3
      vertex -11.1206 10.7696 2.71485
      vertex -11.1635 10.8903 3
    endloop
  endfacet
  facet normal 0.758488 -0.551488 0.347213
    outer loop
      vertex -11.1206 10.7696 2.71485
      vertex -11.3474 10.6372 3
      vertex -11.2849 10.6054 2.81296
    endloop
  endfacet
  facet normal 0 0.937746 0.347322
    outer loop
      vertex -9.70395 8.66488 2
      vertex -10.1537 8.2945 3
      vertex -9.64529 8.2945 3
    endloop
  endfacet
  facet normal 0 0.937746 0.347322
    outer loop
      vertex -10.1537 8.2945 3
      vertex -9.70395 8.66488 2
      vertex -10.095 8.66488 2
    endloop
  endfacet
  facet normal -0.891858 -0.289758 0.347318
    outer loop
      vertex -8.66488 10.095 2
      vertex -8.50778 10.6086 2.83189
      vertex -8.78574 10.467 2
    endloop
  endfacet
  facet normal -0.891821 -0.289987 0.347222
    outer loop
      vertex -8.50778 10.6086 2.83189
      vertex -8.39118 10.4513 3
      vertex -8.43124 10.5745 3
    endloop
  endfacet
  facet normal -0.891816 -0.289837 0.347359
    outer loop
      vertex -8.50778 10.6086 2.83189
      vertex -8.66488 10.095 2
      vertex -8.39118 10.4513 3
    endloop
  endfacet
  facet normal -0.758646 0.551203 0.34732
    outer loop
      vertex -8.75045 8.75045 3
      vertex -8.56655 9.00356 3
      vertex -9.01561 9.01561 2
    endloop
  endfacet
  facet normal 0.551387 -0.758517 0.34731
    outer loop
      vertex -10.9451 10.9451 2.61002
      vertex -10.8903 11.1635 3
      vertex -11.0485 11.0485 3
    endloop
  endfacet
  facet normal 0.55113 -0.758653 0.347423
    outer loop
      vertex -10.8903 11.1635 3
      vertex -10.9451 10.9451 2.61002
      vertex -10.7696 11.1206 2.71485
    endloop
  endfacet
  facet normal -0.891852 0.289771 0.347322
    outer loop
      vertex -8.39118 9.34773 3
      vertex -8.2945 9.64529 3
      vertex -8.66488 9.70395 2
    endloop
  endfacet
  facet normal 0.551221 0.758641 0.347303
    outer loop
      vertex -10.6372 8.45161 3
      vertex -10.467 8.78574 2
      vertex -10.8903 8.63551 3
    endloop
  endfacet
  facet normal 0.551191 -0.7586 0.347441
    outer loop
      vertex -10.7696 11.1206 2.71485
      vertex -10.6372 11.3474 3
      vertex -10.8903 11.1635 3
    endloop
  endfacet
  facet normal 0.551488 -0.758488 0.347213
    outer loop
      vertex -10.6372 11.3474 3
      vertex -10.7696 11.1206 2.71485
      vertex -10.6054 11.2849 2.81296
    endloop
  endfacet
  facet normal -0.289771 0.891852 0.347322
    outer loop
      vertex -9.64529 8.2945 3
      vertex -9.34773 8.39118 3
      vertex -9.70395 8.66488 2
    endloop
  endfacet
  facet normal 0.551187 0.75867 0.347293
    outer loop
      vertex -10.7834 9.01561 2
      vertex -10.8903 8.63551 3
      vertex -10.467 8.78574 2
    endloop
  endfacet
  facet normal 0.551203 0.75866 0.34729
    outer loop
      vertex -10.8903 8.63551 3
      vertex -10.7834 9.01561 2
      vertex -11.0485 8.75045 3
    endloop
  endfacet
  facet normal -0.285572 -0.893628 0.346233
    outer loop
      vertex -9.34686 11.0635 2.11665
      vertex -9.28404 11.1074 2.28177
      vertex -9.28767 11.1114 2.2891
    endloop
  endfacet
  facet normal -0.289005 -0.892167 0.34715
    outer loop
      vertex -9.28404 11.1074 2.28177
      vertex -9.34686 11.0635 2.11665
      vertex -9.33201 11.0133 2
    endloop
  endfacet
  facet normal 0.289834 -0.891845 0.347289
    outer loop
      vertex -10.6054 11.2849 2.81296
      vertex -10.4975 11.3928 3
      vertex -10.6372 11.3474 3
    endloop
  endfacet
  facet normal 0.758542 0.551356 0.347304
    outer loop
      vertex -11.2324 9.00356 3
      vertex -11.1193 9.27798 2.31733
      vertex -11.284 9.07455 3
    endloop
  endfacet
  facet normal 0.758643 0.551239 0.347271
    outer loop
      vertex -11.1193 9.27798 2.31733
      vertex -10.7834 9.01561 2
      vertex -11.0133 9.33201 2
    endloop
  endfacet
  facet normal 0.758643 0.551237 0.347273
    outer loop
      vertex -11.1193 9.27798 2.31733
      vertex -11.2324 9.00356 3
      vertex -10.7834 9.01561 2
    endloop
  endfacet
  facet normal 0.892088 0.289343 0.347073
    outer loop
      vertex -11.0133 9.33201 2
      vertex -11.0311 9.38689 2
      vertex -11.0635 9.34686 2.11665
    endloop
  endfacet
  facet normal -0.551196 0.75865 0.347321
    outer loop
      vertex -9.01561 9.01561 2
      vertex -9.16176 8.45161 3
      vertex -9.00356 8.56655 3
    endloop
  endfacet
  facet normal -0.551179 0.758659 0.347329
    outer loop
      vertex -9.16176 8.45161 3
      vertex -9.01561 9.01561 2
      vertex -9.33201 8.78574 2
    endloop
  endfacet
  facet normal -0.89184 0.289799 0.347329
    outer loop
      vertex -8.78574 9.33201 2
      vertex -8.39118 9.34773 3
      vertex -8.66488 9.70395 2
    endloop
  endfacet
  facet normal -0.89184 0.289799 0.347329
    outer loop
      vertex -8.39118 9.34773 3
      vertex -8.78574 9.33201 2
      vertex -8.45161 9.16176 3
    endloop
  endfacet
  facet normal -0.758659 0.551179 0.347329
    outer loop
      vertex -9.01561 9.01561 2
      vertex -8.45161 9.16176 3
      vertex -8.78574 9.33201 2
    endloop
  endfacet
  facet normal -0.75865 0.551196 0.347321
    outer loop
      vertex -8.45161 9.16176 3
      vertex -9.01561 9.01561 2
      vertex -8.56655 9.00356 3
    endloop
  endfacet
  facet normal 0.289755 0.89185 0.347339
    outer loop
      vertex -10.467 8.78574 2
      vertex -10.4513 8.39118 3
      vertex -10.095 8.66488 2
    endloop
  endfacet
  facet normal 0.289899 0.891811 0.347321
    outer loop
      vertex -10.4513 8.39118 3
      vertex -10.467 8.78574 2
      vertex -10.6372 8.45161 3
    endloop
  endfacet
  facet normal -0.758699 -0.551208 0.347196
    outer loop
      vertex -8.78574 10.467 2
      vertex -8.95075 10.8482 2.24461
      vertex -9.01561 10.7834 2
    endloop
  endfacet
  facet normal -0.758601 -0.551255 0.347335
    outer loop
      vertex -8.95075 10.8482 2.24461
      vertex -8.78574 10.467 2
      vertex -8.8 10.7387 2.40007
    endloop
  endfacet
  facet normal -0.758525 -0.551327 0.347387
    outer loop
      vertex -8.8 10.7387 2.40007
      vertex -8.78574 10.467 2
      vertex -8.70442 10.6962 2.54132
    endloop
  endfacet
  facet normal 0.892222 0.288774 0.347203
    outer loop
      vertex -11.0133 9.33201 2
      vertex -11.0635 9.34686 2.11665
      vertex -11.1193 9.27798 2.31733
    endloop
  endfacet
  facet normal -0.891859 -0.289734 0.347334
    outer loop
      vertex -8.2945 10.1537 3
      vertex -8.39118 10.4513 3
      vertex -8.66488 10.095 2
    endloop
  endfacet
  facet normal 0.951109 0.308855 0
    outer loop
      vertex -11.0133 -10.467 2
      vertex -11.1341 -10.095 0
      vertex -11.1341 -10.095 2
    endloop
  endfacet
  facet normal 0.951109 0.308855 0
    outer loop
      vertex -11.1341 -10.095 0
      vertex -11.0133 -10.467 2
      vertex -11.0133 -10.467 0
    endloop
  endfacet
  facet normal 0 1 0
    outer loop
      vertex -10.05 -11.1341 0.299999
      vertex -9.70395 -11.1341 2
      vertex -9.70395 -11.1341 0.299999
    endloop
  endfacet
  facet normal 0 1 0
    outer loop
      vertex -9.70395 -11.1341 2
      vertex -10.05 -11.1341 0.299999
      vertex -10.095 -11.1341 2
    endloop
  endfacet
  facet normal 0 1 0
    outer loop
      vertex -10.095 -11.1341 0
      vertex -10.05 -11.1341 0.299999
      vertex -10.05 -11.1341 0
    endloop
  endfacet
  facet normal 0 1 0
    outer loop
      vertex -10.05 -11.1341 0.299999
      vertex -10.095 -11.1341 0
      vertex -10.095 -11.1341 2
    endloop
  endfacet
  facet normal -0.951051 -0.309034 0
    outer loop
      vertex -8.6718 -9.68266 0.299999
      vertex -8.78574 -9.33201 2
      vertex -8.78574 -9.33201 0.299999
    endloop
  endfacet
  facet normal -0.951049 -0.309039 1.07604e-06
    outer loop
      vertex -8.6718 -9.68266 0.299999
      vertex -8.66488 -9.70395 2
      vertex -8.78574 -9.33201 2
    endloop
  endfacet
  facet normal -0.951024 -0.309116 -0
    outer loop
      vertex -8.66488 -9.70395 2
      vertex -8.6718 -9.68266 0.299999
      vertex -8.66488 -9.70395 0
    endloop
  endfacet
  facet normal -0.951024 -0.309116 0
    outer loop
      vertex -8.6718 -9.68266 0
      vertex -8.66488 -9.70395 0
      vertex -8.6718 -9.68266 0.299999
    endloop
  endfacet
  facet normal 1 0 0
    outer loop
      vertex -11.1341 -9.70395 2
      vertex -11.1341 -10.05 0.299999
      vertex -11.1341 -9.70395 0.299999
    endloop
  endfacet
  facet normal 1 -0 0
    outer loop
      vertex -11.1341 -10.095 2
      vertex -11.1341 -10.05 0.299999
      vertex -11.1341 -9.70395 2
    endloop
  endfacet
  facet normal 1 0 0
    outer loop
      vertex -11.1341 -10.095 0
      vertex -11.1341 -10.05 0.299999
      vertex -11.1341 -10.095 2
    endloop
  endfacet
  facet normal 1 0 0
    outer loop
      vertex -11.1341 -10.05 0.299999
      vertex -11.1341 -10.095 0
      vertex -11.1341 -10.05 0
    endloop
  endfacet
  facet normal -0.587822 0.80899 0
    outer loop
      vertex -9.01561 -10.7834 0
      vertex -9.33201 -11.0133 2
      vertex -9.01561 -10.7834 2
    endloop
  endfacet
  facet normal -0.587822 0.80899 0
    outer loop
      vertex -9.33201 -11.0133 2
      vertex -9.01561 -10.7834 0
      vertex -9.33201 -11.0133 0
    endloop
  endfacet
  facet normal 0 -1 0
    outer loop
      vertex -10.095 -8.66488 0
      vertex -9.70395 -8.66488 2
      vertex -10.095 -8.66488 2
    endloop
  endfacet
  facet normal 0 -1 -0
    outer loop
      vertex -9.70395 -8.66488 2
      vertex -10.095 -8.66488 0
      vertex -9.70395 -8.66488 0
    endloop
  endfacet
  facet normal 0.587822 0.80899 -0
    outer loop
      vertex -10.467 -11.0133 0
      vertex -10.7834 -10.7834 2
      vertex -10.467 -11.0133 2
    endloop
  endfacet
  facet normal 0.587822 0.80899 0
    outer loop
      vertex -10.7834 -10.7834 2
      vertex -10.467 -11.0133 0
      vertex -10.7834 -10.7834 0
    endloop
  endfacet
  facet normal 0.951073 -0.308965 -1.43984e-05
    outer loop
      vertex -11.1341 -9.70395 2
      vertex -11.1231 -9.67001 0.299999
      vertex -11.0311 -9.38689 2
    endloop
  endfacet
  facet normal 0.951285 -0.308313 0
    outer loop
      vertex -11.1231 -9.67001 0.299999
      vertex -11.1341 -9.70395 2
      vertex -11.1341 -9.70395 0.299999
    endloop
  endfacet
  facet normal 0.951217 -0.308522 -9.60841e-05
    outer loop
      vertex -11.1231 -9.67001 0.299999
      vertex -11.0133 -9.33201 2
      vertex -11.0311 -9.38689 2
    endloop
  endfacet
  facet normal 0.951075 -0.308959 0
    outer loop
      vertex -11.0133 -9.33201 2
      vertex -11.1231 -9.67001 0.299999
      vertex -11.0133 -9.33201 0
    endloop
  endfacet
  facet normal 0.951075 -0.308959 0
    outer loop
      vertex -11.0133 -9.33201 0
      vertex -11.1231 -9.67001 0.299999
      vertex -11.1231 -9.67001 0
    endloop
  endfacet
  facet normal 0.80899 0.587822 0
    outer loop
      vertex -10.7834 -10.7834 2
      vertex -11.0133 -10.467 0
      vertex -11.0133 -10.467 2
    endloop
  endfacet
  facet normal 0.80899 0.587822 0
    outer loop
      vertex -11.0133 -10.467 0
      vertex -10.7834 -10.7834 2
      vertex -10.7834 -10.7834 0
    endloop
  endfacet
  facet normal 0.587772 -0.809027 0
    outer loop
      vertex -10.7834 -9.01561 0
      vertex -10.467 -8.78574 2
      vertex -10.7834 -9.01561 2
    endloop
  endfacet
  facet normal 0.587772 -0.809027 0
    outer loop
      vertex -10.467 -8.78574 2
      vertex -10.7834 -9.01561 0
      vertex -10.467 -8.78574 0
    endloop
  endfacet
  facet normal 0.308855 0.951109 -0
    outer loop
      vertex -10.095 -11.1341 0
      vertex -10.467 -11.0133 2
      vertex -10.095 -11.1341 2
    endloop
  endfacet
  facet normal 0.308855 0.951109 0
    outer loop
      vertex -10.467 -11.0133 2
      vertex -10.095 -11.1341 0
      vertex -10.467 -11.0133 0
    endloop
  endfacet
  facet normal 0.80899 -0.587822 0
    outer loop
      vertex -11.0133 -9.33201 2
      vertex -10.7834 -9.01561 0
      vertex -10.7834 -9.01561 2
    endloop
  endfacet
  facet normal 0.80899 -0.587822 0
    outer loop
      vertex -10.7834 -9.01561 0
      vertex -11.0133 -9.33201 2
      vertex -11.0133 -9.33201 0
    endloop
  endfacet
  facet normal -1 0 0
    outer loop
      vertex -8.66488 -10.095 0
      vertex -8.66488 -9.70395 2
      vertex -8.66488 -9.70395 0
    endloop
  endfacet
  facet normal -1 -0 0
    outer loop
      vertex -8.66488 -9.70395 2
      vertex -8.66488 -10.095 0
      vertex -8.66488 -10.095 2
    endloop
  endfacet
  facet normal -0.809027 0.587772 0
    outer loop
      vertex -9.01561 -10.7834 0
      vertex -8.78574 -10.467 2
      vertex -8.78574 -10.467 0
    endloop
  endfacet
  facet normal -0.809027 0.587772 0
    outer loop
      vertex -8.78574 -10.467 2
      vertex -9.01561 -10.7834 0
      vertex -9.01561 -10.7834 2
    endloop
  endfacet
  facet normal -0.309039 -0.951049 1.07604e-06
    outer loop
      vertex -9.70395 -8.66488 2
      vertex -9.68266 -8.6718 0.299999
      vertex -9.33201 -8.78574 2
    endloop
  endfacet
  facet normal -0.309116 -0.951024 0
    outer loop
      vertex -9.70395 -8.66488 0
      vertex -9.68266 -8.6718 0.299999
      vertex -9.70395 -8.66488 2
    endloop
  endfacet
  facet normal -0.309116 -0.951024 -0
    outer loop
      vertex -9.68266 -8.6718 0.299999
      vertex -9.70395 -8.66488 0
      vertex -9.68266 -8.6718 0
    endloop
  endfacet
  facet normal -0.309034 -0.951051 -0
    outer loop
      vertex -9.33201 -8.78574 2
      vertex -9.68266 -8.6718 0.299999
      vertex -9.33201 -8.78574 0.299999
    endloop
  endfacet
  facet normal -0.951064 0.308994 0
    outer loop
      vertex -8.78574 -10.467 0
      vertex -8.66488 -10.095 2
      vertex -8.66488 -10.095 0
    endloop
  endfacet
  facet normal -0.951064 0.308994 0
    outer loop
      vertex -8.66488 -10.095 2
      vertex -8.78574 -10.467 0
      vertex -8.78574 -10.467 2
    endloop
  endfacet
  facet normal -0.809027 -0.587772 0
    outer loop
      vertex -8.78574 -9.33201 0.299999
      vertex -9.01561 -9.01561 2
      vertex -9.01561 -9.01561 0.299999
    endloop
  endfacet
  facet normal -0.809027 -0.587772 0
    outer loop
      vertex -9.01561 -9.01561 2
      vertex -8.78574 -9.33201 0.299999
      vertex -8.78574 -9.33201 2
    endloop
  endfacet
  facet normal 0.308994 -0.951064 0
    outer loop
      vertex -10.467 -8.78574 0
      vertex -10.095 -8.66488 2
      vertex -10.467 -8.78574 2
    endloop
  endfacet
  facet normal 0.308994 -0.951064 0
    outer loop
      vertex -10.095 -8.66488 2
      vertex -10.467 -8.78574 0
      vertex -10.095 -8.66488 0
    endloop
  endfacet
  facet normal -0.308522 0.951217 -9.60841e-05
    outer loop
      vertex -9.67001 -11.1231 0.299999
      vertex -9.38689 -11.0311 2
      vertex -9.33201 -11.0133 2
    endloop
  endfacet
  facet normal -0.308965 0.951073 -1.43984e-05
    outer loop
      vertex -9.38689 -11.0311 2
      vertex -9.67001 -11.1231 0.299999
      vertex -9.70395 -11.1341 2
    endloop
  endfacet
  facet normal -0.308959 0.951075 0
    outer loop
      vertex -9.33201 -11.0133 0
      vertex -9.67001 -11.1231 0.299999
      vertex -9.33201 -11.0133 2
    endloop
  endfacet
  facet normal -0.308959 0.951075 0
    outer loop
      vertex -9.67001 -11.1231 0.299999
      vertex -9.33201 -11.0133 0
      vertex -9.67001 -11.1231 0
    endloop
  endfacet
  facet normal -0.308313 0.951285 0
    outer loop
      vertex -9.70395 -11.1341 2
      vertex -9.67001 -11.1231 0.299999
      vertex -9.70395 -11.1341 0.299999
    endloop
  endfacet
  facet normal -0.587772 -0.809027 0
    outer loop
      vertex -9.33201 -8.78574 0.299999
      vertex -9.01561 -9.01561 2
      vertex -9.33201 -8.78574 2
    endloop
  endfacet
  facet normal -0.587772 -0.809027 -0
    outer loop
      vertex -9.01561 -9.01561 2
      vertex -9.33201 -8.78574 0.299999
      vertex -9.01561 -9.01561 0.299999
    endloop
  endfacet
  facet normal 0.55113 0.758653 0.347423
    outer loop
      vertex -10.9451 -10.9451 2.61002
      vertex -10.8903 -11.1635 3
      vertex -10.7696 -11.1206 2.71485
    endloop
  endfacet
  facet normal 0.551387 0.758517 0.34731
    outer loop
      vertex -10.8903 -11.1635 3
      vertex -10.9451 -10.9451 2.61002
      vertex -11.0485 -11.0485 3
    endloop
  endfacet
  facet normal 0.551221 -0.758641 0.347303
    outer loop
      vertex -10.467 -8.78574 2
      vertex -10.6372 -8.45161 3
      vertex -10.8903 -8.63551 3
    endloop
  endfacet
  facet normal -0.89184 -0.289799 0.347329
    outer loop
      vertex -8.78574 -9.33201 2
      vertex -8.39118 -9.34773 3
      vertex -8.45161 -9.16176 3
    endloop
  endfacet
  facet normal -0.89184 -0.289799 0.347329
    outer loop
      vertex -8.39118 -9.34773 3
      vertex -8.78574 -9.33201 2
      vertex -8.66488 -9.70395 2
    endloop
  endfacet
  facet normal -0.551386 0.758585 0.347162
    outer loop
      vertex -9.01266 -10.8932 2.24461
      vertex -8.95075 -10.8482 2.24461
      vertex -9.01561 -10.7834 2
    endloop
  endfacet
  facet normal -0.891859 0.289734 0.347334
    outer loop
      vertex -8.39118 -10.4513 3
      vertex -8.2945 -10.1537 3
      vertex -8.66488 -10.095 2
    endloop
  endfacet
  facet normal 0.289834 0.891845 0.347289
    outer loop
      vertex -10.4975 -11.3928 3
      vertex -10.6054 -11.2849 2.81296
      vertex -10.6372 -11.3474 3
    endloop
  endfacet
  facet normal -0.758646 -0.551203 0.34732
    outer loop
      vertex -8.56655 -9.00356 3
      vertex -8.75045 -8.75045 3
      vertex -9.01561 -9.01561 2
    endloop
  endfacet
  facet normal 0.892088 -0.289343 0.347073
    outer loop
      vertex -11.0311 -9.38689 2
      vertex -11.0133 -9.33201 2
      vertex -11.0635 -9.34686 2.11665
    endloop
  endfacet
  facet normal 0.758542 -0.551356 0.347304
    outer loop
      vertex -11.1193 -9.27798 2.31733
      vertex -11.2324 -9.00356 3
      vertex -11.284 -9.07455 3
    endloop
  endfacet
  facet normal 0.758643 -0.551237 0.347273
    outer loop
      vertex -11.2324 -9.00356 3
      vertex -11.1193 -9.27798 2.31733
      vertex -10.7834 -9.01561 2
    endloop
  endfacet
  facet normal 0.758643 -0.551239 0.347271
    outer loop
      vertex -10.7834 -9.01561 2
      vertex -11.1193 -9.27798 2.31733
      vertex -11.0133 -9.33201 2
    endloop
  endfacet
  facet normal 0.758658 -0.551212 0.34728
    outer loop
      vertex -10.7834 -9.01561 2
      vertex -11.0485 -8.75045 3
      vertex -11.2324 -9.00356 3
    endloop
  endfacet
  facet normal 0.551488 0.758488 0.347213
    outer loop
      vertex -10.7696 -11.1206 2.71485
      vertex -10.6372 -11.3474 3
      vertex -10.6054 -11.2849 2.81296
    endloop
  endfacet
  facet normal 0.551191 0.7586 0.347441
    outer loop
      vertex -10.6372 -11.3474 3
      vertex -10.7696 -11.1206 2.71485
      vertex -10.8903 -11.1635 3
    endloop
  endfacet
  facet normal -0.937746 0 0.347322
    outer loop
      vertex -8.66488 -10.095 2
      vertex -8.2945 -9.64529 3
      vertex -8.66488 -9.70395 2
    endloop
  endfacet
  facet normal -0.937746 0 0.347322
    outer loop
      vertex -8.2945 -9.64529 3
      vertex -8.66488 -10.095 2
      vertex -8.2945 -10.1537 3
    endloop
  endfacet
  facet normal 0.289899 -0.891811 0.347321
    outer loop
      vertex -10.467 -8.78574 2
      vertex -10.4513 -8.39118 3
      vertex -10.6372 -8.45161 3
    endloop
  endfacet
  facet normal 0.289755 -0.89185 0.347339
    outer loop
      vertex -10.4513 -8.39118 3
      vertex -10.467 -8.78574 2
      vertex -10.095 -8.66488 2
    endloop
  endfacet
  facet normal -0.551203 -0.758646 0.34732
    outer loop
      vertex -8.75045 -8.75045 3
      vertex -9.00356 -8.56655 3
      vertex -9.01561 -9.01561 2
    endloop
  endfacet
  facet normal 0.758653 0.55113 0.347423
    outer loop
      vertex -11.1635 -10.8903 3
      vertex -10.9451 -10.9451 2.61002
      vertex -11.1206 -10.7696 2.71485
    endloop
  endfacet
  facet normal 0.758517 0.551387 0.34731
    outer loop
      vertex -10.9451 -10.9451 2.61002
      vertex -11.1635 -10.8903 3
      vertex -11.0485 -11.0485 3
    endloop
  endfacet
  facet normal -0.289771 -0.891852 0.347322
    outer loop
      vertex -9.34773 -8.39118 3
      vertex -9.64529 -8.2945 3
      vertex -9.70395 -8.66488 2
    endloop
  endfacet
  facet normal -0.758727 0.551093 0.347318
    outer loop
      vertex -8.70442 -10.6962 2.54132
      vertex -8.50778 -10.6086 2.83189
      vertex -8.78574 -10.467 2
    endloop
  endfacet
  facet normal 0.758488 0.551488 0.347213
    outer loop
      vertex -11.3474 -10.6372 3
      vertex -11.1206 -10.7696 2.71485
      vertex -11.2849 -10.6054 2.81296
    endloop
  endfacet
  facet normal 0.7586 0.551191 0.347441
    outer loop
      vertex -11.1206 -10.7696 2.71485
      vertex -11.3474 -10.6372 3
      vertex -11.1635 -10.8903 3
    endloop
  endfacet
  facet normal -0.891852 -0.289771 0.347322
    outer loop
      vertex -8.2945 -9.64529 3
      vertex -8.39118 -9.34773 3
      vertex -8.66488 -9.70395 2
    endloop
  endfacet
  facet normal -0.758525 0.551327 0.347387
    outer loop
      vertex -8.78574 -10.467 2
      vertex -8.8 -10.7387 2.40007
      vertex -8.70442 -10.6962 2.54132
    endloop
  endfacet
  facet normal -0.758699 0.551208 0.347196
    outer loop
      vertex -8.95075 -10.8482 2.24461
      vertex -8.78574 -10.467 2
      vertex -9.01561 -10.7834 2
    endloop
  endfacet
  facet normal -0.758601 0.551255 0.347335
    outer loop
      vertex -8.78574 -10.467 2
      vertex -8.95075 -10.8482 2.24461
      vertex -8.8 -10.7387 2.40007
    endloop
  endfacet
  facet normal 0.892222 -0.288774 0.347203
    outer loop
      vertex -11.0635 -9.34686 2.11665
      vertex -11.0133 -9.33201 2
      vertex -11.1193 -9.27798 2.31733
    endloop
  endfacet
  facet normal 0.891845 0.289834 0.347289
    outer loop
      vertex -11.3474 -10.6372 3
      vertex -11.2849 -10.6054 2.81296
      vertex -11.3928 -10.4975 3
    endloop
  endfacet
  facet normal -0.551257 0.758664 0.347195
    outer loop
      vertex -9.01266 -10.8932 2.24461
      vertex -9.01561 -10.7834 2
      vertex -9.23974 -11.0582 2.24461
    endloop
  endfacet
  facet normal -0.551254 0.758664 0.347199
    outer loop
      vertex -9.33201 -11.0133 2
      vertex -9.23974 -11.0582 2.24461
      vertex -9.01561 -10.7834 2
    endloop
  endfacet
  facet normal -0.551295 0.758631 0.347208
    outer loop
      vertex -9.23974 -11.0582 2.24461
      vertex -9.33201 -11.0133 2
      vertex -9.28404 -11.1074 2.28177
    endloop
  endfacet
  facet normal -0.289343 0.892088 0.347073
    outer loop
      vertex -9.34686 -11.0635 2.11665
      vertex -9.33201 -11.0133 2
      vertex -9.38689 -11.0311 2
    endloop
  endfacet
  facet normal -0.75865 -0.551196 0.347321
    outer loop
      vertex -9.01561 -9.01561 2
      vertex -8.45161 -9.16176 3
      vertex -8.56655 -9.00356 3
    endloop
  endfacet
  facet normal -0.758659 -0.551179 0.347329
    outer loop
      vertex -8.45161 -9.16176 3
      vertex -9.01561 -9.01561 2
      vertex -8.78574 -9.33201 2
    endloop
  endfacet
  facet normal -0.289799 -0.89184 0.347329
    outer loop
      vertex -9.33201 -8.78574 2
      vertex -9.34773 -8.39118 3
      vertex -9.70395 -8.66488 2
    endloop
  endfacet
  facet normal -0.289799 -0.89184 0.347329
    outer loop
      vertex -9.34773 -8.39118 3
      vertex -9.33201 -8.78574 2
      vertex -9.16176 -8.45161 3
    endloop
  endfacet
  facet normal -0.551179 -0.758659 0.347329
    outer loop
      vertex -9.01561 -9.01561 2
      vertex -9.16176 -8.45161 3
      vertex -9.33201 -8.78574 2
    endloop
  endfacet
  facet normal -0.551196 -0.75865 0.347321
    outer loop
      vertex -9.16176 -8.45161 3
      vertex -9.01561 -9.01561 2
      vertex -9.00356 -8.56655 3
    endloop
  endfacet
  facet normal -0.891858 0.289758 0.347318
    outer loop
      vertex -8.50778 -10.6086 2.83189
      vertex -8.66488 -10.095 2
      vertex -8.78574 -10.467 2
    endloop
  endfacet
  facet normal -0.891816 0.289837 0.347359
    outer loop
      vertex -8.66488 -10.095 2
      vertex -8.50778 -10.6086 2.83189
      vertex -8.39118 -10.4513 3
    endloop
  endfacet
  facet normal -0.891821 0.289987 0.347222
    outer loop
      vertex -8.39118 -10.4513 3
      vertex -8.50778 -10.6086 2.83189
      vertex -8.43124 -10.5745 3
    endloop
  endfacet
  facet normal 0.551203 -0.75866 0.34729
    outer loop
      vertex -10.7834 -9.01561 2
      vertex -10.8903 -8.63551 3
      vertex -11.0485 -8.75045 3
    endloop
  endfacet
  facet normal 0.551187 -0.75867 0.347293
    outer loop
      vertex -10.8903 -8.63551 3
      vertex -10.7834 -9.01561 2
      vertex -10.467 -8.78574 2
    endloop
  endfacet
  facet normal -0.285572 0.893628 0.346233
    outer loop
      vertex -9.28404 -11.1074 2.28177
      vertex -9.34686 -11.0635 2.11665
      vertex -9.28767 -11.1114 2.2891
    endloop
  endfacet
  facet normal -0.289005 0.892167 0.34715
    outer loop
      vertex -9.34686 -11.0635 2.11665
      vertex -9.28404 -11.1074 2.28177
      vertex -9.33201 -11.0133 2
    endloop
  endfacet
  facet normal 0.289734 -0.891859 0.347334
    outer loop
      vertex -10.095 -8.66488 2
      vertex -10.1537 -8.2945 3
      vertex -10.4513 -8.39118 3
    endloop
  endfacet
  facet normal 0 -0.937746 0.347322
    outer loop
      vertex -10.095 -8.66488 2
      vertex -9.64529 -8.2945 3
      vertex -10.1537 -8.2945 3
    endloop
  endfacet
  facet normal 0 -0.937746 0.347322
    outer loop
      vertex -9.64529 -8.2945 3
      vertex -10.095 -8.66488 2
      vertex -9.70395 -8.66488 2
    endloop
  endfacet
  facet normal -0.308855 0.951109 0
    outer loop
      vertex 10.467 -11.0133 0
      vertex 10.095 -11.1341 2
      vertex 10.467 -11.0133 2
    endloop
  endfacet
  facet normal -0.308855 0.951109 0
    outer loop
      vertex 10.095 -11.1341 2
      vertex 10.467 -11.0133 0
      vertex 10.095 -11.1341 0
    endloop
  endfacet
  facet normal -1 0 0
    outer loop
      vertex 11.1341 -10.05 0
      vertex 11.1341 -10.095 0
      vertex 11.1341 -10.05 0.299999
    endloop
  endfacet
  facet normal -1 0 0
    outer loop
      vertex 11.1341 -10.05 0.299999
      vertex 11.1341 -9.70395 2
      vertex 11.1341 -9.70395 0.299999
    endloop
  endfacet
  facet normal -1 0 0
    outer loop
      vertex 11.1341 -10.05 0.299999
      vertex 11.1341 -10.095 2
      vertex 11.1341 -9.70395 2
    endloop
  endfacet
  facet normal -1 0 0
    outer loop
      vertex 11.1341 -10.095 2
      vertex 11.1341 -10.05 0.299999
      vertex 11.1341 -10.095 0
    endloop
  endfacet
  facet normal 0.309034 -0.951051 0
    outer loop
      vertex 9.68266 -8.6718 0.299999
      vertex 9.33201 -8.78574 2
      vertex 9.33201 -8.78574 0.299999
    endloop
  endfacet
  facet normal 0.309039 -0.951049 1.07604e-06
    outer loop
      vertex 9.33201 -8.78574 2
      vertex 9.68266 -8.6718 0.299999
      vertex 9.70395 -8.66488 2
    endloop
  endfacet
  facet normal 0.309116 -0.951024 0
    outer loop
      vertex 9.70395 -8.66488 0
      vertex 9.68266 -8.6718 0.299999
      vertex 9.68266 -8.6718 0
    endloop
  endfacet
  facet normal 0.309116 -0.951024 0
    outer loop
      vertex 9.68266 -8.6718 0.299999
      vertex 9.70395 -8.66488 0
      vertex 9.70395 -8.66488 2
    endloop
  endfacet
  facet normal 0 -1 0
    outer loop
      vertex 9.70395 -8.66488 0
      vertex 10.095 -8.66488 2
      vertex 9.70395 -8.66488 2
    endloop
  endfacet
  facet normal 0 -1 -0
    outer loop
      vertex 10.095 -8.66488 2
      vertex 9.70395 -8.66488 0
      vertex 10.095 -8.66488 0
    endloop
  endfacet
  facet normal 0 1 0
    outer loop
      vertex 10.095 -11.1341 2
      vertex 10.05 -11.1341 0.299999
      vertex 9.70395 -11.1341 2
    endloop
  endfacet
  facet normal 0 1 -0
    outer loop
      vertex 10.095 -11.1341 0
      vertex 10.05 -11.1341 0.299999
      vertex 10.095 -11.1341 2
    endloop
  endfacet
  facet normal 0 1 0
    outer loop
      vertex 10.05 -11.1341 0.299999
      vertex 10.095 -11.1341 0
      vertex 10.05 -11.1341 0
    endloop
  endfacet
  facet normal 0 1 0
    outer loop
      vertex 9.70395 -11.1341 2
      vertex 10.05 -11.1341 0.299999
      vertex 9.70395 -11.1341 0.299999
    endloop
  endfacet
  facet normal -0.80899 -0.587822 0
    outer loop
      vertex 11.0133 -9.33201 0
      vertex 10.7834 -9.01561 2
      vertex 10.7834 -9.01561 0
    endloop
  endfacet
  facet normal -0.80899 -0.587822 0
    outer loop
      vertex 10.7834 -9.01561 2
      vertex 11.0133 -9.33201 0
      vertex 11.0133 -9.33201 2
    endloop
  endfacet
  facet normal 1 -0 0
    outer loop
      vertex 8.66488 -10.095 2
      vertex 8.66488 -9.70395 0
      vertex 8.66488 -9.70395 2
    endloop
  endfacet
  facet normal 1 0 0
    outer loop
      vertex 8.66488 -9.70395 0
      vertex 8.66488 -10.095 2
      vertex 8.66488 -10.095 0
    endloop
  endfacet
  facet normal -0.80899 0.587822 0
    outer loop
      vertex 10.7834 -10.7834 0
      vertex 11.0133 -10.467 2
      vertex 11.0133 -10.467 0
    endloop
  endfacet
  facet normal -0.80899 0.587822 0
    outer loop
      vertex 11.0133 -10.467 2
      vertex 10.7834 -10.7834 0
      vertex 10.7834 -10.7834 2
    endloop
  endfacet
  facet normal 0.308965 0.951073 -1.43984e-05
    outer loop
      vertex 9.67001 -11.1231 0.299999
      vertex 9.38689 -11.0311 2
      vertex 9.70395 -11.1341 2
    endloop
  endfacet
  facet normal 0.308313 0.951285 0
    outer loop
      vertex 9.67001 -11.1231 0.299999
      vertex 9.70395 -11.1341 2
      vertex 9.70395 -11.1341 0.299999
    endloop
  endfacet
  facet normal 0.308522 0.951217 -9.60841e-05
    outer loop
      vertex 9.38689 -11.0311 2
      vertex 9.67001 -11.1231 0.299999
      vertex 9.33201 -11.0133 2
    endloop
  endfacet
  facet normal 0.308959 0.951075 0
    outer loop
      vertex 9.33201 -11.0133 0
      vertex 9.67001 -11.1231 0.299999
      vertex 9.67001 -11.1231 0
    endloop
  endfacet
  facet normal 0.308959 0.951075 0
    outer loop
      vertex 9.67001 -11.1231 0.299999
      vertex 9.33201 -11.0133 0
      vertex 9.33201 -11.0133 2
    endloop
  endfacet
  facet normal 0.587822 0.80899 -0
    outer loop
      vertex 9.33201 -11.0133 0
      vertex 9.01561 -10.7834 2
      vertex 9.33201 -11.0133 2
    endloop
  endfacet
  facet normal 0.587822 0.80899 0
    outer loop
      vertex 9.01561 -10.7834 2
      vertex 9.33201 -11.0133 0
      vertex 9.01561 -10.7834 0
    endloop
  endfacet
  facet normal -0.587822 0.80899 0
    outer loop
      vertex 10.7834 -10.7834 0
      vertex 10.467 -11.0133 2
      vertex 10.7834 -10.7834 2
    endloop
  endfacet
  facet normal -0.587822 0.80899 0
    outer loop
      vertex 10.467 -11.0133 2
      vertex 10.7834 -10.7834 0
      vertex 10.467 -11.0133 0
    endloop
  endfacet
  facet normal -0.587772 -0.809027 0
    outer loop
      vertex 10.467 -8.78574 0
      vertex 10.7834 -9.01561 2
      vertex 10.467 -8.78574 2
    endloop
  endfacet
  facet normal -0.587772 -0.809027 -0
    outer loop
      vertex 10.7834 -9.01561 2
      vertex 10.467 -8.78574 0
      vertex 10.7834 -9.01561 0
    endloop
  endfacet
  facet normal 0.809027 0.587772 0
    outer loop
      vertex 9.01561 -10.7834 2
      vertex 8.78574 -10.467 0
      vertex 8.78574 -10.467 2
    endloop
  endfacet
  facet normal 0.809027 0.587772 0
    outer loop
      vertex 8.78574 -10.467 0
      vertex 9.01561 -10.7834 2
      vertex 9.01561 -10.7834 0
    endloop
  endfacet
  facet normal 0.951064 0.308994 0
    outer loop
      vertex 8.78574 -10.467 2
      vertex 8.66488 -10.095 0
      vertex 8.66488 -10.095 2
    endloop
  endfacet
  facet normal 0.951064 0.308994 0
    outer loop
      vertex 8.66488 -10.095 0
      vertex 8.78574 -10.467 2
      vertex 8.78574 -10.467 0
    endloop
  endfacet
  facet normal -0.951109 0.308855 0
    outer loop
      vertex 11.0133 -10.467 0
      vertex 11.1341 -10.095 2
      vertex 11.1341 -10.095 0
    endloop
  endfacet
  facet normal -0.951109 0.308855 0
    outer loop
      vertex 11.1341 -10.095 2
      vertex 11.0133 -10.467 0
      vertex 11.0133 -10.467 2
    endloop
  endfacet
  facet normal 0.951051 -0.309034 0
    outer loop
      vertex 8.78574 -9.33201 2
      vertex 8.6718 -9.68266 0.299999
      vertex 8.78574 -9.33201 0.299999
    endloop
  endfacet
  facet normal 0.951049 -0.309039 1.07604e-06
    outer loop
      vertex 8.66488 -9.70395 2
      vertex 8.6718 -9.68266 0.299999
      vertex 8.78574 -9.33201 2
    endloop
  endfacet
  facet normal 0.951024 -0.309116 0
    outer loop
      vertex 8.66488 -9.70395 0
      vertex 8.6718 -9.68266 0.299999
      vertex 8.66488 -9.70395 2
    endloop
  endfacet
  facet normal 0.951024 -0.309116 0
    outer loop
      vertex 8.6718 -9.68266 0.299999
      vertex 8.66488 -9.70395 0
      vertex 8.6718 -9.68266 0
    endloop
  endfacet
  facet normal -0.308994 -0.951064 0
    outer loop
      vertex 10.095 -8.66488 0
      vertex 10.467 -8.78574 2
      vertex 10.095 -8.66488 2
    endloop
  endfacet
  facet normal -0.308994 -0.951064 -0
    outer loop
      vertex 10.467 -8.78574 2
      vertex 10.095 -8.66488 0
      vertex 10.467 -8.78574 0
    endloop
  endfacet
  facet normal 0.587772 -0.809027 0
    outer loop
      vertex 9.01561 -9.01561 0.299999
      vertex 9.33201 -8.78574 2
      vertex 9.01561 -9.01561 2
    endloop
  endfacet
  facet normal 0.587772 -0.809027 0
    outer loop
      vertex 9.33201 -8.78574 2
      vertex 9.01561 -9.01561 0.299999
      vertex 9.33201 -8.78574 0.299999
    endloop
  endfacet
  facet normal -0.951075 -0.308959 0
    outer loop
      vertex 11.1231 -9.67001 0.299999
      vertex 11.0133 -9.33201 2
      vertex 11.0133 -9.33201 0
    endloop
  endfacet
  facet normal -0.951075 -0.308959 -0
    outer loop
      vertex 11.1231 -9.67001 0.299999
      vertex 11.0133 -9.33201 0
      vertex 11.1231 -9.67001 0
    endloop
  endfacet
  facet normal -0.951217 -0.308522 -9.60841e-05
    outer loop
      vertex 11.0133 -9.33201 2
      vertex 11.1231 -9.67001 0.299999
      vertex 11.0311 -9.38689 2
    endloop
  endfacet
  facet normal -0.951285 -0.308313 -0
    outer loop
      vertex 11.1341 -9.70395 2
      vertex 11.1231 -9.67001 0.299999
      vertex 11.1341 -9.70395 0.299999
    endloop
  endfacet
  facet normal -0.951073 -0.308965 -1.43984e-05
    outer loop
      vertex 11.1231 -9.67001 0.299999
      vertex 11.1341 -9.70395 2
      vertex 11.0311 -9.38689 2
    endloop
  endfacet
  facet normal 0.809027 -0.587772 0
    outer loop
      vertex 8.78574 -9.33201 2
      vertex 9.01561 -9.01561 0.299999
      vertex 9.01561 -9.01561 2
    endloop
  endfacet
  facet normal 0.809027 -0.587772 0
    outer loop
      vertex 9.01561 -9.01561 0.299999
      vertex 8.78574 -9.33201 2
      vertex 8.78574 -9.33201 0.299999
    endloop
  endfacet
  facet normal -0.758653 0.55113 0.347423
    outer loop
      vertex 10.9451 -10.9451 2.61002
      vertex 11.1635 -10.8903 3
      vertex 11.1206 -10.7696 2.71485
    endloop
  endfacet
  facet normal -0.758517 0.551387 0.34731
    outer loop
      vertex 11.1635 -10.8903 3
      vertex 10.9451 -10.9451 2.61002
      vertex 11.0485 -11.0485 3
    endloop
  endfacet
  facet normal 0.758727 0.551093 0.347318
    outer loop
      vertex 8.70442 -10.6962 2.54132
      vertex 8.78574 -10.467 2
      vertex 8.50778 -10.6086 2.83189
    endloop
  endfacet
  facet normal 0.289799 -0.89184 0.347329
    outer loop
      vertex 9.33201 -8.78574 2
      vertex 9.34773 -8.39118 3
      vertex 9.16176 -8.45161 3
    endloop
  endfacet
  facet normal 0.289799 -0.89184 0.347329
    outer loop
      vertex 9.34773 -8.39118 3
      vertex 9.33201 -8.78574 2
      vertex 9.70395 -8.66488 2
    endloop
  endfacet
  facet normal -0.758658 -0.551212 0.34728
    outer loop
      vertex 11.2324 -9.00356 3
      vertex 11.0485 -8.75045 3
      vertex 10.7834 -9.01561 2
    endloop
  endfacet
  facet normal -0.289734 -0.891859 0.347334
    outer loop
      vertex 10.4513 -8.39118 3
      vertex 10.1537 -8.2945 3
      vertex 10.095 -8.66488 2
    endloop
  endfacet
  facet normal -0.891845 0.289834 0.347289
    outer loop
      vertex 11.3474 -10.6372 3
      vertex 11.3928 -10.4975 3
      vertex 11.2849 -10.6054 2.81296
    endloop
  endfacet
  facet normal 0.551203 -0.758646 0.34732
    outer loop
      vertex 9.01561 -9.01561 2
      vertex 9.00356 -8.56655 3
      vertex 8.75045 -8.75045 3
    endloop
  endfacet
  facet normal 0.289343 0.892088 0.347073
    outer loop
      vertex 9.34686 -11.0635 2.11665
      vertex 9.38689 -11.0311 2
      vertex 9.33201 -11.0133 2
    endloop
  endfacet
  facet normal 0.551295 0.758631 0.347208
    outer loop
      vertex 9.33201 -11.0133 2
      vertex 9.23974 -11.0582 2.24461
      vertex 9.28404 -11.1074 2.28177
    endloop
  endfacet
  facet normal 0.551254 0.758664 0.347199
    outer loop
      vertex 9.01561 -10.7834 2
      vertex 9.23974 -11.0582 2.24461
      vertex 9.33201 -11.0133 2
    endloop
  endfacet
  facet normal 0.551257 0.758664 0.347195
    outer loop
      vertex 9.23974 -11.0582 2.24461
      vertex 9.01561 -10.7834 2
      vertex 9.01266 -10.8932 2.24461
    endloop
  endfacet
  facet normal 0.551386 0.758585 0.347162
    outer loop
      vertex 9.01266 -10.8932 2.24461
      vertex 9.01561 -10.7834 2
      vertex 8.95075 -10.8482 2.24461
    endloop
  endfacet
  facet normal -0.758488 0.551488 0.347213
    outer loop
      vertex 11.1206 -10.7696 2.71485
      vertex 11.3474 -10.6372 3
      vertex 11.2849 -10.6054 2.81296
    endloop
  endfacet
  facet normal -0.7586 0.551191 0.347441
    outer loop
      vertex 11.3474 -10.6372 3
      vertex 11.1206 -10.7696 2.71485
      vertex 11.1635 -10.8903 3
    endloop
  endfacet
  facet normal 0 -0.937746 0.347322
    outer loop
      vertex 9.70395 -8.66488 2
      vertex 10.1537 -8.2945 3
      vertex 9.64529 -8.2945 3
    endloop
  endfacet
  facet normal 0 -0.937746 0.347322
    outer loop
      vertex 10.1537 -8.2945 3
      vertex 9.70395 -8.66488 2
      vertex 10.095 -8.66488 2
    endloop
  endfacet
  facet normal 0.891816 0.289837 0.347359
    outer loop
      vertex 8.50778 -10.6086 2.83189
      vertex 8.66488 -10.095 2
      vertex 8.39118 -10.4513 3
    endloop
  endfacet
  facet normal 0.891821 0.289987 0.347222
    outer loop
      vertex 8.50778 -10.6086 2.83189
      vertex 8.39118 -10.4513 3
      vertex 8.43124 -10.5745 3
    endloop
  endfacet
  facet normal 0.891858 0.289758 0.347318
    outer loop
      vertex 8.66488 -10.095 2
      vertex 8.50778 -10.6086 2.83189
      vertex 8.78574 -10.467 2
    endloop
  endfacet
  facet normal 0.758646 -0.551203 0.34732
    outer loop
      vertex 9.01561 -9.01561 2
      vertex 8.75045 -8.75045 3
      vertex 8.56655 -9.00356 3
    endloop
  endfacet
  facet normal -0.551387 0.758517 0.34731
    outer loop
      vertex 10.9451 -10.9451 2.61002
      vertex 10.8903 -11.1635 3
      vertex 11.0485 -11.0485 3
    endloop
  endfacet
  facet normal -0.55113 0.758653 0.347423
    outer loop
      vertex 10.8903 -11.1635 3
      vertex 10.9451 -10.9451 2.61002
      vertex 10.7696 -11.1206 2.71485
    endloop
  endfacet
  facet normal 0.891852 -0.289771 0.347322
    outer loop
      vertex 8.66488 -9.70395 2
      vertex 8.39118 -9.34773 3
      vertex 8.2945 -9.64529 3
    endloop
  endfacet
  facet normal -0.551221 -0.758641 0.347303
    outer loop
      vertex 10.8903 -8.63551 3
      vertex 10.6372 -8.45161 3
      vertex 10.467 -8.78574 2
    endloop
  endfacet
  facet normal -0.551191 0.7586 0.347441
    outer loop
      vertex 10.7696 -11.1206 2.71485
      vertex 10.6372 -11.3474 3
      vertex 10.8903 -11.1635 3
    endloop
  endfacet
  facet normal -0.551488 0.758488 0.347213
    outer loop
      vertex 10.6372 -11.3474 3
      vertex 10.7696 -11.1206 2.71485
      vertex 10.6054 -11.2849 2.81296
    endloop
  endfacet
  facet normal 0.289771 -0.891852 0.347322
    outer loop
      vertex 9.70395 -8.66488 2
      vertex 9.64529 -8.2945 3
      vertex 9.34773 -8.39118 3
    endloop
  endfacet
  facet normal -0.551187 -0.75867 0.347293
    outer loop
      vertex 10.7834 -9.01561 2
      vertex 10.8903 -8.63551 3
      vertex 10.467 -8.78574 2
    endloop
  endfacet
  facet normal -0.551203 -0.75866 0.34729
    outer loop
      vertex 10.8903 -8.63551 3
      vertex 10.7834 -9.01561 2
      vertex 11.0485 -8.75045 3
    endloop
  endfacet
  facet normal 0.285572 0.893628 0.346233
    outer loop
      vertex 9.34686 -11.0635 2.11665
      vertex 9.28404 -11.1074 2.28177
      vertex 9.28767 -11.1114 2.2891
    endloop
  endfacet
  facet normal 0.289005 0.892167 0.34715
    outer loop
      vertex 9.28404 -11.1074 2.28177
      vertex 9.34686 -11.0635 2.11665
      vertex 9.33201 -11.0133 2
    endloop
  endfacet
  facet normal -0.289834 0.891845 0.347289
    outer loop
      vertex 10.6372 -11.3474 3
      vertex 10.6054 -11.2849 2.81296
      vertex 10.4975 -11.3928 3
    endloop
  endfacet
  facet normal -0.758643 -0.551237 0.347273
    outer loop
      vertex 11.1193 -9.27798 2.31733
      vertex 11.2324 -9.00356 3
      vertex 10.7834 -9.01561 2
    endloop
  endfacet
  facet normal -0.758542 -0.551356 0.347304
    outer loop
      vertex 11.2324 -9.00356 3
      vertex 11.1193 -9.27798 2.31733
      vertex 11.284 -9.07455 3
    endloop
  endfacet
  facet normal -0.758643 -0.551239 0.347271
    outer loop
      vertex 11.1193 -9.27798 2.31733
      vertex 10.7834 -9.01561 2
      vertex 11.0133 -9.33201 2
    endloop
  endfacet
  facet normal -0.892088 -0.289343 0.347073
    outer loop
      vertex 11.0311 -9.38689 2
      vertex 11.0635 -9.34686 2.11665
      vertex 11.0133 -9.33201 2
    endloop
  endfacet
  facet normal 0.551196 -0.75865 0.347321
    outer loop
      vertex 9.01561 -9.01561 2
      vertex 9.16176 -8.45161 3
      vertex 9.00356 -8.56655 3
    endloop
  endfacet
  facet normal 0.551179 -0.758659 0.347329
    outer loop
      vertex 9.16176 -8.45161 3
      vertex 9.01561 -9.01561 2
      vertex 9.33201 -8.78574 2
    endloop
  endfacet
  facet normal 0.89184 -0.289799 0.347329
    outer loop
      vertex 8.39118 -9.34773 3
      vertex 8.78574 -9.33201 2
      vertex 8.45161 -9.16176 3
    endloop
  endfacet
  facet normal 0.89184 -0.289799 0.347329
    outer loop
      vertex 8.78574 -9.33201 2
      vertex 8.39118 -9.34773 3
      vertex 8.66488 -9.70395 2
    endloop
  endfacet
  facet normal 0.75865 -0.551196 0.347321
    outer loop
      vertex 8.45161 -9.16176 3
      vertex 9.01561 -9.01561 2
      vertex 8.56655 -9.00356 3
    endloop
  endfacet
  facet normal 0.758659 -0.551179 0.347329
    outer loop
      vertex 9.01561 -9.01561 2
      vertex 8.45161 -9.16176 3
      vertex 8.78574 -9.33201 2
    endloop
  endfacet
  facet normal -0.289755 -0.89185 0.347339
    outer loop
      vertex 10.467 -8.78574 2
      vertex 10.4513 -8.39118 3
      vertex 10.095 -8.66488 2
    endloop
  endfacet
  facet normal -0.289899 -0.891811 0.347321
    outer loop
      vertex 10.4513 -8.39118 3
      vertex 10.467 -8.78574 2
      vertex 10.6372 -8.45161 3
    endloop
  endfacet
  facet normal 0.758525 0.551327 0.347387
    outer loop
      vertex 8.8 -10.7387 2.40007
      vertex 8.78574 -10.467 2
      vertex 8.70442 -10.6962 2.54132
    endloop
  endfacet
  facet normal 0.758601 0.551255 0.347335
    outer loop
      vertex 8.95075 -10.8482 2.24461
      vertex 8.78574 -10.467 2
      vertex 8.8 -10.7387 2.40007
    endloop
  endfacet
  facet normal 0.758699 0.551208 0.347196
    outer loop
      vertex 8.78574 -10.467 2
      vertex 8.95075 -10.8482 2.24461
      vertex 9.01561 -10.7834 2
    endloop
  endfacet
  facet normal -0.892222 -0.288774 0.347203
    outer loop
      vertex 11.0635 -9.34686 2.11665
      vertex 11.1193 -9.27798 2.31733
      vertex 11.0133 -9.33201 2
    endloop
  endfacet
  facet normal 0.891859 0.289734 0.347334
    outer loop
      vertex 8.39118 -10.4513 3
      vertex 8.66488 -10.095 2
      vertex 8.2945 -10.1537 3
    endloop
  endfacet
  facet normal 0.937746 0 0.347322
    outer loop
      vertex 8.2945 -9.64529 3
      vertex 8.66488 -10.095 2
      vertex 8.66488 -9.70395 2
    endloop
  endfacet
  facet normal 0.937746 0 0.347322
    outer loop
      vertex 8.66488 -10.095 2
      vertex 8.2945 -9.64529 3
      vertex 8.2945 -10.1537 3
    endloop
  endfacet
  facet normal -0.156434 -0.987688 0
    outer loop
      vertex 1.62019 15.4151 2
      vertex 3.22263 15.1613 3
      vertex 1.62019 15.4151 3
    endloop
  endfacet
  facet normal -0.156434 -0.987688 -0
    outer loop
      vertex 3.22263 15.1613 3
      vertex 1.62019 15.4151 2
      vertex 3.22263 15.1613 2
    endloop
  endfacet
  facet normal -0.987681 -0.156479 0
    outer loop
      vertex 15.2622 2.58576 2
      vertex 15.1613 3.22263 3
      vertex 15.1613 3.22263 2
    endloop
  endfacet
  facet normal -0.987681 -0.156479 0
    outer loop
      vertex 15.1613 3.22263 3
      vertex 15.2622 2.58576 2
      vertex 15.2622 2.58576 3
    endloop
  endfacet
  facet normal -0.965928 -0.258813 0
    outer loop
      vertex 15.1613 3.22263 2
      vertex 14.7414 4.78976 3
      vertex 14.7414 4.78976 2
    endloop
  endfacet
  facet normal -0.965928 -0.258813 0
    outer loop
      vertex 14.7414 4.78976 3
      vertex 15.1613 3.22263 2
      vertex 15.1613 3.22263 3
    endloop
  endfacet
  facet normal 0.0523295 -0.99863 0
    outer loop
      vertex -1.62019 15.4151 2
      vertex 0 15.5 3
      vertex -1.62019 15.4151 3
    endloop
  endfacet
  facet normal 0.0523295 -0.99863 0
    outer loop
      vertex 0 15.5 3
      vertex -1.62019 15.4151 2
      vertex 0 15.5 2
    endloop
  endfacet
  facet normal -0.0523295 0.99863 0
    outer loop
      vertex 1.62019 -15.4151 2
      vertex 0 -15.5 3
      vertex 1.62019 -15.4151 3
    endloop
  endfacet
  facet normal -0.0523295 0.99863 0
    outer loop
      vertex 0 -15.5 3
      vertex 1.62019 -15.4151 2
      vertex 0 -15.5 2
    endloop
  endfacet
  facet normal 0.987681 0.156479 0
    outer loop
      vertex -15.1613 -3.22263 3
      vertex -15.2622 -2.58576 2
      vertex -15.2622 -2.58576 3
    endloop
  endfacet
  facet normal 0.987681 0.156479 0
    outer loop
      vertex -15.2622 -2.58576 2
      vertex -15.1613 -3.22263 3
      vertex -15.1613 -3.22263 2
    endloop
  endfacet
  facet normal 0.890997 -0.45401 0
    outer loop
      vertex -14.16 6.30442 3
      vertex -13.4234 7.75 2
      vertex -13.4234 7.75 3
    endloop
  endfacet
  facet normal 0.890997 -0.45401 0
    outer loop
      vertex -13.4234 7.75 2
      vertex -14.16 6.30442 3
      vertex -14.16 6.30442 2
    endloop
  endfacet
  facet normal 0.706826 -0.707387 0.000323872
    outer loop
      vertex -10.6054 11.2849 2.81296
      vertex -10.3715 11.5187 3
      vertex -10.4975 11.3928 3
    endloop
  endfacet
  facet normal 0.706956 -0.707258 0
    outer loop
      vertex -10.3715 11.5187 3
      vertex -10.6054 11.2849 2.81296
      vertex -10.3715 11.5187 2
    endloop
  endfacet
  facet normal 0.707268 -0.706945 0.000179904
    outer loop
      vertex -10.7696 11.1206 2.71485
      vertex -10.3715 11.5187 2
      vertex -10.6054 11.2849 2.81296
    endloop
  endfacet
  facet normal 0.707107 -0.707107 0
    outer loop
      vertex -10.9451 10.9451 2.61002
      vertex -10.3715 11.5187 2
      vertex -10.7696 11.1206 2.71485
    endloop
  endfacet
  facet normal 0.707107 -0.707107 0
    outer loop
      vertex -11.5187 10.3715 2
      vertex -10.9451 10.9451 2.61002
      vertex -11.1206 10.7696 2.71485
    endloop
  endfacet
  facet normal 0.706945 -0.707268 0.000179904
    outer loop
      vertex -11.5187 10.3715 2
      vertex -11.1206 10.7696 2.71485
      vertex -11.2849 10.6054 2.81296
    endloop
  endfacet
  facet normal 0.707387 -0.706826 0.000323872
    outer loop
      vertex -11.5187 10.3715 3
      vertex -11.2849 10.6054 2.81296
      vertex -11.3928 10.4975 3
    endloop
  endfacet
  facet normal 0.707258 -0.706956 0
    outer loop
      vertex -11.5187 10.3715 2
      vertex -11.2849 10.6054 2.81296
      vertex -11.5187 10.3715 3
    endloop
  endfacet
  facet normal 0.707107 -0.707107 0
    outer loop
      vertex -10.9451 10.9451 2.61002
      vertex -11.5187 10.3715 2
      vertex -10.3715 11.5187 2
    endloop
  endfacet
  facet normal -0.706956 -0.707258 0
    outer loop
      vertex 10.6054 11.2849 2.81296
      vertex 10.3715 11.5187 3
      vertex 10.3715 11.5187 2
    endloop
  endfacet
  facet normal -0.706826 -0.707387 0.000323872
    outer loop
      vertex 10.3715 11.5187 3
      vertex 10.6054 11.2849 2.81296
      vertex 10.4975 11.3928 3
    endloop
  endfacet
  facet normal -0.707268 -0.706945 0.000179904
    outer loop
      vertex 10.3715 11.5187 2
      vertex 10.7696 11.1206 2.71485
      vertex 10.6054 11.2849 2.81296
    endloop
  endfacet
  facet normal -0.707107 -0.707107 0
    outer loop
      vertex 10.3715 11.5187 2
      vertex 10.9451 10.9451 2.61002
      vertex 10.7696 11.1206 2.71485
    endloop
  endfacet
  facet normal -0.707107 -0.707107 0
    outer loop
      vertex 11.5187 10.3715 2
      vertex 10.9451 10.9451 2.61002
      vertex 10.3715 11.5187 2
    endloop
  endfacet
  facet normal -0.707107 -0.707107 0
    outer loop
      vertex 10.9451 10.9451 2.61002
      vertex 11.5187 10.3715 2
      vertex 11.1206 10.7696 2.71485
    endloop
  endfacet
  facet normal -0.706945 -0.707268 0.000179904
    outer loop
      vertex 11.1206 10.7696 2.71485
      vertex 11.5187 10.3715 2
      vertex 11.2849 10.6054 2.81296
    endloop
  endfacet
  facet normal -0.707258 -0.706956 -0
    outer loop
      vertex 11.5187 10.3715 3
      vertex 11.2849 10.6054 2.81296
      vertex 11.5187 10.3715 2
    endloop
  endfacet
  facet normal -0.707387 -0.706826 0.000323872
    outer loop
      vertex 11.2849 10.6054 2.81296
      vertex 11.5187 10.3715 3
      vertex 11.3928 10.4975 3
    endloop
  endfacet
  facet normal -0.156434 0.987688 0
    outer loop
      vertex 3.22263 -15.1613 2
      vertex 1.62019 -15.4151 3
      vertex 3.22263 -15.1613 3
    endloop
  endfacet
  facet normal -0.156434 0.987688 0
    outer loop
      vertex 1.62019 -15.4151 3
      vertex 3.22263 -15.1613 2
      vertex 1.62019 -15.4151 2
    endloop
  endfacet
  facet normal -0.358392 -0.933571 0
    outer loop
      vertex 4.78976 14.7414 2
      vertex 5.39175 14.5103 3
      vertex 4.78976 14.7414 3
    endloop
  endfacet
  facet normal -0.358392 -0.933571 -0
    outer loop
      vertex 5.39175 14.5103 3
      vertex 4.78976 14.7414 2
      vertex 5.39175 14.5103 2
    endloop
  endfacet
  facet normal 0.965928 0.258813 0
    outer loop
      vertex -14.7414 -4.78976 3
      vertex -15.1613 -3.22263 2
      vertex -15.1613 -3.22263 3
    endloop
  endfacet
  facet normal 0.965928 0.258813 0
    outer loop
      vertex -15.1613 -3.22263 2
      vertex -14.7414 -4.78976 3
      vertex -14.7414 -4.78976 2
    endloop
  endfacet
  facet normal -0.987681 0.156479 0
    outer loop
      vertex 15.1613 -3.22263 2
      vertex 15.2622 -2.58576 3
      vertex 15.2622 -2.58576 2
    endloop
  endfacet
  facet normal -0.987681 0.156479 0
    outer loop
      vertex 15.2622 -2.58576 3
      vertex 15.1613 -3.22263 2
      vertex 15.1613 -3.22263 3
    endloop
  endfacet
  facet normal -0.629344 -0.777127 0
    outer loop
      vertex 9.87041 11.9245 2
      vertex 10.3715 11.5187 3
      vertex 9.87041 11.9245 3
    endloop
  endfacet
  facet normal -0.629344 -0.777127 -0
    outer loop
      vertex 10.3715 11.5187 3
      vertex 9.87041 11.9245 2
      vertex 10.3715 11.5187 2
    endloop
  endfacet
  facet normal -0.358392 0.933571 0
    outer loop
      vertex 5.39175 -14.5103 2
      vertex 4.78976 -14.7414 3
      vertex 5.39175 -14.5103 3
    endloop
  endfacet
  facet normal -0.358392 0.933571 0
    outer loop
      vertex 4.78976 -14.7414 3
      vertex 5.39175 -14.5103 2
      vertex 4.78976 -14.7414 2
    endloop
  endfacet
  facet normal -0.838679 -0.544626 0
    outer loop
      vertex 13.4234 7.75 2
      vertex 12.5398 9.11067 3
      vertex 12.5398 9.11067 2
    endloop
  endfacet
  facet normal -0.838679 -0.544626 0
    outer loop
      vertex 12.5398 9.11067 3
      vertex 13.4234 7.75 2
      vertex 13.4234 7.75 3
    endloop
  endfacet
  facet normal 0.258813 -0.965928 0
    outer loop
      vertex -4.78976 14.7414 2
      vertex -3.22263 15.1613 3
      vertex -4.78976 14.7414 3
    endloop
  endfacet
  facet normal 0.258813 -0.965928 0
    outer loop
      vertex -3.22263 15.1613 3
      vertex -4.78976 14.7414 2
      vertex -3.22263 15.1613 2
    endloop
  endfacet
  facet normal -0.838679 0.544626 0
    outer loop
      vertex 12.5398 -9.11067 2
      vertex 13.4234 -7.75 3
      vertex 13.4234 -7.75 2
    endloop
  endfacet
  facet normal -0.838679 0.544626 0
    outer loop
      vertex 13.4234 -7.75 3
      vertex 12.5398 -9.11067 2
      vertex 12.5398 -9.11067 3
    endloop
  endfacet
  facet normal 0.156434 0.987688 -0
    outer loop
      vertex -1.62019 -15.4151 2
      vertex -3.22263 -15.1613 3
      vertex -1.62019 -15.4151 3
    endloop
  endfacet
  facet normal 0.156434 0.987688 0
    outer loop
      vertex -3.22263 -15.1613 3
      vertex -1.62019 -15.4151 2
      vertex -3.22263 -15.1613 2
    endloop
  endfacet
  facet normal -0.965928 0.258813 0
    outer loop
      vertex 14.7414 -4.78976 2
      vertex 15.1613 -3.22263 3
      vertex 15.1613 -3.22263 2
    endloop
  endfacet
  facet normal -0.965928 0.258813 0
    outer loop
      vertex 15.1613 -3.22263 3
      vertex 14.7414 -4.78976 2
      vertex 14.7414 -4.78976 3
    endloop
  endfacet
  facet normal 0.933585 -0.358355 0
    outer loop
      vertex -14.7414 4.78976 3
      vertex -14.16 6.30442 2
      vertex -14.16 6.30442 3
    endloop
  endfacet
  facet normal 0.933585 -0.358355 0
    outer loop
      vertex -14.16 6.30442 2
      vertex -14.7414 4.78976 3
      vertex -14.7414 4.78976 2
    endloop
  endfacet
  facet normal 0.629344 -0.777127 0
    outer loop
      vertex -10.3715 11.5187 2
      vertex -9.87041 11.9245 3
      vertex -10.3715 11.5187 3
    endloop
  endfacet
  facet normal 0.629344 -0.777127 0
    outer loop
      vertex -9.87041 11.9245 3
      vertex -10.3715 11.5187 2
      vertex -9.87041 11.9245 2
    endloop
  endfacet
  facet normal 0.838679 0.544626 0
    outer loop
      vertex -12.5398 -9.11067 3
      vertex -13.4234 -7.75 2
      vertex -13.4234 -7.75 3
    endloop
  endfacet
  facet normal 0.838679 0.544626 0
    outer loop
      vertex -13.4234 -7.75 2
      vertex -12.5398 -9.11067 3
      vertex -12.5398 -9.11067 2
    endloop
  endfacet
  facet normal 0.838679 -0.544626 0
    outer loop
      vertex -13.4234 7.75 3
      vertex -12.5398 9.11067 2
      vertex -12.5398 9.11067 3
    endloop
  endfacet
  facet normal 0.838679 -0.544626 0
    outer loop
      vertex -12.5398 9.11067 2
      vertex -13.4234 7.75 3
      vertex -13.4234 7.75 2
    endloop
  endfacet
  facet normal -0.890997 0.45401 0
    outer loop
      vertex 13.4234 -7.75 2
      vertex 14.16 -6.30442 3
      vertex 14.16 -6.30442 2
    endloop
  endfacet
  facet normal -0.890997 0.45401 0
    outer loop
      vertex 14.16 -6.30442 3
      vertex 13.4234 -7.75 2
      vertex 13.4234 -7.75 3
    endloop
  endfacet
  facet normal 0.629344 0.777127 -0
    outer loop
      vertex -9.87041 -11.9245 2
      vertex -10.3715 -11.5187 3
      vertex -9.87041 -11.9245 3
    endloop
  endfacet
  facet normal 0.629344 0.777127 0
    outer loop
      vertex -10.3715 -11.5187 3
      vertex -9.87041 -11.9245 2
      vertex -10.3715 -11.5187 2
    endloop
  endfacet
  facet normal -0.258813 -0.965928 0
    outer loop
      vertex 3.22263 15.1613 2
      vertex 4.78976 14.7414 3
      vertex 3.22263 15.1613 3
    endloop
  endfacet
  facet normal -0.258813 -0.965928 -0
    outer loop
      vertex 4.78976 14.7414 3
      vertex 3.22263 15.1613 2
      vertex 4.78976 14.7414 2
    endloop
  endfacet
  facet normal -0.777116 0.629358 0
    outer loop
      vertex 11.5187 -10.3715 2
      vertex 12.5398 -9.11067 3
      vertex 12.5398 -9.11067 2
    endloop
  endfacet
  facet normal -0.777116 0.629358 0
    outer loop
      vertex 12.5398 -9.11067 3
      vertex 11.5187 -10.3715 2
      vertex 11.5187 -10.3715 3
    endloop
  endfacet
  facet normal -0.777116 -0.629358 0
    outer loop
      vertex 12.5398 9.11067 2
      vertex 11.5187 10.3715 3
      vertex 11.5187 10.3715 2
    endloop
  endfacet
  facet normal -0.777116 -0.629358 0
    outer loop
      vertex 11.5187 10.3715 3
      vertex 12.5398 9.11067 2
      vertex 12.5398 9.11067 3
    endloop
  endfacet
  facet normal 0.156434 -0.987688 0
    outer loop
      vertex -3.22263 15.1613 2
      vertex -1.62019 15.4151 3
      vertex -3.22263 15.1613 3
    endloop
  endfacet
  facet normal 0.156434 -0.987688 0
    outer loop
      vertex -1.62019 15.4151 3
      vertex -3.22263 15.1613 2
      vertex -1.62019 15.4151 2
    endloop
  endfacet
  facet normal -0.933585 -0.358355 0
    outer loop
      vertex 14.7414 4.78976 2
      vertex 14.16 6.30442 3
      vertex 14.16 6.30442 2
    endloop
  endfacet
  facet normal -0.933585 -0.358355 0
    outer loop
      vertex 14.16 6.30442 3
      vertex 14.7414 4.78976 2
      vertex 14.7414 4.78976 3
    endloop
  endfacet
  facet normal -0.0523295 -0.99863 0
    outer loop
      vertex 0 15.5 2
      vertex 1.62019 15.4151 3
      vertex 0 15.5 3
    endloop
  endfacet
  facet normal -0.0523295 -0.99863 -0
    outer loop
      vertex 1.62019 15.4151 3
      vertex 0 15.5 2
      vertex 1.62019 15.4151 2
    endloop
  endfacet
  facet normal 0.987681 -0.156479 0
    outer loop
      vertex -15.2622 2.58576 3
      vertex -15.1613 3.22263 2
      vertex -15.1613 3.22263 3
    endloop
  endfacet
  facet normal 0.987681 -0.156479 0
    outer loop
      vertex -15.1613 3.22263 2
      vertex -15.2622 2.58576 3
      vertex -15.2622 2.58576 2
    endloop
  endfacet
  facet normal -0.890997 -0.45401 0
    outer loop
      vertex 14.16 6.30442 2
      vertex 13.4234 7.75 3
      vertex 13.4234 7.75 2
    endloop
  endfacet
  facet normal -0.890997 -0.45401 0
    outer loop
      vertex 13.4234 7.75 3
      vertex 14.16 6.30442 2
      vertex 14.16 6.30442 3
    endloop
  endfacet
  facet normal -0.629344 0.777127 0
    outer loop
      vertex 10.3715 -11.5187 2
      vertex 9.87041 -11.9245 3
      vertex 10.3715 -11.5187 3
    endloop
  endfacet
  facet normal -0.629344 0.777127 0
    outer loop
      vertex 9.87041 -11.9245 3
      vertex 10.3715 -11.5187 2
      vertex 9.87041 -11.9245 2
    endloop
  endfacet
  facet normal 0.777116 -0.629358 0
    outer loop
      vertex -12.5398 9.11067 3
      vertex -11.5187 10.3715 2
      vertex -11.5187 10.3715 3
    endloop
  endfacet
  facet normal 0.777116 -0.629358 0
    outer loop
      vertex -11.5187 10.3715 2
      vertex -12.5398 9.11067 3
      vertex -12.5398 9.11067 2
    endloop
  endfacet
  facet normal 0.933585 0.358355 0
    outer loop
      vertex -14.16 -6.30442 3
      vertex -14.7414 -4.78976 2
      vertex -14.7414 -4.78976 3
    endloop
  endfacet
  facet normal 0.933585 0.358355 0
    outer loop
      vertex -14.7414 -4.78976 2
      vertex -14.16 -6.30442 3
      vertex -14.16 -6.30442 2
    endloop
  endfacet
  facet normal 0.965928 -0.258813 0
    outer loop
      vertex -15.1613 3.22263 3
      vertex -14.7414 4.78976 2
      vertex -14.7414 4.78976 3
    endloop
  endfacet
  facet normal 0.965928 -0.258813 0
    outer loop
      vertex -14.7414 4.78976 2
      vertex -15.1613 3.22263 3
      vertex -15.1613 3.22263 2
    endloop
  endfacet
  facet normal 0.890997 0.45401 0
    outer loop
      vertex -13.4234 -7.75 3
      vertex -14.16 -6.30442 2
      vertex -14.16 -6.30442 3
    endloop
  endfacet
  facet normal 0.890997 0.45401 0
    outer loop
      vertex -14.16 -6.30442 2
      vertex -13.4234 -7.75 3
      vertex -13.4234 -7.75 2
    endloop
  endfacet
  facet normal -0.258813 0.965928 0
    outer loop
      vertex 4.78976 -14.7414 2
      vertex 3.22263 -15.1613 3
      vertex 4.78976 -14.7414 3
    endloop
  endfacet
  facet normal -0.258813 0.965928 0
    outer loop
      vertex 3.22263 -15.1613 3
      vertex 4.78976 -14.7414 2
      vertex 3.22263 -15.1613 2
    endloop
  endfacet
  facet normal 0.258813 0.965928 -0
    outer loop
      vertex -3.22263 -15.1613 2
      vertex -4.78976 -14.7414 3
      vertex -3.22263 -15.1613 3
    endloop
  endfacet
  facet normal 0.258813 0.965928 0
    outer loop
      vertex -4.78976 -14.7414 3
      vertex -3.22263 -15.1613 2
      vertex -4.78976 -14.7414 2
    endloop
  endfacet
  facet normal 0.358392 -0.933571 0
    outer loop
      vertex -5.39175 14.5103 2
      vertex -4.78976 14.7414 3
      vertex -5.39175 14.5103 3
    endloop
  endfacet
  facet normal 0.358392 -0.933571 0
    outer loop
      vertex -4.78976 14.7414 3
      vertex -5.39175 14.5103 2
      vertex -4.78976 14.7414 2
    endloop
  endfacet
  facet normal 0.777116 0.629358 0
    outer loop
      vertex -11.5187 -10.3715 3
      vertex -12.5398 -9.11067 2
      vertex -12.5398 -9.11067 3
    endloop
  endfacet
  facet normal 0.777116 0.629358 0
    outer loop
      vertex -12.5398 -9.11067 2
      vertex -11.5187 -10.3715 3
      vertex -11.5187 -10.3715 2
    endloop
  endfacet
  facet normal 0.707387 0.706826 0.000323872
    outer loop
      vertex -11.2849 -10.6054 2.81296
      vertex -11.5187 -10.3715 3
      vertex -11.3928 -10.4975 3
    endloop
  endfacet
  facet normal 0.707258 0.706956 0
    outer loop
      vertex -11.5187 -10.3715 3
      vertex -11.2849 -10.6054 2.81296
      vertex -11.5187 -10.3715 2
    endloop
  endfacet
  facet normal 0.706945 0.707268 0.000179904
    outer loop
      vertex -11.1206 -10.7696 2.71485
      vertex -11.5187 -10.3715 2
      vertex -11.2849 -10.6054 2.81296
    endloop
  endfacet
  facet normal 0.707107 0.707107 0
    outer loop
      vertex -10.9451 -10.9451 2.61002
      vertex -11.5187 -10.3715 2
      vertex -11.1206 -10.7696 2.71485
    endloop
  endfacet
  facet normal 0.707107 0.707107 0
    outer loop
      vertex -10.3715 -11.5187 2
      vertex -10.9451 -10.9451 2.61002
      vertex -10.7696 -11.1206 2.71485
    endloop
  endfacet
  facet normal 0.707268 0.706945 0.000179904
    outer loop
      vertex -10.3715 -11.5187 2
      vertex -10.7696 -11.1206 2.71485
      vertex -10.6054 -11.2849 2.81296
    endloop
  endfacet
  facet normal 0.706826 0.707387 0.000323872
    outer loop
      vertex -10.3715 -11.5187 3
      vertex -10.6054 -11.2849 2.81296
      vertex -10.4975 -11.3928 3
    endloop
  endfacet
  facet normal 0.706956 0.707258 -0
    outer loop
      vertex -10.3715 -11.5187 2
      vertex -10.6054 -11.2849 2.81296
      vertex -10.3715 -11.5187 3
    endloop
  endfacet
  facet normal 0.707107 0.707107 0
    outer loop
      vertex -10.9451 -10.9451 2.61002
      vertex -10.3715 -11.5187 2
      vertex -11.5187 -10.3715 2
    endloop
  endfacet
  facet normal -0.933585 0.358355 0
    outer loop
      vertex 14.16 -6.30442 2
      vertex 14.7414 -4.78976 3
      vertex 14.7414 -4.78976 2
    endloop
  endfacet
  facet normal -0.933585 0.358355 0
    outer loop
      vertex 14.7414 -4.78976 3
      vertex 14.16 -6.30442 2
      vertex 14.16 -6.30442 3
    endloop
  endfacet
  facet normal 0 0 1
    outer loop
      vertex 11.5187 10.3715 2
      vertex 11.0133 10.467 2
      vertex 11.1341 10.095 2
    endloop
  endfacet
  facet normal 0 0 1
    outer loop
      vertex 11.5187 10.3715 2
      vertex 10.7834 10.7834 2
      vertex 11.0133 10.467 2
    endloop
  endfacet
  facet normal 0 0 1
    outer loop
      vertex 10.3715 11.5187 2
      vertex 10.7834 10.7834 2
      vertex 11.5187 10.3715 2
    endloop
  endfacet
  facet normal 0 0 1
    outer loop
      vertex 10.7834 10.7834 2
      vertex 10.3715 11.5187 2
      vertex 10.467 11.0133 2
    endloop
  endfacet
  facet normal 0 0 1
    outer loop
      vertex 10.3715 11.5187 2
      vertex 10.095 11.1341 2
      vertex 10.467 11.0133 2
    endloop
  endfacet
  facet normal 0 0 1
    outer loop
      vertex 9.60344 11.4621 2
      vertex 10.3715 11.5187 2
      vertex 9.87041 11.9245 2
    endloop
  endfacet
  facet normal 0 0 1
    outer loop
      vertex 10.3715 11.5187 2
      vertex 9.60344 11.4621 2
      vertex 10.095 11.1341 2
    endloop
  endfacet
  facet normal 0 0 1
    outer loop
      vertex 10.095 11.1341 2
      vertex 9.60344 11.4621 2
      vertex 9.70395 11.1341 2
    endloop
  endfacet
  facet normal 0 0 1
    outer loop
      vertex 9.60344 11.4621 2
      vertex 9.38689 11.0311 2
      vertex 9.70395 11.1341 2
    endloop
  endfacet
  facet normal 0 -0 1
    outer loop
      vertex 9.38689 11.0311 2
      vertex 9.60344 11.4621 2
      vertex 9.28767 11.1114 2
    endloop
  endfacet
  facet normal 0 0 1
    outer loop
      vertex 14.1831 3.01472 2
      vertex 15.1613 3.22263 2
      vertex 14.7414 4.78976 2
    endloop
  endfacet
  facet normal 0 -0 1
    outer loop
      vertex 14.7282 2.58576 2
      vertex 15.1613 3.22263 2
      vertex 14.1831 3.01472 2
    endloop
  endfacet
  facet normal 0 0 1
    outer loop
      vertex 15.1613 3.22263 2
      vertex 14.7282 2.58576 2
      vertex 15.2622 2.58576 2
    endloop
  endfacet
  facet normal 0 0 1
    outer loop
      vertex 14.7282 2.58576 2
      vertex 14.1831 3.01472 2
      vertex 14.2666 2.48764 2
    endloop
  endfacet
  facet normal 0 0 1
    outer loop
      vertex 13.7903 4.48075 2
      vertex 14.7414 4.78976 2
      vertex 14.16 6.30442 2
    endloop
  endfacet
  facet normal 0 0 1
    outer loop
      vertex 14.7414 4.78976 2
      vertex 13.7903 4.48075 2
      vertex 14.1831 3.01472 2
    endloop
  endfacet
  facet normal 0 0 1
    outer loop
      vertex 13.2464 5.89768 2
      vertex 14.16 6.30442 2
      vertex 13.4234 7.75 2
    endloop
  endfacet
  facet normal 0 0 1
    outer loop
      vertex 14.16 6.30442 2
      vertex 13.2464 5.89768 2
      vertex 13.7903 4.48075 2
    endloop
  endfacet
  facet normal 0 0 1
    outer loop
      vertex 13.4234 7.75 2
      vertex 12.5574 7.25 2
      vertex 13.2464 5.89768 2
    endloop
  endfacet
  facet normal 0 0 1
    outer loop
      vertex 12.5398 9.11067 2
      vertex 12.5574 7.25 2
      vertex 13.4234 7.75 2
    endloop
  endfacet
  facet normal 0 0 1
    outer loop
      vertex 12.5398 9.11067 2
      vertex 11.7307 8.52289 2
      vertex 12.5574 7.25 2
    endloop
  endfacet
  facet normal -0 0 1
    outer loop
      vertex 11.1341 9.70395 2
      vertex 12.5398 9.11067 2
      vertex 11.5187 10.3715 2
    endloop
  endfacet
  facet normal 0 0 1
    outer loop
      vertex 11.1341 9.70395 2
      vertex 11.5187 10.3715 2
      vertex 11.1341 10.095 2
    endloop
  endfacet
  facet normal -0 0 1
    outer loop
      vertex 11.0311 9.38689 2
      vertex 12.5398 9.11067 2
      vertex 11.1341 9.70395 2
    endloop
  endfacet
  facet normal 0 0 1
    outer loop
      vertex 12.5398 9.11067 2
      vertex 11.0311 9.38689 2
      vertex 11.7307 8.52289 2
    endloop
  endfacet
  facet normal 0 0 1
    outer loop
      vertex -9.60344 11.4621 2
      vertex -9.38689 11.0311 2
      vertex -9.28767 11.1114 2
    endloop
  endfacet
  facet normal 0 0 1
    outer loop
      vertex -9.60344 11.4621 2
      vertex -9.70395 11.1341 2
      vertex -9.38689 11.0311 2
    endloop
  endfacet
  facet normal -0 0 1
    outer loop
      vertex -10.3715 11.5187 2
      vertex -9.60344 11.4621 2
      vertex -9.87041 11.9245 2
    endloop
  endfacet
  facet normal 0 0 1
    outer loop
      vertex -9.60344 11.4621 2
      vertex -10.095 11.1341 2
      vertex -9.70395 11.1341 2
    endloop
  endfacet
  facet normal 0 0 1
    outer loop
      vertex -9.60344 11.4621 2
      vertex -10.3715 11.5187 2
      vertex -10.095 11.1341 2
    endloop
  endfacet
  facet normal 0 0 1
    outer loop
      vertex -10.3715 11.5187 2
      vertex -10.467 11.0133 2
      vertex -10.095 11.1341 2
    endloop
  endfacet
  facet normal 0 0 1
    outer loop
      vertex -10.3715 11.5187 2
      vertex -10.7834 10.7834 2
      vertex -10.467 11.0133 2
    endloop
  endfacet
  facet normal 0 0 1
    outer loop
      vertex -11.5187 10.3715 2
      vertex -10.7834 10.7834 2
      vertex -10.3715 11.5187 2
    endloop
  endfacet
  facet normal 0 0 1
    outer loop
      vertex -11.1341 10.095 2
      vertex -11.5187 10.3715 2
      vertex -11.1341 9.70395 2
    endloop
  endfacet
  facet normal 0 0 1
    outer loop
      vertex -11.0133 10.467 2
      vertex -11.5187 10.3715 2
      vertex -11.1341 10.095 2
    endloop
  endfacet
  facet normal 0 0 1
    outer loop
      vertex -10.7834 10.7834 2
      vertex -11.5187 10.3715 2
      vertex -11.0133 10.467 2
    endloop
  endfacet
  facet normal 0 0 1
    outer loop
      vertex -12.5398 9.11067 2
      vertex -11.1341 9.70395 2
      vertex -11.5187 10.3715 2
    endloop
  endfacet
  facet normal 0 0 1
    outer loop
      vertex -11.1341 9.70395 2
      vertex -12.5398 9.11067 2
      vertex -11.0311 9.38689 2
    endloop
  endfacet
  facet normal 0 0 1
    outer loop
      vertex -11.0311 9.38689 2
      vertex -12.5398 9.11067 2
      vertex -11.7307 8.52289 2
    endloop
  endfacet
  facet normal 0 0 1
    outer loop
      vertex -12.5398 9.11067 2
      vertex -12.5574 7.25 2
      vertex -11.7307 8.52289 2
    endloop
  endfacet
  facet normal -0 0 1
    outer loop
      vertex -13.4234 7.75 2
      vertex -12.5574 7.25 2
      vertex -12.5398 9.11067 2
    endloop
  endfacet
  facet normal 0 0 1
    outer loop
      vertex -12.5574 7.25 2
      vertex -13.4234 7.75 2
      vertex -13.2464 5.89768 2
    endloop
  endfacet
  facet normal -0 0 1
    outer loop
      vertex -14.16 6.30442 2
      vertex -13.2464 5.89768 2
      vertex -13.4234 7.75 2
    endloop
  endfacet
  facet normal 0 0 1
    outer loop
      vertex -13.2464 5.89768 2
      vertex -14.16 6.30442 2
      vertex -13.7903 4.48075 2
    endloop
  endfacet
  facet normal -0 0 1
    outer loop
      vertex -14.7414 4.78976 2
      vertex -13.7903 4.48075 2
      vertex -14.16 6.30442 2
    endloop
  endfacet
  facet normal 0 0 1
    outer loop
      vertex -13.7903 4.48075 2
      vertex -14.7414 4.78976 2
      vertex -14.1831 3.01472 2
    endloop
  endfacet
  facet normal -0 0 1
    outer loop
      vertex -15.1613 3.22263 2
      vertex -14.1831 3.01472 2
      vertex -14.7414 4.78976 2
    endloop
  endfacet
  facet normal 0 -0 1
    outer loop
      vertex -14.7282 2.58576 2
      vertex -14.1831 3.01472 2
      vertex -15.1613 3.22263 2
    endloop
  endfacet
  facet normal 0 0 1
    outer loop
      vertex -14.1831 3.01472 2
      vertex -14.7282 2.58576 2
      vertex -14.2666 2.48764 2
    endloop
  endfacet
  facet normal 0 0 1
    outer loop
      vertex -14.7282 2.58576 2
      vertex -15.1613 3.22263 2
      vertex -15.2622 2.58576 2
    endloop
  endfacet
  facet normal 0 0 1
    outer loop
      vertex -11.1341 -9.70395 2
      vertex -11.5187 -10.3715 2
      vertex -11.1341 -10.095 2
    endloop
  endfacet
  facet normal 0 0 1
    outer loop
      vertex -12.5398 -9.11067 2
      vertex -11.1341 -9.70395 2
      vertex -11.0311 -9.38689 2
    endloop
  endfacet
  facet normal -0 0 1
    outer loop
      vertex -12.5398 -9.11067 2
      vertex -11.0311 -9.38689 2
      vertex -11.7307 -8.52289 2
    endloop
  endfacet
  facet normal 0 0 1
    outer loop
      vertex -11.1341 -9.70395 2
      vertex -12.5398 -9.11067 2
      vertex -11.5187 -10.3715 2
    endloop
  endfacet
  facet normal 0 0 1
    outer loop
      vertex -12.5574 -7.25 2
      vertex -12.5398 -9.11067 2
      vertex -11.7307 -8.52289 2
    endloop
  endfacet
  facet normal 0 0 1
    outer loop
      vertex -13.4234 -7.75 2
      vertex -12.5574 -7.25 2
      vertex -13.2464 -5.89768 2
    endloop
  endfacet
  facet normal 0 0 1
    outer loop
      vertex -12.5574 -7.25 2
      vertex -13.4234 -7.75 2
      vertex -12.5398 -9.11067 2
    endloop
  endfacet
  facet normal 0 0 1
    outer loop
      vertex -14.16 -6.30442 2
      vertex -13.2464 -5.89768 2
      vertex -13.7903 -4.48075 2
    endloop
  endfacet
  facet normal 0 0 1
    outer loop
      vertex -13.2464 -5.89768 2
      vertex -14.16 -6.30442 2
      vertex -13.4234 -7.75 2
    endloop
  endfacet
  facet normal 0 0 1
    outer loop
      vertex -14.7414 -4.78976 2
      vertex -13.7903 -4.48075 2
      vertex -14.1831 -3.01472 2
    endloop
  endfacet
  facet normal -0 0 1
    outer loop
      vertex -14.7282 -2.58576 2
      vertex -14.1831 -3.01472 2
      vertex -14.2666 -2.48764 2
    endloop
  endfacet
  facet normal 0 0 1
    outer loop
      vertex -14.1831 -3.01472 2
      vertex -14.7282 -2.58576 2
      vertex -15.1613 -3.22263 2
    endloop
  endfacet
  facet normal 0 0 1
    outer loop
      vertex -13.7903 -4.48075 2
      vertex -14.7414 -4.78976 2
      vertex -14.16 -6.30442 2
    endloop
  endfacet
  facet normal 0 0 1
    outer loop
      vertex -14.1831 -3.01472 2
      vertex -15.1613 -3.22263 2
      vertex -14.7414 -4.78976 2
    endloop
  endfacet
  facet normal 0 -0 1
    outer loop
      vertex -15.1613 -3.22263 2
      vertex -14.7282 -2.58576 2
      vertex -15.2622 -2.58576 2
    endloop
  endfacet
  facet normal 0 0 1
    outer loop
      vertex -9.38689 -11.0311 2
      vertex -9.60344 -11.4621 2
      vertex -9.28767 -11.1114 2
    endloop
  endfacet
  facet normal -0 0 1
    outer loop
      vertex -9.70395 -11.1341 2
      vertex -9.60344 -11.4621 2
      vertex -9.38689 -11.0311 2
    endloop
  endfacet
  facet normal -0 0 1
    outer loop
      vertex -10.095 -11.1341 2
      vertex -9.60344 -11.4621 2
      vertex -9.70395 -11.1341 2
    endloop
  endfacet
  facet normal 0 0 1
    outer loop
      vertex -10.3715 -11.5187 2
      vertex -9.60344 -11.4621 2
      vertex -10.095 -11.1341 2
    endloop
  endfacet
  facet normal 0 0 1
    outer loop
      vertex -9.60344 -11.4621 2
      vertex -10.3715 -11.5187 2
      vertex -9.87041 -11.9245 2
    endloop
  endfacet
  facet normal 0 0 1
    outer loop
      vertex -10.467 -11.0133 2
      vertex -10.3715 -11.5187 2
      vertex -10.095 -11.1341 2
    endloop
  endfacet
  facet normal 0 0 1
    outer loop
      vertex -10.7834 -10.7834 2
      vertex -10.3715 -11.5187 2
      vertex -10.467 -11.0133 2
    endloop
  endfacet
  facet normal 0 0 1
    outer loop
      vertex -11.5187 -10.3715 2
      vertex -10.7834 -10.7834 2
      vertex -11.0133 -10.467 2
    endloop
  endfacet
  facet normal 0 0 1
    outer loop
      vertex -10.7834 -10.7834 2
      vertex -11.5187 -10.3715 2
      vertex -10.3715 -11.5187 2
    endloop
  endfacet
  facet normal -0 0 1
    outer loop
      vertex -11.5187 -10.3715 2
      vertex -11.0133 -10.467 2
      vertex -11.1341 -10.095 2
    endloop
  endfacet
  facet normal -0 0 1
    outer loop
      vertex 14.7282 -2.58576 2
      vertex 15.1613 -3.22263 2
      vertex 15.2622 -2.58576 2
    endloop
  endfacet
  facet normal 0 0 1
    outer loop
      vertex 15.1613 -3.22263 2
      vertex 14.7282 -2.58576 2
      vertex 14.1831 -3.01472 2
    endloop
  endfacet
  facet normal 0 0 1
    outer loop
      vertex 14.1831 -3.01472 2
      vertex 14.7282 -2.58576 2
      vertex 14.2666 -2.48764 2
    endloop
  endfacet
  facet normal 0 0 1
    outer loop
      vertex 15.1613 -3.22263 2
      vertex 14.1831 -3.01472 2
      vertex 14.7414 -4.78976 2
    endloop
  endfacet
  facet normal -0 0 1
    outer loop
      vertex 13.7903 -4.48075 2
      vertex 14.7414 -4.78976 2
      vertex 14.1831 -3.01472 2
    endloop
  endfacet
  facet normal 0 0 1
    outer loop
      vertex 14.7414 -4.78976 2
      vertex 13.7903 -4.48075 2
      vertex 14.16 -6.30442 2
    endloop
  endfacet
  facet normal -0 0 1
    outer loop
      vertex 13.2464 -5.89768 2
      vertex 14.16 -6.30442 2
      vertex 13.7903 -4.48075 2
    endloop
  endfacet
  facet normal 0 0 1
    outer loop
      vertex 14.16 -6.30442 2
      vertex 13.2464 -5.89768 2
      vertex 13.4234 -7.75 2
    endloop
  endfacet
  facet normal -0 0 1
    outer loop
      vertex 12.5574 -7.25 2
      vertex 13.4234 -7.75 2
      vertex 13.2464 -5.89768 2
    endloop
  endfacet
  facet normal 0 0 1
    outer loop
      vertex 12.5574 -7.25 2
      vertex 12.5398 -9.11067 2
      vertex 13.4234 -7.75 2
    endloop
  endfacet
  facet normal -0 0 1
    outer loop
      vertex 11.7307 -8.52289 2
      vertex 12.5398 -9.11067 2
      vertex 12.5574 -7.25 2
    endloop
  endfacet
  facet normal 0 0 1
    outer loop
      vertex 11.0311 -9.38689 2
      vertex 12.5398 -9.11067 2
      vertex 11.7307 -8.52289 2
    endloop
  endfacet
  facet normal 0 0 1
    outer loop
      vertex 12.5398 -9.11067 2
      vertex 11.1341 -9.70395 2
      vertex 11.5187 -10.3715 2
    endloop
  endfacet
  facet normal 0 0 1
    outer loop
      vertex 12.5398 -9.11067 2
      vertex 11.0311 -9.38689 2
      vertex 11.1341 -9.70395 2
    endloop
  endfacet
  facet normal -0 0 1
    outer loop
      vertex 11.1341 -10.095 2
      vertex 11.5187 -10.3715 2
      vertex 11.1341 -9.70395 2
    endloop
  endfacet
  facet normal 0 0 1
    outer loop
      vertex 11.0133 -10.467 2
      vertex 11.5187 -10.3715 2
      vertex 11.1341 -10.095 2
    endloop
  endfacet
  facet normal 0 0 1
    outer loop
      vertex 10.7834 -10.7834 2
      vertex 11.5187 -10.3715 2
      vertex 11.0133 -10.467 2
    endloop
  endfacet
  facet normal 0 0 1
    outer loop
      vertex 10.3715 -11.5187 2
      vertex 10.7834 -10.7834 2
      vertex 10.467 -11.0133 2
    endloop
  endfacet
  facet normal -0 0 1
    outer loop
      vertex 10.7834 -10.7834 2
      vertex 10.3715 -11.5187 2
      vertex 11.5187 -10.3715 2
    endloop
  endfacet
  facet normal -0 0 1
    outer loop
      vertex 10.095 -11.1341 2
      vertex 10.3715 -11.5187 2
      vertex 10.467 -11.0133 2
    endloop
  endfacet
  facet normal -0 0 1
    outer loop
      vertex 9.60344 -11.4621 2
      vertex 10.3715 -11.5187 2
      vertex 10.095 -11.1341 2
    endloop
  endfacet
  facet normal 0 0 1
    outer loop
      vertex 9.60344 -11.4621 2
      vertex 10.095 -11.1341 2
      vertex 9.70395 -11.1341 2
    endloop
  endfacet
  facet normal 0 0 1
    outer loop
      vertex 10.3715 -11.5187 2
      vertex 9.60344 -11.4621 2
      vertex 9.87041 -11.9245 2
    endloop
  endfacet
  facet normal 0 0 1
    outer loop
      vertex 9.38689 -11.0311 2
      vertex 9.60344 -11.4621 2
      vertex 9.70395 -11.1341 2
    endloop
  endfacet
  facet normal 0 0 1
    outer loop
      vertex 9.60344 -11.4621 2
      vertex 9.38689 -11.0311 2
      vertex 9.28767 -11.1114 2
    endloop
  endfacet
  facet normal 0 0 1
    outer loop
      vertex 4.78976 14.7414 2
      vertex 5.12478 14.0479 2
      vertex 5.39175 14.5103 2
    endloop
  endfacet
  facet normal 0 0 1
    outer loop
      vertex 4.48075 13.7903 2
      vertex 5.12478 14.0479 2
      vertex 4.78976 14.7414 2
    endloop
  endfacet
  facet normal 0 0 1
    outer loop
      vertex 5.12478 14.0479 2
      vertex 4.48075 13.7903 2
      vertex 4.97895 13.5991 2
    endloop
  endfacet
  facet normal 0 0 1
    outer loop
      vertex 3.22263 15.1613 2
      vertex 4.48075 13.7903 2
      vertex 4.78976 14.7414 2
    endloop
  endfacet
  facet normal 0 0 1
    outer loop
      vertex 3.22263 15.1613 2
      vertex 3.01472 14.1831 2
      vertex 4.48075 13.7903 2
    endloop
  endfacet
  facet normal 0 0 1
    outer loop
      vertex 1.62019 15.4151 2
      vertex 3.01472 14.1831 2
      vertex 3.22263 15.1613 2
    endloop
  endfacet
  facet normal 0 0 1
    outer loop
      vertex 1.62019 15.4151 2
      vertex 1.51566 14.4206 2
      vertex 3.01472 14.1831 2
    endloop
  endfacet
  facet normal 0 0 1
    outer loop
      vertex 0 15.5 2
      vertex 1.51566 14.4206 2
      vertex 1.62019 15.4151 2
    endloop
  endfacet
  facet normal 0 0 1
    outer loop
      vertex 0 15.5 2
      vertex 0 14.5 2
      vertex 1.51566 14.4206 2
    endloop
  endfacet
  facet normal 0 0 1
    outer loop
      vertex 0 15.5 2
      vertex -1.51566 14.4206 2
      vertex 0 14.5 2
    endloop
  endfacet
  facet normal -0 0 1
    outer loop
      vertex -1.62019 15.4151 2
      vertex -1.51566 14.4206 2
      vertex 0 15.5 2
    endloop
  endfacet
  facet normal 0 0 1
    outer loop
      vertex -1.62019 15.4151 2
      vertex -3.01472 14.1831 2
      vertex -1.51566 14.4206 2
    endloop
  endfacet
  facet normal -0 0 1
    outer loop
      vertex -3.22263 15.1613 2
      vertex -3.01472 14.1831 2
      vertex -1.62019 15.4151 2
    endloop
  endfacet
  facet normal 0 0 1
    outer loop
      vertex -3.22263 15.1613 2
      vertex -4.48075 13.7903 2
      vertex -3.01472 14.1831 2
    endloop
  endfacet
  facet normal -0 0 1
    outer loop
      vertex -4.78976 14.7414 2
      vertex -4.48075 13.7903 2
      vertex -3.22263 15.1613 2
    endloop
  endfacet
  facet normal -0 0 1
    outer loop
      vertex -5.12478 14.0479 2
      vertex -4.48075 13.7903 2
      vertex -4.78976 14.7414 2
    endloop
  endfacet
  facet normal 0 0 1
    outer loop
      vertex -4.48075 13.7903 2
      vertex -5.12478 14.0479 2
      vertex -4.97895 13.5991 2
    endloop
  endfacet
  facet normal 0 -0 1
    outer loop
      vertex -5.12478 14.0479 2
      vertex -4.78976 14.7414 2
      vertex -5.39175 14.5103 2
    endloop
  endfacet
  facet normal 0 0 1
    outer loop
      vertex 5.12478 -14.0479 2
      vertex 4.78976 -14.7414 2
      vertex 5.39175 -14.5103 2
    endloop
  endfacet
  facet normal -0 0 1
    outer loop
      vertex 4.48075 -13.7903 2
      vertex 5.12478 -14.0479 2
      vertex 4.97895 -13.5991 2
    endloop
  endfacet
  facet normal 0 0 1
    outer loop
      vertex 5.12478 -14.0479 2
      vertex 4.48075 -13.7903 2
      vertex 4.78976 -14.7414 2
    endloop
  endfacet
  facet normal 0 0 1
    outer loop
      vertex 4.48075 -13.7903 2
      vertex 3.22263 -15.1613 2
      vertex 4.78976 -14.7414 2
    endloop
  endfacet
  facet normal -0 0 1
    outer loop
      vertex 3.01472 -14.1831 2
      vertex 3.22263 -15.1613 2
      vertex 4.48075 -13.7903 2
    endloop
  endfacet
  facet normal 0 0 1
    outer loop
      vertex 3.01472 -14.1831 2
      vertex 1.62019 -15.4151 2
      vertex 3.22263 -15.1613 2
    endloop
  endfacet
  facet normal -0 0 1
    outer loop
      vertex 1.51566 -14.4206 2
      vertex 1.62019 -15.4151 2
      vertex 3.01472 -14.1831 2
    endloop
  endfacet
  facet normal -0 0 1
    outer loop
      vertex 0 -14.5 2
      vertex 1.62019 -15.4151 2
      vertex 1.51566 -14.4206 2
    endloop
  endfacet
  facet normal 0 0 1
    outer loop
      vertex 0 -14.5 2
      vertex 0 -15.5 2
      vertex 1.62019 -15.4151 2
    endloop
  endfacet
  facet normal 0 0 1
    outer loop
      vertex -1.51566 -14.4206 2
      vertex 0 -15.5 2
      vertex 0 -14.5 2
    endloop
  endfacet
  facet normal 0 0 1
    outer loop
      vertex -1.51566 -14.4206 2
      vertex -1.62019 -15.4151 2
      vertex 0 -15.5 2
    endloop
  endfacet
  facet normal 0 0 1
    outer loop
      vertex -3.01472 -14.1831 2
      vertex -1.62019 -15.4151 2
      vertex -1.51566 -14.4206 2
    endloop
  endfacet
  facet normal 0 0 1
    outer loop
      vertex -3.01472 -14.1831 2
      vertex -3.22263 -15.1613 2
      vertex -1.62019 -15.4151 2
    endloop
  endfacet
  facet normal 0 0 1
    outer loop
      vertex -4.48075 -13.7903 2
      vertex -3.22263 -15.1613 2
      vertex -3.01472 -14.1831 2
    endloop
  endfacet
  facet normal 0 0 1
    outer loop
      vertex -4.48075 -13.7903 2
      vertex -4.78976 -14.7414 2
      vertex -3.22263 -15.1613 2
    endloop
  endfacet
  facet normal 0 0 1
    outer loop
      vertex -5.12478 -14.0479 2
      vertex -4.48075 -13.7903 2
      vertex -4.97895 -13.5991 2
    endloop
  endfacet
  facet normal 0 0 1
    outer loop
      vertex -4.48075 -13.7903 2
      vertex -5.12478 -14.0479 2
      vertex -4.78976 -14.7414 2
    endloop
  endfacet
  facet normal 0 0 1
    outer loop
      vertex -4.78976 -14.7414 2
      vertex -5.12478 -14.0479 2
      vertex -5.39175 -14.5103 2
    endloop
  endfacet
  facet normal 0.0523295 0.99863 -0
    outer loop
      vertex 0 -15.5 2
      vertex -1.62019 -15.4151 3
      vertex 0 -15.5 3
    endloop
  endfacet
  facet normal 0.0523295 0.99863 0
    outer loop
      vertex -1.62019 -15.4151 3
      vertex 0 -15.5 2
      vertex -1.62019 -15.4151 2
    endloop
  endfacet
  facet normal 0.358392 0.933571 -0
    outer loop
      vertex -4.78976 -14.7414 2
      vertex -5.39175 -14.5103 3
      vertex -4.78976 -14.7414 3
    endloop
  endfacet
  facet normal 0.358392 0.933571 0
    outer loop
      vertex -5.39175 -14.5103 3
      vertex -4.78976 -14.7414 2
      vertex -5.39175 -14.5103 2
    endloop
  endfacet
  facet normal -0.707258 0.706956 0
    outer loop
      vertex 11.2849 -10.6054 2.81296
      vertex 11.5187 -10.3715 3
      vertex 11.5187 -10.3715 2
    endloop
  endfacet
  facet normal -0.707387 0.706826 0.000323872
    outer loop
      vertex 11.5187 -10.3715 3
      vertex 11.2849 -10.6054 2.81296
      vertex 11.3928 -10.4975 3
    endloop
  endfacet
  facet normal -0.706945 0.707268 0.000179904
    outer loop
      vertex 11.5187 -10.3715 2
      vertex 11.1206 -10.7696 2.71485
      vertex 11.2849 -10.6054 2.81296
    endloop
  endfacet
  facet normal -0.707107 0.707107 0
    outer loop
      vertex 11.5187 -10.3715 2
      vertex 10.9451 -10.9451 2.61002
      vertex 11.1206 -10.7696 2.71485
    endloop
  endfacet
  facet normal -0.707107 0.707107 0
    outer loop
      vertex 10.3715 -11.5187 2
      vertex 10.9451 -10.9451 2.61002
      vertex 11.5187 -10.3715 2
    endloop
  endfacet
  facet normal -0.707107 0.707107 0
    outer loop
      vertex 10.9451 -10.9451 2.61002
      vertex 10.3715 -11.5187 2
      vertex 10.7696 -11.1206 2.71485
    endloop
  endfacet
  facet normal -0.707268 0.706945 0.000179904
    outer loop
      vertex 10.7696 -11.1206 2.71485
      vertex 10.3715 -11.5187 2
      vertex 10.6054 -11.2849 2.81296
    endloop
  endfacet
  facet normal -0.706956 0.707258 0
    outer loop
      vertex 10.3715 -11.5187 3
      vertex 10.6054 -11.2849 2.81296
      vertex 10.3715 -11.5187 2
    endloop
  endfacet
  facet normal -0.706826 0.707387 0.000323872
    outer loop
      vertex 10.6054 -11.2849 2.81296
      vertex 10.3715 -11.5187 3
      vertex 10.4975 -11.3928 3
    endloop
  endfacet
  facet normal 0.156481 0.987681 -0
    outer loop
      vertex 3.01472 14.1831 2
      vertex 1.51566 14.4206 3
      vertex 3.01472 14.1831 3
    endloop
  endfacet
  facet normal 0.156481 0.987681 0
    outer loop
      vertex 1.51566 14.4206 3
      vertex 3.01472 14.1831 2
      vertex 1.51566 14.4206 2
    endloop
  endfacet
  facet normal 0.987683 0.156469 0
    outer loop
      vertex 14.2666 2.48764 3
      vertex 14.1831 3.01472 2
      vertex 14.1831 3.01472 3
    endloop
  endfacet
  facet normal 0.987683 0.156469 0
    outer loop
      vertex 14.1831 3.01472 2
      vertex 14.2666 2.48764 3
      vertex 14.2666 2.48764 2
    endloop
  endfacet
  facet normal 0.965929 0.258806 0
    outer loop
      vertex 14.1831 3.01472 3
      vertex 13.7903 4.48075 2
      vertex 13.7903 4.48075 3
    endloop
  endfacet
  facet normal 0.965929 0.258806 0
    outer loop
      vertex 13.7903 4.48075 2
      vertex 14.1831 3.01472 3
      vertex 14.1831 3.01472 2
    endloop
  endfacet
  facet normal -0.0523147 0.998631 0
    outer loop
      vertex 0 14.5 2
      vertex -1.51566 14.4206 3
      vertex 0 14.5 3
    endloop
  endfacet
  facet normal -0.0523147 0.998631 0
    outer loop
      vertex -1.51566 14.4206 3
      vertex 0 14.5 2
      vertex -1.51566 14.4206 2
    endloop
  endfacet
  facet normal 0.0523147 -0.998631 0
    outer loop
      vertex 0 -14.5 2
      vertex 1.51566 -14.4206 3
      vertex 0 -14.5 3
    endloop
  endfacet
  facet normal 0.0523147 -0.998631 0
    outer loop
      vertex 1.51566 -14.4206 3
      vertex 0 -14.5 2
      vertex 1.51566 -14.4206 2
    endloop
  endfacet
  facet normal -0.987683 -0.156469 0
    outer loop
      vertex -14.1831 -3.01472 2
      vertex -14.2666 -2.48764 3
      vertex -14.2666 -2.48764 2
    endloop
  endfacet
  facet normal -0.987683 -0.156469 0
    outer loop
      vertex -14.2666 -2.48764 3
      vertex -14.1831 -3.01472 2
      vertex -14.1831 -3.01472 3
    endloop
  endfacet
  facet normal -0.891018 0.453969 0
    outer loop
      vertex -13.2464 5.89768 2
      vertex -12.5574 7.25 3
      vertex -12.5574 7.25 2
    endloop
  endfacet
  facet normal -0.891018 0.453969 0
    outer loop
      vertex -12.5574 7.25 3
      vertex -13.2464 5.89768 2
      vertex -13.2464 5.89768 3
    endloop
  endfacet
  facet normal 0.156481 -0.987681 0
    outer loop
      vertex 1.51566 -14.4206 2
      vertex 3.01472 -14.1831 3
      vertex 1.51566 -14.4206 3
    endloop
  endfacet
  facet normal 0.156481 -0.987681 0
    outer loop
      vertex 3.01472 -14.1831 3
      vertex 1.51566 -14.4206 2
      vertex 3.01472 -14.1831 2
    endloop
  endfacet
  facet normal 0.358301 0.933606 -0
    outer loop
      vertex 4.97895 13.5991 2
      vertex 4.48075 13.7903 3
      vertex 4.97895 13.5991 3
    endloop
  endfacet
  facet normal 0.358301 0.933606 0
    outer loop
      vertex 4.48075 13.7903 3
      vertex 4.97895 13.5991 2
      vertex 4.48075 13.7903 2
    endloop
  endfacet
  facet normal -0.965929 -0.258806 0
    outer loop
      vertex -13.7903 -4.48075 2
      vertex -14.1831 -3.01472 3
      vertex -14.1831 -3.01472 2
    endloop
  endfacet
  facet normal -0.965929 -0.258806 0
    outer loop
      vertex -14.1831 -3.01472 3
      vertex -13.7903 -4.48075 2
      vertex -13.7903 -4.48075 3
    endloop
  endfacet
  facet normal 0.987683 -0.156469 0
    outer loop
      vertex 14.1831 -3.01472 3
      vertex 14.2666 -2.48764 2
      vertex 14.2666 -2.48764 3
    endloop
  endfacet
  facet normal 0.987683 -0.156469 0
    outer loop
      vertex 14.2666 -2.48764 2
      vertex 14.1831 -3.01472 3
      vertex 14.1831 -3.01472 2
    endloop
  endfacet
  facet normal 0.629074 0.777346 0
    outer loop
      vertex 9.34686 11.0635 2.11665
      vertex 9.28767 11.1114 2
      vertex 9.28767 11.1114 2.2891
    endloop
  endfacet
  facet normal 0.629099 0.777325 -2.14244e-05
    outer loop
      vertex 9.28767 11.1114 2
      vertex 9.34686 11.0635 2.11665
      vertex 9.38689 11.0311 2
    endloop
  endfacet
  facet normal 0.358301 -0.933606 0
    outer loop
      vertex 4.48075 -13.7903 2
      vertex 4.97895 -13.5991 3
      vertex 4.48075 -13.7903 3
    endloop
  endfacet
  facet normal 0.358301 -0.933606 0
    outer loop
      vertex 4.97895 -13.5991 3
      vertex 4.48075 -13.7903 2
      vertex 4.97895 -13.5991 2
    endloop
  endfacet
  facet normal 0.838648 0.544674 0
    outer loop
      vertex 12.5574 7.25 3
      vertex 11.7307 8.52289 2
      vertex 11.7307 8.52289 3
    endloop
  endfacet
  facet normal 0.838648 0.544674 0
    outer loop
      vertex 11.7307 8.52289 2
      vertex 12.5574 7.25 3
      vertex 12.5574 7.25 2
    endloop
  endfacet
  facet normal -0.258806 0.965929 0
    outer loop
      vertex -3.01472 14.1831 2
      vertex -4.48075 13.7903 3
      vertex -3.01472 14.1831 3
    endloop
  endfacet
  facet normal -0.258806 0.965929 0
    outer loop
      vertex -4.48075 13.7903 3
      vertex -3.01472 14.1831 2
      vertex -4.48075 13.7903 2
    endloop
  endfacet
  facet normal 0.838648 -0.544674 0
    outer loop
      vertex 11.7307 -8.52289 3
      vertex 12.5574 -7.25 2
      vertex 12.5574 -7.25 3
    endloop
  endfacet
  facet normal 0.838648 -0.544674 0
    outer loop
      vertex 12.5574 -7.25 2
      vertex 11.7307 -8.52289 3
      vertex 11.7307 -8.52289 2
    endloop
  endfacet
  facet normal 0.965929 -0.258806 0
    outer loop
      vertex 13.7903 -4.48075 3
      vertex 14.1831 -3.01472 2
      vertex 14.1831 -3.01472 3
    endloop
  endfacet
  facet normal 0.965929 -0.258806 0
    outer loop
      vertex 14.1831 -3.01472 2
      vertex 13.7903 -4.48075 3
      vertex 13.7903 -4.48075 2
    endloop
  endfacet
  facet normal -0.933582 0.358363 0
    outer loop
      vertex -13.7903 4.48075 2
      vertex -13.2464 5.89768 3
      vertex -13.2464 5.89768 2
    endloop
  endfacet
  facet normal -0.933582 0.358363 0
    outer loop
      vertex -13.2464 5.89768 3
      vertex -13.7903 4.48075 2
      vertex -13.7903 4.48075 3
    endloop
  endfacet
  facet normal -0.629074 0.777346 0
    outer loop
      vertex -9.28767 11.1114 2
      vertex -9.34686 11.0635 2.11665
      vertex -9.28767 11.1114 2.2891
    endloop
  endfacet
  facet normal -0.629099 0.777325 -2.14244e-05
    outer loop
      vertex -9.34686 11.0635 2.11665
      vertex -9.28767 11.1114 2
      vertex -9.38689 11.0311 2
    endloop
  endfacet
  facet normal -0.838648 -0.544674 0
    outer loop
      vertex -11.7307 -8.52289 2
      vertex -12.5574 -7.25 3
      vertex -12.5574 -7.25 2
    endloop
  endfacet
  facet normal -0.838648 -0.544674 0
    outer loop
      vertex -12.5574 -7.25 3
      vertex -11.7307 -8.52289 2
      vertex -11.7307 -8.52289 3
    endloop
  endfacet
  facet normal -0.838648 0.544674 0
    outer loop
      vertex -12.5574 7.25 2
      vertex -11.7307 8.52289 3
      vertex -11.7307 8.52289 2
    endloop
  endfacet
  facet normal -0.838648 0.544674 0
    outer loop
      vertex -11.7307 8.52289 3
      vertex -12.5574 7.25 2
      vertex -12.5574 7.25 3
    endloop
  endfacet
  facet normal 0.891018 -0.453969 0
    outer loop
      vertex 12.5574 -7.25 3
      vertex 13.2464 -5.89768 2
      vertex 13.2464 -5.89768 3
    endloop
  endfacet
  facet normal 0.891018 -0.453969 0
    outer loop
      vertex 13.2464 -5.89768 2
      vertex 12.5574 -7.25 3
      vertex 12.5574 -7.25 2
    endloop
  endfacet
  facet normal -0.629074 -0.777346 0
    outer loop
      vertex -9.34686 -11.0635 2.11665
      vertex -9.28767 -11.1114 2
      vertex -9.28767 -11.1114 2.2891
    endloop
  endfacet
  facet normal -0.629099 -0.777325 -2.14244e-05
    outer loop
      vertex -9.28767 -11.1114 2
      vertex -9.34686 -11.0635 2.11665
      vertex -9.38689 -11.0311 2
    endloop
  endfacet
  facet normal 0.258806 0.965929 -0
    outer loop
      vertex 4.48075 13.7903 2
      vertex 3.01472 14.1831 3
      vertex 4.48075 13.7903 3
    endloop
  endfacet
  facet normal 0.258806 0.965929 0
    outer loop
      vertex 3.01472 14.1831 3
      vertex 4.48075 13.7903 2
      vertex 3.01472 14.1831 2
    endloop
  endfacet
  facet normal 0.777164 -0.629299 2.84346e-05
    outer loop
      vertex 11.1193 -9.27798 2.31733
      vertex 11.7307 -8.52289 3
      vertex 11.284 -9.07455 3
    endloop
  endfacet
  facet normal 0.777176 -0.629283 0
    outer loop
      vertex 11.7307 -8.52289 3
      vertex 11.1193 -9.27798 2.31733
      vertex 11.7307 -8.52289 2
    endloop
  endfacet
  facet normal 0.777157 -0.629307 -9.3184e-05
    outer loop
      vertex 11.0635 -9.34686 2.11665
      vertex 11.7307 -8.52289 2
      vertex 11.1193 -9.27798 2.31733
    endloop
  endfacet
  facet normal 0.777169 -0.629291 8.78142e-05
    outer loop
      vertex 11.7307 -8.52289 2
      vertex 11.0635 -9.34686 2.11665
      vertex 11.0311 -9.38689 2
    endloop
  endfacet
  facet normal 0.777157 0.629307 -9.3184e-05
    outer loop
      vertex 11.7307 8.52289 2
      vertex 11.0635 9.34686 2.11665
      vertex 11.1193 9.27798 2.31733
    endloop
  endfacet
  facet normal 0.777164 0.629299 2.84346e-05
    outer loop
      vertex 11.7307 8.52289 3
      vertex 11.1193 9.27798 2.31733
      vertex 11.284 9.07455 3
    endloop
  endfacet
  facet normal 0.777176 0.629283 -0
    outer loop
      vertex 11.7307 8.52289 2
      vertex 11.1193 9.27798 2.31733
      vertex 11.7307 8.52289 3
    endloop
  endfacet
  facet normal 0.777169 0.629291 8.78142e-05
    outer loop
      vertex 11.0635 9.34686 2.11665
      vertex 11.7307 8.52289 2
      vertex 11.0311 9.38689 2
    endloop
  endfacet
  facet normal -0.156481 0.987681 0
    outer loop
      vertex -1.51566 14.4206 2
      vertex -3.01472 14.1831 3
      vertex -1.51566 14.4206 3
    endloop
  endfacet
  facet normal -0.156481 0.987681 0
    outer loop
      vertex -3.01472 14.1831 3
      vertex -1.51566 14.4206 2
      vertex -3.01472 14.1831 2
    endloop
  endfacet
  facet normal 0.933582 0.358363 0
    outer loop
      vertex 13.7903 4.48075 3
      vertex 13.2464 5.89768 2
      vertex 13.2464 5.89768 3
    endloop
  endfacet
  facet normal 0.933582 0.358363 0
    outer loop
      vertex 13.2464 5.89768 2
      vertex 13.7903 4.48075 3
      vertex 13.7903 4.48075 2
    endloop
  endfacet
  facet normal 0.0523147 0.998631 -0
    outer loop
      vertex 1.51566 14.4206 2
      vertex 0 14.5 3
      vertex 1.51566 14.4206 3
    endloop
  endfacet
  facet normal 0.0523147 0.998631 0
    outer loop
      vertex 0 14.5 3
      vertex 1.51566 14.4206 2
      vertex 0 14.5 2
    endloop
  endfacet
  facet normal -0.358301 -0.933606 0
    outer loop
      vertex -4.97895 -13.5991 2
      vertex -4.48075 -13.7903 3
      vertex -4.97895 -13.5991 3
    endloop
  endfacet
  facet normal -0.358301 -0.933606 -0
    outer loop
      vertex -4.48075 -13.7903 3
      vertex -4.97895 -13.5991 2
      vertex -4.48075 -13.7903 2
    endloop
  endfacet
  facet normal -0.987683 0.156469 0
    outer loop
      vertex -14.2666 2.48764 2
      vertex -14.1831 3.01472 3
      vertex -14.1831 3.01472 2
    endloop
  endfacet
  facet normal -0.987683 0.156469 0
    outer loop
      vertex -14.1831 3.01472 3
      vertex -14.2666 2.48764 2
      vertex -14.2666 2.48764 3
    endloop
  endfacet
  facet normal 0.891018 0.453969 0
    outer loop
      vertex 13.2464 5.89768 3
      vertex 12.5574 7.25 2
      vertex 12.5574 7.25 3
    endloop
  endfacet
  facet normal 0.891018 0.453969 0
    outer loop
      vertex 12.5574 7.25 2
      vertex 13.2464 5.89768 3
      vertex 13.2464 5.89768 2
    endloop
  endfacet
  facet normal 0.629074 -0.777346 0
    outer loop
      vertex 9.28767 -11.1114 2
      vertex 9.34686 -11.0635 2.11665
      vertex 9.28767 -11.1114 2.2891
    endloop
  endfacet
  facet normal 0.629099 -0.777325 -2.14244e-05
    outer loop
      vertex 9.34686 -11.0635 2.11665
      vertex 9.28767 -11.1114 2
      vertex 9.38689 -11.0311 2
    endloop
  endfacet
  facet normal -0.777169 0.629291 8.78142e-05
    outer loop
      vertex -11.7307 8.52289 2
      vertex -11.0635 9.34686 2.11665
      vertex -11.0311 9.38689 2
    endloop
  endfacet
  facet normal -0.777157 0.629307 -9.3184e-05
    outer loop
      vertex -11.0635 9.34686 2.11665
      vertex -11.7307 8.52289 2
      vertex -11.1193 9.27798 2.31733
    endloop
  endfacet
  facet normal -0.777176 0.629283 0
    outer loop
      vertex -11.7307 8.52289 3
      vertex -11.1193 9.27798 2.31733
      vertex -11.7307 8.52289 2
    endloop
  endfacet
  facet normal -0.777164 0.629299 2.84346e-05
    outer loop
      vertex -11.1193 9.27798 2.31733
      vertex -11.7307 8.52289 3
      vertex -11.284 9.07455 3
    endloop
  endfacet
  facet normal -0.933582 -0.358363 0
    outer loop
      vertex -13.2464 -5.89768 2
      vertex -13.7903 -4.48075 3
      vertex -13.7903 -4.48075 2
    endloop
  endfacet
  facet normal -0.933582 -0.358363 0
    outer loop
      vertex -13.7903 -4.48075 3
      vertex -13.2464 -5.89768 2
      vertex -13.2464 -5.89768 3
    endloop
  endfacet
  facet normal -0.965929 0.258806 0
    outer loop
      vertex -14.1831 3.01472 2
      vertex -13.7903 4.48075 3
      vertex -13.7903 4.48075 2
    endloop
  endfacet
  facet normal -0.965929 0.258806 0
    outer loop
      vertex -13.7903 4.48075 3
      vertex -14.1831 3.01472 2
      vertex -14.1831 3.01472 3
    endloop
  endfacet
  facet normal -0.891018 -0.453969 0
    outer loop
      vertex -12.5574 -7.25 2
      vertex -13.2464 -5.89768 3
      vertex -13.2464 -5.89768 2
    endloop
  endfacet
  facet normal -0.891018 -0.453969 0
    outer loop
      vertex -13.2464 -5.89768 3
      vertex -12.5574 -7.25 2
      vertex -12.5574 -7.25 3
    endloop
  endfacet
  facet normal 0.258806 -0.965929 0
    outer loop
      vertex 3.01472 -14.1831 2
      vertex 4.48075 -13.7903 3
      vertex 3.01472 -14.1831 3
    endloop
  endfacet
  facet normal 0.258806 -0.965929 0
    outer loop
      vertex 4.48075 -13.7903 3
      vertex 3.01472 -14.1831 2
      vertex 4.48075 -13.7903 2
    endloop
  endfacet
  facet normal -0.258806 -0.965929 0
    outer loop
      vertex -4.48075 -13.7903 2
      vertex -3.01472 -14.1831 3
      vertex -4.48075 -13.7903 3
    endloop
  endfacet
  facet normal -0.258806 -0.965929 -0
    outer loop
      vertex -3.01472 -14.1831 3
      vertex -4.48075 -13.7903 2
      vertex -3.01472 -14.1831 2
    endloop
  endfacet
  facet normal -0.358301 0.933606 0
    outer loop
      vertex -4.48075 13.7903 2
      vertex -4.97895 13.5991 3
      vertex -4.48075 13.7903 3
    endloop
  endfacet
  facet normal -0.358301 0.933606 0
    outer loop
      vertex -4.97895 13.5991 3
      vertex -4.48075 13.7903 2
      vertex -4.97895 13.5991 2
    endloop
  endfacet
  facet normal -0.777176 -0.629283 0
    outer loop
      vertex -11.1193 -9.27798 2.31733
      vertex -11.7307 -8.52289 3
      vertex -11.7307 -8.52289 2
    endloop
  endfacet
  facet normal -0.777164 -0.629299 2.84346e-05
    outer loop
      vertex -11.7307 -8.52289 3
      vertex -11.1193 -9.27798 2.31733
      vertex -11.284 -9.07455 3
    endloop
  endfacet
  facet normal -0.777157 -0.629307 -9.3184e-05
    outer loop
      vertex -11.7307 -8.52289 2
      vertex -11.0635 -9.34686 2.11665
      vertex -11.1193 -9.27798 2.31733
    endloop
  endfacet
  facet normal -0.777169 -0.629291 8.78142e-05
    outer loop
      vertex -11.0635 -9.34686 2.11665
      vertex -11.7307 -8.52289 2
      vertex -11.0311 -9.38689 2
    endloop
  endfacet
  facet normal 0.933582 -0.358363 0
    outer loop
      vertex 13.2464 -5.89768 3
      vertex 13.7903 -4.48075 2
      vertex 13.7903 -4.48075 3
    endloop
  endfacet
  facet normal 0.933582 -0.358363 0
    outer loop
      vertex 13.7903 -4.48075 2
      vertex 13.2464 -5.89768 3
      vertex 13.2464 -5.89768 2
    endloop
  endfacet
  facet normal -0.0523147 -0.998631 0
    outer loop
      vertex -1.51566 -14.4206 2
      vertex 0 -14.5 3
      vertex -1.51566 -14.4206 3
    endloop
  endfacet
  facet normal -0.0523147 -0.998631 -0
    outer loop
      vertex 0 -14.5 3
      vertex -1.51566 -14.4206 2
      vertex 0 -14.5 2
    endloop
  endfacet
  facet normal -0.156481 -0.987681 0
    outer loop
      vertex -3.01472 -14.1831 2
      vertex -1.51566 -14.4206 3
      vertex -3.01472 -14.1831 3
    endloop
  endfacet
  facet normal -0.156481 -0.987681 -0
    outer loop
      vertex -1.51566 -14.4206 3
      vertex -3.01472 -14.1831 2
      vertex -1.51566 -14.4206 2
    endloop
  endfacet
  facet normal -0.982287 0.18738 0
    outer loop
      vertex 6.78008 -1.74083 0
      vertex 6.9448 -0.877332 3
      vertex 6.9448 -0.877332 0
    endloop
  endfacet
  facet normal -0.982287 0.18738 0
    outer loop
      vertex 6.9448 -0.877332 3
      vertex 6.78008 -1.74083 0
      vertex 6.78008 -1.74083 3
    endloop
  endfacet
  facet normal -0.982287 -0.18738 0
    outer loop
      vertex 6.9448 0.877332 0
      vertex 6.78008 1.74083 3
      vertex 6.78008 1.74083 0
    endloop
  endfacet
  facet normal -0.982287 -0.18738 0
    outer loop
      vertex 6.78008 1.74083 3
      vertex 6.9448 0.877332 0
      vertex 6.9448 0.877332 3
    endloop
  endfacet
  facet normal -0.998027 -0.0627939 0
    outer loop
      vertex 7 0 0
      vertex 6.9448 0.877332 3
      vertex 6.9448 0.877332 0
    endloop
  endfacet
  facet normal -0.998027 -0.0627939 0
    outer loop
      vertex 6.9448 0.877332 3
      vertex 7 0 0
      vertex 7 0 3
    endloop
  endfacet
  facet normal -0.951058 0.309011 0
    outer loop
      vertex 6.50844 -2.57687 0
      vertex 6.78008 -1.74083 3
      vertex 6.78008 -1.74083 0
    endloop
  endfacet
  facet normal -0.951058 0.309011 0
    outer loop
      vertex 6.78008 -1.74083 3
      vertex 6.50844 -2.57687 0
      vertex 6.50844 -2.57687 3
    endloop
  endfacet
  facet normal -0.684547 -0.728969 0
    outer loop
      vertex 4.46197 5.39359 0
      vertex 5.10278 4.79183 3
      vertex 4.46197 5.39359 3
    endloop
  endfacet
  facet normal -0.684547 -0.728969 -0
    outer loop
      vertex 5.10278 4.79183 3
      vertex 4.46197 5.39359 0
      vertex 5.10278 4.79183 0
    endloop
  endfacet
  facet normal 0.951058 -0.309011 0
    outer loop
      vertex -6.78008 1.74083 3
      vertex -6.50844 2.57687 0
      vertex -6.50844 2.57687 3
    endloop
  endfacet
  facet normal 0.951058 -0.309011 0
    outer loop
      vertex -6.50844 2.57687 0
      vertex -6.78008 1.74083 3
      vertex -6.78008 1.74083 0
    endloop
  endfacet
  facet normal 0.684547 0.728969 -0
    outer loop
      vertex -4.46197 -5.39359 0
      vertex -5.10278 -4.79183 3
      vertex -4.46197 -5.39359 3
    endloop
  endfacet
  facet normal 0.684547 0.728969 0
    outer loop
      vertex -5.10278 -4.79183 3
      vertex -4.46197 -5.39359 0
      vertex -5.10278 -4.79183 0
    endloop
  endfacet
  facet normal 0.982287 -0.18738 0
    outer loop
      vertex -6.9448 0.877332 3
      vertex -6.78008 1.74083 0
      vertex -6.78008 1.74083 3
    endloop
  endfacet
  facet normal 0.982287 -0.18738 0
    outer loop
      vertex -6.78008 1.74083 0
      vertex -6.9448 0.877332 3
      vertex -6.9448 0.877332 0
    endloop
  endfacet
  facet normal -0.248684 0.968585 0
    outer loop
      vertex 2.16312 -6.6574 0
      vertex 1.31167 -6.87601 3
      vertex 2.16312 -6.6574 3
    endloop
  endfacet
  facet normal -0.248684 0.968585 0
    outer loop
      vertex 1.31167 -6.87601 3
      vertex 2.16312 -6.6574 0
      vertex 1.31167 -6.87601 0
    endloop
  endfacet
  facet normal -0.998027 0.0627939 0
    outer loop
      vertex 6.9448 -0.877332 0
      vertex 7 0 3
      vertex 7 0 0
    endloop
  endfacet
  facet normal -0.998027 0.0627939 0
    outer loop
      vertex 7 0 3
      vertex 6.9448 -0.877332 0
      vertex 6.9448 -0.877332 3
    endloop
  endfacet
  facet normal 0.904828 0.425778 0
    outer loop
      vertex -6.13415 -3.37228 3
      vertex -6.50844 -2.57687 0
      vertex -6.50844 -2.57687 3
    endloop
  endfacet
  facet normal 0.904828 0.425778 0
    outer loop
      vertex -6.50844 -2.57687 0
      vertex -6.13415 -3.37228 3
      vertex -6.13415 -3.37228 0
    endloop
  endfacet
  facet normal -0.844326 -0.535829 0
    outer loop
      vertex 6.13415 3.37228 0
      vertex 5.66312 4.1145 3
      vertex 5.66312 4.1145 0
    endloop
  endfacet
  facet normal -0.844326 -0.535829 0
    outer loop
      vertex 5.66312 4.1145 3
      vertex 6.13415 3.37228 0
      vertex 6.13415 3.37228 3
    endloop
  endfacet
  facet normal -0.904828 0.425778 0
    outer loop
      vertex 6.13415 -3.37228 0
      vertex 6.50844 -2.57687 3
      vertex 6.50844 -2.57687 0
    endloop
  endfacet
  facet normal -0.904828 0.425778 0
    outer loop
      vertex 6.50844 -2.57687 3
      vertex 6.13415 -3.37228 0
      vertex 6.13415 -3.37228 3
    endloop
  endfacet
  facet normal -0.368131 -0.929774 0
    outer loop
      vertex 2.16312 6.6574 0
      vertex 2.98045 6.33379 3
      vertex 2.16312 6.6574 3
    endloop
  endfacet
  facet normal -0.368131 -0.929774 -0
    outer loop
      vertex 2.98045 6.33379 3
      vertex 2.16312 6.6574 0
      vertex 2.98045 6.33379 0
    endloop
  endfacet
  facet normal 0.481755 -0.876306 0
    outer loop
      vertex -3.75079 5.91029 0
      vertex -2.98045 6.33379 3
      vertex -3.75079 5.91029 3
    endloop
  endfacet
  facet normal 0.481755 -0.876306 0
    outer loop
      vertex -2.98045 6.33379 3
      vertex -3.75079 5.91029 0
      vertex -2.98045 6.33379 0
    endloop
  endfacet
  facet normal 0.904828 -0.425778 0
    outer loop
      vertex -6.50844 2.57687 3
      vertex -6.13415 3.37228 0
      vertex -6.13415 3.37228 3
    endloop
  endfacet
  facet normal 0.904828 -0.425778 0
    outer loop
      vertex -6.13415 3.37228 0
      vertex -6.50844 2.57687 3
      vertex -6.50844 2.57687 0
    endloop
  endfacet
  facet normal 0.481755 0.876306 -0
    outer loop
      vertex -2.98045 -6.33379 0
      vertex -3.75079 -5.91029 3
      vertex -2.98045 -6.33379 3
    endloop
  endfacet
  facet normal 0.481755 0.876306 0
    outer loop
      vertex -3.75079 -5.91029 3
      vertex -2.98045 -6.33379 0
      vertex -3.75079 -5.91029 0
    endloop
  endfacet
  facet normal 0.587783 -0.809018 0
    outer loop
      vertex -4.46197 5.39359 0
      vertex -3.75079 5.91029 3
      vertex -4.46197 5.39359 3
    endloop
  endfacet
  facet normal 0.587783 -0.809018 0
    outer loop
      vertex -3.75079 5.91029 3
      vertex -4.46197 5.39359 0
      vertex -3.75079 5.91029 0
    endloop
  endfacet
  facet normal 0.684547 -0.728969 0
    outer loop
      vertex -5.10278 4.79183 0
      vertex -4.46197 5.39359 3
      vertex -5.10278 4.79183 3
    endloop
  endfacet
  facet normal 0.684547 -0.728969 0
    outer loop
      vertex -4.46197 5.39359 3
      vertex -5.10278 4.79183 0
      vertex -4.46197 5.39359 0
    endloop
  endfacet
  facet normal -0.684547 0.728969 0
    outer loop
      vertex 5.10278 -4.79183 0
      vertex 4.46197 -5.39359 3
      vertex 5.10278 -4.79183 3
    endloop
  endfacet
  facet normal -0.684547 0.728969 0
    outer loop
      vertex 4.46197 -5.39359 3
      vertex 5.10278 -4.79183 0
      vertex 4.46197 -5.39359 0
    endloop
  endfacet
  facet normal -0.587783 -0.809018 0
    outer loop
      vertex 3.75079 5.91029 0
      vertex 4.46197 5.39359 3
      vertex 3.75079 5.91029 3
    endloop
  endfacet
  facet normal -0.587783 -0.809018 -0
    outer loop
      vertex 4.46197 5.39359 3
      vertex 3.75079 5.91029 0
      vertex 4.46197 5.39359 0
    endloop
  endfacet
  facet normal 0.982287 0.18738 0
    outer loop
      vertex -6.78008 -1.74083 3
      vertex -6.9448 -0.877332 0
      vertex -6.9448 -0.877332 3
    endloop
  endfacet
  facet normal 0.982287 0.18738 0
    outer loop
      vertex -6.9448 -0.877332 0
      vertex -6.78008 -1.74083 3
      vertex -6.78008 -1.74083 0
    endloop
  endfacet
  facet normal -0.125337 0.992114 0
    outer loop
      vertex 1.31167 -6.87601 0
      vertex 0.439533 -6.98619 3
      vertex 1.31167 -6.87601 3
    endloop
  endfacet
  facet normal -0.125337 0.992114 0
    outer loop
      vertex 0.439533 -6.98619 3
      vertex 1.31167 -6.87601 0
      vertex 0.439533 -6.98619 0
    endloop
  endfacet
  facet normal 0.844326 0.535829 0
    outer loop
      vertex -5.66312 -4.1145 3
      vertex -6.13415 -3.37228 0
      vertex -6.13415 -3.37228 3
    endloop
  endfacet
  facet normal 0.844326 0.535829 0
    outer loop
      vertex -6.13415 -3.37228 0
      vertex -5.66312 -4.1145 3
      vertex -5.66312 -4.1145 0
    endloop
  endfacet
  facet normal -0.904828 -0.425778 0
    outer loop
      vertex 6.50844 2.57687 0
      vertex 6.13415 3.37228 3
      vertex 6.13415 3.37228 0
    endloop
  endfacet
  facet normal -0.904828 -0.425778 0
    outer loop
      vertex 6.13415 3.37228 3
      vertex 6.50844 2.57687 0
      vertex 6.50844 2.57687 3
    endloop
  endfacet
  facet normal -0.481755 -0.876306 0
    outer loop
      vertex 2.98045 6.33379 0
      vertex 3.75079 5.91029 3
      vertex 2.98045 6.33379 3
    endloop
  endfacet
  facet normal -0.481755 -0.876306 -0
    outer loop
      vertex 3.75079 5.91029 3
      vertex 2.98045 6.33379 0
      vertex 3.75079 5.91029 0
    endloop
  endfacet
  facet normal 0.770511 0.637427 0
    outer loop
      vertex -5.10278 -4.79183 3
      vertex -5.66312 -4.1145 0
      vertex -5.66312 -4.1145 3
    endloop
  endfacet
  facet normal 0.770511 0.637427 0
    outer loop
      vertex -5.66312 -4.1145 0
      vertex -5.10278 -4.79183 3
      vertex -5.10278 -4.79183 0
    endloop
  endfacet
  facet normal 0.998027 -0.0627939 0
    outer loop
      vertex -7 0 3
      vertex -6.9448 0.877332 0
      vertex -6.9448 0.877332 3
    endloop
  endfacet
  facet normal 0.998027 -0.0627939 0
    outer loop
      vertex -6.9448 0.877332 0
      vertex -7 0 3
      vertex -7 0 0
    endloop
  endfacet
  facet normal 0.248684 0.968585 -0
    outer loop
      vertex -1.31167 -6.87601 0
      vertex -2.16312 -6.6574 3
      vertex -1.31167 -6.87601 3
    endloop
  endfacet
  facet normal 0.248684 0.968585 0
    outer loop
      vertex -2.16312 -6.6574 3
      vertex -1.31167 -6.87601 0
      vertex -2.16312 -6.6574 0
    endloop
  endfacet
  facet normal 0.368131 0.929774 -0
    outer loop
      vertex -2.16312 -6.6574 0
      vertex -2.98045 -6.33379 3
      vertex -2.16312 -6.6574 3
    endloop
  endfacet
  facet normal 0.368131 0.929774 0
    outer loop
      vertex -2.98045 -6.33379 3
      vertex -2.16312 -6.6574 0
      vertex -2.98045 -6.33379 0
    endloop
  endfacet
  facet normal -0.770511 0.637427 0
    outer loop
      vertex 5.10278 -4.79183 0
      vertex 5.66312 -4.1145 3
      vertex 5.66312 -4.1145 0
    endloop
  endfacet
  facet normal -0.770511 0.637427 0
    outer loop
      vertex 5.66312 -4.1145 3
      vertex 5.10278 -4.79183 0
      vertex 5.10278 -4.79183 3
    endloop
  endfacet
  facet normal 0.368131 -0.929774 0
    outer loop
      vertex -2.98045 6.33379 0
      vertex -2.16312 6.6574 3
      vertex -2.98045 6.33379 3
    endloop
  endfacet
  facet normal 0.368131 -0.929774 0
    outer loop
      vertex -2.16312 6.6574 3
      vertex -2.98045 6.33379 0
      vertex -2.16312 6.6574 0
    endloop
  endfacet
  facet normal -0.587783 0.809018 0
    outer loop
      vertex 4.46197 -5.39359 0
      vertex 3.75079 -5.91029 3
      vertex 4.46197 -5.39359 3
    endloop
  endfacet
  facet normal -0.587783 0.809018 0
    outer loop
      vertex 3.75079 -5.91029 3
      vertex 4.46197 -5.39359 0
      vertex 3.75079 -5.91029 0
    endloop
  endfacet
  facet normal -0.368131 0.929774 0
    outer loop
      vertex 2.98045 -6.33379 0
      vertex 2.16312 -6.6574 3
      vertex 2.98045 -6.33379 3
    endloop
  endfacet
  facet normal -0.368131 0.929774 0
    outer loop
      vertex 2.16312 -6.6574 3
      vertex 2.98045 -6.33379 0
      vertex 2.16312 -6.6574 0
    endloop
  endfacet
  facet normal 0 -1 0
    outer loop
      vertex -0.439533 6.98619 0
      vertex 0.439533 6.98619 3
      vertex -0.439533 6.98619 3
    endloop
  endfacet
  facet normal 0 -1 -0
    outer loop
      vertex 0.439533 6.98619 3
      vertex -0.439533 6.98619 0
      vertex 0.439533 6.98619 0
    endloop
  endfacet
  facet normal 0.951058 0.309011 0
    outer loop
      vertex -6.50844 -2.57687 3
      vertex -6.78008 -1.74083 0
      vertex -6.78008 -1.74083 3
    endloop
  endfacet
  facet normal 0.951058 0.309011 0
    outer loop
      vertex -6.78008 -1.74083 0
      vertex -6.50844 -2.57687 3
      vertex -6.50844 -2.57687 0
    endloop
  endfacet
  facet normal 0 1 -0
    outer loop
      vertex 0.439533 -6.98619 0
      vertex -0.439533 -6.98619 3
      vertex 0.439533 -6.98619 3
    endloop
  endfacet
  facet normal 0 1 0
    outer loop
      vertex -0.439533 -6.98619 3
      vertex 0.439533 -6.98619 0
      vertex -0.439533 -6.98619 0
    endloop
  endfacet
  facet normal -0.951058 -0.309011 0
    outer loop
      vertex 6.78008 1.74083 0
      vertex 6.50844 2.57687 3
      vertex 6.50844 2.57687 0
    endloop
  endfacet
  facet normal -0.951058 -0.309011 0
    outer loop
      vertex 6.50844 2.57687 3
      vertex 6.78008 1.74083 0
      vertex 6.78008 1.74083 3
    endloop
  endfacet
  facet normal 0.248684 -0.968585 0
    outer loop
      vertex -2.16312 6.6574 0
      vertex -1.31167 6.87601 3
      vertex -2.16312 6.6574 3
    endloop
  endfacet
  facet normal 0.248684 -0.968585 0
    outer loop
      vertex -1.31167 6.87601 3
      vertex -2.16312 6.6574 0
      vertex -1.31167 6.87601 0
    endloop
  endfacet
  facet normal -0.844326 0.535829 0
    outer loop
      vertex 5.66312 -4.1145 0
      vertex 6.13415 -3.37228 3
      vertex 6.13415 -3.37228 0
    endloop
  endfacet
  facet normal -0.844326 0.535829 0
    outer loop
      vertex 6.13415 -3.37228 3
      vertex 5.66312 -4.1145 0
      vertex 5.66312 -4.1145 3
    endloop
  endfacet
  facet normal -0.770511 -0.637427 0
    outer loop
      vertex 5.66312 4.1145 0
      vertex 5.10278 4.79183 3
      vertex 5.10278 4.79183 0
    endloop
  endfacet
  facet normal -0.770511 -0.637427 0
    outer loop
      vertex 5.10278 4.79183 3
      vertex 5.66312 4.1145 0
      vertex 5.66312 4.1145 3
    endloop
  endfacet
  facet normal -0.125337 -0.992114 0
    outer loop
      vertex 0.439533 6.98619 0
      vertex 1.31167 6.87601 3
      vertex 0.439533 6.98619 3
    endloop
  endfacet
  facet normal -0.125337 -0.992114 -0
    outer loop
      vertex 1.31167 6.87601 3
      vertex 0.439533 6.98619 0
      vertex 1.31167 6.87601 0
    endloop
  endfacet
  facet normal 0.125337 -0.992114 0
    outer loop
      vertex -1.31167 6.87601 0
      vertex -0.439533 6.98619 3
      vertex -1.31167 6.87601 3
    endloop
  endfacet
  facet normal 0.125337 -0.992114 0
    outer loop
      vertex -0.439533 6.98619 3
      vertex -1.31167 6.87601 0
      vertex -0.439533 6.98619 0
    endloop
  endfacet
  facet normal -0.248684 -0.968585 0
    outer loop
      vertex 1.31167 6.87601 0
      vertex 2.16312 6.6574 3
      vertex 1.31167 6.87601 3
    endloop
  endfacet
  facet normal -0.248684 -0.968585 -0
    outer loop
      vertex 2.16312 6.6574 3
      vertex 1.31167 6.87601 0
      vertex 2.16312 6.6574 0
    endloop
  endfacet
  facet normal 0.998027 0.0627939 0
    outer loop
      vertex -6.9448 -0.877332 3
      vertex -7 0 0
      vertex -7 0 3
    endloop
  endfacet
  facet normal 0.998027 0.0627939 0
    outer loop
      vertex -7 0 0
      vertex -6.9448 -0.877332 3
      vertex -6.9448 -0.877332 0
    endloop
  endfacet
  facet normal -0.481755 0.876306 0
    outer loop
      vertex 3.75079 -5.91029 0
      vertex 2.98045 -6.33379 3
      vertex 3.75079 -5.91029 3
    endloop
  endfacet
  facet normal -0.481755 0.876306 0
    outer loop
      vertex 2.98045 -6.33379 3
      vertex 3.75079 -5.91029 0
      vertex 2.98045 -6.33379 0
    endloop
  endfacet
  facet normal 0.587783 0.809018 -0
    outer loop
      vertex -3.75079 -5.91029 0
      vertex -4.46197 -5.39359 3
      vertex -3.75079 -5.91029 3
    endloop
  endfacet
  facet normal 0.587783 0.809018 0
    outer loop
      vertex -4.46197 -5.39359 3
      vertex -3.75079 -5.91029 0
      vertex -4.46197 -5.39359 0
    endloop
  endfacet
  facet normal 0.844326 -0.535829 0
    outer loop
      vertex -6.13415 3.37228 3
      vertex -5.66312 4.1145 0
      vertex -5.66312 4.1145 3
    endloop
  endfacet
  facet normal 0.844326 -0.535829 0
    outer loop
      vertex -5.66312 4.1145 0
      vertex -6.13415 3.37228 3
      vertex -6.13415 3.37228 0
    endloop
  endfacet
  facet normal 0.125337 0.992114 -0
    outer loop
      vertex -0.439533 -6.98619 0
      vertex -1.31167 -6.87601 3
      vertex -0.439533 -6.98619 3
    endloop
  endfacet
  facet normal 0.125337 0.992114 0
    outer loop
      vertex -1.31167 -6.87601 3
      vertex -0.439533 -6.98619 0
      vertex -1.31167 -6.87601 0
    endloop
  endfacet
  facet normal 0.770511 -0.637427 0
    outer loop
      vertex -5.66312 4.1145 3
      vertex -5.10278 4.79183 0
      vertex -5.10278 4.79183 3
    endloop
  endfacet
  facet normal 0.770511 -0.637427 0
    outer loop
      vertex -5.10278 4.79183 0
      vertex -5.66312 4.1145 3
      vertex -5.66312 4.1145 0
    endloop
  endfacet
  facet normal 0 -1 0
    outer loop
      vertex 17.1197 1.5 0
      vertex 17.4214 1.5 3
      vertex 17.1197 1.5 3
    endloop
  endfacet
  facet normal 0 -1 -0
    outer loop
      vertex 17.4214 1.5 3
      vertex 17.1197 1.5 0
      vertex 17.4214 1.5 0
    endloop
  endfacet
  facet normal 0 1 -0
    outer loop
      vertex 17.4214 -1.5 0
      vertex 17.1197 -1.5 3
      vertex 17.4214 -1.5 3
    endloop
  endfacet
  facet normal 0 1 0
    outer loop
      vertex 17.1197 -1.5 3
      vertex 17.4214 -1.5 0
      vertex 17.1197 -1.5 0
    endloop
  endfacet
  facet normal 0.98763 -0.156803 0
    outer loop
      vertex 12.9011 -1.53334 0.299999
      vertex 12.9288 -1.35887 0
      vertex 12.9288 -1.35887 0.299999
    endloop
  endfacet
  facet normal 0.98763 -0.156803 0
    outer loop
      vertex 12.9288 -1.35887 0
      vertex 12.9011 -1.53334 0.299999
      vertex 12.9011 -1.53334 0
    endloop
  endfacet
  facet normal 0.98763 0.156803 0
    outer loop
      vertex 12.9288 1.35887 0.299999
      vertex 12.9011 1.53334 0
      vertex 12.9011 1.53334 0.299999
    endloop
  endfacet
  facet normal 0.98763 0.156803 0
    outer loop
      vertex 12.9011 1.53334 0
      vertex 12.9288 1.35887 0.299999
      vertex 12.9288 1.35887 0
    endloop
  endfacet
  facet normal 0.99863 0.0523247 0
    outer loop
      vertex 13 0 0.299999
      vertex 12.9288 1.35887 0
      vertex 12.9288 1.35887 0.299999
    endloop
  endfacet
  facet normal 0.99863 0.0523247 0
    outer loop
      vertex 12.9288 1.35887 0
      vertex 13 0 0.299999
      vertex 13 0 0
    endloop
  endfacet
  facet normal 0.99863 -0.0523247 0
    outer loop
      vertex 12.9288 -1.35887 0.299999
      vertex 13 0 0
      vertex 13 0 0.299999
    endloop
  endfacet
  facet normal 0.99863 -0.0523247 0
    outer loop
      vertex 13 0 0
      vertex 12.9288 -1.35887 0.299999
      vertex 12.9288 -1.35887 0
    endloop
  endfacet
  facet normal 0.777191 0.629265 0
    outer loop
      vertex 9.68266 8.6718 0.299999
      vertex 9.66088 8.6987 0
      vertex 9.66088 8.6987 0.299999
    endloop
  endfacet
  facet normal 0.777191 0.629265 0
    outer loop
      vertex 9.66088 8.6987 0
      vertex 9.68266 8.6718 0.299999
      vertex 9.68266 8.6718 0
    endloop
  endfacet
  facet normal -0.98763 -0.156803 0
    outer loop
      vertex -12.9011 -1.53334 0
      vertex -12.9288 -1.35887 0.299999
      vertex -12.9288 -1.35887 0
    endloop
  endfacet
  facet normal -0.98763 -0.156803 0
    outer loop
      vertex -12.9288 -1.35887 0.299999
      vertex -12.9011 -1.53334 0
      vertex -12.9011 -1.53334 0.299999
    endloop
  endfacet
  facet normal 0.358334 0.933593 -0
    outer loop
      vertex 5.28758 11.8761 0
      vertex 5.12266 11.9394 0.299999
      vertex 5.28758 11.8761 0.299999
    endloop
  endfacet
  facet normal 0.358334 0.933593 0
    outer loop
      vertex 5.12266 11.9394 0.299999
      vertex 5.28758 11.8761 0
      vertex 5.12266 11.9394 0
    endloop
  endfacet
  facet normal 0.629091 0.777332 -0
    outer loop
      vertex 7.77849 10.4061 0
      vertex 7.64121 10.5172 0.299999
      vertex 7.77849 10.4061 0.299999
    endloop
  endfacet
  facet normal 0.629091 0.777332 0
    outer loop
      vertex 7.64121 10.5172 0.299999
      vertex 7.77849 10.4061 0
      vertex 7.64121 10.5172 0
    endloop
  endfacet
  facet normal 0.629265 0.777191 -0
    outer loop
      vertex 8.6987 9.66088 0
      vertex 8.6718 9.68266 0.299999
      vertex 8.6987 9.66088 0.299999
    endloop
  endfacet
  facet normal 0.629265 0.777191 0
    outer loop
      vertex 8.6718 9.68266 0.299999
      vertex 8.6987 9.66088 0
      vertex 8.6718 9.68266 0
    endloop
  endfacet
  facet normal 0.358334 -0.933593 0
    outer loop
      vertex 5.12266 -11.9394 0
      vertex 5.28758 -11.8761 0.299999
      vertex 5.12266 -11.9394 0.299999
    endloop
  endfacet
  facet normal 0.358334 -0.933593 0
    outer loop
      vertex 5.28758 -11.8761 0.299999
      vertex 5.12266 -11.9394 0
      vertex 5.28758 -11.8761 0
    endloop
  endfacet
  facet normal -0.777191 0.629265 0
    outer loop
      vertex -9.68266 8.6718 0
      vertex -9.66088 8.6987 0.299999
      vertex -9.66088 8.6987 0
    endloop
  endfacet
  facet normal -0.777191 0.629265 0
    outer loop
      vertex -9.66088 8.6987 0.299999
      vertex -9.68266 8.6718 0
      vertex -9.68266 8.6718 0.299999
    endloop
  endfacet
  facet normal -0.707107 0.707107 0
    outer loop
      vertex -9.66088 8.6987 0
      vertex -8.6987 9.66088 0.299999
      vertex -8.6987 9.66088 0
    endloop
  endfacet
  facet normal -0.707107 0.707107 0
    outer loop
      vertex -8.6987 9.66088 0.299999
      vertex -9.66088 8.6987 0
      vertex -9.66088 8.6987 0.299999
    endloop
  endfacet
  facet normal -0.544634 0.838674 0
    outer loop
      vertex -6.5 11.2583 0
      vertex -7.64121 10.5172 0.299999
      vertex -6.5 11.2583 0.299999
    endloop
  endfacet
  facet normal -0.544634 0.838674 0
    outer loop
      vertex -7.64121 10.5172 0.299999
      vertex -6.5 11.2583 0
      vertex -7.64121 10.5172 0
    endloop
  endfacet
  facet normal 0.544634 0.838674 -0
    outer loop
      vertex 7.64121 10.5172 0
      vertex 6.5 11.2583 0.299999
      vertex 7.64121 10.5172 0.299999
    endloop
  endfacet
  facet normal 0.544634 0.838674 0
    outer loop
      vertex 6.5 11.2583 0.299999
      vertex 7.64121 10.5172 0
      vertex 6.5 11.2583 0
    endloop
  endfacet
  facet normal -0.454015 0.890994 0
    outer loop
      vertex -5.28758 11.8761 0
      vertex -6.5 11.2583 0.299999
      vertex -5.28758 11.8761 0.299999
    endloop
  endfacet
  facet normal -0.454015 0.890994 0
    outer loop
      vertex -6.5 11.2583 0.299999
      vertex -5.28758 11.8761 0
      vertex -6.5 11.2583 0
    endloop
  endfacet
  facet normal -0.454015 -0.890994 0
    outer loop
      vertex -6.5 -11.2583 0
      vertex -5.28758 -11.8761 0.299999
      vertex -6.5 -11.2583 0.299999
    endloop
  endfacet
  facet normal -0.454015 -0.890994 -0
    outer loop
      vertex -5.28758 -11.8761 0.299999
      vertex -6.5 -11.2583 0
      vertex -5.28758 -11.8761 0
    endloop
  endfacet
  facet normal 0 0 1
    outer loop
      vertex 7.77177 -10.4046 0.299999
      vertex 7.64121 -10.5172 0.299999
      vertex 7.77849 -10.4061 0.299999
    endloop
  endfacet
  facet normal -0 0 1
    outer loop
      vertex 7.3562 -10.4046 0.299999
      vertex 7.64121 -10.5172 0.299999
      vertex 7.77177 -10.4046 0.299999
    endloop
  endfacet
  facet normal 0 0 1
    outer loop
      vertex 7.3562 -10.4046 0.299999
      vertex 6.5 -11.2583 0.299999
      vertex 7.64121 -10.5172 0.299999
    endloop
  endfacet
  facet normal -0 0 1
    outer loop
      vertex 6.375 -11.0418 0.299999
      vertex 6.5 -11.2583 0.299999
      vertex 7.3562 -10.4046 0.299999
    endloop
  endfacet
  facet normal 0 0 1
    outer loop
      vertex 5.33257 -11.573 0.299999
      vertex 6.5 -11.2583 0.299999
      vertex 6.375 -11.0418 0.299999
    endloop
  endfacet
  facet normal -0 0 1
    outer loop
      vertex 5.33257 -11.573 0.299999
      vertex 5.28758 -11.8761 0.299999
      vertex 6.5 -11.2583 0.299999
    endloop
  endfacet
  facet normal 0 0 1
    outer loop
      vertex 5.12478 -11.9329 0.299999
      vertex 5.28758 -11.8761 0.299999
      vertex 5.33257 -11.573 0.299999
    endloop
  endfacet
  facet normal 0 0 1
    outer loop
      vertex 5.28758 -11.8761 0.299999
      vertex 5.12478 -11.9329 0.299999
      vertex 5.12266 -11.9394 0.299999
    endloop
  endfacet
  facet normal -0 0 1
    outer loop
      vertex 12.6888 1.16835 0.299999
      vertex 13 0 0.299999
      vertex 12.9288 1.35887 0.299999
    endloop
  endfacet
  facet normal -0 0 1
    outer loop
      vertex 12.8966 1.52824 0.299999
      vertex 12.9288 1.35887 0.299999
      vertex 12.9011 1.53334 0.299999
    endloop
  endfacet
  facet normal 0 0 1
    outer loop
      vertex 12.6888 -1.16835 0.299999
      vertex 13 0 0.299999
      vertex 12.75 0 0.299999
    endloop
  endfacet
  facet normal 0 0 1
    outer loop
      vertex 12.9288 1.35887 0.299999
      vertex 12.8966 1.52824 0.299999
      vertex 12.6888 1.16835 0.299999
    endloop
  endfacet
  facet normal 0 0 1
    outer loop
      vertex 13 0 0.299999
      vertex 12.6888 -1.16835 0.299999
      vertex 12.9288 -1.35887 0.299999
    endloop
  endfacet
  facet normal 0 -0 1
    outer loop
      vertex 12.8966 -1.52824 0.299999
      vertex 12.9288 -1.35887 0.299999
      vertex 12.6888 -1.16835 0.299999
    endloop
  endfacet
  facet normal 0 0 1
    outer loop
      vertex 13 0 0.299999
      vertex 12.6888 1.16835 0.299999
      vertex 12.75 0 0.299999
    endloop
  endfacet
  facet normal 0 0 1
    outer loop
      vertex 12.9288 -1.35887 0.299999
      vertex 12.8966 -1.52824 0.299999
      vertex 12.9011 -1.53334 0.299999
    endloop
  endfacet
  facet normal -0 0 1
    outer loop
      vertex -12.9288 1.35887 0.299999
      vertex -12.6888 1.16835 0.299999
      vertex -12.8966 1.52824 0.299999
    endloop
  endfacet
  facet normal 0 0 1
    outer loop
      vertex -13 0 0.299999
      vertex -12.6888 1.16835 0.299999
      vertex -12.9288 1.35887 0.299999
    endloop
  endfacet
  facet normal 0 0 1
    outer loop
      vertex -12.6888 1.16835 0.299999
      vertex -13 0 0.299999
      vertex -12.75 0 0.299999
    endloop
  endfacet
  facet normal 0 0 1
    outer loop
      vertex -12.9288 1.35887 0.299999
      vertex -12.8966 1.52824 0.299999
      vertex -12.9011 1.53334 0.299999
    endloop
  endfacet
  facet normal 0 -0 1
    outer loop
      vertex -12.9288 -1.35887 0.299999
      vertex -12.6888 -1.16835 0.299999
      vertex -13 0 0.299999
    endloop
  endfacet
  facet normal 0 0 1
    outer loop
      vertex -12.75 0 0.299999
      vertex -13 0 0.299999
      vertex -12.6888 -1.16835 0.299999
    endloop
  endfacet
  facet normal 0 0 1
    outer loop
      vertex -12.6888 -1.16835 0.299999
      vertex -12.9288 -1.35887 0.299999
      vertex -12.8966 -1.52824 0.299999
    endloop
  endfacet
  facet normal 0 0 1
    outer loop
      vertex -12.8966 -1.52824 0.299999
      vertex -12.9288 -1.35887 0.299999
      vertex -12.9011 -1.53334 0.299999
    endloop
  endfacet
  facet normal 0 0 1
    outer loop
      vertex 7.64121 10.5172 0.299999
      vertex 7.77177 10.4046 0.299999
      vertex 7.77849 10.4061 0.299999
    endloop
  endfacet
  facet normal 0 0 1
    outer loop
      vertex 7.64121 10.5172 0.299999
      vertex 7.3562 10.4046 0.299999
      vertex 7.77177 10.4046 0.299999
    endloop
  endfacet
  facet normal 0 0 1
    outer loop
      vertex 6.5 11.2583 0.299999
      vertex 7.3562 10.4046 0.299999
      vertex 7.64121 10.5172 0.299999
    endloop
  endfacet
  facet normal 0 0 1
    outer loop
      vertex 6.5 11.2583 0.299999
      vertex 6.375 11.0418 0.299999
      vertex 7.3562 10.4046 0.299999
    endloop
  endfacet
  facet normal 0 0 1
    outer loop
      vertex 6.5 11.2583 0.299999
      vertex 5.33257 11.573 0.299999
      vertex 6.375 11.0418 0.299999
    endloop
  endfacet
  facet normal 0 0 1
    outer loop
      vertex 5.28758 11.8761 0.299999
      vertex 5.33257 11.573 0.299999
      vertex 6.5 11.2583 0.299999
    endloop
  endfacet
  facet normal 0 0 1
    outer loop
      vertex 5.28758 11.8761 0.299999
      vertex 5.12478 11.9329 0.299999
      vertex 5.33257 11.573 0.299999
    endloop
  endfacet
  facet normal -0 -0 1
    outer loop
      vertex 5.12478 11.9329 0.299999
      vertex 5.28758 11.8761 0.299999
      vertex 5.12266 11.9394 0.299999
    endloop
  endfacet
  facet normal -0 0 1
    outer loop
      vertex -8.6987 9.66088 0.299999
      vertex -8.78574 9.33201 0.299999
      vertex -8.6718 9.68266 0.299999
    endloop
  endfacet
  facet normal 0 0 1
    outer loop
      vertex -8.6987 9.66088 0.299999
      vertex -9.01561 9.01561 0.299999
      vertex -8.78574 9.33201 0.299999
    endloop
  endfacet
  facet normal 0 0 1
    outer loop
      vertex -9.66088 8.6987 0.299999
      vertex -9.01561 9.01561 0.299999
      vertex -8.6987 9.66088 0.299999
    endloop
  endfacet
  facet normal 0 0 1
    outer loop
      vertex -9.01561 9.01561 0.299999
      vertex -9.66088 8.6987 0.299999
      vertex -9.33201 8.78574 0.299999
    endloop
  endfacet
  facet normal 0 0 1
    outer loop
      vertex -9.33201 8.78574 0.299999
      vertex -9.66088 8.6987 0.299999
      vertex -9.68266 8.6718 0.299999
    endloop
  endfacet
  facet normal 0 0 1
    outer loop
      vertex -5.28758 11.8761 0.299999
      vertex -5.12478 11.9329 0.299999
      vertex -5.12266 11.9394 0.299999
    endloop
  endfacet
  facet normal -0 0 1
    outer loop
      vertex -5.28758 11.8761 0.299999
      vertex -5.33257 11.573 0.299999
      vertex -5.12478 11.9329 0.299999
    endloop
  endfacet
  facet normal 0 0 1
    outer loop
      vertex -6.5 11.2583 0.299999
      vertex -5.33257 11.573 0.299999
      vertex -5.28758 11.8761 0.299999
    endloop
  endfacet
  facet normal 0 0 1
    outer loop
      vertex -5.33257 11.573 0.299999
      vertex -6.5 11.2583 0.299999
      vertex -6.375 11.0418 0.299999
    endloop
  endfacet
  facet normal 0 0 1
    outer loop
      vertex -6.5 11.2583 0.299999
      vertex -7.3562 10.4046 0.299999
      vertex -6.375 11.0418 0.299999
    endloop
  endfacet
  facet normal -0 0 1
    outer loop
      vertex -7.64121 10.5172 0.299999
      vertex -7.3562 10.4046 0.299999
      vertex -6.5 11.2583 0.299999
    endloop
  endfacet
  facet normal 0 0 1
    outer loop
      vertex -7.64121 10.5172 0.299999
      vertex -7.77177 10.4046 0.299999
      vertex -7.3562 10.4046 0.299999
    endloop
  endfacet
  facet normal 0 -0 1
    outer loop
      vertex -7.77177 10.4046 0.299999
      vertex -7.64121 10.5172 0.299999
      vertex -7.77849 10.4061 0.299999
    endloop
  endfacet
  facet normal 0 0 1
    outer loop
      vertex -5.12478 -11.9329 0.299999
      vertex -5.28758 -11.8761 0.299999
      vertex -5.12266 -11.9394 0.299999
    endloop
  endfacet
  facet normal 0 0 1
    outer loop
      vertex -5.33257 -11.573 0.299999
      vertex -5.28758 -11.8761 0.299999
      vertex -5.12478 -11.9329 0.299999
    endloop
  endfacet
  facet normal -0 0 1
    outer loop
      vertex -6.5 -11.2583 0.299999
      vertex -5.33257 -11.573 0.299999
      vertex -6.375 -11.0418 0.299999
    endloop
  endfacet
  facet normal 0 0 1
    outer loop
      vertex -5.33257 -11.573 0.299999
      vertex -6.5 -11.2583 0.299999
      vertex -5.28758 -11.8761 0.299999
    endloop
  endfacet
  facet normal 0 0 1
    outer loop
      vertex -7.3562 -10.4046 0.299999
      vertex -6.5 -11.2583 0.299999
      vertex -6.375 -11.0418 0.299999
    endloop
  endfacet
  facet normal 0 0 1
    outer loop
      vertex -7.3562 -10.4046 0.299999
      vertex -7.64121 -10.5172 0.299999
      vertex -6.5 -11.2583 0.299999
    endloop
  endfacet
  facet normal -0 0 1
    outer loop
      vertex -7.77177 -10.4046 0.299999
      vertex -7.64121 -10.5172 0.299999
      vertex -7.3562 -10.4046 0.299999
    endloop
  endfacet
  facet normal 0 0 1
    outer loop
      vertex -7.64121 -10.5172 0.299999
      vertex -7.77177 -10.4046 0.299999
      vertex -7.77849 -10.4061 0.299999
    endloop
  endfacet
  facet normal 0 0 1
    outer loop
      vertex 9.66088 8.6987 0.299999
      vertex 9.33201 8.78574 0.299999
      vertex 9.68266 8.6718 0.299999
    endloop
  endfacet
  facet normal 0 0 1
    outer loop
      vertex 9.66088 8.6987 0.299999
      vertex 9.01561 9.01561 0.299999
      vertex 9.33201 8.78574 0.299999
    endloop
  endfacet
  facet normal 0 0 1
    outer loop
      vertex 8.6987 9.66088 0.299999
      vertex 9.01561 9.01561 0.299999
      vertex 9.66088 8.6987 0.299999
    endloop
  endfacet
  facet normal 0 0 1
    outer loop
      vertex 9.01561 9.01561 0.299999
      vertex 8.6987 9.66088 0.299999
      vertex 8.78574 9.33201 0.299999
    endloop
  endfacet
  facet normal 0 0 1
    outer loop
      vertex 8.78574 9.33201 0.299999
      vertex 8.6987 9.66088 0.299999
      vertex 8.6718 9.68266 0.299999
    endloop
  endfacet
  facet normal 0 0 1
    outer loop
      vertex -8.78574 -9.33201 0.299999
      vertex -8.6987 -9.66088 0.299999
      vertex -8.6718 -9.68266 0.299999
    endloop
  endfacet
  facet normal 0 0 1
    outer loop
      vertex -9.01561 -9.01561 0.299999
      vertex -8.6987 -9.66088 0.299999
      vertex -8.78574 -9.33201 0.299999
    endloop
  endfacet
  facet normal 0 0 1
    outer loop
      vertex -9.66088 -8.6987 0.299999
      vertex -9.01561 -9.01561 0.299999
      vertex -9.33201 -8.78574 0.299999
    endloop
  endfacet
  facet normal 0 0 1
    outer loop
      vertex -9.01561 -9.01561 0.299999
      vertex -9.66088 -8.6987 0.299999
      vertex -8.6987 -9.66088 0.299999
    endloop
  endfacet
  facet normal -0 -0 1
    outer loop
      vertex -9.66088 -8.6987 0.299999
      vertex -9.33201 -8.78574 0.299999
      vertex -9.68266 -8.6718 0.299999
    endloop
  endfacet
  facet normal 0 0 1
    outer loop
      vertex 9.33201 -8.78574 0.299999
      vertex 9.66088 -8.6987 0.299999
      vertex 9.68266 -8.6718 0.299999
    endloop
  endfacet
  facet normal 0 0 1
    outer loop
      vertex 9.01561 -9.01561 0.299999
      vertex 9.66088 -8.6987 0.299999
      vertex 9.33201 -8.78574 0.299999
    endloop
  endfacet
  facet normal 0 0 1
    outer loop
      vertex 8.6987 -9.66088 0.299999
      vertex 9.01561 -9.01561 0.299999
      vertex 8.78574 -9.33201 0.299999
    endloop
  endfacet
  facet normal -0 0 1
    outer loop
      vertex 9.01561 -9.01561 0.299999
      vertex 8.6987 -9.66088 0.299999
      vertex 9.66088 -8.6987 0.299999
    endloop
  endfacet
  facet normal 0 -0 1
    outer loop
      vertex 8.6987 -9.66088 0.299999
      vertex 8.78574 -9.33201 0.299999
      vertex 8.6718 -9.68266 0.299999
    endloop
  endfacet
  facet normal -0.358334 0.933593 0
    outer loop
      vertex -5.12266 11.9394 0
      vertex -5.28758 11.8761 0.299999
      vertex -5.12266 11.9394 0.299999
    endloop
  endfacet
  facet normal -0.358334 0.933593 0
    outer loop
      vertex -5.28758 11.8761 0.299999
      vertex -5.12266 11.9394 0
      vertex -5.28758 11.8761 0
    endloop
  endfacet
  facet normal 0.454015 0.890994 -0
    outer loop
      vertex 6.5 11.2583 0
      vertex 5.28758 11.8761 0.299999
      vertex 6.5 11.2583 0.299999
    endloop
  endfacet
  facet normal 0.454015 0.890994 0
    outer loop
      vertex 5.28758 11.8761 0.299999
      vertex 6.5 11.2583 0
      vertex 5.28758 11.8761 0
    endloop
  endfacet
  facet normal 0.707107 0.707107 0
    outer loop
      vertex 9.66088 8.6987 0.299999
      vertex 8.6987 9.66088 0
      vertex 8.6987 9.66088 0.299999
    endloop
  endfacet
  facet normal 0.707107 0.707107 0
    outer loop
      vertex 8.6987 9.66088 0
      vertex 9.66088 8.6987 0.299999
      vertex 9.66088 8.6987 0
    endloop
  endfacet
  facet normal -0.629091 -0.777332 0
    outer loop
      vertex -7.77849 -10.4061 0
      vertex -7.64121 -10.5172 0.299999
      vertex -7.77849 -10.4061 0.299999
    endloop
  endfacet
  facet normal -0.629091 -0.777332 -0
    outer loop
      vertex -7.64121 -10.5172 0.299999
      vertex -7.77849 -10.4061 0
      vertex -7.64121 -10.5172 0
    endloop
  endfacet
  facet normal -0.629265 -0.777191 0
    outer loop
      vertex -8.6987 -9.66088 0
      vertex -8.6718 -9.68266 0.299999
      vertex -8.6987 -9.66088 0.299999
    endloop
  endfacet
  facet normal -0.629265 -0.777191 -0
    outer loop
      vertex -8.6718 -9.68266 0.299999
      vertex -8.6987 -9.66088 0
      vertex -8.6718 -9.68266 0
    endloop
  endfacet
  facet normal 0.454015 -0.890994 0
    outer loop
      vertex 5.28758 -11.8761 0
      vertex 6.5 -11.2583 0.299999
      vertex 5.28758 -11.8761 0.299999
    endloop
  endfacet
  facet normal 0.454015 -0.890994 0
    outer loop
      vertex 6.5 -11.2583 0.299999
      vertex 5.28758 -11.8761 0
      vertex 6.5 -11.2583 0
    endloop
  endfacet
  facet normal 0.777191 -0.629265 0
    outer loop
      vertex 9.66088 -8.6987 0.299999
      vertex 9.68266 -8.6718 0
      vertex 9.68266 -8.6718 0.299999
    endloop
  endfacet
  facet normal 0.777191 -0.629265 0
    outer loop
      vertex 9.68266 -8.6718 0
      vertex 9.66088 -8.6987 0.299999
      vertex 9.66088 -8.6987 0
    endloop
  endfacet
  facet normal -0.98763 0.156803 0
    outer loop
      vertex -12.9288 1.35887 0
      vertex -12.9011 1.53334 0.299999
      vertex -12.9011 1.53334 0
    endloop
  endfacet
  facet normal -0.98763 0.156803 0
    outer loop
      vertex -12.9011 1.53334 0.299999
      vertex -12.9288 1.35887 0
      vertex -12.9288 1.35887 0.299999
    endloop
  endfacet
  facet normal -0.629265 0.777191 0
    outer loop
      vertex -8.6718 9.68266 0
      vertex -8.6987 9.66088 0.299999
      vertex -8.6718 9.68266 0.299999
    endloop
  endfacet
  facet normal -0.629265 0.777191 0
    outer loop
      vertex -8.6987 9.66088 0.299999
      vertex -8.6718 9.68266 0
      vertex -8.6987 9.66088 0
    endloop
  endfacet
  facet normal -0.629091 0.777332 0
    outer loop
      vertex -7.64121 10.5172 0
      vertex -7.77849 10.4061 0.299999
      vertex -7.64121 10.5172 0.299999
    endloop
  endfacet
  facet normal -0.629091 0.777332 0
    outer loop
      vertex -7.77849 10.4061 0.299999
      vertex -7.64121 10.5172 0
      vertex -7.77849 10.4061 0
    endloop
  endfacet
  facet normal 0.629265 -0.777191 0
    outer loop
      vertex 8.6718 -9.68266 0
      vertex 8.6987 -9.66088 0.299999
      vertex 8.6718 -9.68266 0.299999
    endloop
  endfacet
  facet normal 0.629265 -0.777191 0
    outer loop
      vertex 8.6987 -9.66088 0.299999
      vertex 8.6718 -9.68266 0
      vertex 8.6987 -9.66088 0
    endloop
  endfacet
  facet normal 0.629091 -0.777332 0
    outer loop
      vertex 7.64121 -10.5172 0
      vertex 7.77849 -10.4061 0.299999
      vertex 7.64121 -10.5172 0.299999
    endloop
  endfacet
  facet normal 0.629091 -0.777332 0
    outer loop
      vertex 7.77849 -10.4061 0.299999
      vertex 7.64121 -10.5172 0
      vertex 7.77849 -10.4061 0
    endloop
  endfacet
  facet normal -0.99863 -0.0523247 0
    outer loop
      vertex -12.9288 -1.35887 0
      vertex -13 0 0.299999
      vertex -13 0 0
    endloop
  endfacet
  facet normal -0.99863 -0.0523247 0
    outer loop
      vertex -13 0 0.299999
      vertex -12.9288 -1.35887 0
      vertex -12.9288 -1.35887 0.299999
    endloop
  endfacet
  facet normal -0.777191 -0.629265 0
    outer loop
      vertex -9.66088 -8.6987 0
      vertex -9.68266 -8.6718 0.299999
      vertex -9.68266 -8.6718 0
    endloop
  endfacet
  facet normal -0.777191 -0.629265 0
    outer loop
      vertex -9.68266 -8.6718 0.299999
      vertex -9.66088 -8.6987 0
      vertex -9.66088 -8.6987 0.299999
    endloop
  endfacet
  facet normal -0.707107 -0.707107 0
    outer loop
      vertex -8.6987 -9.66088 0
      vertex -9.66088 -8.6987 0.299999
      vertex -9.66088 -8.6987 0
    endloop
  endfacet
  facet normal -0.707107 -0.707107 0
    outer loop
      vertex -9.66088 -8.6987 0.299999
      vertex -8.6987 -9.66088 0
      vertex -8.6987 -9.66088 0.299999
    endloop
  endfacet
  facet normal 0.544634 -0.838674 0
    outer loop
      vertex 6.5 -11.2583 0
      vertex 7.64121 -10.5172 0.299999
      vertex 6.5 -11.2583 0.299999
    endloop
  endfacet
  facet normal 0.544634 -0.838674 0
    outer loop
      vertex 7.64121 -10.5172 0.299999
      vertex 6.5 -11.2583 0
      vertex 7.64121 -10.5172 0
    endloop
  endfacet
  facet normal -0.99863 0.0523247 0
    outer loop
      vertex -13 0 0
      vertex -12.9288 1.35887 0.299999
      vertex -12.9288 1.35887 0
    endloop
  endfacet
  facet normal -0.99863 0.0523247 0
    outer loop
      vertex -12.9288 1.35887 0.299999
      vertex -13 0 0
      vertex -13 0 0.299999
    endloop
  endfacet
  facet normal -0.358334 -0.933593 0
    outer loop
      vertex -5.28758 -11.8761 0
      vertex -5.12266 -11.9394 0.299999
      vertex -5.28758 -11.8761 0.299999
    endloop
  endfacet
  facet normal -0.358334 -0.933593 -0
    outer loop
      vertex -5.12266 -11.9394 0.299999
      vertex -5.28758 -11.8761 0
      vertex -5.12266 -11.9394 0
    endloop
  endfacet
  facet normal -0.544634 -0.838674 0
    outer loop
      vertex -7.64121 -10.5172 0
      vertex -6.5 -11.2583 0.299999
      vertex -7.64121 -10.5172 0.299999
    endloop
  endfacet
  facet normal -0.544634 -0.838674 -0
    outer loop
      vertex -6.5 -11.2583 0.299999
      vertex -7.64121 -10.5172 0
      vertex -6.5 -11.2583 0
    endloop
  endfacet
  facet normal 0.707107 -0.707107 0
    outer loop
      vertex 8.6987 -9.66088 0.299999
      vertex 9.66088 -8.6987 0
      vertex 9.66088 -8.6987 0.299999
    endloop
  endfacet
  facet normal 0.707107 -0.707107 0
    outer loop
      vertex 9.66088 -8.6987 0
      vertex 8.6987 -9.66088 0.299999
      vertex 8.6987 -9.66088 0
    endloop
  endfacet
  facet normal 0.454028 -0.890987 0
    outer loop
      vertex -6.375 11.0418 0
      vertex -5.33257 11.573 0.299999
      vertex -6.375 11.0418 0.299999
    endloop
  endfacet
  facet normal 0.454028 -0.890987 0
    outer loop
      vertex -5.33257 11.573 0.299999
      vertex -6.375 11.0418 0
      vertex -5.33257 11.573 0
    endloop
  endfacet
  facet normal -0.998631 -0.0523098 0
    outer loop
      vertex 12.75 0 0
      vertex 12.6888 1.16835 0.299999
      vertex 12.6888 1.16835 0
    endloop
  endfacet
  facet normal -0.998631 -0.0523098 0
    outer loop
      vertex 12.6888 1.16835 0.299999
      vertex 12.75 0 0
      vertex 12.75 0 0.299999
    endloop
  endfacet
  facet normal -0.454028 0.890987 0
    outer loop
      vertex 6.375 -11.0418 0
      vertex 5.33257 -11.573 0.299999
      vertex 6.375 -11.0418 0.299999
    endloop
  endfacet
  facet normal -0.454028 0.890987 0
    outer loop
      vertex 5.33257 -11.573 0.299999
      vertex 6.375 -11.0418 0
      vertex 5.33257 -11.573 0
    endloop
  endfacet
  facet normal -0.54464 0.83867 0
    outer loop
      vertex 7.3562 -10.4046 0
      vertex 6.375 -11.0418 0.299999
      vertex 7.3562 -10.4046 0.299999
    endloop
  endfacet
  facet normal -0.54464 0.83867 0
    outer loop
      vertex 6.375 -11.0418 0.299999
      vertex 7.3562 -10.4046 0
      vertex 6.375 -11.0418 0
    endloop
  endfacet
  facet normal -0.998631 0.0523098 0
    outer loop
      vertex 12.6888 -1.16835 0
      vertex 12.75 0 0.299999
      vertex 12.75 0 0
    endloop
  endfacet
  facet normal -0.998631 0.0523098 0
    outer loop
      vertex 12.75 0 0.299999
      vertex 12.6888 -1.16835 0
      vertex 12.6888 -1.16835 0.299999
    endloop
  endfacet
  facet normal 0.454028 0.890987 -0
    outer loop
      vertex -5.33257 -11.573 0
      vertex -6.375 -11.0418 0.299999
      vertex -5.33257 -11.573 0.299999
    endloop
  endfacet
  facet normal 0.454028 0.890987 0
    outer loop
      vertex -6.375 -11.0418 0.299999
      vertex -5.33257 -11.573 0
      vertex -6.375 -11.0418 0
    endloop
  endfacet
  facet normal -0.54464 -0.83867 0
    outer loop
      vertex 6.375 11.0418 0
      vertex 7.3562 10.4046 0.299999
      vertex 6.375 11.0418 0.299999
    endloop
  endfacet
  facet normal -0.54464 -0.83867 -0
    outer loop
      vertex 7.3562 10.4046 0.299999
      vertex 6.375 11.0418 0
      vertex 7.3562 10.4046 0
    endloop
  endfacet
  facet normal -0.454028 -0.890987 0
    outer loop
      vertex 5.33257 11.573 0
      vertex 6.375 11.0418 0.299999
      vertex 5.33257 11.573 0.299999
    endloop
  endfacet
  facet normal -0.454028 -0.890987 -0
    outer loop
      vertex 6.375 11.0418 0.299999
      vertex 5.33257 11.573 0
      vertex 6.375 11.0418 0
    endloop
  endfacet
  facet normal 0.998631 0.0523098 0
    outer loop
      vertex -12.6888 -1.16835 0.299999
      vertex -12.75 0 0
      vertex -12.75 0 0.299999
    endloop
  endfacet
  facet normal 0.998631 0.0523098 0
    outer loop
      vertex -12.75 0 0
      vertex -12.6888 -1.16835 0.299999
      vertex -12.6888 -1.16835 0
    endloop
  endfacet
  facet normal 0.54464 0.83867 -0
    outer loop
      vertex -6.375 -11.0418 0
      vertex -7.3562 -10.4046 0.299999
      vertex -6.375 -11.0418 0.299999
    endloop
  endfacet
  facet normal 0.54464 0.83867 0
    outer loop
      vertex -7.3562 -10.4046 0.299999
      vertex -6.375 -11.0418 0
      vertex -7.3562 -10.4046 0
    endloop
  endfacet
  facet normal 0.54464 -0.83867 0
    outer loop
      vertex -7.3562 10.4046 0
      vertex -6.375 11.0418 0.299999
      vertex -7.3562 10.4046 0.299999
    endloop
  endfacet
  facet normal 0.54464 -0.83867 0
    outer loop
      vertex -6.375 11.0418 0.299999
      vertex -7.3562 10.4046 0
      vertex -6.375 11.0418 0
    endloop
  endfacet
  facet normal 0.998631 -0.0523098 0
    outer loop
      vertex -12.75 0 0.299999
      vertex -12.6888 1.16835 0
      vertex -12.6888 1.16835 0.299999
    endloop
  endfacet
  facet normal 0.998631 -0.0523098 0
    outer loop
      vertex -12.6888 1.16835 0
      vertex -12.75 0 0.299999
      vertex -12.75 0 0
    endloop
  endfacet
  facet normal 0.98769 -0.156426 0
    outer loop
      vertex 14.7566 -2.58576 0.299999
      vertex 14.9178 -1.56793 0
      vertex 14.9178 -1.56793 0.299999
    endloop
  endfacet
  facet normal 0.98769 -0.156426 0
    outer loop
      vertex 14.9178 -1.56793 0
      vertex 14.7566 -2.58576 0.299999
      vertex 14.7566 -2.58576 0
    endloop
  endfacet
  facet normal 0.98769 0.156426 0
    outer loop
      vertex 14.9178 1.56793 0.299999
      vertex 14.7566 2.58576 0
      vertex 14.7566 2.58576 0.299999
    endloop
  endfacet
  facet normal 0.98769 0.156426 0
    outer loop
      vertex 14.7566 2.58576 0
      vertex 14.9178 1.56793 0.299999
      vertex 14.9178 1.56793 0
    endloop
  endfacet
  facet normal 0.998629 0.0523539 0
    outer loop
      vertex 15 0 0.299999
      vertex 14.9178 1.56793 0
      vertex 14.9178 1.56793 0.299999
    endloop
  endfacet
  facet normal 0.998629 0.0523539 0
    outer loop
      vertex 14.9178 1.56793 0
      vertex 15 0 0.299999
      vertex 15 0 0
    endloop
  endfacet
  facet normal -0.629365 0.77711 0
    outer loop
      vertex -8.81678 12.1353 0
      vertex -9.61764 11.4867 0.299999
      vertex -8.81678 12.1353 0.299999
    endloop
  endfacet
  facet normal -0.629365 0.77711 0
    outer loop
      vertex -9.61764 11.4867 0.299999
      vertex -8.81678 12.1353 0
      vertex -9.61764 11.4867 0
    endloop
  endfacet
  facet normal 0.629365 0.77711 -0
    outer loop
      vertex 9.61764 11.4867 0
      vertex 8.81678 12.1353 0.299999
      vertex 9.61764 11.4867 0.299999
    endloop
  endfacet
  facet normal 0.629365 0.77711 0
    outer loop
      vertex 8.81678 12.1353 0.299999
      vertex 9.61764 11.4867 0
      vertex 8.81678 12.1353 0
    endloop
  endfacet
  facet normal 0 0 1
    outer loop
      vertex 8.66983 11.933 0.299999
      vertex 9.60344 11.4621 0.299999
      vertex 9.61764 11.4867 0.299999
    endloop
  endfacet
  facet normal -0 0 1
    outer loop
      vertex 8.66983 11.933 0.299999
      vertex 9.61764 11.4867 0.299999
      vertex 8.81678 12.1353 0.299999
    endloop
  endfacet
  facet normal 0 0 1
    outer loop
      vertex 9.60344 11.4621 0.299999
      vertex 8.66983 11.933 0.299999
      vertex 9.45495 11.2972 0.299999
    endloop
  endfacet
  facet normal 0 0 1
    outer loop
      vertex 7.5 12.9904 0.299999
      vertex 8.66983 11.933 0.299999
      vertex 8.81678 12.1353 0.299999
    endloop
  endfacet
  facet normal 0 0 1
    outer loop
      vertex 7.5 12.9904 0.299999
      vertex 7.375 12.7739 0.299999
      vertex 8.66983 11.933 0.299999
    endloop
  endfacet
  facet normal 0 0 1
    outer loop
      vertex 6.10105 13.7032 0.299999
      vertex 7.375 12.7739 0.299999
      vertex 7.5 12.9904 0.299999
    endloop
  endfacet
  facet normal 0 0 1
    outer loop
      vertex 6.10105 13.7032 0.299999
      vertex 5.99936 13.4748 0.299999
      vertex 7.375 12.7739 0.299999
    endloop
  endfacet
  facet normal 0 0 1
    outer loop
      vertex 5.13898 14.0725 0.299999
      vertex 5.99936 13.4748 0.299999
      vertex 6.10105 13.7032 0.299999
    endloop
  endfacet
  facet normal -0 0 1
    outer loop
      vertex 5.12478 14.0479 0.299999
      vertex 5.99936 13.4748 0.299999
      vertex 5.13898 14.0725 0.299999
    endloop
  endfacet
  facet normal 0 0 1
    outer loop
      vertex 5.99936 13.4748 0.299999
      vertex 5.12478 14.0479 0.299999
      vertex 5.05621 13.8368 0.299999
    endloop
  endfacet
  facet normal 0 0 1
    outer loop
      vertex 14.75 0 0.299999
      vertex 15 0 0.299999
      vertex 14.9178 1.56793 0.299999
    endloop
  endfacet
  facet normal 0 0 1
    outer loop
      vertex 14.6692 1.54179 0.299999
      vertex 14.9178 1.56793 0.299999
      vertex 14.7566 2.58576 0.299999
    endloop
  endfacet
  facet normal 0 0 1
    outer loop
      vertex 15 0 0.299999
      vertex 14.75 0 0.299999
      vertex 14.9178 -1.56793 0.299999
    endloop
  endfacet
  facet normal -0 0 1
    outer loop
      vertex 14.6692 -1.54179 0.299999
      vertex 14.9178 -1.56793 0.299999
      vertex 14.75 0 0.299999
    endloop
  endfacet
  facet normal 0 0 1
    outer loop
      vertex 14.6692 1.54179 0.299999
      vertex 14.7566 2.58576 0.299999
      vertex 14.7282 2.58576 0.299999
    endloop
  endfacet
  facet normal 0 0 1
    outer loop
      vertex 14.9178 1.56793 0.299999
      vertex 14.6692 1.54179 0.299999
      vertex 14.75 0 0.299999
    endloop
  endfacet
  facet normal 0 -0 1
    outer loop
      vertex 14.6692 1.54179 0.299999
      vertex 14.7282 2.58576 0.299999
      vertex 14.5112 2.53962 0.299999
    endloop
  endfacet
  facet normal 0 0 1
    outer loop
      vertex 14.9178 -1.56793 0.299999
      vertex 14.6692 -1.54179 0.299999
      vertex 14.7566 -2.58576 0.299999
    endloop
  endfacet
  facet normal 0 0 1
    outer loop
      vertex 14.7566 -2.58576 0.299999
      vertex 14.6692 -1.54179 0.299999
      vertex 14.7282 -2.58576 0.299999
    endloop
  endfacet
  facet normal 0 0 1
    outer loop
      vertex 14.7282 -2.58576 0.299999
      vertex 14.6692 -1.54179 0.299999
      vertex 14.5112 -2.53962 0.299999
    endloop
  endfacet
  facet normal 0 0 1
    outer loop
      vertex 8.66983 -11.933 0.299999
      vertex 9.60344 -11.4621 0.299999
      vertex 9.45495 -11.2972 0.299999
    endloop
  endfacet
  facet normal 0 0 1
    outer loop
      vertex 9.60344 -11.4621 0.299999
      vertex 8.66983 -11.933 0.299999
      vertex 9.61764 -11.4867 0.299999
    endloop
  endfacet
  facet normal 0 0 1
    outer loop
      vertex 9.61764 -11.4867 0.299999
      vertex 8.66983 -11.933 0.299999
      vertex 8.81678 -12.1353 0.299999
    endloop
  endfacet
  facet normal 0 0 1
    outer loop
      vertex 8.66983 -11.933 0.299999
      vertex 7.5 -12.9904 0.299999
      vertex 8.81678 -12.1353 0.299999
    endloop
  endfacet
  facet normal -0 0 1
    outer loop
      vertex 7.375 -12.7739 0.299999
      vertex 7.5 -12.9904 0.299999
      vertex 8.66983 -11.933 0.299999
    endloop
  endfacet
  facet normal 0 0 1
    outer loop
      vertex 7.375 -12.7739 0.299999
      vertex 6.10105 -13.7032 0.299999
      vertex 7.5 -12.9904 0.299999
    endloop
  endfacet
  facet normal -0 0 1
    outer loop
      vertex 5.99936 -13.4748 0.299999
      vertex 6.10105 -13.7032 0.299999
      vertex 7.375 -12.7739 0.299999
    endloop
  endfacet
  facet normal 0 0 1
    outer loop
      vertex 5.99936 -13.4748 0.299999
      vertex 5.13898 -14.0725 0.299999
      vertex 6.10105 -13.7032 0.299999
    endloop
  endfacet
  facet normal 0 0 1
    outer loop
      vertex 5.99936 -13.4748 0.299999
      vertex 5.12478 -14.0479 0.299999
      vertex 5.13898 -14.0725 0.299999
    endloop
  endfacet
  facet normal 0 -0 1
    outer loop
      vertex 5.12478 -14.0479 0.299999
      vertex 5.99936 -13.4748 0.299999
      vertex 5.05621 -13.8368 0.299999
    endloop
  endfacet
  facet normal 0 0 1
    outer loop
      vertex -14.7282 2.58576 0.299999
      vertex -14.6692 1.54179 0.299999
      vertex -14.5112 2.53962 0.299999
    endloop
  endfacet
  facet normal -0 0 1
    outer loop
      vertex -14.9178 1.56793 0.299999
      vertex -14.6692 1.54179 0.299999
      vertex -14.7282 2.58576 0.299999
    endloop
  endfacet
  facet normal 0 0 1
    outer loop
      vertex -14.9178 1.56793 0.299999
      vertex -14.7282 2.58576 0.299999
      vertex -14.7566 2.58576 0.299999
    endloop
  endfacet
  facet normal 0 0 1
    outer loop
      vertex -14.6692 -1.54179 0.299999
      vertex -14.7282 -2.58576 0.299999
      vertex -14.5112 -2.53962 0.299999
    endloop
  endfacet
  facet normal 0 0 1
    outer loop
      vertex -14.9178 -1.56793 0.299999
      vertex -14.6692 -1.54179 0.299999
      vertex -14.75 0 0.299999
    endloop
  endfacet
  facet normal 0 0 1
    outer loop
      vertex -14.6692 -1.54179 0.299999
      vertex -14.9178 -1.56793 0.299999
      vertex -14.7282 -2.58576 0.299999
    endloop
  endfacet
  facet normal 0 0 1
    outer loop
      vertex -14.6692 1.54179 0.299999
      vertex -14.9178 1.56793 0.299999
      vertex -14.75 0 0.299999
    endloop
  endfacet
  facet normal 0 0 1
    outer loop
      vertex -14.75 0 0.299999
      vertex -14.9178 1.56793 0.299999
      vertex -15 0 0.299999
    endloop
  endfacet
  facet normal 0 -0 1
    outer loop
      vertex -14.9178 -1.56793 0.299999
      vertex -14.75 0 0.299999
      vertex -15 0 0.299999
    endloop
  endfacet
  facet normal 0 0 1
    outer loop
      vertex -14.7282 -2.58576 0.299999
      vertex -14.9178 -1.56793 0.299999
      vertex -14.7566 -2.58576 0.299999
    endloop
  endfacet
  facet normal 0 0 1
    outer loop
      vertex -5.99936 13.4748 0.299999
      vertex -5.12478 14.0479 0.299999
      vertex -5.13898 14.0725 0.299999
    endloop
  endfacet
  facet normal 0 0 1
    outer loop
      vertex -5.12478 14.0479 0.299999
      vertex -5.99936 13.4748 0.299999
      vertex -5.05621 13.8368 0.299999
    endloop
  endfacet
  facet normal -0 0 1
    outer loop
      vertex -6.10105 13.7032 0.299999
      vertex -5.99936 13.4748 0.299999
      vertex -5.13898 14.0725 0.299999
    endloop
  endfacet
  facet normal 0 0 1
    outer loop
      vertex -6.10105 13.7032 0.299999
      vertex -7.375 12.7739 0.299999
      vertex -5.99936 13.4748 0.299999
    endloop
  endfacet
  facet normal -0 0 1
    outer loop
      vertex -7.5 12.9904 0.299999
      vertex -7.375 12.7739 0.299999
      vertex -6.10105 13.7032 0.299999
    endloop
  endfacet
  facet normal 0 0 1
    outer loop
      vertex -7.5 12.9904 0.299999
      vertex -8.66983 11.933 0.299999
      vertex -7.375 12.7739 0.299999
    endloop
  endfacet
  facet normal -0 0 1
    outer loop
      vertex -8.81678 12.1353 0.299999
      vertex -8.66983 11.933 0.299999
      vertex -7.5 12.9904 0.299999
    endloop
  endfacet
  facet normal 0 0 1
    outer loop
      vertex -9.60344 11.4621 0.299999
      vertex -8.66983 11.933 0.299999
      vertex -8.81678 12.1353 0.299999
    endloop
  endfacet
  facet normal 0 0 1
    outer loop
      vertex -8.66983 11.933 0.299999
      vertex -9.60344 11.4621 0.299999
      vertex -9.45495 11.2972 0.299999
    endloop
  endfacet
  facet normal 0 -0 1
    outer loop
      vertex -9.60344 11.4621 0.299999
      vertex -8.81678 12.1353 0.299999
      vertex -9.61764 11.4867 0.299999
    endloop
  endfacet
  facet normal 0 0 1
    outer loop
      vertex -5.99936 -13.4748 0.299999
      vertex -5.12478 -14.0479 0.299999
      vertex -5.05621 -13.8368 0.299999
    endloop
  endfacet
  facet normal 0 0 1
    outer loop
      vertex -5.12478 -14.0479 0.299999
      vertex -5.99936 -13.4748 0.299999
      vertex -5.13898 -14.0725 0.299999
    endloop
  endfacet
  facet normal 0 0 1
    outer loop
      vertex -5.99936 -13.4748 0.299999
      vertex -6.10105 -13.7032 0.299999
      vertex -5.13898 -14.0725 0.299999
    endloop
  endfacet
  facet normal 0 0 1
    outer loop
      vertex -7.375 -12.7739 0.299999
      vertex -6.10105 -13.7032 0.299999
      vertex -5.99936 -13.4748 0.299999
    endloop
  endfacet
  facet normal 0 0 1
    outer loop
      vertex -7.375 -12.7739 0.299999
      vertex -7.5 -12.9904 0.299999
      vertex -6.10105 -13.7032 0.299999
    endloop
  endfacet
  facet normal 0 0 1
    outer loop
      vertex -8.66983 -11.933 0.299999
      vertex -7.5 -12.9904 0.299999
      vertex -7.375 -12.7739 0.299999
    endloop
  endfacet
  facet normal 0 0 1
    outer loop
      vertex -8.66983 -11.933 0.299999
      vertex -8.81678 -12.1353 0.299999
      vertex -7.5 -12.9904 0.299999
    endloop
  endfacet
  facet normal -0 0 1
    outer loop
      vertex -9.60344 -11.4621 0.299999
      vertex -8.66983 -11.933 0.299999
      vertex -9.45495 -11.2972 0.299999
    endloop
  endfacet
  facet normal 0 0 1
    outer loop
      vertex -8.66983 -11.933 0.299999
      vertex -9.60344 -11.4621 0.299999
      vertex -8.81678 -12.1353 0.299999
    endloop
  endfacet
  facet normal 0 0 1
    outer loop
      vertex -8.81678 -12.1353 0.299999
      vertex -9.60344 -11.4621 0.299999
      vertex -9.61764 -11.4867 0.299999
    endloop
  endfacet
  facet normal 0 0 1
    outer loop
      vertex -9.86968 -10.9614 0.299999
      vertex -9.70395 -11.1341 0.299999
      vertex -9.67001 -11.1231 0.299999
    endloop
  endfacet
  facet normal 0 0 1
    outer loop
      vertex -9.86968 -10.9614 0.299999
      vertex -10.05 -11.1341 0.299999
      vertex -9.70395 -11.1341 0.299999
    endloop
  endfacet
  facet normal 0 0 1
    outer loop
      vertex -10.9614 -9.86968 0.299999
      vertex -10.05 -11.1341 0.299999
      vertex -9.86968 -10.9614 0.299999
    endloop
  endfacet
  facet normal -0 0 1
    outer loop
      vertex -11.1341 -9.70395 0.299999
      vertex -10.9614 -9.86968 0.299999
      vertex -11.1231 -9.67001 0.299999
    endloop
  endfacet
  facet normal 0 0 1
    outer loop
      vertex -10.9614 -9.86968 0.299999
      vertex -11.1341 -9.70395 0.299999
      vertex -11.1341 -10.05 0.299999
    endloop
  endfacet
  facet normal 0 0 1
    outer loop
      vertex -10.9614 -9.86968 0.299999
      vertex -11.1341 -10.05 0.299999
      vertex -10.05 -11.1341 0.299999
    endloop
  endfacet
  facet normal 0 0 1
    outer loop
      vertex -9.70395 11.1341 0.299999
      vertex -9.86968 10.9614 0.299999
      vertex -9.67001 11.1231 0.299999
    endloop
  endfacet
  facet normal -0 0 1
    outer loop
      vertex -10.05 11.1341 0.299999
      vertex -9.86968 10.9614 0.299999
      vertex -9.70395 11.1341 0.299999
    endloop
  endfacet
  facet normal 0 0 1
    outer loop
      vertex -10.05 11.1341 0.299999
      vertex -10.9614 9.86968 0.299999
      vertex -9.86968 10.9614 0.299999
    endloop
  endfacet
  facet normal -0 0 1
    outer loop
      vertex -11.1341 10.05 0.299999
      vertex -10.9614 9.86968 0.299999
      vertex -10.05 11.1341 0.299999
    endloop
  endfacet
  facet normal 0 0 1
    outer loop
      vertex -11.1341 9.70395 0.299999
      vertex -10.9614 9.86968 0.299999
      vertex -11.1341 10.05 0.299999
    endloop
  endfacet
  facet normal 0 0 1
    outer loop
      vertex -10.9614 9.86968 0.299999
      vertex -11.1341 9.70395 0.299999
      vertex -11.1231 9.67001 0.299999
    endloop
  endfacet
  facet normal -0 0 1
    outer loop
      vertex 10.9614 9.86968 0.299999
      vertex 11.1341 9.70395 0.299999
      vertex 11.1341 10.05 0.299999
    endloop
  endfacet
  facet normal 0 0 1
    outer loop
      vertex 11.1341 9.70395 0.299999
      vertex 10.9614 9.86968 0.299999
      vertex 11.1231 9.67001 0.299999
    endloop
  endfacet
  facet normal 0 0 1
    outer loop
      vertex 10.05 11.1341 0.299999
      vertex 10.9614 9.86968 0.299999
      vertex 11.1341 10.05 0.299999
    endloop
  endfacet
  facet normal 0 0 1
    outer loop
      vertex 10.05 11.1341 0.299999
      vertex 9.86968 10.9614 0.299999
      vertex 10.9614 9.86968 0.299999
    endloop
  endfacet
  facet normal -0 0 1
    outer loop
      vertex 9.70395 11.1341 0.299999
      vertex 9.86968 10.9614 0.299999
      vertex 10.05 11.1341 0.299999
    endloop
  endfacet
  facet normal 0 0 1
    outer loop
      vertex 9.86968 10.9614 0.299999
      vertex 9.70395 11.1341 0.299999
      vertex 9.67001 11.1231 0.299999
    endloop
  endfacet
  facet normal 0 0 1
    outer loop
      vertex 10.9614 -9.86968 0.299999
      vertex 11.1341 -9.70395 0.299999
      vertex 11.1231 -9.67001 0.299999
    endloop
  endfacet
  facet normal 0 0 1
    outer loop
      vertex 11.1341 -9.70395 0.299999
      vertex 10.9614 -9.86968 0.299999
      vertex 11.1341 -10.05 0.299999
    endloop
  endfacet
  facet normal 0 0 1
    outer loop
      vertex 10.9614 -9.86968 0.299999
      vertex 10.05 -11.1341 0.299999
      vertex 11.1341 -10.05 0.299999
    endloop
  endfacet
  facet normal -0 0 1
    outer loop
      vertex 9.86968 -10.9614 0.299999
      vertex 10.05 -11.1341 0.299999
      vertex 10.9614 -9.86968 0.299999
    endloop
  endfacet
  facet normal 0 0 1
    outer loop
      vertex 9.86968 -10.9614 0.299999
      vertex 9.70395 -11.1341 0.299999
      vertex 10.05 -11.1341 0.299999
    endloop
  endfacet
  facet normal 0 -0 1
    outer loop
      vertex 9.70395 -11.1341 0.299999
      vertex 9.86968 -10.9614 0.299999
      vertex 9.67001 -11.1231 0.299999
    endloop
  endfacet
  facet normal -0.45399 0.891007 0
    outer loop
      vertex -6.10105 13.7032 0
      vertex -7.5 12.9904 0.299999
      vertex -6.10105 13.7032 0.299999
    endloop
  endfacet
  facet normal -0.45399 0.891007 0
    outer loop
      vertex -7.5 12.9904 0.299999
      vertex -6.10105 13.7032 0
      vertex -7.5 12.9904 0
    endloop
  endfacet
  facet normal -0.707107 0.707107 0
    outer loop
      vertex -11.1341 10.05 0
      vertex -10.05 11.1341 0.299999
      vertex -10.05 11.1341 0
    endloop
  endfacet
  facet normal -0.707107 0.707107 0
    outer loop
      vertex -10.05 11.1341 0.299999
      vertex -11.1341 10.05 0
      vertex -11.1341 10.05 0.299999
    endloop
  endfacet
  facet normal 0.45399 0.891007 -0
    outer loop
      vertex 7.5 12.9904 0
      vertex 6.10105 13.7032 0.299999
      vertex 7.5 12.9904 0.299999
    endloop
  endfacet
  facet normal 0.45399 0.891007 0
    outer loop
      vertex 6.10105 13.7032 0.299999
      vertex 7.5 12.9904 0
      vertex 6.10105 13.7032 0
    endloop
  endfacet
  facet normal -0.98769 -0.156426 0
    outer loop
      vertex -14.7566 -2.58576 0
      vertex -14.9178 -1.56793 0.299999
      vertex -14.9178 -1.56793 0
    endloop
  endfacet
  facet normal -0.98769 -0.156426 0
    outer loop
      vertex -14.9178 -1.56793 0.299999
      vertex -14.7566 -2.58576 0
      vertex -14.7566 -2.58576 0.299999
    endloop
  endfacet
  facet normal 0.358365 0.933582 -0
    outer loop
      vertex 6.10105 13.7032 0
      vertex 5.13898 14.0725 0.299999
      vertex 6.10105 13.7032 0.299999
    endloop
  endfacet
  facet normal 0.358365 0.933582 0
    outer loop
      vertex 5.13898 14.0725 0.299999
      vertex 6.10105 13.7032 0
      vertex 5.13898 14.0725 0
    endloop
  endfacet
  facet normal 0.358365 -0.933582 0
    outer loop
      vertex 5.13898 -14.0725 0
      vertex 6.10105 -13.7032 0.299999
      vertex 5.13898 -14.0725 0.299999
    endloop
  endfacet
  facet normal 0.358365 -0.933582 0
    outer loop
      vertex 6.10105 -13.7032 0.299999
      vertex 5.13898 -14.0725 0
      vertex 6.10105 -13.7032 0
    endloop
  endfacet
  facet normal 0.998629 -0.0523539 0
    outer loop
      vertex 14.9178 -1.56793 0.299999
      vertex 15 0 0
      vertex 15 0 0.299999
    endloop
  endfacet
  facet normal 0.998629 -0.0523539 0
    outer loop
      vertex 15 0 0
      vertex 14.9178 -1.56793 0.299999
      vertex 14.9178 -1.56793 0
    endloop
  endfacet
  facet normal -0.629365 -0.77711 0
    outer loop
      vertex -9.61764 -11.4867 0
      vertex -8.81678 -12.1353 0.299999
      vertex -9.61764 -11.4867 0.299999
    endloop
  endfacet
  facet normal -0.629365 -0.77711 -0
    outer loop
      vertex -8.81678 -12.1353 0.299999
      vertex -9.61764 -11.4867 0
      vertex -8.81678 -12.1353 0
    endloop
  endfacet
  facet normal -0.45399 -0.891007 0
    outer loop
      vertex -7.5 -12.9904 0
      vertex -6.10105 -13.7032 0.299999
      vertex -7.5 -12.9904 0.299999
    endloop
  endfacet
  facet normal -0.45399 -0.891007 -0
    outer loop
      vertex -6.10105 -13.7032 0.299999
      vertex -7.5 -12.9904 0
      vertex -6.10105 -13.7032 0
    endloop
  endfacet
  facet normal -0.358365 0.933582 0
    outer loop
      vertex -5.13898 14.0725 0
      vertex -6.10105 13.7032 0.299999
      vertex -5.13898 14.0725 0.299999
    endloop
  endfacet
  facet normal -0.358365 0.933582 0
    outer loop
      vertex -6.10105 13.7032 0.299999
      vertex -5.13898 14.0725 0
      vertex -6.10105 13.7032 0
    endloop
  endfacet
  facet normal 0.45399 -0.891007 0
    outer loop
      vertex 6.10105 -13.7032 0
      vertex 7.5 -12.9904 0.299999
      vertex 6.10105 -13.7032 0.299999
    endloop
  endfacet
  facet normal 0.45399 -0.891007 0
    outer loop
      vertex 7.5 -12.9904 0.299999
      vertex 6.10105 -13.7032 0
      vertex 7.5 -12.9904 0
    endloop
  endfacet
  facet normal 0.544627 0.838678 -0
    outer loop
      vertex 8.81678 12.1353 0
      vertex 7.5 12.9904 0.299999
      vertex 8.81678 12.1353 0.299999
    endloop
  endfacet
  facet normal 0.544627 0.838678 0
    outer loop
      vertex 7.5 12.9904 0.299999
      vertex 8.81678 12.1353 0
      vertex 7.5 12.9904 0
    endloop
  endfacet
  facet normal 0.707107 0.707107 0
    outer loop
      vertex 11.1341 10.05 0.299999
      vertex 10.05 11.1341 0
      vertex 10.05 11.1341 0.299999
    endloop
  endfacet
  facet normal 0.707107 0.707107 0
    outer loop
      vertex 10.05 11.1341 0
      vertex 11.1341 10.05 0.299999
      vertex 11.1341 10.05 0
    endloop
  endfacet
  facet normal -0.98769 0.156426 0
    outer loop
      vertex -14.9178 1.56793 0
      vertex -14.7566 2.58576 0.299999
      vertex -14.7566 2.58576 0
    endloop
  endfacet
  facet normal -0.98769 0.156426 0
    outer loop
      vertex -14.7566 2.58576 0.299999
      vertex -14.9178 1.56793 0
      vertex -14.9178 1.56793 0.299999
    endloop
  endfacet
  facet normal -0.544627 0.838678 0
    outer loop
      vertex -7.5 12.9904 0
      vertex -8.81678 12.1353 0.299999
      vertex -7.5 12.9904 0.299999
    endloop
  endfacet
  facet normal -0.544627 0.838678 0
    outer loop
      vertex -8.81678 12.1353 0.299999
      vertex -7.5 12.9904 0
      vertex -8.81678 12.1353 0
    endloop
  endfacet
  facet normal 0.629365 -0.77711 0
    outer loop
      vertex 8.81678 -12.1353 0
      vertex 9.61764 -11.4867 0.299999
      vertex 8.81678 -12.1353 0.299999
    endloop
  endfacet
  facet normal 0.629365 -0.77711 0
    outer loop
      vertex 9.61764 -11.4867 0.299999
      vertex 8.81678 -12.1353 0
      vertex 9.61764 -11.4867 0
    endloop
  endfacet
  facet normal -0.998629 -0.0523539 0
    outer loop
      vertex -14.9178 -1.56793 0
      vertex -15 0 0.299999
      vertex -15 0 0
    endloop
  endfacet
  facet normal -0.998629 -0.0523539 0
    outer loop
      vertex -15 0 0.299999
      vertex -14.9178 -1.56793 0
      vertex -14.9178 -1.56793 0.299999
    endloop
  endfacet
  facet normal -0.707107 -0.707107 0
    outer loop
      vertex -10.05 -11.1341 0
      vertex -11.1341 -10.05 0.299999
      vertex -11.1341 -10.05 0
    endloop
  endfacet
  facet normal -0.707107 -0.707107 0
    outer loop
      vertex -11.1341 -10.05 0.299999
      vertex -10.05 -11.1341 0
      vertex -10.05 -11.1341 0.299999
    endloop
  endfacet
  facet normal 0.544627 -0.838678 0
    outer loop
      vertex 7.5 -12.9904 0
      vertex 8.81678 -12.1353 0.299999
      vertex 7.5 -12.9904 0.299999
    endloop
  endfacet
  facet normal 0.544627 -0.838678 0
    outer loop
      vertex 8.81678 -12.1353 0.299999
      vertex 7.5 -12.9904 0
      vertex 8.81678 -12.1353 0
    endloop
  endfacet
  facet normal -0.358365 -0.933582 0
    outer loop
      vertex -6.10105 -13.7032 0
      vertex -5.13898 -14.0725 0.299999
      vertex -6.10105 -13.7032 0.299999
    endloop
  endfacet
  facet normal -0.358365 -0.933582 -0
    outer loop
      vertex -5.13898 -14.0725 0.299999
      vertex -6.10105 -13.7032 0
      vertex -5.13898 -14.0725 0
    endloop
  endfacet
  facet normal -0.998629 0.0523539 0
    outer loop
      vertex -15 0 0
      vertex -14.9178 1.56793 0.299999
      vertex -14.9178 1.56793 0
    endloop
  endfacet
  facet normal -0.998629 0.0523539 0
    outer loop
      vertex -14.9178 1.56793 0.299999
      vertex -15 0 0
      vertex -15 0 0.299999
    endloop
  endfacet
  facet normal -0.544627 -0.838678 0
    outer loop
      vertex -8.81678 -12.1353 0
      vertex -7.5 -12.9904 0.299999
      vertex -8.81678 -12.1353 0.299999
    endloop
  endfacet
  facet normal -0.544627 -0.838678 -0
    outer loop
      vertex -7.5 -12.9904 0.299999
      vertex -8.81678 -12.1353 0
      vertex -7.5 -12.9904 0
    endloop
  endfacet
  facet normal 0.707107 -0.707107 0
    outer loop
      vertex 10.05 -11.1341 0.299999
      vertex 11.1341 -10.05 0
      vertex 11.1341 -10.05 0.299999
    endloop
  endfacet
  facet normal 0.707107 -0.707107 0
    outer loop
      vertex 11.1341 -10.05 0
      vertex 10.05 -11.1341 0.299999
      vertex 10.05 -11.1341 0
    endloop
  endfacet
  facet normal 0.453978 -0.891013 0
    outer loop
      vertex -7.375 12.7739 0
      vertex -5.99936 13.4748 0.299999
      vertex -7.375 12.7739 0.299999
    endloop
  endfacet
  facet normal 0.453978 -0.891013 0
    outer loop
      vertex -5.99936 13.4748 0.299999
      vertex -7.375 12.7739 0
      vertex -5.99936 13.4748 0
    endloop
  endfacet
  facet normal -0.987695 -0.156395 0
    outer loop
      vertex 14.6692 1.54179 0
      vertex 14.5112 2.53962 0.299999
      vertex 14.5112 2.53962 0
    endloop
  endfacet
  facet normal -0.987695 -0.156395 0
    outer loop
      vertex 14.5112 2.53962 0.299999
      vertex 14.6692 1.54179 0
      vertex 14.6692 1.54179 0.299999
    endloop
  endfacet
  facet normal -0.99863 -0.0523348 0
    outer loop
      vertex 14.75 0 0
      vertex 14.6692 1.54179 0.299999
      vertex 14.6692 1.54179 0
    endloop
  endfacet
  facet normal -0.99863 -0.0523348 0
    outer loop
      vertex 14.6692 1.54179 0.299999
      vertex 14.75 0 0
      vertex 14.75 0 0.299999
    endloop
  endfacet
  facet normal -0.453978 0.891013 0
    outer loop
      vertex 7.375 -12.7739 0
      vertex 5.99936 -13.4748 0.299999
      vertex 7.375 -12.7739 0.299999
    endloop
  endfacet
  facet normal -0.453978 0.891013 0
    outer loop
      vertex 5.99936 -13.4748 0.299999
      vertex 7.375 -12.7739 0
      vertex 5.99936 -13.4748 0
    endloop
  endfacet
  facet normal 0.707107 -0.707107 0
    outer loop
      vertex -10.9614 9.86968 0.299999
      vertex -9.86968 10.9614 0
      vertex -9.86968 10.9614 0.299999
    endloop
  endfacet
  facet normal 0.707107 -0.707107 0
    outer loop
      vertex -9.86968 10.9614 0
      vertex -10.9614 9.86968 0.299999
      vertex -10.9614 9.86968 0
    endloop
  endfacet
  facet normal -0.777126 -0.629345 0
    outer loop
      vertex 11.1231 9.67001 0
      vertex 10.9614 9.86968 0.299999
      vertex 10.9614 9.86968 0
    endloop
  endfacet
  facet normal -0.777126 -0.629345 0
    outer loop
      vertex 10.9614 9.86968 0.299999
      vertex 11.1231 9.67001 0
      vertex 11.1231 9.67001 0.299999
    endloop
  endfacet
  facet normal -0.453978 -0.891013 0
    outer loop
      vertex 5.99936 13.4748 0
      vertex 7.375 12.7739 0.299999
      vertex 5.99936 13.4748 0.299999
    endloop
  endfacet
  facet normal -0.453978 -0.891013 -0
    outer loop
      vertex 7.375 12.7739 0.299999
      vertex 5.99936 13.4748 0
      vertex 7.375 12.7739 0
    endloop
  endfacet
  facet normal -0.544652 0.838662 0
    outer loop
      vertex 8.66983 -11.933 0
      vertex 7.375 -12.7739 0.299999
      vertex 8.66983 -11.933 0.299999
    endloop
  endfacet
  facet normal -0.544652 0.838662 0
    outer loop
      vertex 7.375 -12.7739 0.299999
      vertex 8.66983 -11.933 0
      vertex 7.375 -12.7739 0
    endloop
  endfacet
  facet normal -0.99863 0.0523348 0
    outer loop
      vertex 14.6692 -1.54179 0
      vertex 14.75 0 0.299999
      vertex 14.75 0 0
    endloop
  endfacet
  facet normal -0.99863 0.0523348 0
    outer loop
      vertex 14.75 0 0.299999
      vertex 14.6692 -1.54179 0
      vertex 14.6692 -1.54179 0.299999
    endloop
  endfacet
  facet normal 0.777126 0.629345 0
    outer loop
      vertex -10.9614 -9.86968 0.299999
      vertex -11.1231 -9.67001 0
      vertex -11.1231 -9.67001 0.299999
    endloop
  endfacet
  facet normal 0.777126 0.629345 0
    outer loop
      vertex -11.1231 -9.67001 0
      vertex -10.9614 -9.86968 0.299999
      vertex -10.9614 -9.86968 0
    endloop
  endfacet
  facet normal 0.629345 -0.777126 0
    outer loop
      vertex -9.86968 10.9614 0
      vertex -9.67001 11.1231 0.299999
      vertex -9.86968 10.9614 0.299999
    endloop
  endfacet
  facet normal 0.629345 -0.777126 0
    outer loop
      vertex -9.67001 11.1231 0.299999
      vertex -9.86968 10.9614 0
      vertex -9.67001 11.1231 0
    endloop
  endfacet
  facet normal 0.629334 -0.777135 0
    outer loop
      vertex -9.45495 11.2972 0
      vertex -8.66983 11.933 0.299999
      vertex -9.45495 11.2972 0.299999
    endloop
  endfacet
  facet normal 0.629334 -0.777135 0
    outer loop
      vertex -8.66983 11.933 0.299999
      vertex -9.45495 11.2972 0
      vertex -8.66983 11.933 0
    endloop
  endfacet
  facet normal 0.453978 0.891013 -0
    outer loop
      vertex -5.99936 -13.4748 0
      vertex -7.375 -12.7739 0.299999
      vertex -5.99936 -13.4748 0.299999
    endloop
  endfacet
  facet normal 0.453978 0.891013 0
    outer loop
      vertex -7.375 -12.7739 0.299999
      vertex -5.99936 -13.4748 0
      vertex -7.375 -12.7739 0
    endloop
  endfacet
  facet normal -0.707107 -0.707107 0
    outer loop
      vertex 10.9614 9.86968 0
      vertex 9.86968 10.9614 0.299999
      vertex 9.86968 10.9614 0
    endloop
  endfacet
  facet normal -0.707107 -0.707107 0
    outer loop
      vertex 9.86968 10.9614 0.299999
      vertex 10.9614 9.86968 0
      vertex 10.9614 9.86968 0.299999
    endloop
  endfacet
  facet normal -0.358332 -0.933594 0
    outer loop
      vertex 5.05621 13.8368 0
      vertex 5.99936 13.4748 0.299999
      vertex 5.05621 13.8368 0.299999
    endloop
  endfacet
  facet normal -0.358332 -0.933594 -0
    outer loop
      vertex 5.99936 13.4748 0.299999
      vertex 5.05621 13.8368 0
      vertex 5.99936 13.4748 0
    endloop
  endfacet
  facet normal -0.629334 -0.777135 0
    outer loop
      vertex 8.66983 11.933 0
      vertex 9.45495 11.2972 0.299999
      vertex 8.66983 11.933 0.299999
    endloop
  endfacet
  facet normal -0.629334 -0.777135 -0
    outer loop
      vertex 9.45495 11.2972 0.299999
      vertex 8.66983 11.933 0
      vertex 9.45495 11.2972 0
    endloop
  endfacet
  facet normal -0.629345 -0.777126 0
    outer loop
      vertex 9.67001 11.1231 0
      vertex 9.86968 10.9614 0.299999
      vertex 9.67001 11.1231 0.299999
    endloop
  endfacet
  facet normal -0.629345 -0.777126 -0
    outer loop
      vertex 9.86968 10.9614 0.299999
      vertex 9.67001 11.1231 0
      vertex 9.86968 10.9614 0
    endloop
  endfacet
  facet normal -0.358332 0.933594 0
    outer loop
      vertex 5.99936 -13.4748 0
      vertex 5.05621 -13.8368 0.299999
      vertex 5.99936 -13.4748 0.299999
    endloop
  endfacet
  facet normal -0.358332 0.933594 0
    outer loop
      vertex 5.05621 -13.8368 0.299999
      vertex 5.99936 -13.4748 0
      vertex 5.05621 -13.8368 0
    endloop
  endfacet
  facet normal -0.544652 -0.838662 0
    outer loop
      vertex 7.375 12.7739 0
      vertex 8.66983 11.933 0.299999
      vertex 7.375 12.7739 0.299999
    endloop
  endfacet
  facet normal -0.544652 -0.838662 -0
    outer loop
      vertex 8.66983 11.933 0.299999
      vertex 7.375 12.7739 0
      vertex 8.66983 11.933 0
    endloop
  endfacet
  facet normal -0.777126 0.629345 0
    outer loop
      vertex 10.9614 -9.86968 0
      vertex 11.1231 -9.67001 0.299999
      vertex 11.1231 -9.67001 0
    endloop
  endfacet
  facet normal -0.777126 0.629345 0
    outer loop
      vertex 11.1231 -9.67001 0.299999
      vertex 10.9614 -9.86968 0
      vertex 10.9614 -9.86968 0.299999
    endloop
  endfacet
  facet normal 0.707107 0.707107 0
    outer loop
      vertex -9.86968 -10.9614 0.299999
      vertex -10.9614 -9.86968 0
      vertex -10.9614 -9.86968 0.299999
    endloop
  endfacet
  facet normal 0.707107 0.707107 0
    outer loop
      vertex -10.9614 -9.86968 0
      vertex -9.86968 -10.9614 0.299999
      vertex -9.86968 -10.9614 0
    endloop
  endfacet
  facet normal 0.987695 -0.156395 0
    outer loop
      vertex -14.6692 1.54179 0.299999
      vertex -14.5112 2.53962 0
      vertex -14.5112 2.53962 0.299999
    endloop
  endfacet
  facet normal 0.987695 -0.156395 0
    outer loop
      vertex -14.5112 2.53962 0
      vertex -14.6692 1.54179 0.299999
      vertex -14.6692 1.54179 0
    endloop
  endfacet
  facet normal 0.777126 -0.629345 0
    outer loop
      vertex -11.1231 9.67001 0.299999
      vertex -10.9614 9.86968 0
      vertex -10.9614 9.86968 0.299999
    endloop
  endfacet
  facet normal 0.777126 -0.629345 0
    outer loop
      vertex -10.9614 9.86968 0
      vertex -11.1231 9.67001 0.299999
      vertex -11.1231 9.67001 0
    endloop
  endfacet
  facet normal 0.358332 -0.933594 0
    outer loop
      vertex -5.99936 13.4748 0
      vertex -5.05621 13.8368 0.299999
      vertex -5.99936 13.4748 0.299999
    endloop
  endfacet
  facet normal 0.358332 -0.933594 0
    outer loop
      vertex -5.05621 13.8368 0.299999
      vertex -5.99936 13.4748 0
      vertex -5.05621 13.8368 0
    endloop
  endfacet
  facet normal -0.987695 0.156395 0
    outer loop
      vertex 14.5112 -2.53962 0
      vertex 14.6692 -1.54179 0.299999
      vertex 14.6692 -1.54179 0
    endloop
  endfacet
  facet normal -0.987695 0.156395 0
    outer loop
      vertex 14.6692 -1.54179 0.299999
      vertex 14.5112 -2.53962 0
      vertex 14.5112 -2.53962 0.299999
    endloop
  endfacet
  facet normal 0.987695 0.156395 0
    outer loop
      vertex -14.5112 -2.53962 0.299999
      vertex -14.6692 -1.54179 0
      vertex -14.6692 -1.54179 0.299999
    endloop
  endfacet
  facet normal 0.987695 0.156395 0
    outer loop
      vertex -14.6692 -1.54179 0
      vertex -14.5112 -2.53962 0.299999
      vertex -14.5112 -2.53962 0
    endloop
  endfacet
  facet normal 0.99863 0.0523348 0
    outer loop
      vertex -14.6692 -1.54179 0.299999
      vertex -14.75 0 0
      vertex -14.75 0 0.299999
    endloop
  endfacet
  facet normal 0.99863 0.0523348 0
    outer loop
      vertex -14.75 0 0
      vertex -14.6692 -1.54179 0.299999
      vertex -14.6692 -1.54179 0
    endloop
  endfacet
  facet normal 0.629345 0.777126 -0
    outer loop
      vertex -9.67001 -11.1231 0
      vertex -9.86968 -10.9614 0.299999
      vertex -9.67001 -11.1231 0.299999
    endloop
  endfacet
  facet normal 0.629345 0.777126 0
    outer loop
      vertex -9.86968 -10.9614 0.299999
      vertex -9.67001 -11.1231 0
      vertex -9.86968 -10.9614 0
    endloop
  endfacet
  facet normal 0.629334 0.777135 -0
    outer loop
      vertex -8.66983 -11.933 0
      vertex -9.45495 -11.2972 0.299999
      vertex -8.66983 -11.933 0.299999
    endloop
  endfacet
  facet normal 0.629334 0.777135 0
    outer loop
      vertex -9.45495 -11.2972 0.299999
      vertex -8.66983 -11.933 0
      vertex -9.45495 -11.2972 0
    endloop
  endfacet
  facet normal 0.544652 0.838662 -0
    outer loop
      vertex -7.375 -12.7739 0
      vertex -8.66983 -11.933 0.299999
      vertex -7.375 -12.7739 0.299999
    endloop
  endfacet
  facet normal 0.544652 0.838662 0
    outer loop
      vertex -8.66983 -11.933 0.299999
      vertex -7.375 -12.7739 0
      vertex -8.66983 -11.933 0
    endloop
  endfacet
  facet normal 0.544652 -0.838662 0
    outer loop
      vertex -8.66983 11.933 0
      vertex -7.375 12.7739 0.299999
      vertex -8.66983 11.933 0.299999
    endloop
  endfacet
  facet normal 0.544652 -0.838662 0
    outer loop
      vertex -7.375 12.7739 0.299999
      vertex -8.66983 11.933 0
      vertex -7.375 12.7739 0
    endloop
  endfacet
  facet normal 0.99863 -0.0523348 0
    outer loop
      vertex -14.75 0 0.299999
      vertex -14.6692 1.54179 0
      vertex -14.6692 1.54179 0.299999
    endloop
  endfacet
  facet normal 0.99863 -0.0523348 0
    outer loop
      vertex -14.6692 1.54179 0
      vertex -14.75 0 0.299999
      vertex -14.75 0 0
    endloop
  endfacet
  facet normal 0.358332 0.933594 -0
    outer loop
      vertex -5.05621 -13.8368 0
      vertex -5.99936 -13.4748 0.299999
      vertex -5.05621 -13.8368 0.299999
    endloop
  endfacet
  facet normal 0.358332 0.933594 0
    outer loop
      vertex -5.99936 -13.4748 0.299999
      vertex -5.05621 -13.8368 0
      vertex -5.99936 -13.4748 0
    endloop
  endfacet
  facet normal -0.707107 0.707107 0
    outer loop
      vertex 9.86968 -10.9614 0
      vertex 10.9614 -9.86968 0.299999
      vertex 10.9614 -9.86968 0
    endloop
  endfacet
  facet normal -0.707107 0.707107 0
    outer loop
      vertex 10.9614 -9.86968 0.299999
      vertex 9.86968 -10.9614 0
      vertex 9.86968 -10.9614 0.299999
    endloop
  endfacet
  facet normal -0.629334 0.777135 0
    outer loop
      vertex 9.45495 -11.2972 0
      vertex 8.66983 -11.933 0.299999
      vertex 9.45495 -11.2972 0.299999
    endloop
  endfacet
  facet normal -0.629334 0.777135 0
    outer loop
      vertex 8.66983 -11.933 0.299999
      vertex 9.45495 -11.2972 0
      vertex 8.66983 -11.933 0
    endloop
  endfacet
  facet normal -0.629345 0.777126 0
    outer loop
      vertex 9.86968 -10.9614 0
      vertex 9.67001 -11.1231 0.299999
      vertex 9.86968 -10.9614 0.299999
    endloop
  endfacet
  facet normal -0.629345 0.777126 0
    outer loop
      vertex 9.67001 -11.1231 0.299999
      vertex 9.86968 -10.9614 0
      vertex 9.67001 -11.1231 0
    endloop
  endfacet
  facet normal 0 0 -1
    outer loop
      vertex -4.61754 -1.5 0.299999
      vertex -3.8343 1.53743 0.299999
      vertex -3.8343 -1.5 0.299999
    endloop
  endfacet
  facet normal -0 0 -1
    outer loop
      vertex -3.8343 1.53743 0.299999
      vertex -4.61754 -1.5 0.299999
      vertex -4.61754 1.53743 0.299999
    endloop
  endfacet
  facet normal 0 0 -1
    outer loop
      vertex -3.10359 -1.5 0.299999
      vertex -2.32036 -0.34993 0.299999
      vertex -2.32036 -1.5 0.299999
    endloop
  endfacet
  facet normal -0 0 -1
    outer loop
      vertex -2.32036 -0.34993 0.299999
      vertex -3.10359 -1.5 0.299999
      vertex -2.32036 0.191513 0.299999
    endloop
  endfacet
  facet normal 0 0 -1
    outer loop
      vertex -3.10359 1.53743 0.299999
      vertex -2.32036 0.191513 0.299999
      vertex -3.10359 -1.5 0.299999
    endloop
  endfacet
  facet normal 0 0 -1
    outer loop
      vertex -1.19536 -1.5 0.299999
      vertex -0.786453 -0.636932 0.299999
      vertex -0.361267 -1.5 0.299999
    endloop
  endfacet
  facet normal 0 0 -1
    outer loop
      vertex -1.56561 -0.744812 0.299999
      vertex -0.786453 -0.636932 0.299999
      vertex -1.19536 -1.5 0.299999
    endloop
  endfacet
  facet normal -0 0 -1
    outer loop
      vertex -0.786453 -0.636932 0.299999
      vertex -1.56561 -0.744812 0.299999
      vertex -0.915894 -0.407684 0.299999
    endloop
  endfacet
  facet normal -0 0 -1
    outer loop
      vertex -0.915894 -0.407684 0.299999
      vertex -1.56561 -0.744812 0.299999
      vertex -1.04382 -0.245102 0.299999
    endloop
  endfacet
  facet normal 0 0 -1
    outer loop
      vertex -1.67828 -0.552979 0.299999
      vertex -1.04382 -0.245102 0.299999
      vertex -1.56561 -0.744812 0.299999
    endloop
  endfacet
  facet normal -0 0 -1
    outer loop
      vertex -0.817719 1.07634 0.299999
      vertex -1.55772 0.761002 0.299999
      vertex -1.0275 1.33611 0.299999
    endloop
  endfacet
  facet normal -0 0 -1
    outer loop
      vertex -1.04382 -0.245102 0.299999
      vertex -1.67828 -0.552979 0.299999
      vertex -1.17935 -0.138992 0.299999
    endloop
  endfacet
  facet normal 0 0 -1
    outer loop
      vertex -1.07559 0.0377045 0.299999
      vertex -1.55772 0.403687 0.299999
      vertex -1.53102 0.583374 0.299999
    endloop
  endfacet
  facet normal -0 0 -1
    outer loop
      vertex -1.17935 -0.138992 0.299999
      vertex -1.67828 -0.552979 0.299999
      vertex -1.33167 -0.0792084 0.299999
    endloop
  endfacet
  facet normal 0 0 -1
    outer loop
      vertex -1.33167 -0.0792084 0.299999
      vertex -1.63782 0.282867 0.299999
      vertex -1.55772 0.403687 0.299999
    endloop
  endfacet
  facet normal 0 0 -1
    outer loop
      vertex -1.79247 -0.43338 0.299999
      vertex -1.33167 -0.0792084 0.299999
      vertex -1.67828 -0.552979 0.299999
    endloop
  endfacet
  facet normal 0 -0 -1
    outer loop
      vertex -1.77946 0.214355 0.299999
      vertex -1.33167 -0.0792084 0.299999
      vertex -1.79247 -0.43338 0.299999
    endloop
  endfacet
  facet normal 0 0 -1
    outer loop
      vertex -1.33167 -0.0792084 0.299999
      vertex -1.77946 0.214355 0.299999
      vertex -1.63782 0.282867 0.299999
    endloop
  endfacet
  facet normal 0 0 -1
    outer loop
      vertex -1.92647 -0.370789 0.299999
      vertex -1.77946 0.214355 0.299999
      vertex -1.79247 -0.43338 0.299999
    endloop
  endfacet
  facet normal 0 0 -1
    outer loop
      vertex -1.92647 -0.370789 0.299999
      vertex -1.9908 0.191513 0.299999
      vertex -1.77946 0.214355 0.299999
    endloop
  endfacet
  facet normal 0 0 -1
    outer loop
      vertex -2.09862 -0.34993 0.299999
      vertex -1.9908 0.191513 0.299999
      vertex -1.92647 -0.370789 0.299999
    endloop
  endfacet
  facet normal 0 0 -1
    outer loop
      vertex -2.32036 0.191513 0.299999
      vertex -2.09862 -0.34993 0.299999
      vertex -2.32036 -0.34993 0.299999
    endloop
  endfacet
  facet normal 0 0 -1
    outer loop
      vertex -2.09862 -0.34993 0.299999
      vertex -2.32036 0.191513 0.299999
      vertex -1.9908 0.191513 0.299999
    endloop
  endfacet
  facet normal 0 0 -1
    outer loop
      vertex -0.89325 0.20546 0.299999
      vertex -1.53102 0.583374 0.299999
      vertex -0.784149 0.425598 0.299999
    endloop
  endfacet
  facet normal 0 0 -1
    outer loop
      vertex -1.53102 0.583374 0.299999
      vertex -0.89325 0.20546 0.299999
      vertex -1.07559 0.0377045 0.299999
    endloop
  endfacet
  facet normal 0 0 -1
    outer loop
      vertex -1.55772 0.761002 0.299999
      vertex -0.747787 0.699615 0.299999
      vertex -1.53102 0.583374 0.299999
    endloop
  endfacet
  facet normal 0 0 -1
    outer loop
      vertex -1.55772 0.403687 0.299999
      vertex -1.07559 0.0377045 0.299999
      vertex -1.33167 -0.0792084 0.299999
    endloop
  endfacet
  facet normal 0 0 -1
    outer loop
      vertex -0.784149 0.425598 0.299999
      vertex -1.53102 0.583374 0.299999
      vertex -0.747787 0.699615 0.299999
    endloop
  endfacet
  facet normal 0 0 -1
    outer loop
      vertex -0.747787 0.699615 0.299999
      vertex -1.55772 0.761002 0.299999
      vertex -0.817719 1.07634 0.299999
    endloop
  endfacet
  facet normal 0 0 -1
    outer loop
      vertex -1.63782 0.879776 0.299999
      vertex -1.0275 1.33611 0.299999
      vertex -1.55772 0.761002 0.299999
    endloop
  endfacet
  facet normal -0 0 -1
    outer loop
      vertex -1.0275 1.33611 0.299999
      vertex -1.63782 0.879776 0.299999
      vertex -1.38733 1.48711 0.299999
    endloop
  endfacet
  facet normal 0 0 -1
    outer loop
      vertex -1.77946 0.946777 0.299999
      vertex -1.38733 1.48711 0.299999
      vertex -1.63782 0.879776 0.299999
    endloop
  endfacet
  facet normal 0 0 -1
    outer loop
      vertex -1.77946 0.946777 0.299999
      vertex -1.90738 1.53743 0.299999
      vertex -1.38733 1.48711 0.299999
    endloop
  endfacet
  facet normal 0 0 -1
    outer loop
      vertex -1.9908 0.969116 0.299999
      vertex -1.90738 1.53743 0.299999
      vertex -1.77946 0.946777 0.299999
    endloop
  endfacet
  facet normal 0 0 -1
    outer loop
      vertex -2.32036 0.969116 0.299999
      vertex -1.90738 1.53743 0.299999
      vertex -1.9908 0.969116 0.299999
    endloop
  endfacet
  facet normal 0 0 -1
    outer loop
      vertex -2.32036 0.969116 0.299999
      vertex -3.10359 1.53743 0.299999
      vertex -1.90738 1.53743 0.299999
    endloop
  endfacet
  facet normal 0 0 -1
    outer loop
      vertex -2.32036 0.191513 0.299999
      vertex -3.10359 1.53743 0.299999
      vertex -2.32036 0.969116 0.299999
    endloop
  endfacet
  facet normal -0 0 1
    outer loop
      vertex -4.61754 1.53743 0.599999
      vertex -3.8343 -1.5 0.599999
      vertex -3.8343 1.53743 0.599999
    endloop
  endfacet
  facet normal 0 0 1
    outer loop
      vertex -3.8343 -1.5 0.599999
      vertex -4.61754 1.53743 0.599999
      vertex -4.61754 -1.5 0.599999
    endloop
  endfacet
  facet normal -0 0 1
    outer loop
      vertex -1.55772 0.761002 0.599999
      vertex -0.747787 0.699615 0.599999
      vertex -0.817719 1.07634 0.599999
    endloop
  endfacet
  facet normal 0 0 1
    outer loop
      vertex -0.747787 0.699615 0.599999
      vertex -1.53102 0.583374 0.599999
      vertex -0.784149 0.425598 0.599999
    endloop
  endfacet
  facet normal 0 0 1
    outer loop
      vertex -1.55772 0.761002 0.599999
      vertex -0.817719 1.07634 0.599999
      vertex -1.0275 1.33611 0.599999
    endloop
  endfacet
  facet normal 0 0 1
    outer loop
      vertex -0.747787 0.699615 0.599999
      vertex -1.55772 0.761002 0.599999
      vertex -1.53102 0.583374 0.599999
    endloop
  endfacet
  facet normal -0 0 1
    outer loop
      vertex -1.55772 0.403687 0.599999
      vertex -0.89325 0.20546 0.599999
      vertex -1.53102 0.583374 0.599999
    endloop
  endfacet
  facet normal 0 0 1
    outer loop
      vertex -1.63782 0.879776 0.599999
      vertex -1.0275 1.33611 0.599999
      vertex -1.38733 1.48711 0.599999
    endloop
  endfacet
  facet normal 0 0 1
    outer loop
      vertex -1.56561 -0.744812 0.599999
      vertex -0.786453 -0.636932 0.599999
      vertex -0.915894 -0.407684 0.599999
    endloop
  endfacet
  facet normal 0 0 1
    outer loop
      vertex -1.56561 -0.744812 0.599999
      vertex -0.915894 -0.407684 0.599999
      vertex -1.04382 -0.245102 0.599999
    endloop
  endfacet
  facet normal 0 0 1
    outer loop
      vertex -1.67828 -0.552979 0.599999
      vertex -1.04382 -0.245102 0.599999
      vertex -1.17935 -0.138992 0.599999
    endloop
  endfacet
  facet normal 0 0 1
    outer loop
      vertex -0.786453 -0.636932 0.599999
      vertex -1.19536 -1.5 0.599999
      vertex -0.361267 -1.5 0.599999
    endloop
  endfacet
  facet normal 0 0 1
    outer loop
      vertex -1.67828 -0.552979 0.599999
      vertex -1.17935 -0.138992 0.599999
      vertex -1.33167 -0.0792084 0.599999
    endloop
  endfacet
  facet normal 0 0 1
    outer loop
      vertex -0.89325 0.20546 0.599999
      vertex -1.55772 0.403687 0.599999
      vertex -1.07559 0.0377045 0.599999
    endloop
  endfacet
  facet normal 0 0 1
    outer loop
      vertex -1.07559 0.0377045 0.599999
      vertex -1.55772 0.403687 0.599999
      vertex -1.33167 -0.0792084 0.599999
    endloop
  endfacet
  facet normal -0 0 1
    outer loop
      vertex -1.63782 0.282867 0.599999
      vertex -1.33167 -0.0792084 0.599999
      vertex -1.55772 0.403687 0.599999
    endloop
  endfacet
  facet normal 0 0 1
    outer loop
      vertex -0.786453 -0.636932 0.599999
      vertex -1.56561 -0.744812 0.599999
      vertex -1.19536 -1.5 0.599999
    endloop
  endfacet
  facet normal -0 0 1
    outer loop
      vertex -1.77946 0.214355 0.599999
      vertex -1.33167 -0.0792084 0.599999
      vertex -1.63782 0.282867 0.599999
    endloop
  endfacet
  facet normal 0 0 1
    outer loop
      vertex -1.04382 -0.245102 0.599999
      vertex -1.67828 -0.552979 0.599999
      vertex -1.56561 -0.744812 0.599999
    endloop
  endfacet
  facet normal 0 0 1
    outer loop
      vertex -1.33167 -0.0792084 0.599999
      vertex -1.77946 0.214355 0.599999
      vertex -1.79247 -0.43338 0.599999
    endloop
  endfacet
  facet normal 0 0 1
    outer loop
      vertex -1.33167 -0.0792084 0.599999
      vertex -1.79247 -0.43338 0.599999
      vertex -1.67828 -0.552979 0.599999
    endloop
  endfacet
  facet normal 0 0 1
    outer loop
      vertex -1.77946 0.214355 0.599999
      vertex -1.92647 -0.370789 0.599999
      vertex -1.79247 -0.43338 0.599999
    endloop
  endfacet
  facet normal -0 0 1
    outer loop
      vertex -1.9908 0.191513 0.599999
      vertex -1.92647 -0.370789 0.599999
      vertex -1.77946 0.214355 0.599999
    endloop
  endfacet
  facet normal 0 0 1
    outer loop
      vertex -1.9908 0.191513 0.599999
      vertex -2.09862 -0.34993 0.599999
      vertex -1.92647 -0.370789 0.599999
    endloop
  endfacet
  facet normal -0 0 1
    outer loop
      vertex -2.32036 0.191513 0.599999
      vertex -2.09862 -0.34993 0.599999
      vertex -1.9908 0.191513 0.599999
    endloop
  endfacet
  facet normal 0 0 1
    outer loop
      vertex -2.09862 -0.34993 0.599999
      vertex -2.32036 0.191513 0.599999
      vertex -2.32036 -0.34993 0.599999
    endloop
  endfacet
  facet normal 0 0 1
    outer loop
      vertex -0.784149 0.425598 0.599999
      vertex -1.53102 0.583374 0.599999
      vertex -0.89325 0.20546 0.599999
    endloop
  endfacet
  facet normal 0 0 1
    outer loop
      vertex -1.0275 1.33611 0.599999
      vertex -1.63782 0.879776 0.599999
      vertex -1.55772 0.761002 0.599999
    endloop
  endfacet
  facet normal 0 0 1
    outer loop
      vertex -1.38733 1.48711 0.599999
      vertex -1.77946 0.946777 0.599999
      vertex -1.63782 0.879776 0.599999
    endloop
  endfacet
  facet normal 0 0 1
    outer loop
      vertex -1.90738 1.53743 0.599999
      vertex -1.77946 0.946777 0.599999
      vertex -1.38733 1.48711 0.599999
    endloop
  endfacet
  facet normal 0 0 1
    outer loop
      vertex -1.90738 1.53743 0.599999
      vertex -1.9908 0.969116 0.599999
      vertex -1.77946 0.946777 0.599999
    endloop
  endfacet
  facet normal 0 0 1
    outer loop
      vertex -1.90738 1.53743 0.599999
      vertex -2.32036 0.969116 0.599999
      vertex -1.9908 0.969116 0.599999
    endloop
  endfacet
  facet normal 0 0 1
    outer loop
      vertex -3.10359 1.53743 0.599999
      vertex -2.32036 0.191513 0.599999
      vertex -2.32036 0.969116 0.599999
    endloop
  endfacet
  facet normal 0 0 1
    outer loop
      vertex -3.10359 -1.5 0.599999
      vertex -2.32036 0.191513 0.599999
      vertex -3.10359 1.53743 0.599999
    endloop
  endfacet
  facet normal -0 0 1
    outer loop
      vertex -3.10359 1.53743 0.599999
      vertex -2.32036 0.969116 0.599999
      vertex -1.90738 1.53743 0.599999
    endloop
  endfacet
  facet normal 0 0 1
    outer loop
      vertex -2.32036 0.191513 0.599999
      vertex -3.10359 -1.5 0.599999
      vertex -2.32036 -0.34993 0.599999
    endloop
  endfacet
  facet normal 0 0 1
    outer loop
      vertex -2.32036 -0.34993 0.599999
      vertex -3.10359 -1.5 0.599999
      vertex -2.32036 -1.5 0.599999
    endloop
  endfacet
  facet normal 0 1 -0
    outer loop
      vertex -3.8343 1.53743 0.299999
      vertex -4.61754 1.53743 0.599999
      vertex -3.8343 1.53743 0.599999
    endloop
  endfacet
  facet normal 0 1 0
    outer loop
      vertex -4.61754 1.53743 0.599999
      vertex -3.8343 1.53743 0.299999
      vertex -4.61754 1.53743 0.299999
    endloop
  endfacet
  facet normal -1 0 0
    outer loop
      vertex -4.61754 -1.5 0.299999
      vertex -4.61754 1.53743 0.599999
      vertex -4.61754 1.53743 0.299999
    endloop
  endfacet
  facet normal -1 -0 0
    outer loop
      vertex -4.61754 1.53743 0.599999
      vertex -4.61754 -1.5 0.299999
      vertex -4.61754 -1.5 0.599999
    endloop
  endfacet
  facet normal 0 -1 0
    outer loop
      vertex -4.61754 -1.5 0.299999
      vertex -3.8343 -1.5 0.599999
      vertex -4.61754 -1.5 0.599999
    endloop
  endfacet
  facet normal 0 -1 -0
    outer loop
      vertex -3.8343 -1.5 0.599999
      vertex -4.61754 -1.5 0.299999
      vertex -3.8343 -1.5 0.299999
    endloop
  endfacet
  facet normal 1 -0 0
    outer loop
      vertex -3.8343 -1.5 0.599999
      vertex -3.8343 1.53743 0.299999
      vertex -3.8343 1.53743 0.599999
    endloop
  endfacet
  facet normal 1 0 0
    outer loop
      vertex -3.8343 1.53743 0.299999
      vertex -3.8343 -1.5 0.599999
      vertex -3.8343 -1.5 0.299999
    endloop
  endfacet
  facet normal 0 -1 0
    outer loop
      vertex -2.32036 -0.34993 0.299999
      vertex -2.09862 -0.34993 0.599999
      vertex -2.32036 -0.34993 0.599999
    endloop
  endfacet
  facet normal 0 -1 -0
    outer loop
      vertex -2.09862 -0.34993 0.599999
      vertex -2.32036 -0.34993 0.299999
      vertex -2.09862 -0.34993 0.299999
    endloop
  endfacet
  facet normal -0.120288 -0.992739 0
    outer loop
      vertex -2.09862 -0.34993 0.299999
      vertex -1.92647 -0.370789 0.599999
      vertex -2.09862 -0.34993 0.599999
    endloop
  endfacet
  facet normal -0.120288 -0.992739 -0
    outer loop
      vertex -1.92647 -0.370789 0.599999
      vertex -2.09862 -0.34993 0.299999
      vertex -1.92647 -0.370789 0.299999
    endloop
  endfacet
  facet normal -0.423206 -0.906034 0
    outer loop
      vertex -1.92647 -0.370789 0.299999
      vertex -1.79247 -0.43338 0.599999
      vertex -1.92647 -0.370789 0.599999
    endloop
  endfacet
  facet normal -0.423206 -0.906034 -0
    outer loop
      vertex -1.79247 -0.43338 0.599999
      vertex -1.92647 -0.370789 0.299999
      vertex -1.79247 -0.43338 0.299999
    endloop
  endfacet
  facet normal -0.723273 -0.690562 0
    outer loop
      vertex -1.67828 -0.552979 0.299999
      vertex -1.79247 -0.43338 0.599999
      vertex -1.79247 -0.43338 0.299999
    endloop
  endfacet
  facet normal -0.723273 -0.690562 0
    outer loop
      vertex -1.79247 -0.43338 0.599999
      vertex -1.67828 -0.552979 0.299999
      vertex -1.67828 -0.552979 0.599999
    endloop
  endfacet
  facet normal -0.862274 -0.506442 0
    outer loop
      vertex -1.56561 -0.744812 0.299999
      vertex -1.67828 -0.552979 0.599999
      vertex -1.67828 -0.552979 0.299999
    endloop
  endfacet
  facet normal -0.862274 -0.506442 0
    outer loop
      vertex -1.67828 -0.552979 0.599999
      vertex -1.56561 -0.744812 0.299999
      vertex -1.56561 -0.744812 0.599999
    endloop
  endfacet
  facet normal -0.897893 -0.440215 0
    outer loop
      vertex -1.19536 -1.5 0.299999
      vertex -1.56561 -0.744812 0.599999
      vertex -1.56561 -0.744812 0.299999
    endloop
  endfacet
  facet normal -0.897893 -0.440215 0
    outer loop
      vertex -1.56561 -0.744812 0.599999
      vertex -1.19536 -1.5 0.299999
      vertex -1.19536 -1.5 0.599999
    endloop
  endfacet
  facet normal 0 -1 0
    outer loop
      vertex -1.19536 -1.5 0.299999
      vertex -0.361267 -1.5 0.599999
      vertex -1.19536 -1.5 0.599999
    endloop
  endfacet
  facet normal 0 -1 -0
    outer loop
      vertex -0.361267 -1.5 0.599999
      vertex -1.19536 -1.5 0.299999
      vertex -0.361267 -1.5 0.299999
    endloop
  endfacet
  facet normal 0.897051 0.441927 0
    outer loop
      vertex -0.361267 -1.5 0.599999
      vertex -0.786453 -0.636932 0.299999
      vertex -0.786453 -0.636932 0.599999
    endloop
  endfacet
  facet normal 0.897051 0.441927 0
    outer loop
      vertex -0.786453 -0.636932 0.299999
      vertex -0.361267 -1.5 0.599999
      vertex -0.361267 -1.5 0.299999
    endloop
  endfacet
  facet normal 0.870781 0.491672 0
    outer loop
      vertex -0.786453 -0.636932 0.599999
      vertex -0.915894 -0.407684 0.299999
      vertex -0.915894 -0.407684 0.599999
    endloop
  endfacet
  facet normal 0.870781 0.491672 0
    outer loop
      vertex -0.915894 -0.407684 0.299999
      vertex -0.786453 -0.636932 0.599999
      vertex -0.786453 -0.636932 0.299999
    endloop
  endfacet
  facet normal 0.785888 0.618368 0
    outer loop
      vertex -0.915894 -0.407684 0.599999
      vertex -1.04382 -0.245102 0.299999
      vertex -1.04382 -0.245102 0.599999
    endloop
  endfacet
  facet normal 0.785888 0.618368 0
    outer loop
      vertex -1.04382 -0.245102 0.299999
      vertex -0.915894 -0.407684 0.599999
      vertex -0.915894 -0.407684 0.299999
    endloop
  endfacet
  facet normal 0.616463 0.787384 -0
    outer loop
      vertex -1.04382 -0.245102 0.299999
      vertex -1.17935 -0.138992 0.599999
      vertex -1.04382 -0.245102 0.599999
    endloop
  endfacet
  facet normal 0.616463 0.787384 0
    outer loop
      vertex -1.17935 -0.138992 0.599999
      vertex -1.04382 -0.245102 0.299999
      vertex -1.17935 -0.138992 0.299999
    endloop
  endfacet
  facet normal 0.365354 0.930869 -0
    outer loop
      vertex -1.17935 -0.138992 0.299999
      vertex -1.33167 -0.0792084 0.599999
      vertex -1.17935 -0.138992 0.599999
    endloop
  endfacet
  facet normal 0.365354 0.930869 0
    outer loop
      vertex -1.33167 -0.0792084 0.599999
      vertex -1.17935 -0.138992 0.299999
      vertex -1.33167 -0.0792084 0.299999
    endloop
  endfacet
  facet normal 0.415312 -0.909679 0
    outer loop
      vertex -1.33167 -0.0792084 0.299999
      vertex -1.07559 0.0377045 0.599999
      vertex -1.33167 -0.0792084 0.599999
    endloop
  endfacet
  facet normal 0.415312 -0.909679 0
    outer loop
      vertex -1.07559 0.0377045 0.599999
      vertex -1.33167 -0.0792084 0.299999
      vertex -1.07559 0.0377045 0.299999
    endloop
  endfacet
  facet normal 0.677062 -0.735926 0
    outer loop
      vertex -1.07559 0.0377045 0.299999
      vertex -0.89325 0.20546 0.599999
      vertex -1.07559 0.0377045 0.599999
    endloop
  endfacet
  facet normal 0.677062 -0.735926 0
    outer loop
      vertex -0.89325 0.20546 0.599999
      vertex -1.07559 0.0377045 0.299999
      vertex -0.89325 0.20546 0.299999
    endloop
  endfacet
  facet normal 0.895998 -0.444059 0
    outer loop
      vertex -0.89325 0.20546 0.599999
      vertex -0.784149 0.425598 0.299999
      vertex -0.784149 0.425598 0.599999
    endloop
  endfacet
  facet normal 0.895998 -0.444059 0
    outer loop
      vertex -0.784149 0.425598 0.299999
      vertex -0.89325 0.20546 0.599999
      vertex -0.89325 0.20546 0.299999
    endloop
  endfacet
  facet normal 0.99131 -0.131547 0
    outer loop
      vertex -0.784149 0.425598 0.599999
      vertex -0.747787 0.699615 0.299999
      vertex -0.747787 0.699615 0.599999
    endloop
  endfacet
  facet normal 0.99131 -0.131547 0
    outer loop
      vertex -0.747787 0.699615 0.299999
      vertex -0.784149 0.425598 0.599999
      vertex -0.784149 0.425598 0.299999
    endloop
  endfacet
  facet normal 0.983203 0.182513 0
    outer loop
      vertex -0.747787 0.699615 0.599999
      vertex -0.817719 1.07634 0.299999
      vertex -0.817719 1.07634 0.599999
    endloop
  endfacet
  facet normal 0.983203 0.182513 0
    outer loop
      vertex -0.817719 1.07634 0.299999
      vertex -0.747787 0.699615 0.599999
      vertex -0.747787 0.699615 0.299999
    endloop
  endfacet
  facet normal 0.77799 0.628277 0
    outer loop
      vertex -0.817719 1.07634 0.599999
      vertex -1.0275 1.33611 0.299999
      vertex -1.0275 1.33611 0.599999
    endloop
  endfacet
  facet normal 0.77799 0.628277 0
    outer loop
      vertex -1.0275 1.33611 0.299999
      vertex -0.817719 1.07634 0.599999
      vertex -0.817719 1.07634 0.299999
    endloop
  endfacet
  facet normal 0.386952 0.9221 -0
    outer loop
      vertex -1.0275 1.33611 0.299999
      vertex -1.38733 1.48711 0.599999
      vertex -1.0275 1.33611 0.599999
    endloop
  endfacet
  facet normal 0.386952 0.9221 0
    outer loop
      vertex -1.38733 1.48711 0.599999
      vertex -1.0275 1.33611 0.299999
      vertex -1.38733 1.48711 0.299999
    endloop
  endfacet
  facet normal 0.0963101 0.995351 -0
    outer loop
      vertex -1.38733 1.48711 0.299999
      vertex -1.90738 1.53743 0.599999
      vertex -1.38733 1.48711 0.599999
    endloop
  endfacet
  facet normal 0.0963101 0.995351 0
    outer loop
      vertex -1.90738 1.53743 0.599999
      vertex -1.38733 1.48711 0.299999
      vertex -1.90738 1.53743 0.299999
    endloop
  endfacet
  facet normal 0 1 -0
    outer loop
      vertex -1.90738 1.53743 0.299999
      vertex -3.10359 1.53743 0.599999
      vertex -1.90738 1.53743 0.599999
    endloop
  endfacet
  facet normal 0 1 0
    outer loop
      vertex -3.10359 1.53743 0.599999
      vertex -1.90738 1.53743 0.299999
      vertex -3.10359 1.53743 0.299999
    endloop
  endfacet
  facet normal -1 0 0
    outer loop
      vertex -3.10359 -1.5 0.299999
      vertex -3.10359 1.53743 0.599999
      vertex -3.10359 1.53743 0.299999
    endloop
  endfacet
  facet normal -1 -0 0
    outer loop
      vertex -3.10359 1.53743 0.599999
      vertex -3.10359 -1.5 0.299999
      vertex -3.10359 -1.5 0.599999
    endloop
  endfacet
  facet normal 0 -1 0
    outer loop
      vertex -3.10359 -1.5 0.299999
      vertex -2.32036 -1.5 0.599999
      vertex -3.10359 -1.5 0.599999
    endloop
  endfacet
  facet normal 0 -1 -0
    outer loop
      vertex -2.32036 -1.5 0.599999
      vertex -3.10359 -1.5 0.299999
      vertex -2.32036 -1.5 0.299999
    endloop
  endfacet
  facet normal 1 -0 0
    outer loop
      vertex -2.32036 -1.5 0.599999
      vertex -2.32036 -0.34993 0.299999
      vertex -2.32036 -0.34993 0.599999
    endloop
  endfacet
  facet normal 1 0 0
    outer loop
      vertex -2.32036 -0.34993 0.299999
      vertex -2.32036 -1.5 0.599999
      vertex -2.32036 -1.5 0.299999
    endloop
  endfacet
  facet normal 1 -0 0
    outer loop
      vertex -2.32036 0.191513 0.599999
      vertex -2.32036 0.969116 0.299999
      vertex -2.32036 0.969116 0.599999
    endloop
  endfacet
  facet normal 1 0 0
    outer loop
      vertex -2.32036 0.969116 0.299999
      vertex -2.32036 0.191513 0.599999
      vertex -2.32036 0.191513 0.299999
    endloop
  endfacet
  facet normal 0 -1 0
    outer loop
      vertex -2.32036 0.969116 0.299999
      vertex -1.9908 0.969116 0.599999
      vertex -2.32036 0.969116 0.599999
    endloop
  endfacet
  facet normal 0 -1 -0
    outer loop
      vertex -1.9908 0.969116 0.599999
      vertex -2.32036 0.969116 0.299999
      vertex -1.9908 0.969116 0.299999
    endloop
  endfacet
  facet normal -0.105116 -0.99446 0
    outer loop
      vertex -1.9908 0.969116 0.299999
      vertex -1.77946 0.946777 0.599999
      vertex -1.9908 0.969116 0.599999
    endloop
  endfacet
  facet normal -0.105116 -0.99446 -0
    outer loop
      vertex -1.77946 0.946777 0.599999
      vertex -1.9908 0.969116 0.299999
      vertex -1.77946 0.946777 0.299999
    endloop
  endfacet
  facet normal -0.427609 -0.903964 0
    outer loop
      vertex -1.77946 0.946777 0.299999
      vertex -1.63782 0.879776 0.599999
      vertex -1.77946 0.946777 0.599999
    endloop
  endfacet
  facet normal -0.427609 -0.903964 -0
    outer loop
      vertex -1.63782 0.879776 0.599999
      vertex -1.77946 0.946777 0.299999
      vertex -1.63782 0.879776 0.299999
    endloop
  endfacet
  facet normal -0.829083 -0.559125 0
    outer loop
      vertex -1.55772 0.761002 0.299999
      vertex -1.63782 0.879776 0.599999
      vertex -1.63782 0.879776 0.299999
    endloop
  endfacet
  facet normal -0.829083 -0.559125 0
    outer loop
      vertex -1.63782 0.879776 0.599999
      vertex -1.55772 0.761002 0.299999
      vertex -1.55772 0.761002 0.599999
    endloop
  endfacet
  facet normal -0.988891 -0.148644 0
    outer loop
      vertex -1.53102 0.583374 0.299999
      vertex -1.55772 0.761002 0.599999
      vertex -1.55772 0.761002 0.299999
    endloop
  endfacet
  facet normal -0.988891 -0.148644 0
    outer loop
      vertex -1.55772 0.761002 0.599999
      vertex -1.53102 0.583374 0.299999
      vertex -1.53102 0.583374 0.599999
    endloop
  endfacet
  facet normal -0.98914 0.146978 0
    outer loop
      vertex -1.55772 0.403687 0.299999
      vertex -1.53102 0.583374 0.599999
      vertex -1.53102 0.583374 0.299999
    endloop
  endfacet
  facet normal -0.98914 0.146978 0
    outer loop
      vertex -1.53102 0.583374 0.599999
      vertex -1.55772 0.403687 0.299999
      vertex -1.55772 0.403687 0.599999
    endloop
  endfacet
  facet normal -0.83347 0.552565 0
    outer loop
      vertex -1.63782 0.282867 0.299999
      vertex -1.55772 0.403687 0.599999
      vertex -1.55772 0.403687 0.299999
    endloop
  endfacet
  facet normal -0.83347 0.552565 0
    outer loop
      vertex -1.55772 0.403687 0.599999
      vertex -1.63782 0.282867 0.299999
      vertex -1.63782 0.282867 0.599999
    endloop
  endfacet
  facet normal -0.43544 0.900218 0
    outer loop
      vertex -1.63782 0.282867 0.299999
      vertex -1.77946 0.214355 0.599999
      vertex -1.63782 0.282867 0.599999
    endloop
  endfacet
  facet normal -0.43544 0.900218 0
    outer loop
      vertex -1.77946 0.214355 0.599999
      vertex -1.63782 0.282867 0.299999
      vertex -1.77946 0.214355 0.299999
    endloop
  endfacet
  facet normal -0.107456 0.99421 0
    outer loop
      vertex -1.77946 0.214355 0.299999
      vertex -1.9908 0.191513 0.599999
      vertex -1.77946 0.214355 0.599999
    endloop
  endfacet
  facet normal -0.107456 0.99421 0
    outer loop
      vertex -1.9908 0.191513 0.599999
      vertex -1.77946 0.214355 0.299999
      vertex -1.9908 0.191513 0.299999
    endloop
  endfacet
  facet normal 0 1 -0
    outer loop
      vertex -1.9908 0.191513 0.299999
      vertex -2.32036 0.191513 0.599999
      vertex -1.9908 0.191513 0.599999
    endloop
  endfacet
  facet normal 0 1 0
    outer loop
      vertex -2.32036 0.191513 0.599999
      vertex -1.9908 0.191513 0.299999
      vertex -2.32036 0.191513 0.299999
    endloop
  endfacet
endsolid OpenSCAD_Model
