solid OpenSCAD_Model
  facet normal 0 0 1
    outer loop
      vertex -2 15 5
      vertex -7.01457 17.4591 5
      vertex -7 17.3205 5
    endloop
  endfacet
  facet normal 0 0 1
    outer loop
      vertex -3.13585 29.8357 5
      vertex -7.06556 17.9442 5
      vertex -7.01457 17.4591 5
    endloop
  endfacet
  facet normal 0 0 1
    outer loop
      vertex -3.13585 29.8357 5
      vertex -7.21629 18.4082 5
      vertex -7.06556 17.9442 5
    endloop
  endfacet
  facet normal 0 0 1
    outer loop
      vertex -3.13585 29.8357 5
      vertex -7.25936 18.5407 5
      vertex -7.21629 18.4082 5
    endloop
  endfacet
  facet normal 0 0 1
    outer loop
      vertex -3.13585 29.8357 5
      vertex -7.32905 18.6614 5
      vertex -7.25936 18.5407 5
    endloop
  endfacet
  facet normal 0 0 1
    outer loop
      vertex -3.13585 29.8357 5
      vertex -7.57295 19.0839 5
      vertex -7.32905 18.6614 5
    endloop
  endfacet
  facet normal 0 0 1
    outer loop
      vertex -3.13585 29.8357 5
      vertex -7.89935 19.4464 5
      vertex -7.57295 19.0839 5
    endloop
  endfacet
  facet normal 0 0 1
    outer loop
      vertex -3.13585 29.8357 5
      vertex -7.99261 19.5499 5
      vertex -7.89935 19.4464 5
    endloop
  endfacet
  facet normal 0 0 1
    outer loop
      vertex -6.23735 29.3444 5
      vertex -8.38725 19.8367 5
      vertex -7.99261 19.5499 5
    endloop
  endfacet
  facet normal 0 0 1
    outer loop
      vertex -6.23735 29.3444 5
      vertex -8.5 19.9186 5
      vertex -8.38725 19.8367 5
    endloop
  endfacet
  facet normal 0 0 1
    outer loop
      vertex -6.23735 29.3444 5
      vertex -8.62732 19.9753 5
      vertex -8.5 19.9186 5
    endloop
  endfacet
  facet normal -0 0 1
    outer loop
      vertex -9.27051 28.5317 5
      vertex -8.62732 19.9753 5
      vertex -6.23735 29.3444 5
    endloop
  endfacet
  facet normal 0 0 1
    outer loop
      vertex -8.62732 19.9753 5
      vertex -9.27051 28.5317 5
      vertex -9.07295 20.1737 5
    endloop
  endfacet
  facet normal 0 0 1
    outer loop
      vertex -9.27051 28.5317 5
      vertex -9.55009 20.2751 5
      vertex -9.07295 20.1737 5
    endloop
  endfacet
  facet normal 0 0 1
    outer loop
      vertex -9.27051 28.5317 5
      vertex -9.68641 20.3041 5
      vertex -9.55009 20.2751 5
    endloop
  endfacet
  facet normal -0 0 1
    outer loop
      vertex -12.2021 27.4064 5
      vertex -9.68641 20.3041 5
      vertex -9.27051 28.5317 5
    endloop
  endfacet
  facet normal 0 0 1
    outer loop
      vertex -9.68641 20.3041 5
      vertex -12.2021 27.4064 5
      vertex -10.3136 20.3041 5
    endloop
  endfacet
  facet normal 0 0 1
    outer loop
      vertex -10.3136 20.3041 5
      vertex -12.2021 27.4064 5
      vertex -10.4499 20.2751 5
    endloop
  endfacet
  facet normal 0 0 1
    outer loop
      vertex -10.4499 20.2751 5
      vertex -12.2021 27.4064 5
      vertex -10.9271 20.1737 5
    endloop
  endfacet
  facet normal -0 0 1
    outer loop
      vertex -15 25.9808 5
      vertex -10.9271 20.1737 5
      vertex -12.2021 27.4064 5
    endloop
  endfacet
  facet normal 0 0 1
    outer loop
      vertex -10.9271 20.1737 5
      vertex -15 25.9808 5
      vertex -11.3727 19.9753 5
    endloop
  endfacet
  facet normal 0 0 1
    outer loop
      vertex -11.3727 19.9753 5
      vertex -15 25.9808 5
      vertex -11.5 19.9186 5
    endloop
  endfacet
  facet normal 0 0 1
    outer loop
      vertex -11.5 19.9186 5
      vertex -15 25.9808 5
      vertex -11.6128 19.8367 5
    endloop
  endfacet
  facet normal 0 0 1
    outer loop
      vertex -11.6128 19.8367 5
      vertex -15 25.9808 5
      vertex -12.0074 19.5499 5
    endloop
  endfacet
  facet normal -0 0 1
    outer loop
      vertex -17.6336 24.2705 5
      vertex -12.0074 19.5499 5
      vertex -15 25.9808 5
    endloop
  endfacet
  facet normal 0 0 1
    outer loop
      vertex -12.0074 19.5499 5
      vertex -17.6336 24.2705 5
      vertex -12.1006 19.4464 5
    endloop
  endfacet
  facet normal 0 0 1
    outer loop
      vertex -12.1006 19.4464 5
      vertex -17.6336 24.2705 5
      vertex -12.4271 19.0839 5
    endloop
  endfacet
  facet normal 0 0 1
    outer loop
      vertex -12.4271 19.0839 5
      vertex -17.6336 24.2705 5
      vertex -12.6709 18.6614 5
    endloop
  endfacet
  facet normal 0 0 1
    outer loop
      vertex -12.6709 18.6614 5
      vertex -17.6336 24.2705 5
      vertex -12.7406 18.5407 5
    endloop
  endfacet
  facet normal -0 0 1
    outer loop
      vertex -20.0739 22.2943 5
      vertex -12.7406 18.5407 5
      vertex -17.6336 24.2705 5
    endloop
  endfacet
  facet normal 0 0 1
    outer loop
      vertex -12.7406 18.5407 5
      vertex -20.0739 22.2943 5
      vertex -12.7837 18.4082 5
    endloop
  endfacet
  facet normal 0 0 1
    outer loop
      vertex -12.7837 18.4082 5
      vertex -20.0739 22.2943 5
      vertex -12.9344 17.9442 5
    endloop
  endfacet
  facet normal 0 0 1
    outer loop
      vertex -7.99261 -15.0911 5
      vertex 0 -15 5
      vertex 0 -7.5 5
    endloop
  endfacet
  facet normal -0 0 1
    outer loop
      vertex -0.627171 -5.96713 5
      vertex 0 -7.5 5
      vertex -0.408765 -5.96713 5
    endloop
  endfacet
  facet normal 0 0 1
    outer loop
      vertex -1.8541 -5.70634 5
      vertex 0 -7.5 5
      vertex -0.627171 -5.96713 5
    endloop
  endfacet
  facet normal 0 0 1
    outer loop
      vertex -7.99261 -15.0911 5
      vertex 0 -7.5 5
      vertex -1.8541 -5.70634 5
    endloop
  endfacet
  facet normal 0 0 1
    outer loop
      vertex -7.99261 -15.0911 5
      vertex -1.8541 -5.70634 5
      vertex -3 -5.19615 5
    endloop
  endfacet
  facet normal 0 0 1
    outer loop
      vertex -7.01457 -17.4591 5
      vertex 0 -15 5
      vertex -7 -17.3205 5
    endloop
  endfacet
  facet normal 0 0 1
    outer loop
      vertex -9.07295 -14.4673 5
      vertex -3 -5.19615 5
      vertex -4.01478 -4.45887 5
    endloop
  endfacet
  facet normal 0 0 1
    outer loop
      vertex -9.68641 -14.3369 5
      vertex -4.01478 -4.45887 5
      vertex -4.8541 -3.52671 5
    endloop
  endfacet
  facet normal 0 0 1
    outer loop
      vertex -15 -2 5
      vertex -4.8541 -3.52671 5
      vertex -5.48127 -2.44042 5
    endloop
  endfacet
  facet normal -0 0 1
    outer loop
      vertex -15 -2 5
      vertex -5.48127 -2.44042 5
      vertex -5.62437 -2 5
    endloop
  endfacet
  facet normal 0 0 1
    outer loop
      vertex 0 -15 5
      vertex -7.01457 -17.1819 5
      vertex -7 -17.3205 5
    endloop
  endfacet
  facet normal 0 0 1
    outer loop
      vertex -7.21629 -18.4082 5
      vertex 0 -15 5
      vertex -7.06556 -17.9442 5
    endloop
  endfacet
  facet normal 0 0 1
    outer loop
      vertex -7.06556 -17.9442 5
      vertex 0 -15 5
      vertex -7.01457 -17.4591 5
    endloop
  endfacet
  facet normal 0 0 1
    outer loop
      vertex 0 -15 5
      vertex -7.06556 -16.6968 5
      vertex -7.01457 -17.1819 5
    endloop
  endfacet
  facet normal 0 0 1
    outer loop
      vertex 0 -15 5
      vertex -7.21629 -16.2328 5
      vertex -7.06556 -16.6968 5
    endloop
  endfacet
  facet normal 0 0 1
    outer loop
      vertex 0 -15 5
      vertex -7.25936 -16.1003 5
      vertex -7.21629 -16.2328 5
    endloop
  endfacet
  facet normal 0 0 1
    outer loop
      vertex 0 -15 5
      vertex -7.50326 -15.6779 5
      vertex -7.25936 -16.1003 5
    endloop
  endfacet
  facet normal 0 0 1
    outer loop
      vertex 0 -15 5
      vertex -7.57295 -15.5572 5
      vertex -7.50326 -15.6779 5
    endloop
  endfacet
  facet normal 0 0 1
    outer loop
      vertex 0 -15 5
      vertex -7.66621 -15.4536 5
      vertex -7.57295 -15.5572 5
    endloop
  endfacet
  facet normal 0 0 1
    outer loop
      vertex 0 -15 5
      vertex -7.99261 -15.0911 5
      vertex -7.66621 -15.4536 5
    endloop
  endfacet
  facet normal 0 0 1
    outer loop
      vertex -3 -5.19615 5
      vertex -8.38725 -14.8044 5
      vertex -7.99261 -15.0911 5
    endloop
  endfacet
  facet normal 0 0 1
    outer loop
      vertex -3 -5.19615 5
      vertex -8.5 -14.7224 5
      vertex -8.38725 -14.8044 5
    endloop
  endfacet
  facet normal 0 0 1
    outer loop
      vertex -3 -5.19615 5
      vertex -8.62732 -14.6657 5
      vertex -8.5 -14.7224 5
    endloop
  endfacet
  facet normal 0 0 1
    outer loop
      vertex -3 -5.19615 5
      vertex -9.07295 -14.4673 5
      vertex -8.62732 -14.6657 5
    endloop
  endfacet
  facet normal 0 0 1
    outer loop
      vertex -4.01478 -4.45887 5
      vertex -9.20927 -14.4384 5
      vertex -9.07295 -14.4673 5
    endloop
  endfacet
  facet normal 0 0 1
    outer loop
      vertex -4.01478 -4.45887 5
      vertex -9.68641 -14.3369 5
      vertex -9.20927 -14.4384 5
    endloop
  endfacet
  facet normal 0 0 1
    outer loop
      vertex -4.8541 -3.52671 5
      vertex -10.3136 -14.3369 5
      vertex -9.68641 -14.3369 5
    endloop
  endfacet
  facet normal 0 0 1
    outer loop
      vertex -4.8541 -3.52671 5
      vertex -15 -2 5
      vertex -10.3136 -14.3369 5
    endloop
  endfacet
  facet normal 0 0 1
    outer loop
      vertex -10.3136 -14.3369 5
      vertex -15 -2 5
      vertex -10.7907 -14.4384 5
    endloop
  endfacet
  facet normal 0 0 1
    outer loop
      vertex -10.7907 -14.4384 5
      vertex -15 -2 5
      vertex -10.9271 -14.4673 5
    endloop
  endfacet
  facet normal 0 0 1
    outer loop
      vertex -10.9271 -14.4673 5
      vertex -15 -2 5
      vertex -11.0544 -14.524 5
    endloop
  endfacet
  facet normal 0 0 1
    outer loop
      vertex -11.0544 -14.524 5
      vertex -15 -2 5
      vertex -11.5 -14.7224 5
    endloop
  endfacet
  facet normal 0 0 1
    outer loop
      vertex -11.5 -14.7224 5
      vertex -15 -2 5
      vertex -11.6128 -14.8044 5
    endloop
  endfacet
  facet normal 0 0 1
    outer loop
      vertex -11.6128 -14.8044 5
      vertex -15 -2 5
      vertex -12.0074 -15.0911 5
    endloop
  endfacet
  facet normal 0 0 1
    outer loop
      vertex -12.0074 -15.0911 5
      vertex -15 -2 5
      vertex -12.3338 -15.4536 5
    endloop
  endfacet
  facet normal 0 0 1
    outer loop
      vertex -12.3338 -15.4536 5
      vertex -15 -2 5
      vertex -12.4271 -15.5572 5
    endloop
  endfacet
  facet normal 0 0 1
    outer loop
      vertex -12.4271 -15.5572 5
      vertex -15 -2 5
      vertex -12.4967 -15.6779 5
    endloop
  endfacet
  facet normal 0 0 1
    outer loop
      vertex -15 -2 5
      vertex -12.7837 -16.2328 5
      vertex -12.7406 -16.1003 5
    endloop
  endfacet
  facet normal 0 0 1
    outer loop
      vertex -12.9344 -16.6968 5
      vertex -13 -17.3205 5
      vertex -12.9854 -17.1819 5
    endloop
  endfacet
  facet normal 0 0 1
    outer loop
      vertex -12.9344 -16.6968 5
      vertex -15 -2 5
      vertex -13 -17.3205 5
    endloop
  endfacet
  facet normal 0 0 1
    outer loop
      vertex -12.7837 -16.2328 5
      vertex -15 -2 5
      vertex -12.9344 -16.6968 5
    endloop
  endfacet
  facet normal 0 0 1
    outer loop
      vertex -12.4967 -15.6779 5
      vertex -15 -2 5
      vertex -12.7406 -16.1003 5
    endloop
  endfacet
  facet normal -0 0 1
    outer loop
      vertex 22.9344 0.623735 5
      vertex 30 0 5
      vertex 29.8357 3.13585 5
    endloop
  endfacet
  facet normal 0 0 1
    outer loop
      vertex 22.4271 1.76336 5
      vertex 29.8357 3.13585 5
      vertex 29.3444 6.23735 5
    endloop
  endfacet
  facet normal 0 0 1
    outer loop
      vertex 30 0 5
      vertex 22.9344 0.623735 5
      vertex 22.949 0.485127 5
    endloop
  endfacet
  facet normal 0 0 1
    outer loop
      vertex 21.6128 2.51616 5
      vertex 29.3444 6.23735 5
      vertex 28.5317 9.27051 5
    endloop
  endfacet
  facet normal 0 0 1
    outer loop
      vertex 30 0 5
      vertex 22.949 0.485127 5
      vertex 23 0 5
    endloop
  endfacet
  facet normal 0 0 1
    outer loop
      vertex 20.9271 2.85317 5
      vertex 28.5317 9.27051 5
      vertex 27.4064 12.2021 5
    endloop
  endfacet
  facet normal 0 0 1
    outer loop
      vertex 22.9344 -0.623735 5
      vertex 30 0 5
      vertex 22.949 -0.485127 5
    endloop
  endfacet
  facet normal -0 0 1
    outer loop
      vertex 15.9627 15 5
      vertex 27.4064 12.2021 5
      vertex 25.9808 15 5
    endloop
  endfacet
  facet normal -0 0 1
    outer loop
      vertex 22.7837 -1.08766 5
      vertex 29.8357 -3.13585 5
      vertex 22.9344 -0.623735 5
    endloop
  endfacet
  facet normal 0 0 1
    outer loop
      vertex 15.9627 15 5
      vertex 25.9808 15 5
      vertex 24.2705 17.6336 5
    endloop
  endfacet
  facet normal -0 0 1
    outer loop
      vertex 22.7406 -1.22021 5
      vertex 29.8357 -3.13585 5
      vertex 22.7837 -1.08766 5
    endloop
  endfacet
  facet normal -0 0 1
    outer loop
      vertex 22.6709 -1.34091 5
      vertex 29.8357 -3.13585 5
      vertex 22.7406 -1.22021 5
    endloop
  endfacet
  facet normal 0 0 1
    outer loop
      vertex 30 0 5
      vertex 22.9344 -0.623735 5
      vertex 29.8357 -3.13585 5
    endloop
  endfacet
  facet normal 0 0 1
    outer loop
      vertex 22.949 -0.485127 5
      vertex 30 0 5
      vertex 23 0 5
    endloop
  endfacet
  facet normal 0 0 1
    outer loop
      vertex 29.8357 3.13585 5
      vertex 22.7837 1.08766 5
      vertex 22.9344 0.623735 5
    endloop
  endfacet
  facet normal 0 0 1
    outer loop
      vertex 29.8357 3.13585 5
      vertex 22.7406 1.22021 5
      vertex 22.7837 1.08766 5
    endloop
  endfacet
  facet normal 0 0 1
    outer loop
      vertex 29.8357 3.13585 5
      vertex 22.6709 1.34091 5
      vertex 22.7406 1.22021 5
    endloop
  endfacet
  facet normal 0 0 1
    outer loop
      vertex 29.8357 3.13585 5
      vertex 22.4271 1.76336 5
      vertex 22.6709 1.34091 5
    endloop
  endfacet
  facet normal 0 0 1
    outer loop
      vertex 15.9627 15 5
      vertex 24.2705 17.6336 5
      vertex 22.2943 20.0739 5
    endloop
  endfacet
  facet normal 0 0 1
    outer loop
      vertex 29.3444 6.23735 5
      vertex 22.1006 2.12586 5
      vertex 22.4271 1.76336 5
    endloop
  endfacet
  facet normal 0 0 1
    outer loop
      vertex 29.3444 6.23735 5
      vertex 22.0074 2.22943 5
      vertex 22.1006 2.12586 5
    endloop
  endfacet
  facet normal 0 0 1
    outer loop
      vertex 29.3444 6.23735 5
      vertex 21.6128 2.51616 5
      vertex 22.0074 2.22943 5
    endloop
  endfacet
  facet normal 0 0 1
    outer loop
      vertex 28.5317 9.27051 5
      vertex 21.5 2.59808 5
      vertex 21.6128 2.51616 5
    endloop
  endfacet
  facet normal 0 0 1
    outer loop
      vertex 28.5317 9.27051 5
      vertex 21.3727 2.65476 5
      vertex 21.5 2.59808 5
    endloop
  endfacet
  facet normal 0 0 1
    outer loop
      vertex 28.5317 9.27051 5
      vertex 20.9271 2.85317 5
      vertex 21.3727 2.65476 5
    endloop
  endfacet
  facet normal 0 0 1
    outer loop
      vertex 27.4064 12.2021 5
      vertex 15.9627 15 5
      vertex 20.3136 2.98357 5
    endloop
  endfacet
  facet normal 0 0 1
    outer loop
      vertex 27.4064 12.2021 5
      vertex 20.4499 2.95459 5
      vertex 20.9271 2.85317 5
    endloop
  endfacet
  facet normal 0 0 1
    outer loop
      vertex 15.9627 15 5
      vertex 22.2943 20.0739 5
      vertex 20.0739 22.2943 5
    endloop
  endfacet
  facet normal 0 0 1
    outer loop
      vertex 27.4064 12.2021 5
      vertex 20.3136 2.98357 5
      vertex 20.4499 2.95459 5
    endloop
  endfacet
  facet normal 0 0 1
    outer loop
      vertex 20.3136 2.98357 5
      vertex 15.9627 15 5
      vertex 19.6864 2.98357 5
    endloop
  endfacet
  facet normal 0 0 1
    outer loop
      vertex 19.6864 2.98357 5
      vertex 15.9627 15 5
      vertex 19.5501 2.95459 5
    endloop
  endfacet
  facet normal 0 0 1
    outer loop
      vertex 19.5501 2.95459 5
      vertex 15.9627 15 5
      vertex 19.0729 2.85317 5
    endloop
  endfacet
  facet normal 0 0 1
    outer loop
      vertex 19.0729 2.85317 5
      vertex 15.9627 15 5
      vertex 18.6273 2.65476 5
    endloop
  endfacet
  facet normal 0 0 1
    outer loop
      vertex 18.6273 2.65476 5
      vertex 15.9627 15 5
      vertex 18.5 2.59808 5
    endloop
  endfacet
  facet normal 0 0 1
    outer loop
      vertex 18.5 2.59808 5
      vertex 15.9627 15 5
      vertex 18.3872 2.51616 5
    endloop
  endfacet
  facet normal 0 0 1
    outer loop
      vertex 18.3872 2.51616 5
      vertex 15.9627 15 5
      vertex 17.9926 2.22943 5
    endloop
  endfacet
  facet normal 0 0 1
    outer loop
      vertex 15.9627 15 5
      vertex 20.0739 22.2943 5
      vertex 17.6336 24.2705 5
    endloop
  endfacet
  facet normal 0 0 1
    outer loop
      vertex 17.9926 2.22943 5
      vertex 15.9627 15 5
      vertex 17.8993 2.12586 5
    endloop
  endfacet
  facet normal 0 0 1
    outer loop
      vertex 17.8993 2.12586 5
      vertex 15.9627 15 5
      vertex 17.5729 1.76336 5
    endloop
  endfacet
  facet normal 0 0 1
    outer loop
      vertex 17.5729 1.76336 5
      vertex 15.9627 15 5
      vertex 17.329 1.34091 5
    endloop
  endfacet
  facet normal 0 0 1
    outer loop
      vertex 17.329 1.34091 5
      vertex 15.9627 15 5
      vertex 17.2594 1.22021 5
    endloop
  endfacet
  facet normal 0 0 1
    outer loop
      vertex 17.2594 1.22021 5
      vertex 15.9627 15 5
      vertex 17.2163 1.08766 5
    endloop
  endfacet
  facet normal 0 0 1
    outer loop
      vertex 17.2163 1.08766 5
      vertex 15.9627 15 5
      vertex 17.0656 0.623735 5
    endloop
  endfacet
  facet normal 0 0 1
    outer loop
      vertex 17.0656 0.623735 5
      vertex 15.9627 15 5
      vertex 17.0146 0.138608 5
    endloop
  endfacet
  facet normal 0 0 1
    outer loop
      vertex 17.0146 0.138608 5
      vertex 15.9627 15 5
      vertex 17 0 5
    endloop
  endfacet
  facet normal 0 0 1
    outer loop
      vertex 15 25.9808 5
      vertex 15.9627 15 5
      vertex 17.6336 24.2705 5
    endloop
  endfacet
  facet normal 0 0 1
    outer loop
      vertex 12.2021 27.4064 5
      vertex 15.9627 15 5
      vertex 15 25.9808 5
    endloop
  endfacet
  facet normal 0 0 1
    outer loop
      vertex 0 15 5
      vertex 12.2021 27.4064 5
      vertex 9.27051 28.5317 5
    endloop
  endfacet
  facet normal 0 0 1
    outer loop
      vertex 0 15 5
      vertex 9.27051 28.5317 5
      vertex 6.23735 29.3444 5
    endloop
  endfacet
  facet normal 0 0 1
    outer loop
      vertex 0 15 5
      vertex 6.23735 29.3444 5
      vertex 3.13585 29.8357 5
    endloop
  endfacet
  facet normal 0 0 1
    outer loop
      vertex 0 15 5
      vertex 3.13585 29.8357 5
      vertex 0 30 5
    endloop
  endfacet
  facet normal 0 0 1
    outer loop
      vertex 12.2021 27.4064 5
      vertex 0 15 5
      vertex 15.9627 15 5
    endloop
  endfacet
  facet normal 0 0 1
    outer loop
      vertex -2 15 5
      vertex 0 15 5
      vertex 0 30 5
    endloop
  endfacet
  facet normal 0 0 1
    outer loop
      vertex 0 15 5
      vertex -2 15 5
      vertex 0 7.5 5
    endloop
  endfacet
  facet normal 0 0 1
    outer loop
      vertex -2 15 5
      vertex -3 5.19615 5
      vertex -2 5.64138 5
    endloop
  endfacet
  facet normal -0 0 1
    outer loop
      vertex -3.13585 29.8357 5
      vertex -2 15 5
      vertex 0 30 5
    endloop
  endfacet
  facet normal -0 0 1
    outer loop
      vertex -7.01457 17.4591 5
      vertex -2 15 5
      vertex -3.13585 29.8357 5
    endloop
  endfacet
  facet normal -0 0 1
    outer loop
      vertex -7.01457 17.1819 5
      vertex -2 15 5
      vertex -7 17.3205 5
    endloop
  endfacet
  facet normal -0 0 1
    outer loop
      vertex -7.06556 16.6968 5
      vertex -2 15 5
      vertex -7.01457 17.1819 5
    endloop
  endfacet
  facet normal -0 0 1
    outer loop
      vertex -7.21629 16.2328 5
      vertex -2 15 5
      vertex -7.06556 16.6968 5
    endloop
  endfacet
  facet normal -0 0 1
    outer loop
      vertex -7.57295 15.5572 5
      vertex -2 15 5
      vertex -7.50326 15.6779 5
    endloop
  endfacet
  facet normal -0 0 1
    outer loop
      vertex -7.66621 15.4536 5
      vertex -2 15 5
      vertex -7.57295 15.5572 5
    endloop
  endfacet
  facet normal 0 0 1
    outer loop
      vertex -7.99261 19.5499 5
      vertex -3.13585 29.8357 5
      vertex -6.23735 29.3444 5
    endloop
  endfacet
  facet normal -0 0 1
    outer loop
      vertex -7.25936 16.1003 5
      vertex -2 15 5
      vertex -7.21629 16.2328 5
    endloop
  endfacet
  facet normal -0 0 1
    outer loop
      vertex -7.50326 15.6779 5
      vertex -2 15 5
      vertex -7.25936 16.1003 5
    endloop
  endfacet
  facet normal -0 0 1
    outer loop
      vertex -7.99261 15.0911 5
      vertex -2 15 5
      vertex -7.66621 15.4536 5
    endloop
  endfacet
  facet normal 0 0 1
    outer loop
      vertex -8.38725 14.8044 5
      vertex -2 15 5
      vertex -7.99261 15.0911 5
    endloop
  endfacet
  facet normal 0 0 1
    outer loop
      vertex -2 15 5
      vertex -8.38725 14.8044 5
      vertex -3 5.19615 5
    endloop
  endfacet
  facet normal -0 0 1
    outer loop
      vertex -8.5 14.7224 5
      vertex -3 5.19615 5
      vertex -8.38725 14.8044 5
    endloop
  endfacet
  facet normal -0 0 1
    outer loop
      vertex -8.62732 14.6657 5
      vertex -3 5.19615 5
      vertex -8.5 14.7224 5
    endloop
  endfacet
  facet normal -0 0 1
    outer loop
      vertex -9.07295 14.4673 5
      vertex -3 5.19615 5
      vertex -8.62732 14.6657 5
    endloop
  endfacet
  facet normal 0 0 1
    outer loop
      vertex -3 5.19615 5
      vertex -9.07295 14.4673 5
      vertex -4.01478 4.45887 5
    endloop
  endfacet
  facet normal -0 0 1
    outer loop
      vertex -9.20927 14.4384 5
      vertex -4.01478 4.45887 5
      vertex -9.07295 14.4673 5
    endloop
  endfacet
  facet normal -0 0 1
    outer loop
      vertex -9.68641 14.3369 5
      vertex -4.01478 4.45887 5
      vertex -9.20927 14.4384 5
    endloop
  endfacet
  facet normal 0 0 1
    outer loop
      vertex -4.01478 4.45887 5
      vertex -9.68641 14.3369 5
      vertex -4.8541 3.52671 5
    endloop
  endfacet
  facet normal -0 0 1
    outer loop
      vertex -10.3136 14.3369 5
      vertex -4.8541 3.52671 5
      vertex -9.68641 14.3369 5
    endloop
  endfacet
  facet normal 0 0 1
    outer loop
      vertex -4.8541 3.52671 5
      vertex -10.3136 14.3369 5
      vertex -5.48127 2.44042 5
    endloop
  endfacet
  facet normal 0 0 1
    outer loop
      vertex -10.7907 14.4384 5
      vertex -5.48127 2.44042 5
      vertex -10.3136 14.3369 5
    endloop
  endfacet
  facet normal 0 0 1
    outer loop
      vertex -10.9271 14.4673 5
      vertex -5.48127 2.44042 5
      vertex -10.7907 14.4384 5
    endloop
  endfacet
  facet normal 0 0 1
    outer loop
      vertex -15 -2 5
      vertex -5.48127 2.44042 5
      vertex -10.9271 14.4673 5
    endloop
  endfacet
  facet normal 0 0 1
    outer loop
      vertex -5.48127 2.44042 5
      vertex -15 -2 5
      vertex -5.86889 1.24747 5
    endloop
  endfacet
  facet normal 0 0 1
    outer loop
      vertex -15 -2 5
      vertex -10.9271 14.4673 5
      vertex -11.0544 14.524 5
    endloop
  endfacet
  facet normal 0 0 1
    outer loop
      vertex -15 -2 5
      vertex -11.0544 14.524 5
      vertex -11.5 14.7224 5
    endloop
  endfacet
  facet normal 0 0 1
    outer loop
      vertex -15 -2 5
      vertex -11.5 14.7224 5
      vertex -11.6128 14.8044 5
    endloop
  endfacet
  facet normal 0 0 1
    outer loop
      vertex -15 -2 5
      vertex -11.6128 14.8044 5
      vertex -12.0074 15.0911 5
    endloop
  endfacet
  facet normal 0 0 1
    outer loop
      vertex -27.4064 12.2021 5
      vertex -12.0074 15.0911 5
      vertex -12.3338 15.4536 5
    endloop
  endfacet
  facet normal 0 0 1
    outer loop
      vertex -27.4064 12.2021 5
      vertex -12.3338 15.4536 5
      vertex -12.4271 15.5572 5
    endloop
  endfacet
  facet normal 0 0 1
    outer loop
      vertex -25.9808 15 5
      vertex -12.4271 15.5572 5
      vertex -12.4967 15.6779 5
    endloop
  endfacet
  facet normal 0 0 1
    outer loop
      vertex -25.9808 15 5
      vertex -12.4967 15.6779 5
      vertex -12.7406 16.1003 5
    endloop
  endfacet
  facet normal 0 0 1
    outer loop
      vertex -24.2705 17.6336 5
      vertex -12.7837 16.2328 5
      vertex -12.9344 16.6968 5
    endloop
  endfacet
  facet normal 0 0 1
    outer loop
      vertex -22.2943 20.0739 5
      vertex -12.9854 17.1819 5
      vertex -13 17.3205 5
    endloop
  endfacet
  facet normal 0 0 1
    outer loop
      vertex -12.9344 17.9442 5
      vertex -20.0739 22.2943 5
      vertex -12.949 17.8056 5
    endloop
  endfacet
  facet normal 0 0 1
    outer loop
      vertex -5.86889 1.24747 5
      vertex -15 -2 5
      vertex -5.95675 0.411534 5
    endloop
  endfacet
  facet normal 0 0 1
    outer loop
      vertex -12.7837 16.2328 5
      vertex -24.2705 17.6336 5
      vertex -12.7406 16.1003 5
    endloop
  endfacet
  facet normal 0 0 1
    outer loop
      vertex -12.949 17.8056 5
      vertex -20.0739 22.2943 5
      vertex -13 17.3205 5
    endloop
  endfacet
  facet normal -0 0 1
    outer loop
      vertex -22.2943 20.0739 5
      vertex -13 17.3205 5
      vertex -20.0739 22.2943 5
    endloop
  endfacet
  facet normal 0 0 1
    outer loop
      vertex -12.9854 17.1819 5
      vertex -22.2943 20.0739 5
      vertex -12.9344 16.6968 5
    endloop
  endfacet
  facet normal 0 0 1
    outer loop
      vertex -15 -2 5
      vertex -17.6336 -24.2705 5
      vertex -15 -25.9808 5
    endloop
  endfacet
  facet normal -0 0 1
    outer loop
      vertex -24.2705 17.6336 5
      vertex -12.9344 16.6968 5
      vertex -22.2943 20.0739 5
    endloop
  endfacet
  facet normal 0 0 1
    outer loop
      vertex -15 -2 5
      vertex -20.0739 -22.2943 5
      vertex -17.6336 -24.2705 5
    endloop
  endfacet
  facet normal 0 0 1
    outer loop
      vertex -12.7406 16.1003 5
      vertex -24.2705 17.6336 5
      vertex -25.9808 15 5
    endloop
  endfacet
  facet normal 0 0 1
    outer loop
      vertex -15 -2 5
      vertex -22.2943 -20.0739 5
      vertex -20.0739 -22.2943 5
    endloop
  endfacet
  facet normal 0 0 1
    outer loop
      vertex -12.4271 15.5572 5
      vertex -25.9808 15 5
      vertex -27.4064 12.2021 5
    endloop
  endfacet
  facet normal 0 0 1
    outer loop
      vertex -15 -2 5
      vertex -24.2705 -17.6336 5
      vertex -22.2943 -20.0739 5
    endloop
  endfacet
  facet normal 0 0 1
    outer loop
      vertex -12.0074 15.0911 5
      vertex -27.4064 12.2021 5
      vertex -15 -2 5
    endloop
  endfacet
  facet normal 0 0 1
    outer loop
      vertex -15 -2 5
      vertex -25.9808 -15 5
      vertex -24.2705 -17.6336 5
    endloop
  endfacet
  facet normal -0 0 1
    outer loop
      vertex -28.5317 9.27051 5
      vertex -15 -2 5
      vertex -27.4064 12.2021 5
    endloop
  endfacet
  facet normal 0 0 1
    outer loop
      vertex -15 -2 5
      vertex -27.4064 -12.2021 5
      vertex -25.9808 -15 5
    endloop
  endfacet
  facet normal -0 0 1
    outer loop
      vertex -29.3444 6.23735 5
      vertex -15 -2 5
      vertex -28.5317 9.27051 5
    endloop
  endfacet
  facet normal 0 0 1
    outer loop
      vertex -15 -2 5
      vertex -28.5317 -9.27051 5
      vertex -27.4064 -12.2021 5
    endloop
  endfacet
  facet normal -0 0 1
    outer loop
      vertex -29.8357 3.13585 5
      vertex -15 -2 5
      vertex -29.3444 6.23735 5
    endloop
  endfacet
  facet normal 0 0 1
    outer loop
      vertex -15 -2 5
      vertex -29.3444 -6.23735 5
      vertex -28.5317 -9.27051 5
    endloop
  endfacet
  facet normal -0 0 1
    outer loop
      vertex -30 0 5
      vertex -15 -2 5
      vertex -29.8357 3.13585 5
    endloop
  endfacet
  facet normal 0 0 1
    outer loop
      vertex -15 -2 5
      vertex -29.8357 -3.13585 5
      vertex -29.3444 -6.23735 5
    endloop
  endfacet
  facet normal 0 0 1
    outer loop
      vertex -15 -2 5
      vertex -30 0 5
      vertex -29.8357 -3.13585 5
    endloop
  endfacet
  facet normal -0 0 1
    outer loop
      vertex 22.4271 -1.76336 5
      vertex 29.8357 -3.13585 5
      vertex 22.6709 -1.34091 5
    endloop
  endfacet
  facet normal 0 0 1
    outer loop
      vertex 29.8357 -3.13585 5
      vertex 22.4271 -1.76336 5
      vertex 29.3444 -6.23735 5
    endloop
  endfacet
  facet normal -0 0 1
    outer loop
      vertex 22.1006 -2.12586 5
      vertex 29.3444 -6.23735 5
      vertex 22.4271 -1.76336 5
    endloop
  endfacet
  facet normal -0 0 1
    outer loop
      vertex 22.0074 -2.22943 5
      vertex 29.3444 -6.23735 5
      vertex 22.1006 -2.12586 5
    endloop
  endfacet
  facet normal -0 0 1
    outer loop
      vertex 21.6128 -2.51616 5
      vertex 29.3444 -6.23735 5
      vertex 22.0074 -2.22943 5
    endloop
  endfacet
  facet normal 0 0 1
    outer loop
      vertex 29.3444 -6.23735 5
      vertex 21.6128 -2.51616 5
      vertex 28.5317 -9.27051 5
    endloop
  endfacet
  facet normal -0 0 1
    outer loop
      vertex 21.5 -2.59808 5
      vertex 28.5317 -9.27051 5
      vertex 21.6128 -2.51616 5
    endloop
  endfacet
  facet normal -0 0 1
    outer loop
      vertex 21.3727 -2.65476 5
      vertex 28.5317 -9.27051 5
      vertex 21.5 -2.59808 5
    endloop
  endfacet
  facet normal -0 0 1
    outer loop
      vertex 20.9271 -2.85317 5
      vertex 28.5317 -9.27051 5
      vertex 21.3727 -2.65476 5
    endloop
  endfacet
  facet normal 0 0 1
    outer loop
      vertex 28.5317 -9.27051 5
      vertex 20.9271 -2.85317 5
      vertex 27.4064 -12.2021 5
    endloop
  endfacet
  facet normal -0 0 1
    outer loop
      vertex 20.4499 -2.95459 5
      vertex 27.4064 -12.2021 5
      vertex 20.9271 -2.85317 5
    endloop
  endfacet
  facet normal -0 0 1
    outer loop
      vertex 20.3136 -2.98357 5
      vertex 27.4064 -12.2021 5
      vertex 20.4499 -2.95459 5
    endloop
  endfacet
  facet normal 0 0 1
    outer loop
      vertex 15.9627 -15 5
      vertex 27.4064 -12.2021 5
      vertex 20.3136 -2.98357 5
    endloop
  endfacet
  facet normal 0 0 1
    outer loop
      vertex 25.9808 -15 5
      vertex 15.9627 -15 5
      vertex 24.2705 -17.6336 5
    endloop
  endfacet
  facet normal 0 0 1
    outer loop
      vertex 27.4064 -12.2021 5
      vertex 15.9627 -15 5
      vertex 25.9808 -15 5
    endloop
  endfacet
  facet normal 0 0 1
    outer loop
      vertex 24.2705 -17.6336 5
      vertex 15.9627 -15 5
      vertex 22.2943 -20.0739 5
    endloop
  endfacet
  facet normal 0 0 1
    outer loop
      vertex 15.9627 -15 5
      vertex 20.3136 -2.98357 5
      vertex 19.6864 -2.98357 5
    endloop
  endfacet
  facet normal 0 0 1
    outer loop
      vertex 15.9627 -15 5
      vertex 19.6864 -2.98357 5
      vertex 19.5501 -2.95459 5
    endloop
  endfacet
  facet normal 0 0 1
    outer loop
      vertex 15.9627 -15 5
      vertex 19.5501 -2.95459 5
      vertex 19.0729 -2.85317 5
    endloop
  endfacet
  facet normal 0 0 1
    outer loop
      vertex 15.9627 -15 5
      vertex 19.0729 -2.85317 5
      vertex 18.6273 -2.65476 5
    endloop
  endfacet
  facet normal 0 0 1
    outer loop
      vertex 15.9627 -15 5
      vertex 18.6273 -2.65476 5
      vertex 18.5 -2.59808 5
    endloop
  endfacet
  facet normal 0 0 1
    outer loop
      vertex 15.9627 -15 5
      vertex 18.5 -2.59808 5
      vertex 18.3872 -2.51616 5
    endloop
  endfacet
  facet normal 0 0 1
    outer loop
      vertex 15.9627 -15 5
      vertex 18.3872 -2.51616 5
      vertex 17.9926 -2.22943 5
    endloop
  endfacet
  facet normal 0 0 1
    outer loop
      vertex 15.9627 -15 5
      vertex 17.9926 -2.22943 5
      vertex 17.8993 -2.12586 5
    endloop
  endfacet
  facet normal 0 0 1
    outer loop
      vertex 22.2943 -20.0739 5
      vertex 15.9627 -15 5
      vertex 20.0739 -22.2943 5
    endloop
  endfacet
  facet normal 0 0 1
    outer loop
      vertex 15.9627 -15 5
      vertex 17.8993 -2.12586 5
      vertex 17.5729 -1.76336 5
    endloop
  endfacet
  facet normal 0 0 1
    outer loop
      vertex 15.9627 -15 5
      vertex 17.5729 -1.76336 5
      vertex 17.329 -1.34091 5
    endloop
  endfacet
  facet normal 0 0 1
    outer loop
      vertex 15.9627 -15 5
      vertex 17.329 -1.34091 5
      vertex 17.2594 -1.22021 5
    endloop
  endfacet
  facet normal 0 0 1
    outer loop
      vertex 15.9627 -15 5
      vertex 17.2594 -1.22021 5
      vertex 17.2163 -1.08766 5
    endloop
  endfacet
  facet normal 0 0 1
    outer loop
      vertex 15.9627 -15 5
      vertex 17.2163 -1.08766 5
      vertex 17.0656 -0.623735 5
    endloop
  endfacet
  facet normal 0 0 1
    outer loop
      vertex 15.9627 -15 5
      vertex 17.0656 -0.623735 5
      vertex 17.0146 -0.138608 5
    endloop
  endfacet
  facet normal 0 0 1
    outer loop
      vertex 15.9627 -15 5
      vertex 17.0146 -0.138608 5
      vertex 17 0 5
    endloop
  endfacet
  facet normal 0 0 1
    outer loop
      vertex 15.9627 -15 5
      vertex 17 0 5
      vertex 15.9627 15 5
    endloop
  endfacet
  facet normal 0 0 1
    outer loop
      vertex 20.0739 -22.2943 5
      vertex 15.9627 -15 5
      vertex 17.6336 -24.2705 5
    endloop
  endfacet
  facet normal 0 0 1
    outer loop
      vertex 15.9627 -15 5
      vertex 15 -25.9808 5
      vertex 17.6336 -24.2705 5
    endloop
  endfacet
  facet normal 0 0 1
    outer loop
      vertex 15.9627 -15 5
      vertex 12.2021 -27.4064 5
      vertex 15 -25.9808 5
    endloop
  endfacet
  facet normal -0 0 1
    outer loop
      vertex 0 -15 5
      vertex 12.2021 -27.4064 5
      vertex 15.9627 -15 5
    endloop
  endfacet
  facet normal 0 0 1
    outer loop
      vertex 12.2021 -27.4064 5
      vertex 0 -15 5
      vertex 9.27051 -28.5317 5
    endloop
  endfacet
  facet normal 0 0 1
    outer loop
      vertex 9.27051 -28.5317 5
      vertex 0 -15 5
      vertex 6.23735 -29.3444 5
    endloop
  endfacet
  facet normal 0 0 1
    outer loop
      vertex 6.23735 -29.3444 5
      vertex 0 -15 5
      vertex 3.13585 -29.8357 5
    endloop
  endfacet
  facet normal 0 0 1
    outer loop
      vertex 3.13585 -29.8357 5
      vertex 0 -15 5
      vertex 0 -30 5
    endloop
  endfacet
  facet normal 0 0 1
    outer loop
      vertex -7.25936 -18.5407 5
      vertex 0 -15 5
      vertex -7.21629 -18.4082 5
    endloop
  endfacet
  facet normal 0 0 1
    outer loop
      vertex -7.32905 -18.6614 5
      vertex 0 -15 5
      vertex -7.25936 -18.5407 5
    endloop
  endfacet
  facet normal 0 0 1
    outer loop
      vertex 0 -15 5
      vertex -7.32905 -18.6614 5
      vertex 0 -30 5
    endloop
  endfacet
  facet normal -0 0 1
    outer loop
      vertex -7.57295 -19.0839 5
      vertex 0 -30 5
      vertex -7.32905 -18.6614 5
    endloop
  endfacet
  facet normal 0 0 1
    outer loop
      vertex 0 -30 5
      vertex -7.57295 -19.0839 5
      vertex -3.13585 -29.8357 5
    endloop
  endfacet
  facet normal -0 0 1
    outer loop
      vertex -7.89935 -19.4464 5
      vertex -3.13585 -29.8357 5
      vertex -7.57295 -19.0839 5
    endloop
  endfacet
  facet normal -0 0 1
    outer loop
      vertex -7.99261 -19.5499 5
      vertex -3.13585 -29.8357 5
      vertex -7.89935 -19.4464 5
    endloop
  endfacet
  facet normal 0 0 1
    outer loop
      vertex -3.13585 -29.8357 5
      vertex -7.99261 -19.5499 5
      vertex -6.23735 -29.3444 5
    endloop
  endfacet
  facet normal -0 0 1
    outer loop
      vertex -8.38725 -19.8367 5
      vertex -6.23735 -29.3444 5
      vertex -7.99261 -19.5499 5
    endloop
  endfacet
  facet normal -0 0 1
    outer loop
      vertex -8.5 -19.9186 5
      vertex -6.23735 -29.3444 5
      vertex -8.38725 -19.8367 5
    endloop
  endfacet
  facet normal -0 0 1
    outer loop
      vertex -8.62732 -19.9753 5
      vertex -6.23735 -29.3444 5
      vertex -8.5 -19.9186 5
    endloop
  endfacet
  facet normal 0 0 1
    outer loop
      vertex -9.27051 -28.5317 5
      vertex -8.62732 -19.9753 5
      vertex -9.07295 -20.1737 5
    endloop
  endfacet
  facet normal 0 0 1
    outer loop
      vertex -8.62732 -19.9753 5
      vertex -9.27051 -28.5317 5
      vertex -6.23735 -29.3444 5
    endloop
  endfacet
  facet normal -0 0 1
    outer loop
      vertex -9.55009 -20.2751 5
      vertex -9.27051 -28.5317 5
      vertex -9.07295 -20.1737 5
    endloop
  endfacet
  facet normal -0 0 1
    outer loop
      vertex -9.68641 -20.3041 5
      vertex -9.27051 -28.5317 5
      vertex -9.55009 -20.2751 5
    endloop
  endfacet
  facet normal 0 0 1
    outer loop
      vertex -12.2021 -27.4064 5
      vertex -9.68641 -20.3041 5
      vertex -10.3136 -20.3041 5
    endloop
  endfacet
  facet normal 0 0 1
    outer loop
      vertex -12.2021 -27.4064 5
      vertex -10.3136 -20.3041 5
      vertex -10.4499 -20.2751 5
    endloop
  endfacet
  facet normal 0 0 1
    outer loop
      vertex -12.2021 -27.4064 5
      vertex -10.4499 -20.2751 5
      vertex -10.9271 -20.1737 5
    endloop
  endfacet
  facet normal 0 0 1
    outer loop
      vertex -15 -25.9808 5
      vertex -10.9271 -20.1737 5
      vertex -11.3727 -19.9753 5
    endloop
  endfacet
  facet normal 0 0 1
    outer loop
      vertex -15 -25.9808 5
      vertex -11.3727 -19.9753 5
      vertex -11.5 -19.9186 5
    endloop
  endfacet
  facet normal 0 0 1
    outer loop
      vertex -15 -25.9808 5
      vertex -11.5 -19.9186 5
      vertex -11.6128 -19.8367 5
    endloop
  endfacet
  facet normal 0 0 1
    outer loop
      vertex -15 -25.9808 5
      vertex -11.6128 -19.8367 5
      vertex -12.0074 -19.5499 5
    endloop
  endfacet
  facet normal 0 0 1
    outer loop
      vertex -15 -25.9808 5
      vertex -12.0074 -19.5499 5
      vertex -12.1006 -19.4464 5
    endloop
  endfacet
  facet normal 0 0 1
    outer loop
      vertex -9.68641 -20.3041 5
      vertex -12.2021 -27.4064 5
      vertex -9.27051 -28.5317 5
    endloop
  endfacet
  facet normal 0 0 1
    outer loop
      vertex -15 -25.9808 5
      vertex -12.1006 -19.4464 5
      vertex -12.4271 -19.0839 5
    endloop
  endfacet
  facet normal 0 0 1
    outer loop
      vertex -15 -25.9808 5
      vertex -12.4271 -19.0839 5
      vertex -12.6709 -18.6614 5
    endloop
  endfacet
  facet normal 0 0 1
    outer loop
      vertex -15 -25.9808 5
      vertex -12.6709 -18.6614 5
      vertex -12.7406 -18.5407 5
    endloop
  endfacet
  facet normal 0 0 1
    outer loop
      vertex -15 -25.9808 5
      vertex -12.7406 -18.5407 5
      vertex -12.7837 -18.4082 5
    endloop
  endfacet
  facet normal 0 0 1
    outer loop
      vertex -15 -25.9808 5
      vertex -12.7837 -18.4082 5
      vertex -12.9344 -17.9442 5
    endloop
  endfacet
  facet normal 0 0 1
    outer loop
      vertex -15 -25.9808 5
      vertex -12.9344 -17.9442 5
      vertex -12.949 -17.8056 5
    endloop
  endfacet
  facet normal 0 0 1
    outer loop
      vertex -15 -25.9808 5
      vertex -12.949 -17.8056 5
      vertex -13 -17.3205 5
    endloop
  endfacet
  facet normal 0 0 1
    outer loop
      vertex -15 -25.9808 5
      vertex -13 -17.3205 5
      vertex -15 -2 5
    endloop
  endfacet
  facet normal 0 0 1
    outer loop
      vertex -10.9271 -20.1737 5
      vertex -15 -25.9808 5
      vertex -12.2021 -27.4064 5
    endloop
  endfacet
  facet normal 0 0 1
    outer loop
      vertex -5.95675 0.411534 7
      vertex -15 -2 7
      vertex -6 0 7
    endloop
  endfacet
  facet normal 0 0 1
    outer loop
      vertex -5.86889 -1.24747 7
      vertex -15 -2 7
      vertex -5.62437 -2 7
    endloop
  endfacet
  facet normal 0 0 1
    outer loop
      vertex -15 -2 7
      vertex -5.86889 -1.24747 7
      vertex -6 0 7
    endloop
  endfacet
  facet normal 0.966235 0.257663 0
    outer loop
      vertex 0 7.5 5
      vertex -2 15 5
      vertex -2 15 5.72794
    endloop
  endfacet
  facet normal -1 0 0
    outer loop
      vertex -2 5.64138 5
      vertex -2 15 5.72794
      vertex -2 15 5
    endloop
  endfacet
  facet normal -1 -0 0
    outer loop
      vertex -2 15 5.72794
      vertex -2 5.64138 5
      vertex -2 5.64138 5.72794
    endloop
  endfacet
  facet normal -0.257663 0.966235 0
    outer loop
      vertex -5.95675 0.411534 5
      vertex -15 -2 7
      vertex -5.95675 0.411534 7
    endloop
  endfacet
  facet normal -0.257663 0.966235 0
    outer loop
      vertex -15 -2 7
      vertex -5.95675 0.411534 5
      vertex -15 -2 5
    endloop
  endfacet
  facet normal 0 -1 0
    outer loop
      vertex -15 -2 5
      vertex -5.62437 -2 7
      vertex -15 -2 7
    endloop
  endfacet
  facet normal 0 -1 -0
    outer loop
      vertex -5.62437 -2 7
      vertex -15 -2 5
      vertex -5.62437 -2 5
    endloop
  endfacet
  facet normal -0.966235 -0.257662 -0
    outer loop
      vertex -0.408765 -5.96713 5.14878
      vertex -0.408765 -5.96713 5
      vertex 0 -7.5 5
    endloop
  endfacet
  facet normal -0.743145 -0.66913 -0
    outer loop
      vertex -4.01478 -4.45887 6.46126
      vertex -4.8541 -3.52671 5
      vertex -4.01478 -4.45887 5
    endloop
  endfacet
  facet normal -0.743145 -0.66913 0
    outer loop
      vertex -4.8541 -3.52671 5
      vertex -4.01478 -4.45887 6.46126
      vertex -4.8541 -3.52671 6.76675
    endloop
  endfacet
  facet normal -0.406738 -0.913545 0
    outer loop
      vertex -3 -5.19615 5
      vertex -1.8541 -5.70634 5.67484
      vertex -3 -5.19615 6.09191
    endloop
  endfacet
  facet normal -0.406738 -0.913545 -0
    outer loop
      vertex -1.8541 -5.70634 5.67484
      vertex -3 -5.19615 5
      vertex -1.8541 -5.70634 5
    endloop
  endfacet
  facet normal -0.587785 -0.809017 0
    outer loop
      vertex -4.01478 -4.45887 5
      vertex -3 -5.19615 6.09191
      vertex -4.01478 -4.45887 6.46126
    endloop
  endfacet
  facet normal -0.587785 -0.809017 -0
    outer loop
      vertex -3 -5.19615 6.09191
      vertex -4.01478 -4.45887 5
      vertex -3 -5.19615 5
    endloop
  endfacet
  facet normal -0.743145 0.66913 0
    outer loop
      vertex -4.8541 3.52671 5
      vertex -4.01478 4.45887 6.46126
      vertex -4.01478 4.45887 5
    endloop
  endfacet
  facet normal -0.743145 0.66913 0
    outer loop
      vertex -4.01478 4.45887 6.46126
      vertex -4.8541 3.52671 5
      vertex -4.8541 3.52671 6.76675
    endloop
  endfacet
  facet normal -0.951055 0.309022 0
    outer loop
      vertex -5.86889 1.24747 5
      vertex -5.48127 2.44042 6.99502
      vertex -5.48127 2.44042 5
    endloop
  endfacet
  facet normal -0.951055 0.309022 0
    outer loop
      vertex -5.48127 2.44042 6.99502
      vertex -5.86889 1.24747 5
      vertex -5.86889 1.24747 7.1361
    endloop
  endfacet
  facet normal -0 0 -1
    outer loop
      vertex -2 -3.4641 0
      vertex -9.38197 -15.4184 0
      vertex -2.67652 -2.97258 0
    endloop
  endfacet
  facet normal 0 0 -1
    outer loop
      vertex -4 0 0
      vertex -8.0437 16.9047 0
      vertex -8 17.3205 0
    endloop
  endfacet
  facet normal 0 0 -1
    outer loop
      vertex -9.79094 -15.3315 0
      vertex -2.67652 -2.97258 0
      vertex -9.38197 -15.4184 0
    endloop
  endfacet
  facet normal 0 0 -1
    outer loop
      vertex -4 0 0
      vertex -8.17291 16.507 0
      vertex -8.0437 16.9047 0
    endloop
  endfacet
  facet normal -0 0 -1
    outer loop
      vertex -2.67652 -2.97258 0
      vertex -9.79094 -15.3315 0
      vertex -3.23607 -2.35114 0
    endloop
  endfacet
  facet normal 0 0 -1
    outer loop
      vertex -4 0 0
      vertex -8.38197 16.1449 0
      vertex -8.17291 16.507 0
    endloop
  endfacet
  facet normal 0 0 -1
    outer loop
      vertex -10.2091 -15.3315 0
      vertex -3.23607 -2.35114 0
      vertex -9.79094 -15.3315 0
    endloop
  endfacet
  facet normal 0 0 -1
    outer loop
      vertex -4 0 0
      vertex -8.66174 15.8342 0
      vertex -8.38197 16.1449 0
    endloop
  endfacet
  facet normal -0 0 -1
    outer loop
      vertex -3.23607 -2.35114 0
      vertex -10.2091 -15.3315 0
      vertex -3.65418 -1.62695 0
    endloop
  endfacet
  facet normal 0 0 -1
    outer loop
      vertex -4 0 0
      vertex -9 15.5885 0
      vertex -8.66174 15.8342 0
    endloop
  endfacet
  facet normal 0 0 -1
    outer loop
      vertex -10.618 -15.4184 0
      vertex -3.65418 -1.62695 0
      vertex -10.2091 -15.3315 0
    endloop
  endfacet
  facet normal 0 0 -1
    outer loop
      vertex -4 0 0
      vertex -9.38197 15.4184 0
      vertex -9 15.5885 0
    endloop
  endfacet
  facet normal -0 0 -1
    outer loop
      vertex -3.65418 -1.62695 0
      vertex -10.618 -15.4184 0
      vertex -3.91259 -0.831646 0
    endloop
  endfacet
  facet normal 0 0 -1
    outer loop
      vertex -4 0 0
      vertex -9.79094 15.3315 0
      vertex -9.38197 15.4184 0
    endloop
  endfacet
  facet normal 0 0 -1
    outer loop
      vertex -11 -15.5885 0
      vertex -3.91259 -0.831646 0
      vertex -10.618 -15.4184 0
    endloop
  endfacet
  facet normal 0 0 -1
    outer loop
      vertex -4 0 0
      vertex -10.2091 15.3315 0
      vertex -9.79094 15.3315 0
    endloop
  endfacet
  facet normal 0 0 -1
    outer loop
      vertex -29.3444 -6.23735 0
      vertex -3.91259 -0.831646 0
      vertex -11 -15.5885 0
    endloop
  endfacet
  facet normal 0 0 -1
    outer loop
      vertex -4 0 0
      vertex -10.618 15.4184 0
      vertex -10.2091 15.3315 0
    endloop
  endfacet
  facet normal 0 0 -1
    outer loop
      vertex -29.8357 -3.13585 0
      vertex -3.91259 -0.831646 0
      vertex -29.3444 -6.23735 0
    endloop
  endfacet
  facet normal 0 -0 -1
    outer loop
      vertex -29.8357 3.13585 0
      vertex -4 0 0
      vertex -30 0 0
    endloop
  endfacet
  facet normal 0 0 -1
    outer loop
      vertex -28.5317 -9.27051 0
      vertex -11 -15.5885 0
      vertex -11.3383 -15.8342 0
    endloop
  endfacet
  facet normal 0 -0 -1
    outer loop
      vertex -29.3444 6.23735 0
      vertex -4 0 0
      vertex -29.8357 3.13585 0
    endloop
  endfacet
  facet normal 0 0 -1
    outer loop
      vertex -25.9808 -15 0
      vertex -11.3383 -15.8342 0
      vertex -11.618 -16.1449 0
    endloop
  endfacet
  facet normal 0 -0 -1
    outer loop
      vertex -11 15.5885 0
      vertex -4 0 0
      vertex -29.3444 6.23735 0
    endloop
  endfacet
  facet normal 0 0 -1
    outer loop
      vertex -24.2705 -17.6336 0
      vertex -11.618 -16.1449 0
      vertex -11.8271 -16.507 0
    endloop
  endfacet
  facet normal 0 0 -1
    outer loop
      vertex -4 0 0
      vertex -11 15.5885 0
      vertex -10.618 15.4184 0
    endloop
  endfacet
  facet normal 0 0 -1
    outer loop
      vertex -24.2705 -17.6336 0
      vertex -11.8271 -16.507 0
      vertex -11.9563 -16.9047 0
    endloop
  endfacet
  facet normal 0 -0 -1
    outer loop
      vertex -28.5317 9.27051 0
      vertex -11 15.5885 0
      vertex -29.3444 6.23735 0
    endloop
  endfacet
  facet normal 0 0 -1
    outer loop
      vertex -22.2943 -20.0739 0
      vertex -11.9563 -16.9047 0
      vertex -12 -17.3205 0
    endloop
  endfacet
  facet normal -0 0 -1
    outer loop
      vertex -11 15.5885 0
      vertex -28.5317 9.27051 0
      vertex -11.3383 15.8342 0
    endloop
  endfacet
  facet normal 0 0 -1
    outer loop
      vertex -8.17291 18.134 0
      vertex 0 30 0
      vertex -8.0437 17.7363 0
    endloop
  endfacet
  facet normal 0 0 -1
    outer loop
      vertex 0 30 0
      vertex -8.17291 18.134 0
      vertex -3.13585 29.8357 0
    endloop
  endfacet
  facet normal 0 0 -1
    outer loop
      vertex -8.38197 18.4961 0
      vertex -3.13585 29.8357 0
      vertex -8.17291 18.134 0
    endloop
  endfacet
  facet normal 0 0 -1
    outer loop
      vertex -8.66174 18.8068 0
      vertex -3.13585 29.8357 0
      vertex -8.38197 18.4961 0
    endloop
  endfacet
  facet normal 0 0 -1
    outer loop
      vertex -3.13585 29.8357 0
      vertex -8.66174 18.8068 0
      vertex -6.23735 29.3444 0
    endloop
  endfacet
  facet normal 0 0 -1
    outer loop
      vertex -9 19.0526 0
      vertex -6.23735 29.3444 0
      vertex -8.66174 18.8068 0
    endloop
  endfacet
  facet normal 0 0 -1
    outer loop
      vertex -9 19.0526 0
      vertex -9.27051 28.5317 0
      vertex -6.23735 29.3444 0
    endloop
  endfacet
  facet normal 0 0 -1
    outer loop
      vertex -9.38197 19.2226 0
      vertex -9.27051 28.5317 0
      vertex -9 19.0526 0
    endloop
  endfacet
  facet normal 0 0 -1
    outer loop
      vertex -9.79094 19.3096 0
      vertex -9.27051 28.5317 0
      vertex -9.38197 19.2226 0
    endloop
  endfacet
  facet normal 0 0 -1
    outer loop
      vertex -12.2021 27.4064 0
      vertex -9.79094 19.3096 0
      vertex -10.2091 19.3096 0
    endloop
  endfacet
  facet normal 0 0 -1
    outer loop
      vertex -12.2021 27.4064 0
      vertex -10.2091 19.3096 0
      vertex -10.618 19.2226 0
    endloop
  endfacet
  facet normal 0 0 -1
    outer loop
      vertex -15 25.9808 0
      vertex -10.618 19.2226 0
      vertex -11 19.0526 0
    endloop
  endfacet
  facet normal 0 0 -1
    outer loop
      vertex -15 25.9808 0
      vertex -11 19.0526 0
      vertex -11.3383 18.8068 0
    endloop
  endfacet
  facet normal 0 0 -1
    outer loop
      vertex -17.6336 24.2705 0
      vertex -11.3383 18.8068 0
      vertex -11.618 18.4961 0
    endloop
  endfacet
  facet normal 0 0 -1
    outer loop
      vertex -17.6336 24.2705 0
      vertex -11.618 18.4961 0
      vertex -11.8271 18.134 0
    endloop
  endfacet
  facet normal 0 0 -1
    outer loop
      vertex -20.0739 22.2943 0
      vertex -11.8271 18.134 0
      vertex -11.9563 17.7363 0
    endloop
  endfacet
  facet normal 0 0 -1
    outer loop
      vertex -9.79094 19.3096 0
      vertex -12.2021 27.4064 0
      vertex -9.27051 28.5317 0
    endloop
  endfacet
  facet normal 0 0 -1
    outer loop
      vertex -20.0739 22.2943 0
      vertex -11.9563 17.7363 0
      vertex -12 17.3205 0
    endloop
  endfacet
  facet normal -0 0 -1
    outer loop
      vertex -11.8271 -18.134 0
      vertex -20.0739 -22.2943 0
      vertex -11.9563 -17.7363 0
    endloop
  endfacet
  facet normal -0 0 -1
    outer loop
      vertex -11.9563 -17.7363 0
      vertex -20.0739 -22.2943 0
      vertex -12 -17.3205 0
    endloop
  endfacet
  facet normal 0 0 -1
    outer loop
      vertex -10.618 19.2226 0
      vertex -15 25.9808 0
      vertex -12.2021 27.4064 0
    endloop
  endfacet
  facet normal 0 0 -1
    outer loop
      vertex -22.2943 -20.0739 0
      vertex -12 -17.3205 0
      vertex -20.0739 -22.2943 0
    endloop
  endfacet
  facet normal 0 0 -1
    outer loop
      vertex -11.3383 18.8068 0
      vertex -17.6336 24.2705 0
      vertex -15 25.9808 0
    endloop
  endfacet
  facet normal 0 0 -1
    outer loop
      vertex -11.9563 -16.9047 0
      vertex -22.2943 -20.0739 0
      vertex -24.2705 -17.6336 0
    endloop
  endfacet
  facet normal 0 0 -1
    outer loop
      vertex -11.8271 18.134 0
      vertex -20.0739 22.2943 0
      vertex -17.6336 24.2705 0
    endloop
  endfacet
  facet normal -0 0 -1
    outer loop
      vertex -11.618 -16.1449 0
      vertex -24.2705 -17.6336 0
      vertex -25.9808 -15 0
    endloop
  endfacet
  facet normal 0 0 -1
    outer loop
      vertex -12 17.3205 0
      vertex -22.2943 20.0739 0
      vertex -20.0739 22.2943 0
    endloop
  endfacet
  facet normal 0 0 -1
    outer loop
      vertex -11.3383 -15.8342 0
      vertex -25.9808 -15 0
      vertex -27.4064 -12.2021 0
    endloop
  endfacet
  facet normal 0 0 -1
    outer loop
      vertex -11.9563 16.9047 0
      vertex -22.2943 20.0739 0
      vertex -12 17.3205 0
    endloop
  endfacet
  facet normal 0 0 -1
    outer loop
      vertex -11.3383 -15.8342 0
      vertex -27.4064 -12.2021 0
      vertex -28.5317 -9.27051 0
    endloop
  endfacet
  facet normal 0 -0 -1
    outer loop
      vertex -22.2943 20.0739 0
      vertex -11.9563 16.9047 0
      vertex -24.2705 17.6336 0
    endloop
  endfacet
  facet normal 0 0 -1
    outer loop
      vertex -11 -15.5885 0
      vertex -28.5317 -9.27051 0
      vertex -29.3444 -6.23735 0
    endloop
  endfacet
  facet normal 0 0 -1
    outer loop
      vertex -11.8271 16.507 0
      vertex -24.2705 17.6336 0
      vertex -11.9563 16.9047 0
    endloop
  endfacet
  facet normal -0 0 -1
    outer loop
      vertex -3.91259 -0.831646 0
      vertex -29.8357 -3.13585 0
      vertex -4 0 0
    endloop
  endfacet
  facet normal 0 0 -1
    outer loop
      vertex -11.618 16.1449 0
      vertex -24.2705 17.6336 0
      vertex -11.8271 16.507 0
    endloop
  endfacet
  facet normal -0 0 -1
    outer loop
      vertex -4 0 0
      vertex -29.8357 -3.13585 0
      vertex -30 0 0
    endloop
  endfacet
  facet normal 0 -0 -1
    outer loop
      vertex -24.2705 17.6336 0
      vertex -11.618 16.1449 0
      vertex -25.9808 15 0
    endloop
  endfacet
  facet normal 0 -0 -1
    outer loop
      vertex -27.4064 12.2021 0
      vertex -11.3383 15.8342 0
      vertex -28.5317 9.27051 0
    endloop
  endfacet
  facet normal -0 0 -1
    outer loop
      vertex -11.3383 15.8342 0
      vertex -25.9808 15 0
      vertex -11.618 16.1449 0
    endloop
  endfacet
  facet normal 0 -0 -1
    outer loop
      vertex -25.9808 15 0
      vertex -11.3383 15.8342 0
      vertex -27.4064 12.2021 0
    endloop
  endfacet
  facet normal 0 0 -1
    outer loop
      vertex 3.65418 1.62695 0
      vertex 13.7374 15 0
      vertex 3.91259 0.831646 0
    endloop
  endfacet
  facet normal 0 0 -1
    outer loop
      vertex 3.23607 2.35114 0
      vertex 13.7374 15 0
      vertex 3.65418 1.62695 0
    endloop
  endfacet
  facet normal 0 0 -1
    outer loop
      vertex 2.67652 2.97258 0
      vertex 13.7374 15 0
      vertex 3.23607 2.35114 0
    endloop
  endfacet
  facet normal 0 0 -1
    outer loop
      vertex 2 3.4641 0
      vertex 13.7374 15 0
      vertex 2.67652 2.97258 0
    endloop
  endfacet
  facet normal 0 0 -1
    outer loop
      vertex 1.23607 3.80423 0
      vertex 13.7374 15 0
      vertex 2 3.4641 0
    endloop
  endfacet
  facet normal 0 0 -1
    outer loop
      vertex 0.418114 3.97809 0
      vertex 13.7374 15 0
      vertex 1.23607 3.80423 0
    endloop
  endfacet
  facet normal 0 0 -1
    outer loop
      vertex -8 17.3205 0
      vertex 13.7374 15 0
      vertex 0.418114 3.97809 0
    endloop
  endfacet
  facet normal 0 0 -1
    outer loop
      vertex -8 17.3205 0
      vertex 6.23735 29.3444 0
      vertex 13.7374 15 0
    endloop
  endfacet
  facet normal -0 0 -1
    outer loop
      vertex 6.23735 29.3444 0
      vertex -8 17.3205 0
      vertex 3.13585 29.8357 0
    endloop
  endfacet
  facet normal 0 0 -1
    outer loop
      vertex -8 17.3205 0
      vertex 0.418114 3.97809 0
      vertex -0.418114 3.97809 0
    endloop
  endfacet
  facet normal 0 0 -1
    outer loop
      vertex -8 17.3205 0
      vertex -0.418114 3.97809 0
      vertex -1.23607 3.80423 0
    endloop
  endfacet
  facet normal 0 0 -1
    outer loop
      vertex -8 17.3205 0
      vertex -1.23607 3.80423 0
      vertex -2 3.4641 0
    endloop
  endfacet
  facet normal 0 0 -1
    outer loop
      vertex -8 17.3205 0
      vertex -2 3.4641 0
      vertex -2.67652 2.97258 0
    endloop
  endfacet
  facet normal 0 0 -1
    outer loop
      vertex -8.0437 17.7363 0
      vertex 3.13585 29.8357 0
      vertex -8 17.3205 0
    endloop
  endfacet
  facet normal 0 0 -1
    outer loop
      vertex -8 17.3205 0
      vertex -2.67652 2.97258 0
      vertex -3.23607 2.35114 0
    endloop
  endfacet
  facet normal 0 0 -1
    outer loop
      vertex -8 17.3205 0
      vertex -3.23607 2.35114 0
      vertex -3.65418 1.62695 0
    endloop
  endfacet
  facet normal 0 0 -1
    outer loop
      vertex -8 17.3205 0
      vertex -3.65418 1.62695 0
      vertex -3.91259 0.831646 0
    endloop
  endfacet
  facet normal 0 0 -1
    outer loop
      vertex -8 17.3205 0
      vertex -3.91259 0.831646 0
      vertex -4 0 0
    endloop
  endfacet
  facet normal 0 0 -1
    outer loop
      vertex -9 -15.5885 0
      vertex -2 -3.4641 0
      vertex -8.66174 -15.8342 0
    endloop
  endfacet
  facet normal 0 0 -1
    outer loop
      vertex -9.38197 -15.4184 0
      vertex -2 -3.4641 0
      vertex -9 -15.5885 0
    endloop
  endfacet
  facet normal -0 0 -1
    outer loop
      vertex 3.13585 29.8357 0
      vertex -8.0437 17.7363 0
      vertex 0 30 0
    endloop
  endfacet
  facet normal 0 0 -1
    outer loop
      vertex -6.23735 -29.3444 0
      vertex -8.0437 -17.7363 0
      vertex -8 -17.3205 0
    endloop
  endfacet
  facet normal 0 0 -1
    outer loop
      vertex -6.23735 -29.3444 0
      vertex -8.17291 -18.134 0
      vertex -8.0437 -17.7363 0
    endloop
  endfacet
  facet normal 0 0 -1
    outer loop
      vertex -6.23735 -29.3444 0
      vertex -8.38197 -18.4961 0
      vertex -8.17291 -18.134 0
    endloop
  endfacet
  facet normal 0 0 -1
    outer loop
      vertex -6.23735 -29.3444 0
      vertex -8.66174 -18.8068 0
      vertex -8.38197 -18.4961 0
    endloop
  endfacet
  facet normal 0 0 -1
    outer loop
      vertex -6.23735 -29.3444 0
      vertex -9 -19.0526 0
      vertex -8.66174 -18.8068 0
    endloop
  endfacet
  facet normal 0 0 -1
    outer loop
      vertex -9.27051 -28.5317 0
      vertex -9 -19.0526 0
      vertex -6.23735 -29.3444 0
    endloop
  endfacet
  facet normal 0 0 -1
    outer loop
      vertex -9.27051 -28.5317 0
      vertex -9.38197 -19.2226 0
      vertex -9 -19.0526 0
    endloop
  endfacet
  facet normal 0 0 -1
    outer loop
      vertex -9.27051 -28.5317 0
      vertex -9.79094 -19.3096 0
      vertex -9.38197 -19.2226 0
    endloop
  endfacet
  facet normal 0 0 -1
    outer loop
      vertex -12.2021 -27.4064 0
      vertex -9.79094 -19.3096 0
      vertex -9.27051 -28.5317 0
    endloop
  endfacet
  facet normal -0 0 -1
    outer loop
      vertex -9.79094 -19.3096 0
      vertex -12.2021 -27.4064 0
      vertex -10.2091 -19.3096 0
    endloop
  endfacet
  facet normal -0 0 -1
    outer loop
      vertex -10.2091 -19.3096 0
      vertex -12.2021 -27.4064 0
      vertex -10.618 -19.2226 0
    endloop
  endfacet
  facet normal 0 0 -1
    outer loop
      vertex -15 -25.9808 0
      vertex -10.618 -19.2226 0
      vertex -12.2021 -27.4064 0
    endloop
  endfacet
  facet normal -0 0 -1
    outer loop
      vertex -10.618 -19.2226 0
      vertex -15 -25.9808 0
      vertex -11 -19.0526 0
    endloop
  endfacet
  facet normal -0 0 -1
    outer loop
      vertex -11 -19.0526 0
      vertex -15 -25.9808 0
      vertex -11.3383 -18.8068 0
    endloop
  endfacet
  facet normal 0 0 -1
    outer loop
      vertex -17.6336 -24.2705 0
      vertex -11.3383 -18.8068 0
      vertex -15 -25.9808 0
    endloop
  endfacet
  facet normal 0 0 -1
    outer loop
      vertex -20.0739 -22.2943 0
      vertex -11.8271 -18.134 0
      vertex -17.6336 -24.2705 0
    endloop
  endfacet
  facet normal -0 0 -1
    outer loop
      vertex -11.618 -18.4961 0
      vertex -17.6336 -24.2705 0
      vertex -11.8271 -18.134 0
    endloop
  endfacet
  facet normal -0 0 -1
    outer loop
      vertex -11.3383 -18.8068 0
      vertex -17.6336 -24.2705 0
      vertex -11.618 -18.4961 0
    endloop
  endfacet
  facet normal 0 0 -1
    outer loop
      vertex 13.7374 15 0
      vertex 17.6336 24.2705 0
      vertex 14.1428 15 0
    endloop
  endfacet
  facet normal -0 0 -1
    outer loop
      vertex 17.6336 24.2705 0
      vertex 13.7374 15 0
      vertex 15 25.9808 0
    endloop
  endfacet
  facet normal 0 0 -1
    outer loop
      vertex 13.7374 15 0
      vertex 12.2021 27.4064 0
      vertex 15 25.9808 0
    endloop
  endfacet
  facet normal 0 -0 -1
    outer loop
      vertex 4 0 0
      vertex 13.7374 -15 0
      vertex 3.91259 -0.831646 0
    endloop
  endfacet
  facet normal 0 0 -1
    outer loop
      vertex 1.23607 -3.80423 0
      vertex 12.2021 -27.4064 0
      vertex 9.27051 -28.5317 0
    endloop
  endfacet
  facet normal 0 0 -1
    outer loop
      vertex 3.91259 0.831646 0
      vertex 13.7374 15 0
      vertex 4 0 0
    endloop
  endfacet
  facet normal 0 0 -1
    outer loop
      vertex -8 -17.3205 0
      vertex 9.27051 -28.5317 0
      vertex 6.23735 -29.3444 0
    endloop
  endfacet
  facet normal 0 0 -1
    outer loop
      vertex 13.7374 15 0
      vertex 9.27051 28.5317 0
      vertex 12.2021 27.4064 0
    endloop
  endfacet
  facet normal 0 0 -1
    outer loop
      vertex 13.7374 15 0
      vertex 6.23735 29.3444 0
      vertex 9.27051 28.5317 0
    endloop
  endfacet
  facet normal 0 0 -1
    outer loop
      vertex 13.7374 -15 0
      vertex 4 0 0
      vertex 13.7374 15 0
    endloop
  endfacet
  facet normal 0 0 -1
    outer loop
      vertex 12.2021 -27.4064 0
      vertex 3.65418 -1.62695 0
      vertex 3.91259 -0.831646 0
    endloop
  endfacet
  facet normal 0 0 -1
    outer loop
      vertex 12.2021 -27.4064 0
      vertex 3.23607 -2.35114 0
      vertex 3.65418 -1.62695 0
    endloop
  endfacet
  facet normal 0 0 -1
    outer loop
      vertex -8 -17.3205 0
      vertex 6.23735 -29.3444 0
      vertex 3.13585 -29.8357 0
    endloop
  endfacet
  facet normal 0 0 -1
    outer loop
      vertex 12.2021 -27.4064 0
      vertex 2.67652 -2.97258 0
      vertex 3.23607 -2.35114 0
    endloop
  endfacet
  facet normal 0 0 -1
    outer loop
      vertex 12.2021 -27.4064 0
      vertex 2 -3.4641 0
      vertex 2.67652 -2.97258 0
    endloop
  endfacet
  facet normal 0 0 -1
    outer loop
      vertex 12.2021 -27.4064 0
      vertex 1.23607 -3.80423 0
      vertex 2 -3.4641 0
    endloop
  endfacet
  facet normal 0 0 -1
    outer loop
      vertex 9.27051 -28.5317 0
      vertex -8 -17.3205 0
      vertex 1.23607 -3.80423 0
    endloop
  endfacet
  facet normal 0 0 -1
    outer loop
      vertex -8 -17.3205 0
      vertex 3.13585 -29.8357 0
      vertex 0 -30 0
    endloop
  endfacet
  facet normal 0 0 -1
    outer loop
      vertex -8.0437 -16.9047 0
      vertex 1.23607 -3.80423 0
      vertex -8 -17.3205 0
    endloop
  endfacet
  facet normal 0 0 -1
    outer loop
      vertex -8 -17.3205 0
      vertex 0 -30 0
      vertex -3.13585 -29.8357 0
    endloop
  endfacet
  facet normal 0 0 -1
    outer loop
      vertex -8 -17.3205 0
      vertex -3.13585 -29.8357 0
      vertex -6.23735 -29.3444 0
    endloop
  endfacet
  facet normal 0 0 -1
    outer loop
      vertex 1.23607 -3.80423 0
      vertex -8.0437 -16.9047 0
      vertex 0.418114 -3.97809 0
    endloop
  endfacet
  facet normal 0 0 -1
    outer loop
      vertex -8.17291 -16.507 0
      vertex 0.418114 -3.97809 0
      vertex -8.0437 -16.9047 0
    endloop
  endfacet
  facet normal -0 0 -1
    outer loop
      vertex 0.418114 -3.97809 0
      vertex -8.17291 -16.507 0
      vertex -0.418114 -3.97809 0
    endloop
  endfacet
  facet normal 0 0 -1
    outer loop
      vertex -8.38197 -16.1449 0
      vertex -0.418114 -3.97809 0
      vertex -8.17291 -16.507 0
    endloop
  endfacet
  facet normal -0 0 -1
    outer loop
      vertex -0.418114 -3.97809 0
      vertex -8.38197 -16.1449 0
      vertex -1.23607 -3.80423 0
    endloop
  endfacet
  facet normal 0 0 -1
    outer loop
      vertex -8.66174 -15.8342 0
      vertex -1.23607 -3.80423 0
      vertex -8.38197 -16.1449 0
    endloop
  endfacet
  facet normal -0 0 -1
    outer loop
      vertex -1.23607 -3.80423 0
      vertex -8.66174 -15.8342 0
      vertex -2 -3.4641 0
    endloop
  endfacet
  facet normal 0 0 -1
    outer loop
      vertex 21.9563 -0.415823 0
      vertex 30 0 0
      vertex 29.8357 -3.13585 0
    endloop
  endfacet
  facet normal 0 0 -1
    outer loop
      vertex 21.618 -1.17557 0
      vertex 29.8357 -3.13585 0
      vertex 29.3444 -6.23735 0
    endloop
  endfacet
  facet normal -0 0 -1
    outer loop
      vertex 30 0 0
      vertex 21.9563 -0.415823 0
      vertex 22 0 0
    endloop
  endfacet
  facet normal 0 0 -1
    outer loop
      vertex 21 -1.73205 0
      vertex 29.3444 -6.23735 0
      vertex 28.5317 -9.27051 0
    endloop
  endfacet
  facet normal 0 0 -1
    outer loop
      vertex 21.9563 0.415823 0
      vertex 30 0 0
      vertex 22 0 0
    endloop
  endfacet
  facet normal 0 0 -1
    outer loop
      vertex 20.618 -1.90211 0
      vertex 28.5317 -9.27051 0
      vertex 27.4064 -12.2021 0
    endloop
  endfacet
  facet normal 0 0 -1
    outer loop
      vertex 30 0 0
      vertex 21.9563 0.415823 0
      vertex 29.8357 3.13585 0
    endloop
  endfacet
  facet normal 0 0 -1
    outer loop
      vertex 14.1428 -15 0
      vertex 27.4064 -12.2021 0
      vertex 25.9808 -15 0
    endloop
  endfacet
  facet normal 0 0 -1
    outer loop
      vertex 21.618 1.17557 0
      vertex 29.8357 3.13585 0
      vertex 21.8271 0.813473 0
    endloop
  endfacet
  facet normal 0 0 -1
    outer loop
      vertex 14.1428 -15 0
      vertex 25.9808 -15 0
      vertex 24.2705 -17.6336 0
    endloop
  endfacet
  facet normal -0 0 -1
    outer loop
      vertex 29.8357 3.13585 0
      vertex 21.618 1.17557 0
      vertex 29.3444 6.23735 0
    endloop
  endfacet
  facet normal 0 0 -1
    outer loop
      vertex 14.1428 -15 0
      vertex 24.2705 -17.6336 0
      vertex 22.2943 -20.0739 0
    endloop
  endfacet
  facet normal 0 0 -1
    outer loop
      vertex 21.3383 1.48629 0
      vertex 29.3444 6.23735 0
      vertex 21.618 1.17557 0
    endloop
  endfacet
  facet normal 0 0 -1
    outer loop
      vertex 21 1.73205 0
      vertex 29.3444 6.23735 0
      vertex 21.3383 1.48629 0
    endloop
  endfacet
  facet normal 0 0 -1
    outer loop
      vertex 21.8271 0.813473 0
      vertex 29.8357 3.13585 0
      vertex 21.9563 0.415823 0
    endloop
  endfacet
  facet normal 0 0 -1
    outer loop
      vertex 29.8357 -3.13585 0
      vertex 21.8271 -0.813473 0
      vertex 21.9563 -0.415823 0
    endloop
  endfacet
  facet normal 0 0 -1
    outer loop
      vertex 29.8357 -3.13585 0
      vertex 21.618 -1.17557 0
      vertex 21.8271 -0.813473 0
    endloop
  endfacet
  facet normal 0 0 -1
    outer loop
      vertex 29.3444 -6.23735 0
      vertex 21.3383 -1.48629 0
      vertex 21.618 -1.17557 0
    endloop
  endfacet
  facet normal 0 0 -1
    outer loop
      vertex 29.3444 -6.23735 0
      vertex 21 -1.73205 0
      vertex 21.3383 -1.48629 0
    endloop
  endfacet
  facet normal 0 0 -1
    outer loop
      vertex 28.5317 -9.27051 0
      vertex 20.618 -1.90211 0
      vertex 21 -1.73205 0
    endloop
  endfacet
  facet normal 0 0 -1
    outer loop
      vertex 27.4064 -12.2021 0
      vertex 20.2091 -1.98904 0
      vertex 20.618 -1.90211 0
    endloop
  endfacet
  facet normal 0 0 -1
    outer loop
      vertex 14.1428 -15 0
      vertex 22.2943 -20.0739 0
      vertex 20.0739 -22.2943 0
    endloop
  endfacet
  facet normal -0 0 -1
    outer loop
      vertex 27.4064 -12.2021 0
      vertex 14.1428 -15 0
      vertex 20.2091 -1.98904 0
    endloop
  endfacet
  facet normal -0 0 -1
    outer loop
      vertex 20.2091 -1.98904 0
      vertex 14.1428 -15 0
      vertex 19.7909 -1.98904 0
    endloop
  endfacet
  facet normal -0 0 -1
    outer loop
      vertex 19.7909 -1.98904 0
      vertex 14.1428 -15 0
      vertex 19.382 -1.90211 0
    endloop
  endfacet
  facet normal -0 0 -1
    outer loop
      vertex 19.382 -1.90211 0
      vertex 14.1428 -15 0
      vertex 19 -1.73205 0
    endloop
  endfacet
  facet normal -0 0 -1
    outer loop
      vertex 19 -1.73205 0
      vertex 14.1428 -15 0
      vertex 18.6617 -1.48629 0
    endloop
  endfacet
  facet normal -0 0 -1
    outer loop
      vertex 18.6617 -1.48629 0
      vertex 14.1428 -15 0
      vertex 18.382 -1.17557 0
    endloop
  endfacet
  facet normal -0 0 -1
    outer loop
      vertex 18.382 -1.17557 0
      vertex 14.1428 -15 0
      vertex 18.1729 -0.813473 0
    endloop
  endfacet
  facet normal -0 0 -1
    outer loop
      vertex 18.1729 -0.813473 0
      vertex 14.1428 -15 0
      vertex 18.0437 -0.415823 0
    endloop
  endfacet
  facet normal 0 0 -1
    outer loop
      vertex 14.1428 -15 0
      vertex 20.0739 -22.2943 0
      vertex 17.6336 -24.2705 0
    endloop
  endfacet
  facet normal -0 0 -1
    outer loop
      vertex 29.3444 6.23735 0
      vertex 21 1.73205 0
      vertex 28.5317 9.27051 0
    endloop
  endfacet
  facet normal 0 0 -1
    outer loop
      vertex 20.618 1.90211 0
      vertex 28.5317 9.27051 0
      vertex 21 1.73205 0
    endloop
  endfacet
  facet normal -0 0 -1
    outer loop
      vertex 28.5317 9.27051 0
      vertex 20.618 1.90211 0
      vertex 27.4064 12.2021 0
    endloop
  endfacet
  facet normal 0 0 -1
    outer loop
      vertex 20.2091 1.98904 0
      vertex 27.4064 12.2021 0
      vertex 20.618 1.90211 0
    endloop
  endfacet
  facet normal 0 0 -1
    outer loop
      vertex 19.7909 1.98904 0
      vertex 27.4064 12.2021 0
      vertex 20.2091 1.98904 0
    endloop
  endfacet
  facet normal 0 0 -1
    outer loop
      vertex 14.1428 15 0
      vertex 27.4064 12.2021 0
      vertex 19.7909 1.98904 0
    endloop
  endfacet
  facet normal 0 0 -1
    outer loop
      vertex 14.1428 15 0
      vertex 19.7909 1.98904 0
      vertex 19.382 1.90211 0
    endloop
  endfacet
  facet normal 0 0 -1
    outer loop
      vertex 27.4064 12.2021 0
      vertex 14.1428 15 0
      vertex 25.9808 15 0
    endloop
  endfacet
  facet normal 0 0 -1
    outer loop
      vertex 25.9808 15 0
      vertex 14.1428 15 0
      vertex 24.2705 17.6336 0
    endloop
  endfacet
  facet normal 0 0 -1
    outer loop
      vertex 14.1428 15 0
      vertex 19.382 1.90211 0
      vertex 19 1.73205 0
    endloop
  endfacet
  facet normal -0 0 -1
    outer loop
      vertex 24.2705 17.6336 0
      vertex 14.1428 15 0
      vertex 22.2943 20.0739 0
    endloop
  endfacet
  facet normal 0 0 -1
    outer loop
      vertex 14.1428 15 0
      vertex 19 1.73205 0
      vertex 18.6617 1.48629 0
    endloop
  endfacet
  facet normal 0 0 -1
    outer loop
      vertex 14.1428 15 0
      vertex 18.6617 1.48629 0
      vertex 18.382 1.17557 0
    endloop
  endfacet
  facet normal 0 0 -1
    outer loop
      vertex 14.1428 15 0
      vertex 18.382 1.17557 0
      vertex 18.1729 0.813473 0
    endloop
  endfacet
  facet normal 0 0 -1
    outer loop
      vertex 14.1428 15 0
      vertex 18.1729 0.813473 0
      vertex 18.0437 0.415823 0
    endloop
  endfacet
  facet normal 0 0 -1
    outer loop
      vertex 14.1428 15 0
      vertex 18.0437 0.415823 0
      vertex 18 0 0
    endloop
  endfacet
  facet normal -0 0 -1
    outer loop
      vertex 22.2943 20.0739 0
      vertex 14.1428 15 0
      vertex 20.0739 22.2943 0
    endloop
  endfacet
  facet normal -0 0 -1
    outer loop
      vertex 18.0437 -0.415823 0
      vertex 14.1428 -15 0
      vertex 18 0 0
    endloop
  endfacet
  facet normal 0 0 -1
    outer loop
      vertex 13.7374 -15 0
      vertex 17.6336 -24.2705 0
      vertex 15 -25.9808 0
    endloop
  endfacet
  facet normal 0 0 -1
    outer loop
      vertex 14.1428 15 0
      vertex 18 0 0
      vertex 14.1428 -15 0
    endloop
  endfacet
  facet normal -0 0 -1
    outer loop
      vertex 20.0739 22.2943 0
      vertex 14.1428 15 0
      vertex 17.6336 24.2705 0
    endloop
  endfacet
  facet normal 0 0 -1
    outer loop
      vertex 17.6336 -24.2705 0
      vertex 13.7374 -15 0
      vertex 14.1428 -15 0
    endloop
  endfacet
  facet normal 0 0 -1
    outer loop
      vertex 3.91259 -0.831646 0
      vertex 13.7374 -15 0
      vertex 12.2021 -27.4064 0
    endloop
  endfacet
  facet normal 0 0 -1
    outer loop
      vertex 12.2021 -27.4064 0
      vertex 13.7374 -15 0
      vertex 15 -25.9808 0
    endloop
  endfacet
  facet normal -0.951057 -0.309015 -0
    outer loop
      vertex -5.48127 -2.44042 6.99502
      vertex -5.62437 -2 5
      vertex -5.48127 -2.44042 5
    endloop
  endfacet
  facet normal -0.951053 -0.309026 0
    outer loop
      vertex -5.62437 -2 7
      vertex -5.86889 -1.24747 7.1361
      vertex -5.86889 -1.24747 7
    endloop
  endfacet
  facet normal -0.951057 -0.309014 -7.54062e-05
    outer loop
      vertex -5.62437 -2 7
      vertex -5.48127 -2.44042 6.99502
      vertex -5.86889 -1.24747 7.1361
    endloop
  endfacet
  facet normal -0.951057 -0.309015 0
    outer loop
      vertex -5.62437 -2 5
      vertex -5.48127 -2.44042 6.99502
      vertex -5.62437 -2 7
    endloop
  endfacet
  facet normal -0.406738 0.913545 0
    outer loop
      vertex -3 5.19615 5
      vertex -2 5.64138 5.72794
      vertex -2 5.64138 5
    endloop
  endfacet
  facet normal -0.406738 0.913545 0
    outer loop
      vertex -2 5.64138 5.72794
      vertex -3 5.19615 5
      vertex -3 5.19615 6.09191
    endloop
  endfacet
  facet normal -0.20791 -0.978148 0
    outer loop
      vertex -1.8541 -5.70634 5
      vertex -0.627171 -5.96713 5.22827
      vertex -1.8541 -5.70634 5.67484
    endloop
  endfacet
  facet normal -0.20791 -0.978148 -0
    outer loop
      vertex -0.627171 -5.96713 5.22827
      vertex -1.8541 -5.70634 5
      vertex -0.627171 -5.96713 5
    endloop
  endfacet
  facet normal -0.994522 -0.104525 -0
    outer loop
      vertex -5.86889 -1.24747 7.1361
      vertex -6 0 7
      vertex -5.86889 -1.24747 7
    endloop
  endfacet
  facet normal -0.994522 -0.104525 0
    outer loop
      vertex -6 0 7
      vertex -5.86889 -1.24747 7.1361
      vertex -6 0 7.18382
    endloop
  endfacet
  facet normal -0.866025 -0.5 -0
    outer loop
      vertex -4.8541 -3.52671 6.76675
      vertex -5.48127 -2.44042 5
      vertex -4.8541 -3.52671 5
    endloop
  endfacet
  facet normal -0.866025 -0.5 0
    outer loop
      vertex -5.48127 -2.44042 5
      vertex -4.8541 -3.52671 6.76675
      vertex -5.48127 -2.44042 6.99502
    endloop
  endfacet
  facet normal -0.866025 0.5 0
    outer loop
      vertex -5.48127 2.44042 5
      vertex -4.8541 3.52671 6.76675
      vertex -4.8541 3.52671 5
    endloop
  endfacet
  facet normal -0.866025 0.5 0
    outer loop
      vertex -4.8541 3.52671 6.76675
      vertex -5.48127 2.44042 5
      vertex -5.48127 2.44042 6.99502
    endloop
  endfacet
  facet normal -0.587785 0.809017 0
    outer loop
      vertex -4.01478 4.45887 5
      vertex -3 5.19615 6.09191
      vertex -3 5.19615 5
    endloop
  endfacet
  facet normal -0.587785 0.809017 0
    outer loop
      vertex -3 5.19615 6.09191
      vertex -4.01478 4.45887 5
      vertex -4.01478 4.45887 6.46126
    endloop
  endfacet
  facet normal 0 -1 0
    outer loop
      vertex -0.627171 -5.96713 5
      vertex -0.408765 -5.96713 5.14878
      vertex -0.627171 -5.96713 5.22827
    endloop
  endfacet
  facet normal 0 -1 -0
    outer loop
      vertex -0.408765 -5.96713 5.14878
      vertex -0.627171 -5.96713 5
      vertex -0.408765 -5.96713 5
    endloop
  endfacet
  facet normal -0.994522 0.104528 0
    outer loop
      vertex -5.95675 0.411534 7
      vertex -5.86889 1.24747 5
      vertex -5.95675 0.411534 5
    endloop
  endfacet
  facet normal -0.994522 0.104528 0
    outer loop
      vertex -5.86889 1.24747 5
      vertex -5.95675 0.411534 7
      vertex -5.86889 1.24747 7.1361
    endloop
  endfacet
  facet normal -0.994523 0.104519 0
    outer loop
      vertex -6 0 7.18382
      vertex -5.95675 0.411534 7
      vertex -6 0 7
    endloop
  endfacet
  facet normal -0.994522 0.104526 1.49186e-05
    outer loop
      vertex -5.95675 0.411534 7
      vertex -6 0 7.18382
      vertex -5.86889 1.24747 7.1361
    endloop
  endfacet
  facet normal 0.743143 0.669133 0
    outer loop
      vertex -2.67652 -2.97258 31.2951
      vertex -3.23607 -2.35114 0
      vertex -3.23607 -2.35114 31.4987
    endloop
  endfacet
  facet normal 0.743143 0.669133 0
    outer loop
      vertex -3.23607 -2.35114 0
      vertex -2.67652 -2.97258 31.2951
      vertex -2.67652 -2.97258 0
    endloop
  endfacet
  facet normal 0.406743 0.913543 0
    outer loop
      vertex -2 -3.4641 0
      vertex -1.23607 -3.80423 30.7708
      vertex -1.23607 -3.80423 0
    endloop
  endfacet
  facet normal 0.406743 0.913543 0
    outer loop
      vertex -1.23607 -3.80423 30.7708
      vertex -2 -3.4641 0
      vertex -2 -3.4641 31.0488
    endloop
  endfacet
  facet normal 0.207909 0.978148 0
    outer loop
      vertex -1.23607 -3.80423 0
      vertex -0.418114 -3.97809 30.4731
      vertex -0.418114 -3.97809 0
    endloop
  endfacet
  facet normal 0.207909 0.978148 0
    outer loop
      vertex -0.418114 -3.97809 30.4731
      vertex -1.23607 -3.80423 0
      vertex -1.23607 -3.80423 30.7708
    endloop
  endfacet
  facet normal 0.743143 -0.669133 0
    outer loop
      vertex -3.23607 2.35114 0
      vertex -2.67652 2.97258 31.2951
      vertex -3.23607 2.35114 31.4987
    endloop
  endfacet
  facet normal 0.743143 -0.669133 0
    outer loop
      vertex -2.67652 2.97258 31.2951
      vertex -3.23607 2.35114 0
      vertex -2.67652 2.97258 0
    endloop
  endfacet
  facet normal 0.587785 0.809017 0
    outer loop
      vertex -2.67652 -2.97258 0
      vertex -2 -3.4641 31.0488
      vertex -2 -3.4641 0
    endloop
  endfacet
  facet normal 0.587785 0.809017 0
    outer loop
      vertex -2 -3.4641 31.0488
      vertex -2.67652 -2.97258 0
      vertex -2.67652 -2.97258 31.2951
    endloop
  endfacet
  facet normal 0.951055 -0.309022 0
    outer loop
      vertex -3.65418 1.62695 31.6509
      vertex -3.84573 1.03743 1
      vertex -3.65418 1.62695 0
    endloop
  endfacet
  facet normal 0.951056 -0.309017 0
    outer loop
      vertex -3.91259 0.831646 1
      vertex -3.65418 1.62695 31.6509
      vertex -3.91259 0.831646 31.745
    endloop
  endfacet
  facet normal 0.951061 -0.309003 -3.94751e-07
    outer loop
      vertex -3.65418 1.62695 31.6509
      vertex -3.91259 0.831646 1
      vertex -3.84573 1.03743 1
    endloop
  endfacet
  facet normal 0.951055 -0.309022 0
    outer loop
      vertex -3.84573 1.03743 0.5
      vertex -3.65418 1.62695 0
      vertex -3.84573 1.03743 1
    endloop
  endfacet
  facet normal 0.951061 -0.309003 0
    outer loop
      vertex -3.91259 0.831646 0
      vertex -3.84573 1.03743 0.5
      vertex -3.91259 0.831646 0.5
    endloop
  endfacet
  facet normal 0.951056 -0.309017 6.26142e-06
    outer loop
      vertex -3.84573 1.03743 0.5
      vertex -3.91259 0.831646 0
      vertex -3.65418 1.62695 0
    endloop
  endfacet
  facet normal 0.587785 -0.809017 0
    outer loop
      vertex -2.67652 2.97258 0
      vertex -2 3.4641 31.0488
      vertex -2.67652 2.97258 31.2951
    endloop
  endfacet
  facet normal 0.587785 -0.809017 0
    outer loop
      vertex -2 3.4641 31.0488
      vertex -2.67652 2.97258 0
      vertex -2 3.4641 0
    endloop
  endfacet
  facet normal 0.866026 0.499999 0
    outer loop
      vertex -3.23607 -2.35114 31.4987
      vertex -3.65418 -1.62695 1
      vertex -3.65418 -1.62695 31.6509
    endloop
  endfacet
  facet normal 0.866026 0.499999 -0
    outer loop
      vertex -3.23607 -2.35114 0
      vertex -3.4388 -2 1
      vertex -3.23607 -2.35114 31.4987
    endloop
  endfacet
  facet normal 0.866026 0.499999 8.1217e-09
    outer loop
      vertex -3.65418 -1.62695 1
      vertex -3.23607 -2.35114 31.4987
      vertex -3.4388 -2 1
    endloop
  endfacet
  facet normal 0.866026 0.499999 0
    outer loop
      vertex -3.4388 -2 0.5
      vertex -3.65418 -1.62695 0
      vertex -3.65418 -1.62695 0.5
    endloop
  endfacet
  facet normal 0.866026 0.499999 -2.55195e-07
    outer loop
      vertex -3.4388 -2 0.5
      vertex -3.23607 -2.35114 0
      vertex -3.65418 -1.62695 0
    endloop
  endfacet
  facet normal 0.866026 0.499999 0
    outer loop
      vertex -3.4388 -2 1
      vertex -3.23607 -2.35114 0
      vertex -3.4388 -2 0.5
    endloop
  endfacet
  facet normal 0.866026 -0.499999 0
    outer loop
      vertex -3.65418 1.62695 0
      vertex -3.23607 2.35114 31.4987
      vertex -3.65418 1.62695 31.6509
    endloop
  endfacet
  facet normal 0.866026 -0.499999 0
    outer loop
      vertex -3.23607 2.35114 31.4987
      vertex -3.65418 1.62695 0
      vertex -3.23607 2.35114 0
    endloop
  endfacet
  facet normal 0.987685 -0.156456 0
    outer loop
      vertex 29.3444 -6.23735 5
      vertex 29.8357 -3.13585 0
      vertex 29.8357 -3.13585 5
    endloop
  endfacet
  facet normal 0.987685 -0.156456 0
    outer loop
      vertex 29.8357 -3.13585 0
      vertex 29.3444 -6.23735 5
      vertex 29.3444 -6.23735 0
    endloop
  endfacet
  facet normal 0.987685 0.156456 0
    outer loop
      vertex 29.8357 3.13585 5
      vertex 29.3444 6.23735 0
      vertex 29.3444 6.23735 5
    endloop
  endfacet
  facet normal 0.987685 0.156456 0
    outer loop
      vertex 29.3444 6.23735 0
      vertex 29.8357 3.13585 5
      vertex 29.8357 3.13585 0
    endloop
  endfacet
  facet normal 0.99863 0.0523223 0
    outer loop
      vertex 30 0 5
      vertex 29.8357 3.13585 0
      vertex 29.8357 3.13585 5
    endloop
  endfacet
  facet normal 0.99863 0.0523223 0
    outer loop
      vertex 29.8357 3.13585 0
      vertex 30 0 5
      vertex 30 0 0
    endloop
  endfacet
  facet normal 0.965928 0.258809 0
    outer loop
      vertex 29.3444 6.23735 5
      vertex 28.5317 9.27051 0
      vertex 28.5317 9.27051 5
    endloop
  endfacet
  facet normal 0.965928 0.258809 0
    outer loop
      vertex 28.5317 9.27051 0
      vertex 29.3444 6.23735 5
      vertex 29.3444 6.23735 0
    endloop
  endfacet
  facet normal -0.544644 0.838668 0
    outer loop
      vertex -15 25.9808 0
      vertex -17.6336 24.2705 5
      vertex -15 25.9808 5
    endloop
  endfacet
  facet normal -0.544644 0.838668 0
    outer loop
      vertex -17.6336 24.2705 5
      vertex -15 25.9808 0
      vertex -17.6336 24.2705 0
    endloop
  endfacet
  facet normal -0.707107 0.707107 0
    outer loop
      vertex -22.2943 20.0739 0
      vertex -20.0739 22.2943 5
      vertex -20.0739 22.2943 0
    endloop
  endfacet
  facet normal -0.707107 0.707107 0
    outer loop
      vertex -20.0739 22.2943 5
      vertex -22.2943 20.0739 0
      vertex -22.2943 20.0739 5
    endloop
  endfacet
  facet normal -0.965928 -0.258809 0
    outer loop
      vertex -28.5317 -9.27051 0
      vertex -29.3444 -6.23735 5
      vertex -29.3444 -6.23735 0
    endloop
  endfacet
  facet normal -0.965928 -0.258809 0
    outer loop
      vertex -29.3444 -6.23735 5
      vertex -28.5317 -9.27051 0
      vertex -28.5317 -9.27051 5
    endloop
  endfacet
  facet normal -0.45399 -0.891007 0
    outer loop
      vertex -15 -25.9808 0
      vertex -12.2021 -27.4064 5
      vertex -15 -25.9808 5
    endloop
  endfacet
  facet normal -0.45399 -0.891007 -0
    outer loop
      vertex -12.2021 -27.4064 5
      vertex -15 -25.9808 0
      vertex -12.2021 -27.4064 0
    endloop
  endfacet
  facet normal 0.933584 0.358359 0
    outer loop
      vertex 28.5317 9.27051 5
      vertex 27.4064 12.2021 0
      vertex 27.4064 12.2021 5
    endloop
  endfacet
  facet normal 0.933584 0.358359 0
    outer loop
      vertex 27.4064 12.2021 0
      vertex 28.5317 9.27051 5
      vertex 28.5317 9.27051 0
    endloop
  endfacet
  facet normal 0.258809 -0.965928 0
    outer loop
      vertex 6.23735 -29.3444 0
      vertex 9.27051 -28.5317 5
      vertex 6.23735 -29.3444 5
    endloop
  endfacet
  facet normal 0.258809 -0.965928 0
    outer loop
      vertex 9.27051 -28.5317 5
      vertex 6.23735 -29.3444 0
      vertex 9.27051 -28.5317 0
    endloop
  endfacet
  facet normal -0.629337 -0.777133 0
    outer loop
      vertex -20.0739 -22.2943 0
      vertex -17.6336 -24.2705 5
      vertex -20.0739 -22.2943 5
    endloop
  endfacet
  facet normal -0.629337 -0.777133 -0
    outer loop
      vertex -17.6336 -24.2705 5
      vertex -20.0739 -22.2943 0
      vertex -17.6336 -24.2705 0
    endloop
  endfacet
  facet normal -0.707107 -0.707107 0
    outer loop
      vertex -20.0739 -22.2943 0
      vertex -22.2943 -20.0739 5
      vertex -22.2943 -20.0739 0
    endloop
  endfacet
  facet normal -0.707107 -0.707107 0
    outer loop
      vertex -22.2943 -20.0739 5
      vertex -20.0739 -22.2943 0
      vertex -20.0739 -22.2943 5
    endloop
  endfacet
  facet normal 0.777133 -0.629337 0
    outer loop
      vertex 22.2943 -20.0739 5
      vertex 24.2705 -17.6336 0
      vertex 24.2705 -17.6336 5
    endloop
  endfacet
  facet normal 0.777133 -0.629337 0
    outer loop
      vertex 24.2705 -17.6336 0
      vertex 22.2943 -20.0739 5
      vertex 22.2943 -20.0739 0
    endloop
  endfacet
  facet normal 0.99863 -0.0523223 0
    outer loop
      vertex 29.8357 -3.13585 5
      vertex 30 0 0
      vertex 30 0 5
    endloop
  endfacet
  facet normal 0.99863 -0.0523223 0
    outer loop
      vertex 30 0 0
      vertex 29.8357 -3.13585 5
      vertex 29.8357 -3.13585 0
    endloop
  endfacet
  facet normal 0.45399 0.891007 -0
    outer loop
      vertex 15 25.9808 0
      vertex 12.2021 27.4064 5
      vertex 15 25.9808 5
    endloop
  endfacet
  facet normal 0.45399 0.891007 0
    outer loop
      vertex 12.2021 27.4064 5
      vertex 15 25.9808 0
      vertex 12.2021 27.4064 0
    endloop
  endfacet
  facet normal -0.544644 -0.838668 0
    outer loop
      vertex -17.6336 -24.2705 0
      vertex -15 -25.9808 5
      vertex -17.6336 -24.2705 5
    endloop
  endfacet
  facet normal -0.544644 -0.838668 -0
    outer loop
      vertex -15 -25.9808 5
      vertex -17.6336 -24.2705 0
      vertex -15 -25.9808 0
    endloop
  endfacet
  facet normal 0.156456 0.987685 -0
    outer loop
      vertex 6.23735 29.3444 0
      vertex 3.13585 29.8357 5
      vertex 6.23735 29.3444 5
    endloop
  endfacet
  facet normal 0.156456 0.987685 0
    outer loop
      vertex 3.13585 29.8357 5
      vertex 6.23735 29.3444 0
      vertex 3.13585 29.8357 0
    endloop
  endfacet
  facet normal 0.838668 0.544644 0
    outer loop
      vertex 25.9808 15 5
      vertex 24.2705 17.6336 0
      vertex 24.2705 17.6336 5
    endloop
  endfacet
  facet normal 0.838668 0.544644 0
    outer loop
      vertex 24.2705 17.6336 0
      vertex 25.9808 15 5
      vertex 25.9808 15 0
    endloop
  endfacet
  facet normal 0.0523223 0.99863 -0
    outer loop
      vertex 3.13585 29.8357 0
      vertex 0 30 5
      vertex 3.13585 29.8357 5
    endloop
  endfacet
  facet normal 0.0523223 0.99863 0
    outer loop
      vertex 0 30 5
      vertex 3.13585 29.8357 0
      vertex 0 30 0
    endloop
  endfacet
  facet normal 0.156456 -0.987685 0
    outer loop
      vertex 3.13585 -29.8357 0
      vertex 6.23735 -29.3444 5
      vertex 3.13585 -29.8357 5
    endloop
  endfacet
  facet normal 0.156456 -0.987685 0
    outer loop
      vertex 6.23735 -29.3444 5
      vertex 3.13585 -29.8357 0
      vertex 6.23735 -29.3444 0
    endloop
  endfacet
  facet normal 0.891007 0.45399 0
    outer loop
      vertex 27.4064 12.2021 5
      vertex 25.9808 15 0
      vertex 25.9808 15 5
    endloop
  endfacet
  facet normal 0.891007 0.45399 0
    outer loop
      vertex 25.9808 15 0
      vertex 27.4064 12.2021 5
      vertex 27.4064 12.2021 0
    endloop
  endfacet
  facet normal 0.965928 -0.258809 0
    outer loop
      vertex 28.5317 -9.27051 5
      vertex 29.3444 -6.23735 0
      vertex 29.3444 -6.23735 5
    endloop
  endfacet
  facet normal 0.965928 -0.258809 0
    outer loop
      vertex 29.3444 -6.23735 0
      vertex 28.5317 -9.27051 5
      vertex 28.5317 -9.27051 0
    endloop
  endfacet
  facet normal 0.544644 0.838668 -0
    outer loop
      vertex 17.6336 24.2705 0
      vertex 15 25.9808 5
      vertex 17.6336 24.2705 5
    endloop
  endfacet
  facet normal 0.544644 0.838668 0
    outer loop
      vertex 15 25.9808 5
      vertex 17.6336 24.2705 0
      vertex 15 25.9808 0
    endloop
  endfacet
  facet normal 0.258809 0.965928 -0
    outer loop
      vertex 9.27051 28.5317 0
      vertex 6.23735 29.3444 5
      vertex 9.27051 28.5317 5
    endloop
  endfacet
  facet normal 0.258809 0.965928 0
    outer loop
      vertex 6.23735 29.3444 5
      vertex 9.27051 28.5317 0
      vertex 6.23735 29.3444 0
    endloop
  endfacet
  facet normal 0.358359 -0.933584 0
    outer loop
      vertex 9.27051 -28.5317 0
      vertex 12.2021 -27.4064 5
      vertex 9.27051 -28.5317 5
    endloop
  endfacet
  facet normal 0.358359 -0.933584 0
    outer loop
      vertex 12.2021 -27.4064 5
      vertex 9.27051 -28.5317 0
      vertex 12.2021 -27.4064 0
    endloop
  endfacet
  facet normal -0.45399 0.891007 0
    outer loop
      vertex -12.2021 27.4064 0
      vertex -15 25.9808 5
      vertex -12.2021 27.4064 5
    endloop
  endfacet
  facet normal -0.45399 0.891007 0
    outer loop
      vertex -15 25.9808 5
      vertex -12.2021 27.4064 0
      vertex -15 25.9808 0
    endloop
  endfacet
  facet normal -0.156456 0.987685 0
    outer loop
      vertex -3.13585 29.8357 0
      vertex -6.23735 29.3444 5
      vertex -3.13585 29.8357 5
    endloop
  endfacet
  facet normal -0.156456 0.987685 0
    outer loop
      vertex -6.23735 29.3444 5
      vertex -3.13585 29.8357 0
      vertex -6.23735 29.3444 0
    endloop
  endfacet
  facet normal -0.965928 0.258809 0
    outer loop
      vertex -29.3444 6.23735 0
      vertex -28.5317 9.27051 5
      vertex -28.5317 9.27051 0
    endloop
  endfacet
  facet normal -0.965928 0.258809 0
    outer loop
      vertex -28.5317 9.27051 5
      vertex -29.3444 6.23735 0
      vertex -29.3444 6.23735 5
    endloop
  endfacet
  facet normal -0.258809 -0.965928 0
    outer loop
      vertex -9.27051 -28.5317 0
      vertex -6.23735 -29.3444 5
      vertex -9.27051 -28.5317 5
    endloop
  endfacet
  facet normal -0.258809 -0.965928 -0
    outer loop
      vertex -6.23735 -29.3444 5
      vertex -9.27051 -28.5317 0
      vertex -6.23735 -29.3444 0
    endloop
  endfacet
  facet normal 0.891007 -0.45399 0
    outer loop
      vertex 25.9808 -15 5
      vertex 27.4064 -12.2021 0
      vertex 27.4064 -12.2021 5
    endloop
  endfacet
  facet normal 0.891007 -0.45399 0
    outer loop
      vertex 27.4064 -12.2021 0
      vertex 25.9808 -15 5
      vertex 25.9808 -15 0
    endloop
  endfacet
  facet normal -0.258809 0.965928 0
    outer loop
      vertex -6.23735 29.3444 0
      vertex -9.27051 28.5317 5
      vertex -6.23735 29.3444 5
    endloop
  endfacet
  facet normal -0.258809 0.965928 0
    outer loop
      vertex -9.27051 28.5317 5
      vertex -6.23735 29.3444 0
      vertex -9.27051 28.5317 0
    endloop
  endfacet
  facet normal 0.0523223 -0.99863 0
    outer loop
      vertex 0 -30 0
      vertex 3.13585 -29.8357 5
      vertex 0 -30 5
    endloop
  endfacet
  facet normal 0.0523223 -0.99863 0
    outer loop
      vertex 3.13585 -29.8357 5
      vertex 0 -30 0
      vertex 3.13585 -29.8357 0
    endloop
  endfacet
  facet normal -0.358359 0.933584 0
    outer loop
      vertex -9.27051 28.5317 0
      vertex -12.2021 27.4064 5
      vertex -9.27051 28.5317 5
    endloop
  endfacet
  facet normal -0.358359 0.933584 0
    outer loop
      vertex -12.2021 27.4064 5
      vertex -9.27051 28.5317 0
      vertex -12.2021 27.4064 0
    endloop
  endfacet
  facet normal -0.0523223 0.99863 0
    outer loop
      vertex 0 30 0
      vertex -3.13585 29.8357 5
      vertex 0 30 5
    endloop
  endfacet
  facet normal -0.0523223 0.99863 0
    outer loop
      vertex -3.13585 29.8357 5
      vertex 0 30 0
      vertex -3.13585 29.8357 0
    endloop
  endfacet
  facet normal 0.45399 -0.891007 0
    outer loop
      vertex 12.2021 -27.4064 0
      vertex 15 -25.9808 5
      vertex 12.2021 -27.4064 5
    endloop
  endfacet
  facet normal 0.45399 -0.891007 0
    outer loop
      vertex 15 -25.9808 5
      vertex 12.2021 -27.4064 0
      vertex 15 -25.9808 0
    endloop
  endfacet
  facet normal -0.933584 0.358359 0
    outer loop
      vertex -28.5317 9.27051 0
      vertex -27.4064 12.2021 5
      vertex -27.4064 12.2021 0
    endloop
  endfacet
  facet normal -0.933584 0.358359 0
    outer loop
      vertex -27.4064 12.2021 5
      vertex -28.5317 9.27051 0
      vertex -28.5317 9.27051 5
    endloop
  endfacet
  facet normal 0.629337 0.777133 -0
    outer loop
      vertex 20.0739 22.2943 0
      vertex 17.6336 24.2705 5
      vertex 20.0739 22.2943 5
    endloop
  endfacet
  facet normal 0.629337 0.777133 0
    outer loop
      vertex 17.6336 24.2705 5
      vertex 20.0739 22.2943 0
      vertex 17.6336 24.2705 0
    endloop
  endfacet
  facet normal -0.891007 0.45399 0
    outer loop
      vertex -27.4064 12.2021 0
      vertex -25.9808 15 5
      vertex -25.9808 15 0
    endloop
  endfacet
  facet normal -0.891007 0.45399 0
    outer loop
      vertex -25.9808 15 5
      vertex -27.4064 12.2021 0
      vertex -27.4064 12.2021 5
    endloop
  endfacet
  facet normal 0.777133 0.629337 0
    outer loop
      vertex 24.2705 17.6336 5
      vertex 22.2943 20.0739 0
      vertex 22.2943 20.0739 5
    endloop
  endfacet
  facet normal 0.777133 0.629337 0
    outer loop
      vertex 22.2943 20.0739 0
      vertex 24.2705 17.6336 5
      vertex 24.2705 17.6336 0
    endloop
  endfacet
  facet normal 0.838668 -0.544644 0
    outer loop
      vertex 24.2705 -17.6336 5
      vertex 25.9808 -15 0
      vertex 25.9808 -15 5
    endloop
  endfacet
  facet normal 0.838668 -0.544644 0
    outer loop
      vertex 25.9808 -15 0
      vertex 24.2705 -17.6336 5
      vertex 24.2705 -17.6336 0
    endloop
  endfacet
  facet normal -0.99863 -0.0523223 0
    outer loop
      vertex -29.8357 -3.13585 0
      vertex -30 0 5
      vertex -30 0 0
    endloop
  endfacet
  facet normal -0.99863 -0.0523223 0
    outer loop
      vertex -30 0 5
      vertex -29.8357 -3.13585 0
      vertex -29.8357 -3.13585 5
    endloop
  endfacet
  facet normal 0.707107 0.707107 0
    outer loop
      vertex 22.2943 20.0739 5
      vertex 20.0739 22.2943 0
      vertex 20.0739 22.2943 5
    endloop
  endfacet
  facet normal 0.707107 0.707107 0
    outer loop
      vertex 20.0739 22.2943 0
      vertex 22.2943 20.0739 5
      vertex 22.2943 20.0739 0
    endloop
  endfacet
  facet normal -0.838668 0.544644 0
    outer loop
      vertex -25.9808 15 0
      vertex -24.2705 17.6336 5
      vertex -24.2705 17.6336 0
    endloop
  endfacet
  facet normal -0.838668 0.544644 0
    outer loop
      vertex -24.2705 17.6336 5
      vertex -25.9808 15 0
      vertex -25.9808 15 5
    endloop
  endfacet
  facet normal -0.987685 0.156456 0
    outer loop
      vertex -29.8357 3.13585 0
      vertex -29.3444 6.23735 5
      vertex -29.3444 6.23735 0
    endloop
  endfacet
  facet normal -0.987685 0.156456 0
    outer loop
      vertex -29.3444 6.23735 5
      vertex -29.8357 3.13585 0
      vertex -29.8357 3.13585 5
    endloop
  endfacet
  facet normal -0.156456 -0.987685 0
    outer loop
      vertex -6.23735 -29.3444 0
      vertex -3.13585 -29.8357 5
      vertex -6.23735 -29.3444 5
    endloop
  endfacet
  facet normal -0.156456 -0.987685 -0
    outer loop
      vertex -3.13585 -29.8357 5
      vertex -6.23735 -29.3444 0
      vertex -3.13585 -29.8357 0
    endloop
  endfacet
  facet normal -0.777133 0.629337 0
    outer loop
      vertex -24.2705 17.6336 0
      vertex -22.2943 20.0739 5
      vertex -22.2943 20.0739 0
    endloop
  endfacet
  facet normal -0.777133 0.629337 0
    outer loop
      vertex -22.2943 20.0739 5
      vertex -24.2705 17.6336 0
      vertex -24.2705 17.6336 5
    endloop
  endfacet
  facet normal 0.358359 0.933584 -0
    outer loop
      vertex 12.2021 27.4064 0
      vertex 9.27051 28.5317 5
      vertex 12.2021 27.4064 5
    endloop
  endfacet
  facet normal 0.358359 0.933584 0
    outer loop
      vertex 9.27051 28.5317 5
      vertex 12.2021 27.4064 0
      vertex 9.27051 28.5317 0
    endloop
  endfacet
  facet normal -0.629337 0.777133 0
    outer loop
      vertex -17.6336 24.2705 0
      vertex -20.0739 22.2943 5
      vertex -17.6336 24.2705 5
    endloop
  endfacet
  facet normal -0.629337 0.777133 0
    outer loop
      vertex -20.0739 22.2943 5
      vertex -17.6336 24.2705 0
      vertex -20.0739 22.2943 0
    endloop
  endfacet
  facet normal -0.891007 -0.45399 0
    outer loop
      vertex -25.9808 -15 0
      vertex -27.4064 -12.2021 5
      vertex -27.4064 -12.2021 0
    endloop
  endfacet
  facet normal -0.891007 -0.45399 0
    outer loop
      vertex -27.4064 -12.2021 5
      vertex -25.9808 -15 0
      vertex -25.9808 -15 5
    endloop
  endfacet
  facet normal 0.629337 -0.777133 0
    outer loop
      vertex 17.6336 -24.2705 0
      vertex 20.0739 -22.2943 5
      vertex 17.6336 -24.2705 5
    endloop
  endfacet
  facet normal 0.629337 -0.777133 0
    outer loop
      vertex 20.0739 -22.2943 5
      vertex 17.6336 -24.2705 0
      vertex 20.0739 -22.2943 0
    endloop
  endfacet
  facet normal -0.358359 -0.933584 0
    outer loop
      vertex -12.2021 -27.4064 0
      vertex -9.27051 -28.5317 5
      vertex -12.2021 -27.4064 5
    endloop
  endfacet
  facet normal -0.358359 -0.933584 -0
    outer loop
      vertex -9.27051 -28.5317 5
      vertex -12.2021 -27.4064 0
      vertex -9.27051 -28.5317 0
    endloop
  endfacet
  facet normal -0.838668 -0.544644 0
    outer loop
      vertex -24.2705 -17.6336 0
      vertex -25.9808 -15 5
      vertex -25.9808 -15 0
    endloop
  endfacet
  facet normal -0.838668 -0.544644 0
    outer loop
      vertex -25.9808 -15 5
      vertex -24.2705 -17.6336 0
      vertex -24.2705 -17.6336 5
    endloop
  endfacet
  facet normal -0.987685 -0.156456 0
    outer loop
      vertex -29.3444 -6.23735 0
      vertex -29.8357 -3.13585 5
      vertex -29.8357 -3.13585 0
    endloop
  endfacet
  facet normal -0.987685 -0.156456 0
    outer loop
      vertex -29.8357 -3.13585 5
      vertex -29.3444 -6.23735 0
      vertex -29.3444 -6.23735 5
    endloop
  endfacet
  facet normal -0.933584 -0.358359 0
    outer loop
      vertex -27.4064 -12.2021 0
      vertex -28.5317 -9.27051 5
      vertex -28.5317 -9.27051 0
    endloop
  endfacet
  facet normal -0.933584 -0.358359 0
    outer loop
      vertex -28.5317 -9.27051 5
      vertex -27.4064 -12.2021 0
      vertex -27.4064 -12.2021 5
    endloop
  endfacet
  facet normal -0.777133 -0.629337 0
    outer loop
      vertex -22.2943 -20.0739 0
      vertex -24.2705 -17.6336 5
      vertex -24.2705 -17.6336 0
    endloop
  endfacet
  facet normal -0.777133 -0.629337 0
    outer loop
      vertex -24.2705 -17.6336 5
      vertex -22.2943 -20.0739 0
      vertex -22.2943 -20.0739 5
    endloop
  endfacet
  facet normal 0.544644 -0.838668 0
    outer loop
      vertex 15 -25.9808 0
      vertex 17.6336 -24.2705 5
      vertex 15 -25.9808 5
    endloop
  endfacet
  facet normal 0.544644 -0.838668 0
    outer loop
      vertex 17.6336 -24.2705 5
      vertex 15 -25.9808 0
      vertex 17.6336 -24.2705 0
    endloop
  endfacet
  facet normal 0.933584 -0.358359 0
    outer loop
      vertex 27.4064 -12.2021 5
      vertex 28.5317 -9.27051 0
      vertex 28.5317 -9.27051 5
    endloop
  endfacet
  facet normal 0.933584 -0.358359 0
    outer loop
      vertex 28.5317 -9.27051 0
      vertex 27.4064 -12.2021 5
      vertex 27.4064 -12.2021 0
    endloop
  endfacet
  facet normal -0.0523223 -0.99863 0
    outer loop
      vertex -3.13585 -29.8357 0
      vertex 0 -30 5
      vertex -3.13585 -29.8357 5
    endloop
  endfacet
  facet normal -0.0523223 -0.99863 -0
    outer loop
      vertex 0 -30 5
      vertex -3.13585 -29.8357 0
      vertex 0 -30 0
    endloop
  endfacet
  facet normal -0.99863 0.0523223 0
    outer loop
      vertex -30 0 0
      vertex -29.8357 3.13585 5
      vertex -29.8357 3.13585 0
    endloop
  endfacet
  facet normal -0.99863 0.0523223 0
    outer loop
      vertex -29.8357 3.13585 5
      vertex -30 0 0
      vertex -30 0 5
    endloop
  endfacet
  facet normal 0.707107 -0.707107 0
    outer loop
      vertex 20.0739 -22.2943 5
      vertex 22.2943 -20.0739 0
      vertex 22.2943 -20.0739 5
    endloop
  endfacet
  facet normal 0.707107 -0.707107 0
    outer loop
      vertex 22.2943 -20.0739 0
      vertex 20.0739 -22.2943 5
      vertex 20.0739 -22.2943 0
    endloop
  endfacet
  facet normal 0 1 0
    outer loop
      vertex 20.5233 15 17.5301
      vertex 3 15 10
      vertex 3 15 23.9081
    endloop
  endfacet
  facet normal 0 1 0
    outer loop
      vertex 3 15 10
      vertex -2 15 5.72794
      vertex -3 15 10
    endloop
  endfacet
  facet normal 0 1 -0
    outer loop
      vertex 15.9627 15 5
      vertex 3 15 10
      vertex 20.5233 15 17.5301
    endloop
  endfacet
  facet normal 0 1 0
    outer loop
      vertex 3 15 10
      vertex 15.9627 15 5
      vertex 0 15 5
    endloop
  endfacet
  facet normal 0 1 0
    outer loop
      vertex 3 15 10
      vertex 0 15 5
      vertex -2 15 5.72794
    endloop
  endfacet
  facet normal 0 1 -0
    outer loop
      vertex -3 15 25
      vertex -7.66751 15 27.7907
      vertex -1.3101e-06 15 25
    endloop
  endfacet
  facet normal 0 1 0
    outer loop
      vertex -3 15 25
      vertex -14.0954 15 10.1303
      vertex -7.66751 15 27.7907
    endloop
  endfacet
  facet normal 0 1 -0
    outer loop
      vertex -3 15 10
      vertex -14.0954 15 10.1303
      vertex -3 15 25
    endloop
  endfacet
  facet normal 0 1 0
    outer loop
      vertex -14.0954 15 10.1303
      vertex -3 15 10
      vertex -2 15 5.72794
    endloop
  endfacet
  facet normal 0 1 -0
    outer loop
      vertex 14.0954 15 -0.130301
      vertex 13.7374 15 0
      vertex 14.1428 15 0
    endloop
  endfacet
  facet normal -0 -1 0
    outer loop
      vertex 14.1428 -15 0
      vertex 13.7374 -15 0
      vertex 14.0954 -15 -0.130301
    endloop
  endfacet
  facet normal 0 -1 0
    outer loop
      vertex 0 -15 5
      vertex -7.66751 -15 27.7907
      vertex -14.0954 -15 10.1303
    endloop
  endfacet
  facet normal 0 -1 0
    outer loop
      vertex -7.66751 -15 27.7907
      vertex 0 -15 5
      vertex 20.5233 -15 17.5301
    endloop
  endfacet
  facet normal 0 -1 0
    outer loop
      vertex 20.5233 -15 17.5301
      vertex 0 -15 5
      vertex 15.9627 -15 5
    endloop
  endfacet
  facet normal 0.939752 0 -0.341857
    outer loop
      vertex 14.1428 -15 0
      vertex 14.0954 15 -0.130301
      vertex 14.1428 15 0
    endloop
  endfacet
  facet normal 0.939752 0 -0.341857
    outer loop
      vertex 14.0954 15 -0.130301
      vertex 14.1428 -15 0
      vertex 14.0954 -15 -0.130301
    endloop
  endfacet
  facet normal 0.939692 0 -0.342021
    outer loop
      vertex 20.5233 -15 17.5301
      vertex 15.9627 15 5
      vertex 20.5233 15 17.5301
    endloop
  endfacet
  facet normal 0.939692 0 -0.342021
    outer loop
      vertex 15.9627 15 5
      vertex 20.5233 -15 17.5301
      vertex 15.9627 -15 5
    endloop
  endfacet
  facet normal -0.939692 0 0.342022
    outer loop
      vertex -14.0954 -15 10.1303
      vertex -7.66751 15 27.7907
      vertex -14.0954 15 10.1303
    endloop
  endfacet
  facet normal -0.939692 0 0.342022
    outer loop
      vertex -7.66751 15 27.7907
      vertex -14.0954 -15 10.1303
      vertex -7.66751 -15 27.7907
    endloop
  endfacet
  facet normal -0.34202 0 -0.939693
    outer loop
      vertex -3 -5.19615 6.09191
      vertex 0 -7.5 5
      vertex 0 -15 5
    endloop
  endfacet
  facet normal -0.342008 4.81326e-06 -0.939697
    outer loop
      vertex 0 -7.5 5
      vertex -0.627171 -5.96713 5.22827
      vertex -0.408765 -5.96713 5.14878
    endloop
  endfacet
  facet normal -0.342024 -2.55594e-06 -0.939691
    outer loop
      vertex 0 -7.5 5
      vertex -1.8541 -5.70634 5.67484
      vertex -0.627171 -5.96713 5.22827
    endloop
  endfacet
  facet normal -0.342014 8.18984e-06 -0.939695
    outer loop
      vertex 0 -7.5 5
      vertex -3 -5.19615 6.09191
      vertex -1.8541 -5.70634 5.67484
    endloop
  endfacet
  facet normal -0.34202 5.58556e-08 -0.939693
    outer loop
      vertex -14.0954 -15 10.1303
      vertex -3 -5.19615 6.09191
      vertex 0 -15 5
    endloop
  endfacet
  facet normal -0.34202 4.45029e-07 -0.939693
    outer loop
      vertex -3 -5.19615 6.09191
      vertex -14.0954 -15 10.1303
      vertex -4.01478 -4.45887 6.46126
    endloop
  endfacet
  facet normal -0.342021 1.54267e-06 -0.939692
    outer loop
      vertex -4.01478 -4.45887 6.46126
      vertex -14.0954 -15 10.1303
      vertex -4.8541 -3.52671 6.76675
    endloop
  endfacet
  facet normal -0.34202 -3.93154e-08 -0.939693
    outer loop
      vertex -5.86889 -1.24747 7.1361
      vertex -14.0954 -15 10.1303
      vertex -6 0 7.18382
    endloop
  endfacet
  facet normal -0.342018 -9.78699e-07 -0.939693
    outer loop
      vertex -5.48127 -2.44042 6.99502
      vertex -14.0954 -15 10.1303
      vertex -5.86889 -1.24747 7.1361
    endloop
  endfacet
  facet normal -0.342019 -3.32734e-07 -0.939693
    outer loop
      vertex -4.8541 -3.52671 6.76675
      vertex -14.0954 -15 10.1303
      vertex -5.48127 -2.44042 6.99502
    endloop
  endfacet
  facet normal -0.34202 0 -0.939693
    outer loop
      vertex -3 5.19615 6.09191
      vertex -2 15 5.72794
      vertex -2 5.64138 5.72794
    endloop
  endfacet
  facet normal -0.34202 5.33938e-08 -0.939693
    outer loop
      vertex -4.01478 4.45887 6.46126
      vertex -2 15 5.72794
      vertex -3 5.19615 6.09191
    endloop
  endfacet
  facet normal -0.342021 -1.54267e-06 -0.939692
    outer loop
      vertex -14.0954 15 10.1303
      vertex -4.01478 4.45887 6.46126
      vertex -4.8541 3.52671 6.76675
    endloop
  endfacet
  facet normal -0.342019 3.32734e-07 -0.939693
    outer loop
      vertex -14.0954 15 10.1303
      vertex -4.8541 3.52671 6.76675
      vertex -5.48127 2.44042 6.99502
    endloop
  endfacet
  facet normal -0.342018 9.78699e-07 -0.939693
    outer loop
      vertex -14.0954 15 10.1303
      vertex -5.48127 2.44042 6.99502
      vertex -5.86889 1.24747 7.1361
    endloop
  endfacet
  facet normal -0.34202 -0 -0.939693
    outer loop
      vertex -14.0954 15 10.1303
      vertex -6 0 7.18382
      vertex -14.0954 -15 10.1303
    endloop
  endfacet
  facet normal -0.34202 3.93154e-08 -0.939693
    outer loop
      vertex -6 0 7.18382
      vertex -14.0954 15 10.1303
      vertex -5.86889 1.24747 7.1361
    endloop
  endfacet
  facet normal -0.34202 -8.73161e-08 -0.939693
    outer loop
      vertex -4.01478 4.45887 6.46126
      vertex -14.0954 15 10.1303
      vertex -2 15 5.72794
    endloop
  endfacet
  facet normal -0.342019 0 -0.939693
    outer loop
      vertex 13.7374 -15 0
      vertex 14.0954 15 -0.130301
      vertex 14.0954 -15 -0.130301
    endloop
  endfacet
  facet normal -0.342019 0 -0.939693
    outer loop
      vertex 14.0954 15 -0.130301
      vertex 13.7374 -15 0
      vertex 13.7374 15 0
    endloop
  endfacet
  facet normal -0.34202 0 -0.939693
    outer loop
      vertex 0 7.5 5
      vertex -2 15 5.72794
      vertex 0 15 5
    endloop
  endfacet
  facet normal 0 1 -0
    outer loop
      vertex -1.3101e-06 18 25
      vertex -21.7822 18 38.249
      vertex 3 18 25
    endloop
  endfacet
  facet normal 0 1 0
    outer loop
      vertex 25.2024 18 21.148
      vertex 3 18 25
      vertex -21.7822 18 38.249
    endloop
  endfacet
  facet normal 0 1 0
    outer loop
      vertex 25.2024 18 21.148
      vertex 3 18 23.9081
      vertex 3 18 25
    endloop
  endfacet
  facet normal 0 1 0
    outer loop
      vertex 3 18 23.9081
      vertex 25.2024 18 21.148
      vertex 23.4923 18 16.4495
    endloop
  endfacet
  facet normal 0 1 0
    outer loop
      vertex -21.7822 18 38.249
      vertex -1.3101e-06 18 25
      vertex -23.4923 18 33.5505
    endloop
  endfacet
  facet normal 0 -1 0
    outer loop
      vertex -23.4923 -18 33.5505
      vertex 25.2024 -18 21.148
      vertex -21.7822 -18 38.249
    endloop
  endfacet
  facet normal -0 -1 0
    outer loop
      vertex 25.2024 -18 21.148
      vertex -23.4923 -18 33.5505
      vertex 23.4923 -18 16.4495
    endloop
  endfacet
  facet normal 0.342006 -3.27457e-05 0.939698
    outer loop
      vertex -15.1892 8.68513 35.8493
      vertex -3.23607 2.35114 31.4987
      vertex -15.0092 9.01705 35.7838
    endloop
  endfacet
  facet normal 0.341978 4.867e-05 0.939708
    outer loop
      vertex -4 0 31.7768
      vertex -14.8505 -9.61883 35.726
      vertex -14.8128 -10 35.7123
    endloop
  endfacet
  facet normal 0.342031 1.97021e-05 0.939689
    outer loop
      vertex -3.23607 2.35114 31.4987
      vertex -15.1892 8.68513 35.8493
      vertex -3.65418 1.62695 31.6509
    endloop
  endfacet
  facet normal 0.342196 -0.00023094 0.939628
    outer loop
      vertex -4 0 31.7768
      vertex -14.8625 -9.49755 35.7304
      vertex -14.8505 -9.61883 35.726
    endloop
  endfacet
  facet normal 0.342181 0.000297412 0.939634
    outer loop
      vertex -15.2465 8.57952 35.8702
      vertex -3.65418 1.62695 31.6509
      vertex -15.1892 8.68513 35.8493
    endloop
  endfacet
  facet normal 0.34206 -5.45047e-05 0.939678
    outer loop
      vertex -4 0 31.7768
      vertex -14.9737 -9.13303 35.7709
      vertex -14.8625 -9.49755 35.7304
    endloop
  endfacet
  facet normal 0.341962 -0.000115446 0.939714
    outer loop
      vertex -15.3232 8.48889 35.8981
      vertex -3.65418 1.62695 31.6509
      vertex -15.2465 8.57952 35.8702
    endloop
  endfacet
  facet normal 0.341921 0.000135238 0.939729
    outer loop
      vertex -4 0 31.7768
      vertex -15.0092 -9.01705 35.7838
      vertex -14.9737 -9.13303 35.7709
    endloop
  endfacet
  facet normal 0.342002 -3.81646e-05 0.939699
    outer loop
      vertex -15.5642 8.20407 35.9858
      vertex -3.65418 1.62695 31.6509
      vertex -15.3232 8.48889 35.8981
    endloop
  endfacet
  facet normal 0.341998 2.80277e-05 0.939701
    outer loop
      vertex -4 0 31.7768
      vertex -15.1892 -8.68513 35.8493
      vertex -15.0092 -9.01705 35.7838
    endloop
  endfacet
  facet normal 0.342043 4.63777e-05 0.939684
    outer loop
      vertex -3.65418 1.62695 31.6509
      vertex -15.5642 8.20407 35.9858
      vertex -3.91259 0.831646 31.745
    endloop
  endfacet
  facet normal 0.342209 -0.000279775 0.939624
    outer loop
      vertex -4 0 31.7768
      vertex -15.2465 -8.57952 35.8702
      vertex -15.1892 -8.68513 35.8493
    endloop
  endfacet
  facet normal 0.341857 -0.000286455 0.939752
    outer loop
      vertex -15.6569 8.13239 36.0195
      vertex -3.91259 0.831646 31.745
      vertex -15.5642 8.20407 35.9858
    endloop
  endfacet
  facet normal 0.34195 0.000104447 0.939718
    outer loop
      vertex -4 0 31.7768
      vertex -15.3232 -8.48889 35.8981
      vertex -15.2465 -8.57952 35.8702
    endloop
  endfacet
  facet normal 0.342067 9.48872e-05 0.939676
    outer loop
      vertex -15.9483 7.90711 36.1256
      vertex -3.91259 0.831646 31.745
      vertex -15.6569 8.13239 36.0195
    endloop
  endfacet
  facet normal 0.341997 3.36345e-05 0.939701
    outer loop
      vertex -4 0 31.7768
      vertex -15.5642 -8.20407 35.9858
      vertex -15.3232 -8.48889 35.8981
    endloop
  endfacet
  facet normal 0.342009 -1.52669e-05 0.939697
    outer loop
      vertex -3.91259 0.831646 31.745
      vertex -15.9483 7.90711 36.1256
      vertex -4 0 31.7768
    endloop
  endfacet
  facet normal 0.341848 0.000272424 0.939755
    outer loop
      vertex -4 0 31.7768
      vertex -15.6569 -8.13239 36.0195
      vertex -15.5642 -8.20407 35.9858
    endloop
  endfacet
  facet normal 0.341951 -0.000114448 0.939718
    outer loop
      vertex -16.2773 7.75121 36.2453
      vertex -4 0 31.7768
      vertex -15.9483 7.90711 36.1256
    endloop
  endfacet
  facet normal 0.342071 -8.92135e-05 0.939674
    outer loop
      vertex -4 0 31.7768
      vertex -15.9483 -7.90711 36.1256
      vertex -15.6569 -8.13239 36.0195
    endloop
  endfacet
  facet normal 0.342015 -0 0.939694
    outer loop
      vertex -16.2773 -7.75122 36.2453
      vertex -4 0 31.7768
      vertex -16.2773 7.75121 36.2453
    endloop
  endfacet
  facet normal 0.341951 0.000114451 0.939718
    outer loop
      vertex -4 0 31.7768
      vertex -16.2773 -7.75122 36.2453
      vertex -15.9483 -7.90711 36.1256
    endloop
  endfacet
  facet normal 0.341959 0 0.939715
    outer loop
      vertex -16.382 7.70161 36.2834
      vertex -16.2773 -7.75122 36.2453
      vertex -16.2773 7.75121 36.2453
    endloop
  endfacet
  facet normal 0.341959 0 0.939715
    outer loop
      vertex -16.382 7.70161 36.2834
      vertex -16.382 -7.70161 36.2834
      vertex -16.2773 -7.75122 36.2453
    endloop
  endfacet
  facet normal 0.342193 0 0.93963
    outer loop
      vertex -16.7343 7.62193 36.4117
      vertex -16.382 -7.70161 36.2834
      vertex -16.382 7.70161 36.2834
    endloop
  endfacet
  facet normal 0.342193 0 0.93963
    outer loop
      vertex -16.7343 7.62193 36.4117
      vertex -16.7343 -7.62193 36.4117
      vertex -16.382 -7.70161 36.2834
    endloop
  endfacet
  facet normal 0.342012 0 0.939695
    outer loop
      vertex -16.8464 7.59657 36.4525
      vertex -16.7343 -7.62193 36.4117
      vertex -16.7343 7.62193 36.4117
    endloop
  endfacet
  facet normal 0.342012 0 0.939695
    outer loop
      vertex -16.8464 7.59657 36.4525
      vertex -16.8464 -7.59657 36.4525
      vertex -16.7343 -7.62193 36.4117
    endloop
  endfacet
  facet normal 0.342061 0 0.939678
    outer loop
      vertex -17.3211 7.59657 36.6253
      vertex -16.8464 -7.59657 36.4525
      vertex -16.8464 7.59657 36.4525
    endloop
  endfacet
  facet normal 0.342061 0 0.939678
    outer loop
      vertex -17.3211 7.59657 36.6253
      vertex -17.3211 -7.59657 36.6253
      vertex -16.8464 -7.59657 36.4525
    endloop
  endfacet
  facet normal 0.342012 0 0.939695
    outer loop
      vertex -17.4332 7.62193 36.6661
      vertex -17.3211 -7.59657 36.6253
      vertex -17.3211 7.59657 36.6253
    endloop
  endfacet
  facet normal 0.342012 0 0.939695
    outer loop
      vertex -17.4332 7.62193 36.6661
      vertex -17.4332 -7.62193 36.6661
      vertex -17.3211 -7.59657 36.6253
    endloop
  endfacet
  facet normal 0.341957 0 0.939716
    outer loop
      vertex -17.7855 7.70161 36.7943
      vertex -17.4332 -7.62193 36.6661
      vertex -17.4332 7.62193 36.6661
    endloop
  endfacet
  facet normal 0.341957 0 0.939716
    outer loop
      vertex -17.7855 7.70161 36.7943
      vertex -17.7855 -7.70161 36.7943
      vertex -17.4332 -7.62193 36.6661
    endloop
  endfacet
  facet normal 0.341959 0 0.939715
    outer loop
      vertex -17.8902 7.75121 36.8324
      vertex -17.7855 -7.70161 36.7943
      vertex -17.7855 7.70161 36.7943
    endloop
  endfacet
  facet normal 0.341959 0 0.939715
    outer loop
      vertex -17.8902 7.75121 36.8324
      vertex -17.8902 -7.75122 36.8324
      vertex -17.7855 -7.70161 36.7943
    endloop
  endfacet
  facet normal 0.341904 0 0.939735
    outer loop
      vertex -18.2192 7.90711 36.9521
      vertex -17.8902 -7.75122 36.8324
      vertex -17.8902 7.75121 36.8324
    endloop
  endfacet
  facet normal 0.341904 0 0.939735
    outer loop
      vertex -18.2192 7.90711 36.9521
      vertex -18.2192 -7.90711 36.9521
      vertex -17.8902 -7.75122 36.8324
    endloop
  endfacet
  facet normal 0.342131 0 0.939652
    outer loop
      vertex -18.5106 8.13239 37.0582
      vertex -18.2192 -7.90711 36.9521
      vertex -18.2192 7.90711 36.9521
    endloop
  endfacet
  facet normal 0.342131 0 0.939652
    outer loop
      vertex -18.5106 8.13239 37.0582
      vertex -18.5106 -8.13239 37.0582
      vertex -18.2192 -7.90711 36.9521
    endloop
  endfacet
  facet normal 0.341662 0 0.939823
    outer loop
      vertex -18.6033 8.20407 37.0919
      vertex -18.5106 -8.13239 37.0582
      vertex -18.5106 8.13239 37.0582
    endloop
  endfacet
  facet normal 0.341662 0 0.939823
    outer loop
      vertex -18.6033 8.20407 37.0919
      vertex -18.6033 -8.20407 37.0919
      vertex -18.5106 -8.13239 37.0582
    endloop
  endfacet
  facet normal 0.341962 0 0.939714
    outer loop
      vertex -18.8443 8.48889 37.1796
      vertex -18.6033 -8.20407 37.0919
      vertex -18.6033 8.20407 37.0919
    endloop
  endfacet
  facet normal 0.341962 0 0.939714
    outer loop
      vertex -18.8443 8.48889 37.1796
      vertex -18.8443 -8.48889 37.1796
      vertex -18.6033 -8.20407 37.0919
    endloop
  endfacet
  facet normal 0.342923 0 0.939364
    outer loop
      vertex -18.921 8.57952 37.2076
      vertex -18.8443 -8.48889 37.1796
      vertex -18.8443 8.48889 37.1796
    endloop
  endfacet
  facet normal 0.342923 0 0.939364
    outer loop
      vertex -18.921 8.57952 37.2076
      vertex -18.921 -8.57952 37.2076
      vertex -18.8443 -8.48889 37.1796
    endloop
  endfacet
  facet normal 0.341216 0 0.939985
    outer loop
      vertex -18.9783 8.68513 37.2284
      vertex -18.921 -8.57952 37.2076
      vertex -18.921 8.57952 37.2076
    endloop
  endfacet
  facet normal 0.341216 0 0.939985
    outer loop
      vertex -18.9783 8.68513 37.2284
      vertex -18.9783 -8.68513 37.2284
      vertex -18.921 -8.57952 37.2076
    endloop
  endfacet
  facet normal 0.342414 0 0.939549
    outer loop
      vertex -19.1583 9.01705 37.294
      vertex -18.9783 -8.68513 37.2284
      vertex -18.9783 8.68513 37.2284
    endloop
  endfacet
  facet normal 0.342414 0 0.939549
    outer loop
      vertex -19.1583 9.01705 37.294
      vertex -19.1583 -9.01705 37.294
      vertex -18.9783 -8.68513 37.2284
    endloop
  endfacet
  facet normal 0.339189 0 0.940718
    outer loop
      vertex -19.1938 9.13303 37.3068
      vertex -19.1583 -9.01705 37.294
      vertex -19.1583 9.01705 37.294
    endloop
  endfacet
  facet normal 0.339189 0 0.940718
    outer loop
      vertex -19.1938 9.13303 37.3068
      vertex -19.1938 -9.13303 37.3068
      vertex -19.1583 -9.01705 37.294
    endloop
  endfacet
  facet normal 0.342964 0 0.939349
    outer loop
      vertex -19.305 9.49755 37.3474
      vertex -19.1938 -9.13303 37.3068
      vertex -19.1938 9.13303 37.3068
    endloop
  endfacet
  facet normal 0.342964 0 0.939349
    outer loop
      vertex -19.305 9.49755 37.3474
      vertex -19.305 -9.49755 37.3474
      vertex -19.1938 -9.13303 37.3068
    endloop
  endfacet
  facet normal 0.342252 7.93638e-05 0.939608
    outer loop
      vertex -21.7822 18 38.249
      vertex -19.305 9.49755 37.3474
      vertex -19.3427 9.87872 37.3611
    endloop
  endfacet
  facet normal 0.342011 0 0.939696
    outer loop
      vertex -19.305 9.49755 37.3474
      vertex -21.7822 18 38.249
      vertex -19.305 -9.49755 37.3474
    endloop
  endfacet
  facet normal 0.344312 0.000780537 0.938855
    outer loop
      vertex -21.7822 18 38.249
      vertex -19.3427 9.87872 37.3611
      vertex -19.3547 10 37.3654
    endloop
  endfacet
  facet normal 0.342011 -0 0.939696
    outer loop
      vertex -21.7822 -18 38.249
      vertex -19.305 -9.49755 37.3474
      vertex -21.7822 18 38.249
    endloop
  endfacet
  facet normal 0.342023 0 0.939691
    outer loop
      vertex 25.2024 18 21.148
      vertex 22.7253 9.49755 22.0496
      vertex 25.2024 -18 21.148
    endloop
  endfacet
  facet normal 0.342232 7.7135e-05 0.939616
    outer loop
      vertex 25.2024 -18 21.148
      vertex 22.7372 -9.61883 22.0452
      vertex 22.7749 -10 22.0315
    endloop
  endfacet
  facet normal 0.342023 -0 0.939691
    outer loop
      vertex 22.7253 -9.49755 22.0496
      vertex 25.2024 -18 21.148
      vertex 22.7253 9.49755 22.0496
    endloop
  endfacet
  facet normal 0.339587 -0.000803468 0.940574
    outer loop
      vertex 25.2024 -18 21.148
      vertex 22.7253 -9.49755 22.0496
      vertex 22.7372 -9.61883 22.0452
    endloop
  endfacet
  facet normal 0.341946 0 0.939719
    outer loop
      vertex 22.614 9.13303 22.0901
      vertex 22.7253 -9.49755 22.0496
      vertex 22.7253 9.49755 22.0496
    endloop
  endfacet
  facet normal 0.341946 0 0.939719
    outer loop
      vertex 22.614 9.13303 22.0901
      vertex 22.614 -9.13303 22.0901
      vertex 22.7253 -9.49755 22.0496
    endloop
  endfacet
  facet normal 0.34153 0 0.939871
    outer loop
      vertex 22.5785 9.01705 22.103
      vertex 22.614 -9.13303 22.0901
      vertex 22.614 9.13303 22.0901
    endloop
  endfacet
  facet normal 0.34153 0 0.939871
    outer loop
      vertex 22.5785 9.01705 22.103
      vertex 22.5785 -9.01705 22.103
      vertex 22.614 -9.13303 22.0901
    endloop
  endfacet
  facet normal 0.341953 0 0.939717
    outer loop
      vertex 22.3985 8.68513 22.1685
      vertex 22.5785 -9.01705 22.103
      vertex 22.5785 9.01705 22.103
    endloop
  endfacet
  facet normal 0.341953 0 0.939717
    outer loop
      vertex 22.3985 8.68513 22.1685
      vertex 22.3985 -8.68513 22.1685
      vertex 22.5785 -9.01705 22.103
    endloop
  endfacet
  facet normal 0.342664 0 0.939458
    outer loop
      vertex 22.3412 8.57952 22.1894
      vertex 22.3985 -8.68513 22.1685
      vertex 22.3985 8.68513 22.1685
    endloop
  endfacet
  facet normal 0.342664 0 0.939458
    outer loop
      vertex 22.3412 8.57952 22.1894
      vertex 22.3412 -8.57952 22.1894
      vertex 22.3985 -8.68513 22.1685
    endloop
  endfacet
  facet normal 0.341841 0 0.939758
    outer loop
      vertex 22.2645 8.48889 22.2173
      vertex 22.3412 -8.57952 22.1894
      vertex 22.3412 8.57952 22.1894
    endloop
  endfacet
  facet normal 0.341841 0 0.939758
    outer loop
      vertex 22.2645 8.48889 22.2173
      vertex 22.2645 -8.48889 22.2173
      vertex 22.3412 -8.57952 22.1894
    endloop
  endfacet
  facet normal 0.341962 0 0.939714
    outer loop
      vertex 22.0235 8.20407 22.305
      vertex 22.2645 -8.48889 22.2173
      vertex 22.2645 8.48889 22.2173
    endloop
  endfacet
  facet normal 0.341962 0 0.939714
    outer loop
      vertex 22.0235 8.20407 22.305
      vertex 22.0235 -8.20407 22.305
      vertex 22.2645 -8.48889 22.2173
    endloop
  endfacet
  facet normal 0.341662 0 0.939823
    outer loop
      vertex 21.9308 8.13239 22.3387
      vertex 22.0235 -8.20407 22.305
      vertex 22.0235 8.20407 22.305
    endloop
  endfacet
  facet normal 0.341662 0 0.939823
    outer loop
      vertex 21.9308 8.13239 22.3387
      vertex 21.9308 -8.13239 22.3387
      vertex 22.0235 -8.20407 22.305
    endloop
  endfacet
  facet normal 0.342131 0 0.939652
    outer loop
      vertex 21.6394 7.90711 22.4448
      vertex 21.9308 -8.13239 22.3387
      vertex 21.9308 8.13239 22.3387
    endloop
  endfacet
  facet normal 0.342131 0 0.939652
    outer loop
      vertex 21.6394 7.90711 22.4448
      vertex 21.6394 -7.90711 22.4448
      vertex 21.9308 -8.13239 22.3387
    endloop
  endfacet
  facet normal 0.341904 0 0.939735
    outer loop
      vertex 21.3104 7.75121 22.5645
      vertex 21.6394 -7.90711 22.4448
      vertex 21.6394 7.90711 22.4448
    endloop
  endfacet
  facet normal 0.341904 0 0.939735
    outer loop
      vertex 21.3104 7.75121 22.5645
      vertex 21.3104 -7.75122 22.5645
      vertex 21.6394 -7.90711 22.4448
    endloop
  endfacet
  facet normal 0.341959 0 0.939715
    outer loop
      vertex 21.2057 7.70161 22.6026
      vertex 21.3104 -7.75122 22.5645
      vertex 21.3104 7.75121 22.5645
    endloop
  endfacet
  facet normal 0.341959 0 0.939715
    outer loop
      vertex 21.2057 7.70161 22.6026
      vertex 21.2057 -7.70161 22.6026
      vertex 21.3104 -7.75122 22.5645
    endloop
  endfacet
  facet normal 0.342193 0 0.93963
    outer loop
      vertex 20.8534 7.62193 22.7309
      vertex 21.2057 -7.70161 22.6026
      vertex 21.2057 7.70161 22.6026
    endloop
  endfacet
  facet normal 0.342193 0 0.93963
    outer loop
      vertex 20.8534 7.62193 22.7309
      vertex 20.8534 -7.62193 22.7309
      vertex 21.2057 -7.70161 22.6026
    endloop
  endfacet
  facet normal 0.342012 0 0.939695
    outer loop
      vertex 20.7413 7.59657 22.7717
      vertex 20.8534 -7.62193 22.7309
      vertex 20.8534 7.62193 22.7309
    endloop
  endfacet
  facet normal 0.342012 0 0.939695
    outer loop
      vertex 20.7413 7.59657 22.7717
      vertex 20.7413 -7.59657 22.7717
      vertex 20.8534 -7.62193 22.7309
    endloop
  endfacet
  facet normal 0.342061 0 0.939678
    outer loop
      vertex 20.2666 7.59657 22.9445
      vertex 20.7413 -7.59657 22.7717
      vertex 20.7413 7.59657 22.7717
    endloop
  endfacet
  facet normal 0.342061 0 0.939678
    outer loop
      vertex 20.2666 7.59657 22.9445
      vertex 20.2666 -7.59657 22.9445
      vertex 20.7413 -7.59657 22.7717
    endloop
  endfacet
  facet normal 0.342012 0 0.939695
    outer loop
      vertex 20.1545 7.62193 22.9853
      vertex 20.2666 -7.59657 22.9445
      vertex 20.2666 7.59657 22.9445
    endloop
  endfacet
  facet normal 0.342012 0 0.939695
    outer loop
      vertex 20.1545 7.62193 22.9853
      vertex 20.1545 -7.62193 22.9853
      vertex 20.2666 -7.59657 22.9445
    endloop
  endfacet
  facet normal 0.341957 0 0.939716
    outer loop
      vertex 19.8022 7.70161 23.1135
      vertex 20.1545 -7.62193 22.9853
      vertex 20.1545 7.62193 22.9853
    endloop
  endfacet
  facet normal 0.341957 0 0.939716
    outer loop
      vertex 19.8022 7.70161 23.1135
      vertex 19.8022 -7.70161 23.1135
      vertex 20.1545 -7.62193 22.9853
    endloop
  endfacet
  facet normal 0.341959 0 0.939715
    outer loop
      vertex 19.6975 7.75121 23.1516
      vertex 19.8022 -7.70161 23.1135
      vertex 19.8022 7.70161 23.1135
    endloop
  endfacet
  facet normal 0.341959 0 0.939715
    outer loop
      vertex 19.6975 7.75121 23.1516
      vertex 19.6975 -7.75122 23.1516
      vertex 19.8022 -7.70161 23.1135
    endloop
  endfacet
  facet normal 0.341904 0 0.939735
    outer loop
      vertex 19.3685 7.90711 23.2713
      vertex 19.6975 -7.75122 23.1516
      vertex 19.6975 7.75121 23.1516
    endloop
  endfacet
  facet normal 0.341904 0 0.939735
    outer loop
      vertex 19.3685 7.90711 23.2713
      vertex 19.3685 -7.90711 23.2713
      vertex 19.6975 -7.75122 23.1516
    endloop
  endfacet
  facet normal 0.342065 -9.67437e-05 0.939676
    outer loop
      vertex 4 0 28.865
      vertex 19.3685 7.90711 23.2713
      vertex 19.0771 8.13239 23.3774
    endloop
  endfacet
  facet normal 0.342021 0 0.939692
    outer loop
      vertex 19.3685 7.90711 23.2713
      vertex 4 0 28.865
      vertex 19.3685 -7.90711 23.2713
    endloop
  endfacet
  facet normal 0.341872 0.000308494 0.939746
    outer loop
      vertex 4 0 28.865
      vertex 19.0771 8.13239 23.3774
      vertex 18.9844 8.20407 23.4111
    endloop
  endfacet
  facet normal 0.342065 9.67437e-05 0.939676
    outer loop
      vertex 19.3685 -7.90711 23.2713
      vertex 4 0 28.865
      vertex 19.0771 -8.13239 23.3774
    endloop
  endfacet
  facet normal 0.342004 3.96289e-05 0.939699
    outer loop
      vertex 3.91259 0.831646 28.8968
      vertex 18.9844 8.20407 23.4111
      vertex 18.7434 8.48889 23.4988
    endloop
  endfacet
  facet normal 0.341872 -0.000308494 0.939746
    outer loop
      vertex 19.0771 -8.13239 23.3774
      vertex 4 0 28.865
      vertex 18.9844 -8.20407 23.4111
    endloop
  endfacet
  facet normal 0.342296 -0.000601323 0.939592
    outer loop
      vertex 3.91259 0.831646 28.8968
      vertex 18.7434 8.48889 23.4988
      vertex 18.6667 8.57952 23.5268
    endloop
  endfacet
  facet normal 0.342014 -1.57922e-05 0.939695
    outer loop
      vertex 3.91259 -0.831646 28.8968
      vertex 18.9844 -8.20407 23.4111
      vertex 4 0 28.865
    endloop
  endfacet
  facet normal 0.341858 0.000394362 0.939751
    outer loop
      vertex 3.65418 1.62695 28.9909
      vertex 18.6667 8.57952 23.5268
      vertex 18.6094 8.68513 23.5476
    endloop
  endfacet
  facet normal 0.342004 -3.96289e-05 0.939699
    outer loop
      vertex 18.9844 -8.20407 23.4111
      vertex 3.91259 -0.831646 28.8968
      vertex 18.7434 -8.48889 23.4988
    endloop
  endfacet
  facet normal 0.342008 3.42287e-05 0.939697
    outer loop
      vertex 3.65418 1.62695 28.9909
      vertex 18.6094 8.68513 23.5476
      vertex 18.4294 9.01705 23.6131
    endloop
  endfacet
  facet normal 0.342296 0.000601323 0.939592
    outer loop
      vertex 18.7434 -8.48889 23.4988
      vertex 3.91259 -0.831646 28.8968
      vertex 18.6667 -8.57952 23.5268
    endloop
  endfacet
  facet normal 0.341966 0.000150937 0.939712
    outer loop
      vertex 3.23607 2.35114 29.1431
      vertex 18.4294 9.01705 23.6131
      vertex 18.3939 9.13303 23.626
    endloop
  endfacet
  facet normal 0.342039 4.78903e-05 0.939686
    outer loop
      vertex 3.65418 -1.62695 28.9909
      vertex 18.6667 -8.57952 23.5268
      vertex 3.91259 -0.831646 28.8968
    endloop
  endfacet
  facet normal 0.342049 -5.84499e-05 0.939682
    outer loop
      vertex 3.23607 2.35114 29.1431
      vertex 18.3939 9.13303 23.626
      vertex 18.2827 9.49755 23.6665
    endloop
  endfacet
  facet normal 0.341858 -0.000394362 0.939751
    outer loop
      vertex 18.6667 -8.57952 23.5268
      vertex 3.65418 -1.62695 28.9909
      vertex 18.6094 -8.68513 23.5476
    endloop
  endfacet
  facet normal 0.342002 5.1406e-05 0.939699
    outer loop
      vertex 2.67652 2.97258 29.3467
      vertex 18.2827 9.49755 23.6665
      vertex 18.245 9.87872 23.6802
    endloop
  endfacet
  facet normal 0.342008 -3.42287e-05 0.939697
    outer loop
      vertex 18.6094 -8.68513 23.5476
      vertex 3.65418 -1.62695 28.9909
      vertex 18.4294 -9.01705 23.6131
    endloop
  endfacet
  facet normal 0.342116 -0.000239947 0.939658
    outer loop
      vertex 2.67652 2.97258 29.3467
      vertex 18.245 9.87872 23.6802
      vertex 18.233 10 23.6846
    endloop
  endfacet
  facet normal 0.342032 1.88433e-05 0.939688
    outer loop
      vertex 3.23607 -2.35114 29.1431
      vertex 18.4294 -9.01705 23.6131
      vertex 3.65418 -1.62695 28.9909
    endloop
  endfacet
  facet normal 0.342232 -7.7135e-05 0.939616
    outer loop
      vertex 22.7372 9.61883 22.0452
      vertex 25.2024 18 21.148
      vertex 22.7749 10 22.0315
    endloop
  endfacet
  facet normal 0.341893 3.92144e-05 0.939739
    outer loop
      vertex 25.2024 18 21.148
      vertex 22.7372 10.3812 22.0452
      vertex 22.7749 10 22.0315
    endloop
  endfacet
  facet normal 0.343119 -0.00041024 0.939292
    outer loop
      vertex 25.2024 18 21.148
      vertex 22.7253 10.5025 22.0496
      vertex 22.7372 10.3812 22.0452
    endloop
  endfacet
  facet normal 0.341986 1.38086e-05 0.939705
    outer loop
      vertex 25.2024 18 21.148
      vertex 22.614 10.867 22.0901
      vertex 22.7253 10.5025 22.0496
    endloop
  endfacet
  facet normal 0.341796 9.20549e-05 0.939774
    outer loop
      vertex 25.2024 18 21.148
      vertex 22.5785 10.9829 22.103
      vertex 22.614 10.867 22.0901
    endloop
  endfacet
  facet normal 0.341977 1.52126e-05 0.939708
    outer loop
      vertex 25.2024 18 21.148
      vertex 22.3985 11.3149 22.1685
      vertex 22.5785 10.9829 22.103
    endloop
  endfacet
  facet normal 0.342379 -0.000175503 0.939562
    outer loop
      vertex 25.2024 18 21.148
      vertex 22.3412 11.4205 22.1894
      vertex 22.3985 11.3149 22.1685
    endloop
  endfacet
  facet normal 0.341903 5.89278e-05 0.939735
    outer loop
      vertex 25.2024 18 21.148
      vertex 22.2645 11.5111 22.2173
      vertex 22.3412 11.4205 22.1894
    endloop
  endfacet
  facet normal 0.341982 1.85824e-05 0.939707
    outer loop
      vertex 25.2024 18 21.148
      vertex 22.0235 11.7959 22.305
      vertex 22.2645 11.5111 22.2173
    endloop
  endfacet
  facet normal 0.341762 0.000146249 0.939787
    outer loop
      vertex 25.2024 18 21.148
      vertex 21.9308 11.8676 22.3387
      vertex 22.0235 11.7959 22.305
    endloop
  endfacet
  facet normal 0.342094 -5.46435e-05 0.939666
    outer loop
      vertex 25.2024 18 21.148
      vertex 21.6394 12.0929 22.4448
      vertex 21.9308 11.8676 22.3387
    endloop
  endfacet
  facet normal 0.341928 5.87021e-05 0.939726
    outer loop
      vertex 25.2024 18 21.148
      vertex 21.3104 12.2488 22.5645
      vertex 21.6394 12.0929 22.4448
    endloop
  endfacet
  facet normal 0.34197 2.64118e-05 0.939711
    outer loop
      vertex 25.2024 18 21.148
      vertex 21.2057 12.2984 22.6026
      vertex 21.3104 12.2488 22.5645
    endloop
  endfacet
  facet normal 0.342167 -0.00012962 0.939639
    outer loop
      vertex 25.2024 18 21.148
      vertex 20.8534 12.3781 22.7309
      vertex 21.2057 12.2984 22.6026
    endloop
  endfacet
  facet normal 0.342013 4.93812e-06 0.939695
    outer loop
      vertex 25.2024 18 21.148
      vertex 20.7413 12.4034 22.7717
      vertex 20.8534 12.3781 22.7309
    endloop
  endfacet
  facet normal 0.342061 -3.809e-05 0.939678
    outer loop
      vertex 25.2024 18 21.148
      vertex 20.2666 12.4034 22.9445
      vertex 20.7413 12.4034 22.7717
    endloop
  endfacet
  facet normal 0.34201 1.31089e-05 0.939696
    outer loop
      vertex 25.2024 18 21.148
      vertex 20.1545 12.3781 22.9853
      vertex 20.2666 12.4034 22.9445
    endloop
  endfacet
  facet normal 0.341941 8.33633e-05 0.939722
    outer loop
      vertex 25.2024 18 21.148
      vertex 19.8022 12.2984 23.1135
      vertex 20.1545 12.3781 22.9853
    endloop
  endfacet
  facet normal 0.341911 0.000114873 0.939732
    outer loop
      vertex 25.2024 18 21.148
      vertex 19.6975 12.2488 23.1516
      vertex 19.8022 12.2984 23.1135
    endloop
  endfacet
  facet normal 0.341809 0.000225296 0.939769
    outer loop
      vertex 25.2024 18 21.148
      vertex 19.3685 12.0929 23.2713
      vertex 19.6975 12.2488 23.1516
    endloop
  endfacet
  facet normal 0.342021 -1.1438e-05 0.939692
    outer loop
      vertex -15.9483 12.0929 36.1256
      vertex 19.3685 12.0929 23.2713
      vertex 25.2024 18 21.148
    endloop
  endfacet
  facet normal 0.342021 0.000161731 0.939692
    outer loop
      vertex 19.3685 12.0929 23.2713
      vertex -15.9483 12.0929 36.1256
      vertex 19.0771 11.8676 23.3774
    endloop
  endfacet
  facet normal 0.342045 -5.62089e-05 0.939684
    outer loop
      vertex 2.67652 2.97258 29.3467
      vertex 18.245 10.1213 23.6802
      vertex 18.2827 10.5025 23.6665
    endloop
  endfacet
  facet normal 0.341966 -0.000150937 0.939712
    outer loop
      vertex 18.4294 -9.01705 23.6131
      vertex 3.23607 -2.35114 29.1431
      vertex 18.3939 -9.13303 23.626
    endloop
  endfacet
  facet normal 0.341916 0.000262376 0.939731
    outer loop
      vertex 18.245 10.1213 23.6802
      vertex 2.67652 2.97258 29.3467
      vertex 18.233 10 23.6846
    endloop
  endfacet
  facet normal 0.341989 7.90939e-05 0.939704
    outer loop
      vertex 2 3.4641 29.5929
      vertex 18.2827 10.5025 23.6665
      vertex 18.3939 10.867 23.626
    endloop
  endfacet
  facet normal 0.342099 -0.000197225 0.939664
    outer loop
      vertex 2 3.4641 29.5929
      vertex 18.3939 10.867 23.626
      vertex 18.4294 10.9829 23.6131
    endloop
  endfacet
  facet normal 0.342042 -5.50881e-05 0.939685
    outer loop
      vertex 1.23607 3.80423 29.871
      vertex 18.4294 10.9829 23.6131
      vertex 18.6094 11.3149 23.5476
    endloop
  endfacet
  facet normal 0.342268 -0.000646061 0.939602
    outer loop
      vertex 1.23607 3.80423 29.871
      vertex 18.6094 11.3149 23.5476
      vertex 18.6667 11.4205 23.5268
    endloop
  endfacet
  facet normal 0.341541 0.00132553 0.939866
    outer loop
      vertex 0.418114 3.97809 30.1687
      vertex 18.6667 11.4205 23.5268
      vertex 18.7434 11.5111 23.4988
    endloop
  endfacet
  facet normal 0.342054 -8.78829e-05 0.93968
    outer loop
      vertex 0.418114 3.97809 30.1687
      vertex 18.7434 11.5111 23.4988
      vertex 18.9844 11.7959 23.4111
    endloop
  endfacet
  facet normal 0.342017 -0.000520337 0.939694
    outer loop
      vertex 19.0771 11.8676 23.3774
      vertex -15.9483 12.0929 36.1256
      vertex 18.9844 11.7959 23.4111
    endloop
  endfacet
  facet normal 0.342014 1.57922e-05 0.939695
    outer loop
      vertex 18.9844 8.20407 23.4111
      vertex 3.91259 0.831646 28.8968
      vertex 4 0 28.865
    endloop
  endfacet
  facet normal 0.342039 -4.78903e-05 0.939686
    outer loop
      vertex 18.6667 8.57952 23.5268
      vertex 3.65418 1.62695 28.9909
      vertex 3.91259 0.831646 28.8968
    endloop
  endfacet
  facet normal 0.342032 -1.88433e-05 0.939688
    outer loop
      vertex 18.4294 9.01705 23.6131
      vertex 3.23607 2.35114 29.1431
      vertex 3.65418 1.62695 28.9909
    endloop
  endfacet
  facet normal 0.341997 6.60049e-05 0.939701
    outer loop
      vertex 18.2827 9.49755 23.6665
      vertex 2.67652 2.97258 29.3467
      vertex 3.23607 2.35114 29.1431
    endloop
  endfacet
  facet normal 0.342004 3.88241e-05 0.939698
    outer loop
      vertex 18.2827 10.5025 23.6665
      vertex 2 3.4641 29.5929
      vertex 2.67652 2.97258 29.3467
    endloop
  endfacet
  facet normal 0.342049 -7.1938e-05 0.939682
    outer loop
      vertex 18.4294 10.9829 23.6131
      vertex 1.23607 3.80423 29.871
      vertex 2 3.4641 29.5929
    endloop
  endfacet
  facet normal 0.342012 1.8053e-05 0.939696
    outer loop
      vertex 18.6667 11.4205 23.5268
      vertex 0.418114 3.97809 30.1687
      vertex 1.23607 3.80423 29.871
    endloop
  endfacet
  facet normal 0.342021 4.96805e-07 0.939692
    outer loop
      vertex 18.9844 11.7959 23.4111
      vertex -15.5642 11.7959 35.9858
      vertex 0.418114 3.97809 30.1687
    endloop
  endfacet
  facet normal 0.342062 9.58681e-05 0.939677
    outer loop
      vertex -15.3232 11.5111 35.8981
      vertex 0.418114 3.97809 30.1687
      vertex -15.5642 11.7959 35.9858
    endloop
  endfacet
  facet normal 0.342144 0.000290539 0.939647
    outer loop
      vertex -15.2465 11.4205 35.8702
      vertex 0.418114 3.97809 30.1687
      vertex -15.3232 11.5111 35.8981
    endloop
  endfacet
  facet normal 0.342053 5.70176e-05 0.939681
    outer loop
      vertex -14.9737 9.13303 35.7709
      vertex -3.23607 2.35114 31.4987
      vertex -14.8625 9.49755 35.7304
    endloop
  endfacet
  facet normal 0.34199 -5.91579e-05 0.939704
    outer loop
      vertex -2.67652 2.97258 31.2951
      vertex -14.8625 9.49755 35.7304
      vertex -3.23607 2.35114 31.4987
    endloop
  endfacet
  facet normal 0.342131 0.00023833 0.939652
    outer loop
      vertex -14.8625 9.49755 35.7304
      vertex -2.67652 2.97258 31.2951
      vertex -14.8505 9.61883 35.726
    endloop
  endfacet
  facet normal 0.341991 -5.02241e-05 0.939703
    outer loop
      vertex -14.8505 9.61883 35.726
      vertex -2.67652 2.97258 31.2951
      vertex -14.8128 10 35.7123
    endloop
  endfacet
  facet normal 0.342055 7.37777e-05 0.93968
    outer loop
      vertex -2 3.4641 31.0488
      vertex -14.8128 10 35.7123
      vertex -2.67652 2.97258 31.2951
    endloop
  endfacet
  facet normal 0.342042 5.50344e-05 0.939685
    outer loop
      vertex -15.0092 10.9829 35.7838
      vertex -0.418114 3.97809 30.4731
      vertex -15.1892 11.3149 35.8493
    endloop
  endfacet
  facet normal 0.342047 5.64458e-05 0.939683
    outer loop
      vertex -2 3.4641 31.0488
      vertex -14.8505 10.3812 35.726
      vertex -14.8128 10 35.7123
    endloop
  endfacet
  facet normal 0.341894 -0.000264774 0.939738
    outer loop
      vertex -2 3.4641 31.0488
      vertex -14.8625 10.5025 35.7304
      vertex -14.8505 10.3812 35.726
    endloop
  endfacet
  facet normal 0.341992 -6.16418e-05 0.939703
    outer loop
      vertex -1.23607 3.80423 30.7708
      vertex -14.8625 10.5025 35.7304
      vertex -2 3.4641 31.0488
    endloop
  endfacet
  facet normal 0.341984 -8.07711e-05 0.939706
    outer loop
      vertex -14.8625 10.5025 35.7304
      vertex -1.23607 3.80423 30.7708
      vertex -14.9737 10.867 35.7709
    endloop
  endfacet
  facet normal 0.342112 0.000201822 0.939659
    outer loop
      vertex -14.9737 10.867 35.7709
      vertex -1.23607 3.80423 30.7708
      vertex -15.0092 10.9829 35.7838
    endloop
  endfacet
  facet normal 0.342012 -1.735e-05 0.939696
    outer loop
      vertex -0.418114 3.97809 30.4731
      vertex -15.0092 10.9829 35.7838
      vertex -1.23607 3.80423 30.7708
    endloop
  endfacet
  facet normal 0.34178 -0.000543893 0.93978
    outer loop
      vertex -15.1892 11.3149 35.8493
      vertex -0.418114 3.97809 30.4731
      vertex -15.2465 11.4205 35.8702
    endloop
  endfacet
  facet normal 0.342058 8.37316e-05 0.939679
    outer loop
      vertex 0.418114 3.97809 30.1687
      vertex -15.2465 11.4205 35.8702
      vertex -0.418114 3.97809 30.4731
    endloop
  endfacet
  facet normal 0.342021 0.000526104 0.939692
    outer loop
      vertex 18.9844 11.7959 23.4111
      vertex -15.6569 11.8676 36.0195
      vertex -15.5642 11.7959 35.9858
    endloop
  endfacet
  facet normal 0.34202 -0.000163481 0.939693
    outer loop
      vertex 18.9844 11.7959 23.4111
      vertex -15.9483 12.0929 36.1256
      vertex -15.6569 11.8676 36.0195
    endloop
  endfacet
  facet normal 0.34202 -5.33507e-06 0.939693
    outer loop
      vertex -21.7822 18 38.249
      vertex -15.9483 12.0929 36.1256
      vertex 25.2024 18 21.148
    endloop
  endfacet
  facet normal 0.341797 -0.000255201 0.939774
    outer loop
      vertex -15.9483 12.0929 36.1256
      vertex -21.7822 18 38.249
      vertex -16.2773 12.2488 36.2453
    endloop
  endfacet
  facet normal 0.341899 -0.000144769 0.939737
    outer loop
      vertex -16.2773 12.2488 36.2453
      vertex -21.7822 18 38.249
      vertex -16.382 12.2984 36.2834
    endloop
  endfacet
  facet normal 0.342236 0.000217169 0.939614
    outer loop
      vertex -16.382 12.2984 36.2834
      vertex -21.7822 18 38.249
      vertex -16.7343 12.3781 36.4117
    endloop
  endfacet
  facet normal 0.34201 -1.31089e-05 0.939696
    outer loop
      vertex -16.7343 12.3781 36.4117
      vertex -21.7822 18 38.249
      vertex -16.8464 12.4034 36.4525
    endloop
  endfacet
  facet normal 0.341975 -3.87846e-05 0.939709
    outer loop
      vertex -21.7822 18 38.249
      vertex -17.8902 12.2488 36.8324
      vertex -17.7855 12.2984 36.7943
    endloop
  endfacet
  facet normal 0.341575 -0.000220396 0.939854
    outer loop
      vertex -21.7822 18 38.249
      vertex -18.9783 11.3149 37.2284
      vertex -18.921 11.4205 37.2076
    endloop
  endfacet
  facet normal 0.342252 -7.93638e-05 0.939608
    outer loop
      vertex -19.305 -9.49755 37.3474
      vertex -21.7822 -18 38.249
      vertex -19.3427 -9.87872 37.3611
    endloop
  endfacet
  facet normal 0.340885 -0.000397152 0.940105
    outer loop
      vertex -19.3427 10.1213 37.3611
      vertex -21.7822 18 38.249
      vertex -19.3547 10 37.3654
    endloop
  endfacet
  facet normal 0.341903 -4.03477e-05 0.939735
    outer loop
      vertex -19.305 10.5025 37.3474
      vertex -21.7822 18 38.249
      vertex -19.3427 10.1213 37.3611
    endloop
  endfacet
  facet normal 0.342469 0.000171172 0.939529
    outer loop
      vertex -19.1938 10.867 37.3068
      vertex -21.7822 18 38.249
      vertex -19.305 10.5025 37.3474
    endloop
  endfacet
  facet normal 0.340742 -0.000538007 0.940157
    outer loop
      vertex -19.1583 10.9829 37.294
      vertex -21.7822 18 38.249
      vertex -19.1938 10.867 37.3068
    endloop
  endfacet
  facet normal 0.34225 0.000100309 0.939609
    outer loop
      vertex -18.9783 11.3149 37.2284
      vertex -21.7822 18 38.249
      vertex -19.1583 10.9829 37.294
    endloop
  endfacet
  facet normal 0.342617 0.000292983 0.939475
    outer loop
      vertex -18.8443 11.5111 37.1796
      vertex -21.7822 18 38.249
      vertex -18.921 11.4205 37.2076
    endloop
  endfacet
  facet normal 0.341991 -2.80164e-05 0.939703
    outer loop
      vertex -18.6033 11.7959 37.0919
      vertex -21.7822 18 38.249
      vertex -18.8443 11.5111 37.1796
    endloop
  endfacet
  facet normal 0.341769 -0.000157097 0.939784
    outer loop
      vertex -18.5106 11.8676 37.0582
      vertex -21.7822 18 38.249
      vertex -18.6033 11.7959 37.0919
    endloop
  endfacet
  facet normal 0.342102 4.37951e-05 0.939663
    outer loop
      vertex -18.2192 12.0929 36.9521
      vertex -21.7822 18 38.249
      vertex -18.5106 11.8676 37.0582
    endloop
  endfacet
  facet normal 0.341933 -7.10742e-05 0.939724
    outer loop
      vertex -17.8902 12.2488 36.8324
      vertex -21.7822 18 38.249
      vertex -18.2192 12.0929 36.9521
    endloop
  endfacet
  facet normal 0.341966 -4.59799e-05 0.939712
    outer loop
      vertex -17.4332 12.3781 36.6661
      vertex -21.7822 18 38.249
      vertex -17.7855 12.2984 36.7943
    endloop
  endfacet
  facet normal 0.342013 -4.93812e-06 0.939695
    outer loop
      vertex -17.3211 12.4034 36.6253
      vertex -21.7822 18 38.249
      vertex -17.4332 12.3781 36.6661
    endloop
  endfacet
  facet normal 0.342061 3.809e-05 0.939678
    outer loop
      vertex -16.8464 12.4034 36.4525
      vertex -21.7822 18 38.249
      vertex -17.3211 12.4034 36.6253
    endloop
  endfacet
  facet normal 0.339587 0.000803468 0.940574
    outer loop
      vertex 22.7253 9.49755 22.0496
      vertex 25.2024 18 21.148
      vertex 22.7372 9.61883 22.0452
    endloop
  endfacet
  facet normal 0.341893 -3.92144e-05 0.939739
    outer loop
      vertex 22.7372 -10.3812 22.0452
      vertex 25.2024 -18 21.148
      vertex 22.7749 -10 22.0315
    endloop
  endfacet
  facet normal 0.343119 0.00041024 0.939292
    outer loop
      vertex 22.7253 -10.5025 22.0496
      vertex 25.2024 -18 21.148
      vertex 22.7372 -10.3812 22.0452
    endloop
  endfacet
  facet normal 0.341986 -1.38086e-05 0.939705
    outer loop
      vertex 22.614 -10.867 22.0901
      vertex 25.2024 -18 21.148
      vertex 22.7253 -10.5025 22.0496
    endloop
  endfacet
  facet normal 0.341796 -9.20549e-05 0.939774
    outer loop
      vertex 22.5785 -10.9829 22.103
      vertex 25.2024 -18 21.148
      vertex 22.614 -10.867 22.0901
    endloop
  endfacet
  facet normal 0.341977 -1.52126e-05 0.939708
    outer loop
      vertex 22.3985 -11.3149 22.1685
      vertex 25.2024 -18 21.148
      vertex 22.5785 -10.9829 22.103
    endloop
  endfacet
  facet normal 0.342379 0.000175503 0.939562
    outer loop
      vertex 22.3412 -11.4205 22.1894
      vertex 25.2024 -18 21.148
      vertex 22.3985 -11.3149 22.1685
    endloop
  endfacet
  facet normal 0.341903 -5.89278e-05 0.939735
    outer loop
      vertex 22.2645 -11.5111 22.2173
      vertex 25.2024 -18 21.148
      vertex 22.3412 -11.4205 22.1894
    endloop
  endfacet
  facet normal 0.341982 -1.85824e-05 0.939707
    outer loop
      vertex 22.0235 -11.7959 22.305
      vertex 25.2024 -18 21.148
      vertex 22.2645 -11.5111 22.2173
    endloop
  endfacet
  facet normal 0.341762 -0.000146249 0.939787
    outer loop
      vertex 21.9308 -11.8676 22.3387
      vertex 25.2024 -18 21.148
      vertex 22.0235 -11.7959 22.305
    endloop
  endfacet
  facet normal 0.342094 5.46435e-05 0.939666
    outer loop
      vertex 21.6394 -12.0929 22.4448
      vertex 25.2024 -18 21.148
      vertex 21.9308 -11.8676 22.3387
    endloop
  endfacet
  facet normal 0.341928 -5.87021e-05 0.939726
    outer loop
      vertex 21.3104 -12.2488 22.5645
      vertex 25.2024 -18 21.148
      vertex 21.6394 -12.0929 22.4448
    endloop
  endfacet
  facet normal 0.34197 -2.64118e-05 0.939711
    outer loop
      vertex 21.2057 -12.2984 22.6026
      vertex 25.2024 -18 21.148
      vertex 21.3104 -12.2488 22.5645
    endloop
  endfacet
  facet normal 0.342167 0.00012962 0.939639
    outer loop
      vertex 20.8534 -12.3781 22.7309
      vertex 25.2024 -18 21.148
      vertex 21.2057 -12.2984 22.6026
    endloop
  endfacet
  facet normal 0.342013 -4.93812e-06 0.939695
    outer loop
      vertex 20.7413 -12.4034 22.7717
      vertex 25.2024 -18 21.148
      vertex 20.8534 -12.3781 22.7309
    endloop
  endfacet
  facet normal 0.342061 3.809e-05 0.939678
    outer loop
      vertex 20.2666 -12.4034 22.9445
      vertex 25.2024 -18 21.148
      vertex 20.7413 -12.4034 22.7717
    endloop
  endfacet
  facet normal 0.34201 -1.31089e-05 0.939696
    outer loop
      vertex 20.1545 -12.3781 22.9853
      vertex 25.2024 -18 21.148
      vertex 20.2666 -12.4034 22.9445
    endloop
  endfacet
  facet normal 0.341941 -8.33633e-05 0.939722
    outer loop
      vertex 19.8022 -12.2984 23.1135
      vertex 25.2024 -18 21.148
      vertex 20.1545 -12.3781 22.9853
    endloop
  endfacet
  facet normal 0.341911 -0.000114873 0.939732
    outer loop
      vertex 19.6975 -12.2488 23.1516
      vertex 25.2024 -18 21.148
      vertex 19.8022 -12.2984 23.1135
    endloop
  endfacet
  facet normal 0.341809 -0.000225296 0.939769
    outer loop
      vertex 19.3685 -12.0929 23.2713
      vertex 25.2024 -18 21.148
      vertex 19.6975 -12.2488 23.1516
    endloop
  endfacet
  facet normal 0.342021 -0.000161731 0.939692
    outer loop
      vertex -15.9483 -12.0929 36.1256
      vertex 19.3685 -12.0929 23.2713
      vertex 19.0771 -11.8676 23.3774
    endloop
  endfacet
  facet normal 0.342017 0.000520337 0.939694
    outer loop
      vertex -15.9483 -12.0929 36.1256
      vertex 19.0771 -11.8676 23.3774
      vertex 18.9844 -11.7959 23.4111
    endloop
  endfacet
  facet normal 0.341916 -0.000262376 0.939731
    outer loop
      vertex 2.67652 -2.97258 29.3467
      vertex 18.245 -10.1213 23.6802
      vertex 18.233 -10 23.6846
    endloop
  endfacet
  facet normal 0.342049 5.84499e-05 0.939682
    outer loop
      vertex 18.3939 -9.13303 23.626
      vertex 3.23607 -2.35114 29.1431
      vertex 18.2827 -9.49755 23.6665
    endloop
  endfacet
  facet normal 0.341997 -6.60049e-05 0.939701
    outer loop
      vertex 2.67652 -2.97258 29.3467
      vertex 18.2827 -9.49755 23.6665
      vertex 3.23607 -2.35114 29.1431
    endloop
  endfacet
  facet normal 0.342002 -5.1406e-05 0.939699
    outer loop
      vertex 18.2827 -9.49755 23.6665
      vertex 2.67652 -2.97258 29.3467
      vertex 18.245 -9.87872 23.6802
    endloop
  endfacet
  facet normal 0.342116 0.000239947 0.939658
    outer loop
      vertex 18.245 -9.87872 23.6802
      vertex 2.67652 -2.97258 29.3467
      vertex 18.233 -10 23.6846
    endloop
  endfacet
  facet normal 0.342045 5.62089e-05 0.939684
    outer loop
      vertex 18.245 -10.1213 23.6802
      vertex 2.67652 -2.97258 29.3467
      vertex 18.2827 -10.5025 23.6665
    endloop
  endfacet
  facet normal 0.342004 -3.88241e-05 0.939698
    outer loop
      vertex 2 -3.4641 29.5929
      vertex 18.2827 -10.5025 23.6665
      vertex 2.67652 -2.97258 29.3467
    endloop
  endfacet
  facet normal 0.341989 -7.90939e-05 0.939704
    outer loop
      vertex 18.2827 -10.5025 23.6665
      vertex 2 -3.4641 29.5929
      vertex 18.3939 -10.867 23.626
    endloop
  endfacet
  facet normal 0.342099 0.000197225 0.939664
    outer loop
      vertex 18.3939 -10.867 23.626
      vertex 2 -3.4641 29.5929
      vertex 18.4294 -10.9829 23.6131
    endloop
  endfacet
  facet normal 0.342049 7.1938e-05 0.939682
    outer loop
      vertex 1.23607 -3.80423 29.871
      vertex 18.4294 -10.9829 23.6131
      vertex 2 -3.4641 29.5929
    endloop
  endfacet
  facet normal 0.342042 5.50881e-05 0.939685
    outer loop
      vertex 18.4294 -10.9829 23.6131
      vertex 1.23607 -3.80423 29.871
      vertex 18.6094 -11.3149 23.5476
    endloop
  endfacet
  facet normal 0.342268 0.000646061 0.939602
    outer loop
      vertex 18.6094 -11.3149 23.5476
      vertex 1.23607 -3.80423 29.871
      vertex 18.6667 -11.4205 23.5268
    endloop
  endfacet
  facet normal 0.342012 -1.8053e-05 0.939696
    outer loop
      vertex 0.418114 -3.97809 30.1687
      vertex 18.6667 -11.4205 23.5268
      vertex 1.23607 -3.80423 29.871
    endloop
  endfacet
  facet normal 0.341541 -0.00132553 0.939866
    outer loop
      vertex 18.6667 -11.4205 23.5268
      vertex 0.418114 -3.97809 30.1687
      vertex 18.7434 -11.5111 23.4988
    endloop
  endfacet
  facet normal 0.342054 8.78829e-05 0.93968
    outer loop
      vertex 18.7434 -11.5111 23.4988
      vertex 0.418114 -3.97809 30.1687
      vertex 18.9844 -11.7959 23.4111
    endloop
  endfacet
  facet normal 0.342021 -4.96805e-07 0.939692
    outer loop
      vertex -15.5642 -11.7959 35.9858
      vertex 18.9844 -11.7959 23.4111
      vertex 0.418114 -3.97809 30.1687
    endloop
  endfacet
  facet normal 0.342058 -8.37316e-05 0.939679
    outer loop
      vertex -15.2465 -11.4205 35.8702
      vertex 0.418114 -3.97809 30.1687
      vertex -0.418114 -3.97809 30.4731
    endloop
  endfacet
  facet normal 0.342012 1.735e-05 0.939696
    outer loop
      vertex -15.0092 -10.9829 35.7838
      vertex -0.418114 -3.97809 30.4731
      vertex -1.23607 -3.80423 30.7708
    endloop
  endfacet
  facet normal 0.341992 6.16418e-05 0.939703
    outer loop
      vertex -14.8625 -10.5025 35.7304
      vertex -1.23607 -3.80423 30.7708
      vertex -2 -3.4641 31.0488
    endloop
  endfacet
  facet normal 0.34195 -0.000145275 0.939718
    outer loop
      vertex -15.0092 9.01705 35.7838
      vertex -3.23607 2.35114 31.4987
      vertex -14.9737 9.13303 35.7709
    endloop
  endfacet
  facet normal 0.342005 1.47638e-05 0.939698
    outer loop
      vertex -4 0 31.7768
      vertex -14.8128 -10 35.7123
      vertex -3.91259 -0.831646 31.745
    endloop
  endfacet
  facet normal 0.342049 -4.4248e-05 0.939682
    outer loop
      vertex -3.91259 -0.831646 31.745
      vertex -14.8128 -10 35.7123
      vertex -3.65418 -1.62695 31.6509
    endloop
  endfacet
  facet normal 0.342032 -1.86618e-05 0.939688
    outer loop
      vertex -3.65418 -1.62695 31.6509
      vertex -14.8128 -10 35.7123
      vertex -3.23607 -2.35114 31.4987
    endloop
  endfacet
  facet normal 0.341988 5.71359e-05 0.939704
    outer loop
      vertex -3.23607 -2.35114 31.4987
      vertex -14.8128 -10 35.7123
      vertex -2.67652 -2.97258 31.2951
    endloop
  endfacet
  facet normal 0.342055 -7.37777e-05 0.93968
    outer loop
      vertex -14.8128 -10 35.7123
      vertex -2 -3.4641 31.0488
      vertex -2.67652 -2.97258 31.2951
    endloop
  endfacet
  facet normal 0.342047 -5.64458e-05 0.939683
    outer loop
      vertex -14.8505 -10.3812 35.726
      vertex -2 -3.4641 31.0488
      vertex -14.8128 -10 35.7123
    endloop
  endfacet
  facet normal 0.341894 0.000264774 0.939738
    outer loop
      vertex -14.8625 -10.5025 35.7304
      vertex -2 -3.4641 31.0488
      vertex -14.8505 -10.3812 35.726
    endloop
  endfacet
  facet normal 0.341984 8.07711e-05 0.939706
    outer loop
      vertex -1.23607 -3.80423 30.7708
      vertex -14.8625 -10.5025 35.7304
      vertex -14.9737 -10.867 35.7709
    endloop
  endfacet
  facet normal 0.342112 -0.000201822 0.939659
    outer loop
      vertex -1.23607 -3.80423 30.7708
      vertex -14.9737 -10.867 35.7709
      vertex -15.0092 -10.9829 35.7838
    endloop
  endfacet
  facet normal 0.342042 -5.50344e-05 0.939685
    outer loop
      vertex -0.418114 -3.97809 30.4731
      vertex -15.0092 -10.9829 35.7838
      vertex -15.1892 -11.3149 35.8493
    endloop
  endfacet
  facet normal 0.34178 0.000543893 0.93978
    outer loop
      vertex -0.418114 -3.97809 30.4731
      vertex -15.1892 -11.3149 35.8493
      vertex -15.2465 -11.4205 35.8702
    endloop
  endfacet
  facet normal 0.342144 -0.000290539 0.939647
    outer loop
      vertex 0.418114 -3.97809 30.1687
      vertex -15.2465 -11.4205 35.8702
      vertex -15.3232 -11.5111 35.8981
    endloop
  endfacet
  facet normal 0.342062 -9.58681e-05 0.939677
    outer loop
      vertex 0.418114 -3.97809 30.1687
      vertex -15.3232 -11.5111 35.8981
      vertex -15.5642 -11.7959 35.9858
    endloop
  endfacet
  facet normal 0.342021 -0.000526104 0.939692
    outer loop
      vertex -15.6569 -11.8676 36.0195
      vertex 18.9844 -11.7959 23.4111
      vertex -15.5642 -11.7959 35.9858
    endloop
  endfacet
  facet normal 0.34202 0.000163481 0.939693
    outer loop
      vertex -15.9483 -12.0929 36.1256
      vertex 18.9844 -11.7959 23.4111
      vertex -15.6569 -11.8676 36.0195
    endloop
  endfacet
  facet normal 0.342021 1.1438e-05 0.939692
    outer loop
      vertex 19.3685 -12.0929 23.2713
      vertex -15.9483 -12.0929 36.1256
      vertex 25.2024 -18 21.148
    endloop
  endfacet
  facet normal 0.341797 0.000255201 0.939774
    outer loop
      vertex -21.7822 -18 38.249
      vertex -15.9483 -12.0929 36.1256
      vertex -16.2773 -12.2488 36.2453
    endloop
  endfacet
  facet normal 0.341899 0.000144769 0.939737
    outer loop
      vertex -21.7822 -18 38.249
      vertex -16.2773 -12.2488 36.2453
      vertex -16.382 -12.2984 36.2834
    endloop
  endfacet
  facet normal 0.342236 -0.000217169 0.939614
    outer loop
      vertex -21.7822 -18 38.249
      vertex -16.382 -12.2984 36.2834
      vertex -16.7343 -12.3781 36.4117
    endloop
  endfacet
  facet normal 0.34201 1.31089e-05 0.939696
    outer loop
      vertex -21.7822 -18 38.249
      vertex -16.7343 -12.3781 36.4117
      vertex -16.8464 -12.4034 36.4525
    endloop
  endfacet
  facet normal 0.342061 -3.809e-05 0.939678
    outer loop
      vertex -21.7822 -18 38.249
      vertex -16.8464 -12.4034 36.4525
      vertex -17.3211 -12.4034 36.6253
    endloop
  endfacet
  facet normal 0.341933 7.10742e-05 0.939724
    outer loop
      vertex -21.7822 -18 38.249
      vertex -17.8902 -12.2488 36.8324
      vertex -18.2192 -12.0929 36.9521
    endloop
  endfacet
  facet normal 0.34225 -0.000100309 0.939609
    outer loop
      vertex -21.7822 -18 38.249
      vertex -18.9783 -11.3149 37.2284
      vertex -19.1583 -10.9829 37.294
    endloop
  endfacet
  facet normal 0.34202 5.33507e-06 0.939693
    outer loop
      vertex -15.9483 -12.0929 36.1256
      vertex -21.7822 -18 38.249
      vertex 25.2024 -18 21.148
    endloop
  endfacet
  facet normal 0.342013 4.93812e-06 0.939695
    outer loop
      vertex -17.4332 -12.3781 36.6661
      vertex -21.7822 -18 38.249
      vertex -17.3211 -12.4034 36.6253
    endloop
  endfacet
  facet normal 0.341966 4.59799e-05 0.939712
    outer loop
      vertex -17.7855 -12.2984 36.7943
      vertex -21.7822 -18 38.249
      vertex -17.4332 -12.3781 36.6661
    endloop
  endfacet
  facet normal 0.341975 3.87846e-05 0.939709
    outer loop
      vertex -17.8902 -12.2488 36.8324
      vertex -21.7822 -18 38.249
      vertex -17.7855 -12.2984 36.7943
    endloop
  endfacet
  facet normal 0.342102 -4.37951e-05 0.939663
    outer loop
      vertex -18.5106 -11.8676 37.0582
      vertex -21.7822 -18 38.249
      vertex -18.2192 -12.0929 36.9521
    endloop
  endfacet
  facet normal 0.341769 0.000157097 0.939784
    outer loop
      vertex -18.6033 -11.7959 37.0919
      vertex -21.7822 -18 38.249
      vertex -18.5106 -11.8676 37.0582
    endloop
  endfacet
  facet normal 0.341991 2.80164e-05 0.939703
    outer loop
      vertex -18.8443 -11.5111 37.1796
      vertex -21.7822 -18 38.249
      vertex -18.6033 -11.7959 37.0919
    endloop
  endfacet
  facet normal 0.342617 -0.000292983 0.939475
    outer loop
      vertex -18.921 -11.4205 37.2076
      vertex -21.7822 -18 38.249
      vertex -18.8443 -11.5111 37.1796
    endloop
  endfacet
  facet normal 0.341575 0.000220396 0.939854
    outer loop
      vertex -18.9783 -11.3149 37.2284
      vertex -21.7822 -18 38.249
      vertex -18.921 -11.4205 37.2076
    endloop
  endfacet
  facet normal 0.340742 0.000538007 0.940157
    outer loop
      vertex -19.1938 -10.867 37.3068
      vertex -21.7822 -18 38.249
      vertex -19.1583 -10.9829 37.294
    endloop
  endfacet
  facet normal 0.342469 -0.000171172 0.939529
    outer loop
      vertex -19.305 -10.5025 37.3474
      vertex -21.7822 -18 38.249
      vertex -19.1938 -10.867 37.3068
    endloop
  endfacet
  facet normal 0.341903 4.03477e-05 0.939735
    outer loop
      vertex -19.3427 -10.1213 37.3611
      vertex -21.7822 -18 38.249
      vertex -19.305 -10.5025 37.3474
    endloop
  endfacet
  facet normal 0.340885 0.000397152 0.940105
    outer loop
      vertex -19.3547 -10 37.3654
      vertex -21.7822 -18 38.249
      vertex -19.3427 -10.1213 37.3611
    endloop
  endfacet
  facet normal 0.344312 -0.000780537 0.938855
    outer loop
      vertex -19.3427 -9.87872 37.3611
      vertex -21.7822 -18 38.249
      vertex -19.3547 -10 37.3654
    endloop
  endfacet
  facet normal 0.939694 0 -0.342018
    outer loop
      vertex 25.2024 -18 21.148
      vertex 23.4923 18 16.4495
      vertex 25.2024 18 21.148
    endloop
  endfacet
  facet normal 0.939694 0 -0.342018
    outer loop
      vertex 23.4923 18 16.4495
      vertex 25.2024 -18 21.148
      vertex 23.4923 -18 16.4495
    endloop
  endfacet
  facet normal -0.939694 0 0.342018
    outer loop
      vertex -23.4923 -18 33.5505
      vertex -21.7822 18 38.249
      vertex -23.4923 18 33.5505
    endloop
  endfacet
  facet normal -0.939694 0 0.342018
    outer loop
      vertex -21.7822 18 38.249
      vertex -23.4923 -18 33.5505
      vertex -21.7822 -18 38.249
    endloop
  endfacet
  facet normal -0.341946 0.000145241 -0.93972
    outer loop
      vertex -17.4635 -8.97138 31.3562
      vertex -7.66751 -15 27.7907
      vertex -17.2916 -9.28821 31.2936
    endloop
  endfacet
  facet normal -0.342111 0.000182017 -0.939659
    outer loop
      vertex -7.66751 15 27.7907
      vertex -17.1853 9.63615 31.2549
      vertex -17.1494 10 31.2419
    endloop
  endfacet
  facet normal -0.342024 0 -0.939691
    outer loop
      vertex -7.66751 -15 27.7907
      vertex -17.4635 -8.97138 31.3562
      vertex -7.66751 15 27.7907
    endloop
  endfacet
  facet normal -0.342005 -3.22253e-05 -0.939698
    outer loop
      vertex -7.66751 15 27.7907
      vertex -17.2916 9.28821 31.2936
      vertex -17.1853 9.63615 31.2549
    endloop
  endfacet
  facet normal -0.342024 -0 -0.939691
    outer loop
      vertex -17.4635 8.97138 31.3562
      vertex -7.66751 15 27.7907
      vertex -17.4635 -8.97138 31.3562
    endloop
  endfacet
  facet normal -0.341946 -0.000145241 -0.93972
    outer loop
      vertex -7.66751 15 27.7907
      vertex -17.4635 8.97138 31.3562
      vertex -17.2916 9.28821 31.2936
    endloop
  endfacet
  facet normal -0.341973 0 -0.93971
    outer loop
      vertex -17.6935 -8.6995 31.4399
      vertex -17.4635 8.97138 31.3562
      vertex -17.4635 -8.97138 31.3562
    endloop
  endfacet
  facet normal -0.341973 0 -0.93971
    outer loop
      vertex -17.6935 -8.6995 31.4399
      vertex -17.6935 8.6995 31.4399
      vertex -17.4635 8.97138 31.3562
    endloop
  endfacet
  facet normal -0.34196 0 -0.939714
    outer loop
      vertex -17.9716 -8.48446 31.5411
      vertex -17.6935 8.6995 31.4399
      vertex -17.6935 -8.6995 31.4399
    endloop
  endfacet
  facet normal -0.34196 0 -0.939714
    outer loop
      vertex -17.9716 -8.48446 31.5411
      vertex -17.9716 8.48446 31.5411
      vertex -17.6935 8.6995 31.4399
    endloop
  endfacet
  facet normal -0.341959 0 -0.939715
    outer loop
      vertex -18.2857 -8.33565 31.6554
      vertex -17.9716 8.48446 31.5411
      vertex -17.9716 -8.48446 31.5411
    endloop
  endfacet
  facet normal -0.341959 0 -0.939715
    outer loop
      vertex -18.2857 -8.33565 31.6554
      vertex -18.2857 8.33565 31.6554
      vertex -17.9716 8.48446 31.5411
    endloop
  endfacet
  facet normal -0.342012 0 -0.939695
    outer loop
      vertex -18.622 -8.25959 31.7778
      vertex -18.2857 8.33565 31.6554
      vertex -18.2857 -8.33565 31.6554
    endloop
  endfacet
  facet normal -0.342012 0 -0.939695
    outer loop
      vertex -18.622 -8.25959 31.7778
      vertex -18.622 8.25959 31.7778
      vertex -18.2857 8.33565 31.6554
    endloop
  endfacet
  facet normal -0.34227 0 -0.939602
    outer loop
      vertex -18.9657 -8.25959 31.903
      vertex -18.622 8.25959 31.7778
      vertex -18.622 -8.25959 31.7778
    endloop
  endfacet
  facet normal -0.34227 0 -0.939602
    outer loop
      vertex -18.9657 -8.25959 31.903
      vertex -18.9657 8.25959 31.903
      vertex -18.622 8.25959 31.7778
    endloop
  endfacet
  facet normal -0.342012 0 -0.939695
    outer loop
      vertex -19.302 -8.33565 32.0254
      vertex -18.9657 8.25959 31.903
      vertex -18.9657 -8.25959 31.903
    endloop
  endfacet
  facet normal -0.342012 0 -0.939695
    outer loop
      vertex -19.302 -8.33565 32.0254
      vertex -19.302 8.33565 32.0254
      vertex -18.9657 8.25959 31.903
    endloop
  endfacet
  facet normal -0.341959 0 -0.939715
    outer loop
      vertex -19.6161 -8.48446 32.1397
      vertex -19.302 8.33565 32.0254
      vertex -19.302 -8.33565 32.0254
    endloop
  endfacet
  facet normal -0.341959 0 -0.939715
    outer loop
      vertex -19.6161 -8.48446 32.1397
      vertex -19.6161 8.48446 32.1397
      vertex -19.302 8.33565 32.0254
    endloop
  endfacet
  facet normal -0.34196 0 -0.939714
    outer loop
      vertex -19.8942 -8.6995 32.2409
      vertex -19.6161 8.48446 32.1397
      vertex -19.6161 -8.48446 32.1397
    endloop
  endfacet
  facet normal -0.34196 0 -0.939714
    outer loop
      vertex -19.8942 -8.6995 32.2409
      vertex -19.8942 8.6995 32.2409
      vertex -19.6161 8.48446 32.1397
    endloop
  endfacet
  facet normal -0.341841 0 -0.939758
    outer loop
      vertex -20.1243 -8.97138 32.3246
      vertex -19.8942 8.6995 32.2409
      vertex -19.8942 -8.6995 32.2409
    endloop
  endfacet
  facet normal -0.341841 0 -0.939758
    outer loop
      vertex -20.1243 -8.97138 32.3246
      vertex -20.1243 8.97138 32.3246
      vertex -19.8942 8.6995 32.2409
    endloop
  endfacet
  facet normal -0.342358 0 -0.93957
    outer loop
      vertex -20.2961 -9.28821 32.3872
      vertex -20.1243 8.97138 32.3246
      vertex -20.1243 -8.97138 32.3246
    endloop
  endfacet
  facet normal -0.342358 0 -0.93957
    outer loop
      vertex -20.2961 -9.28821 32.3872
      vertex -20.2961 9.28821 32.3872
      vertex -20.1243 8.97138 32.3246
    endloop
  endfacet
  facet normal -0.342098 0 -0.939664
    outer loop
      vertex -20.4024 -9.63616 32.4259
      vertex -20.2961 9.28821 32.3872
      vertex -20.2961 -9.28821 32.3872
    endloop
  endfacet
  facet normal -0.342098 0 -0.939664
    outer loop
      vertex -20.4024 -9.63616 32.4259
      vertex -20.4024 9.63615 32.4259
      vertex -20.2961 9.28821 32.3872
    endloop
  endfacet
  facet normal -0.342569 0.000233104 -0.939493
    outer loop
      vertex -23.4923 -18 33.5505
      vertex -20.4024 -9.63616 32.4259
      vertex -20.4383 -10 32.4389
    endloop
  endfacet
  facet normal -0.342012 0 -0.939696
    outer loop
      vertex -20.4024 -9.63616 32.4259
      vertex -23.4923 -18 33.5505
      vertex -20.4024 9.63615 32.4259
    endloop
  endfacet
  facet normal -0.342012 0 -0.939695
    outer loop
      vertex 23.4923 -18 16.4495
      vertex 20.5233 -15 17.5301
      vertex 23.4923 18 16.4495
    endloop
  endfacet
  facet normal -0.34202 -8.13459e-06 -0.939693
    outer loop
      vertex 23.4923 -18 16.4495
      vertex -7.66751 -15 27.7907
      vertex 20.5233 -15 17.5301
    endloop
  endfacet
  facet normal -0.342111 -0.000182022 -0.939659
    outer loop
      vertex -17.1853 -9.63616 31.2549
      vertex -7.66751 -15 27.7907
      vertex -17.1494 -10 31.2419
    endloop
  endfacet
  facet normal -0.34195 0.000164045 -0.939718
    outer loop
      vertex -7.66751 -15 27.7907
      vertex -17.1853 -10.3638 31.2549
      vertex -17.1494 -10 31.2419
    endloop
  endfacet
  facet normal -0.342031 -2.32175e-05 -0.939689
    outer loop
      vertex -7.66751 -15 27.7907
      vertex -17.2916 -10.7118 31.2936
      vertex -17.1853 -10.3638 31.2549
    endloop
  endfacet
  facet normal -0.342053 -7.93044e-05 -0.939681
    outer loop
      vertex -7.66751 -15 27.7907
      vertex -17.4635 -11.0286 31.3562
      vertex -17.2916 -10.7118 31.2936
    endloop
  endfacet
  facet normal -0.342011 3.69465e-05 -0.939696
    outer loop
      vertex -7.66751 -15 27.7907
      vertex -17.6935 -11.3005 31.4399
      vertex -17.4635 -11.0286 31.3562
    endloop
  endfacet
  facet normal -0.342003 6.26576e-05 -0.939699
    outer loop
      vertex -7.66751 -15 27.7907
      vertex -17.9716 -11.5155 31.5411
      vertex -17.6935 -11.3005 31.4399
    endloop
  endfacet
  facet normal -0.341996 8.69539e-05 -0.939702
    outer loop
      vertex -7.66751 -15 27.7907
      vertex -18.2857 -11.6643 31.6554
      vertex -17.9716 -11.5155 31.5411
    endloop
  endfacet
  facet normal -0.342022 -6.49302e-06 -0.939692
    outer loop
      vertex -23.4923 -18 33.5505
      vertex -18.2857 -11.6643 31.6554
      vertex -7.66751 -15 27.7907
    endloop
  endfacet
  facet normal -0.342009 -1.85775e-05 -0.939697
    outer loop
      vertex -18.2857 -11.6643 31.6554
      vertex -23.4923 -18 33.5505
      vertex -18.622 -11.7404 31.7778
    endloop
  endfacet
  facet normal -0.34227 0.000211629 -0.939602
    outer loop
      vertex -18.622 -11.7404 31.7778
      vertex -23.4923 -18 33.5505
      vertex -18.9657 -11.7404 31.903
    endloop
  endfacet
  facet normal -0.342012 -0 -0.939696
    outer loop
      vertex -23.4923 18 33.5505
      vertex -20.4024 9.63615 32.4259
      vertex -23.4923 -18 33.5505
    endloop
  endfacet
  facet normal -0.341712 -0.000137411 -0.939805
    outer loop
      vertex -20.4024 -10.3638 32.4259
      vertex -23.4923 -18 33.5505
      vertex -20.4383 -10 32.4389
    endloop
  endfacet
  facet normal -0.342049 1.70058e-05 -0.939682
    outer loop
      vertex -20.2961 -10.7118 32.3872
      vertex -23.4923 -18 33.5505
      vertex -20.4024 -10.3638 32.4259
    endloop
  endfacet
  facet normal -0.342204 9.42584e-05 -0.939626
    outer loop
      vertex -20.1243 -11.0286 32.3246
      vertex -23.4923 -18 33.5505
      vertex -20.2961 -10.7118 32.3872
    endloop
  endfacet
  facet normal -0.341911 -6.63774e-05 -0.939732
    outer loop
      vertex -19.8942 -11.3005 32.2409
      vertex -23.4923 -18 33.5505
      vertex -20.1243 -11.0286 32.3246
    endloop
  endfacet
  facet normal -0.341978 -2.56745e-05 -0.939708
    outer loop
      vertex -19.6161 -11.5155 32.1397
      vertex -23.4923 -18 33.5505
      vertex -19.8942 -11.3005 32.2409
    endloop
  endfacet
  facet normal -0.341972 -2.97062e-05 -0.93971
    outer loop
      vertex -19.302 -11.6643 32.0254
      vertex -23.4923 -18 33.5505
      vertex -19.6161 -11.5155 32.1397
    endloop
  endfacet
  facet normal -0.342012 6.09948e-07 -0.939696
    outer loop
      vertex -18.9657 -11.7404 31.903
      vertex -23.4923 -18 33.5505
      vertex -19.302 -11.6643 32.0254
    endloop
  endfacet
  facet normal -0.34202 -1.44353e-05 -0.939693
    outer loop
      vertex -23.4923 -18 33.5505
      vertex -7.66751 -15 27.7907
      vertex 23.4923 -18 16.4495
    endloop
  endfacet
  facet normal -0.342012 -0 -0.939695
    outer loop
      vertex 20.5233 15 17.5301
      vertex 23.4923 18 16.4495
      vertex 20.5233 -15 17.5301
    endloop
  endfacet
  facet normal -0.342022 -0 -0.939692
    outer loop
      vertex 3 18 23.9081
      vertex 20.5233 15 17.5301
      vertex 3 15 23.9081
    endloop
  endfacet
  facet normal -0.342021 9.23262e-06 -0.939692
    outer loop
      vertex 20.5233 15 17.5301
      vertex 3 18 23.9081
      vertex 23.4923 18 16.4495
    endloop
  endfacet
  facet normal -0.342015 0 -0.939694
    outer loop
      vertex -7.66751 15 27.7907
      vertex -1.3101e-06 18 25
      vertex -1.3101e-06 15 25
    endloop
  endfacet
  facet normal -0.342005 3.22242e-05 -0.939698
    outer loop
      vertex -17.2916 -9.28821 31.2936
      vertex -7.66751 -15 27.7907
      vertex -17.1853 -9.63616 31.2549
    endloop
  endfacet
  facet normal -0.34195 -0.000164045 -0.939718
    outer loop
      vertex -17.1853 10.3638 31.2549
      vertex -7.66751 15 27.7907
      vertex -17.1494 10 31.2419
    endloop
  endfacet
  facet normal -0.342031 2.32175e-05 -0.939689
    outer loop
      vertex -17.2916 10.7118 31.2936
      vertex -7.66751 15 27.7907
      vertex -17.1853 10.3638 31.2549
    endloop
  endfacet
  facet normal -0.342053 7.93044e-05 -0.939681
    outer loop
      vertex -17.4635 11.0286 31.3562
      vertex -7.66751 15 27.7907
      vertex -17.2916 10.7118 31.2936
    endloop
  endfacet
  facet normal -0.342011 -3.69465e-05 -0.939696
    outer loop
      vertex -17.6935 11.3005 31.4399
      vertex -7.66751 15 27.7907
      vertex -17.4635 11.0286 31.3562
    endloop
  endfacet
  facet normal -0.342003 -6.26576e-05 -0.939699
    outer loop
      vertex -17.9716 11.5155 31.5411
      vertex -7.66751 15 27.7907
      vertex -17.6935 11.3005 31.4399
    endloop
  endfacet
  facet normal -0.341996 -8.69539e-05 -0.939702
    outer loop
      vertex -18.2857 11.6643 31.6554
      vertex -7.66751 15 27.7907
      vertex -17.9716 11.5155 31.5411
    endloop
  endfacet
  facet normal -0.342022 6.49302e-06 -0.939692
    outer loop
      vertex -7.66751 15 27.7907
      vertex -18.2857 11.6643 31.6554
      vertex -23.4923 18 33.5505
    endloop
  endfacet
  facet normal -0.342009 1.85775e-05 -0.939697
    outer loop
      vertex -23.4923 18 33.5505
      vertex -18.2857 11.6643 31.6554
      vertex -18.622 11.7404 31.7778
    endloop
  endfacet
  facet normal -0.34227 -0.000211629 -0.939602
    outer loop
      vertex -23.4923 18 33.5505
      vertex -18.622 11.7404 31.7778
      vertex -18.9657 11.7404 31.903
    endloop
  endfacet
  facet normal -0.342012 -6.09948e-07 -0.939696
    outer loop
      vertex -23.4923 18 33.5505
      vertex -18.9657 11.7404 31.903
      vertex -19.302 11.6643 32.0254
    endloop
  endfacet
  facet normal -0.342569 -0.000233095 -0.939493
    outer loop
      vertex -20.4024 9.63615 32.4259
      vertex -23.4923 18 33.5505
      vertex -20.4383 10 32.4389
    endloop
  endfacet
  facet normal -0.34202 1.43347e-05 -0.939693
    outer loop
      vertex -7.66751 15 27.7907
      vertex -23.4923 18 33.5505
      vertex -1.3101e-06 18 25
    endloop
  endfacet
  facet normal -0.341972 2.97062e-05 -0.93971
    outer loop
      vertex -19.6161 11.5155 32.1397
      vertex -23.4923 18 33.5505
      vertex -19.302 11.6643 32.0254
    endloop
  endfacet
  facet normal -0.341978 2.56745e-05 -0.939708
    outer loop
      vertex -19.8942 11.3005 32.2409
      vertex -23.4923 18 33.5505
      vertex -19.6161 11.5155 32.1397
    endloop
  endfacet
  facet normal -0.341911 6.63774e-05 -0.939732
    outer loop
      vertex -20.1243 11.0286 32.3246
      vertex -23.4923 18 33.5505
      vertex -19.8942 11.3005 32.2409
    endloop
  endfacet
  facet normal -0.342204 -9.42584e-05 -0.939626
    outer loop
      vertex -20.2961 10.7118 32.3872
      vertex -23.4923 18 33.5505
      vertex -20.1243 11.0286 32.3246
    endloop
  endfacet
  facet normal -0.342049 -1.70058e-05 -0.939682
    outer loop
      vertex -20.4024 10.3638 32.4259
      vertex -23.4923 18 33.5505
      vertex -20.2961 10.7118 32.3872
    endloop
  endfacet
  facet normal -0.341712 0.000137411 -0.939805
    outer loop
      vertex -20.4383 10 32.4389
      vertex -23.4923 18 33.5505
      vertex -20.4024 10.3638 32.4259
    endloop
  endfacet
  facet normal -0.95106 -0.309008 0
    outer loop
      vertex 21.9563 0.415823 0
      vertex 21.8271 0.813473 3
      vertex 21.8271 0.813473 0
    endloop
  endfacet
  facet normal -0.95106 -0.309008 0
    outer loop
      vertex 21.8271 0.813473 3
      vertex 21.9563 0.415823 0
      vertex 21.9563 0.415823 3
    endloop
  endfacet
  facet normal -0.994523 -0.104517 0
    outer loop
      vertex 22 0 0
      vertex 21.9563 0.415823 3
      vertex 21.9563 0.415823 0
    endloop
  endfacet
  facet normal -0.994523 -0.104517 0
    outer loop
      vertex 21.9563 0.415823 3
      vertex 22 0 0
      vertex 22 0 3
    endloop
  endfacet
  facet normal -0.865981 -0.500077 0
    outer loop
      vertex 21.8271 0.813473 0
      vertex 21.618 1.17557 3
      vertex 21.618 1.17557 0
    endloop
  endfacet
  facet normal -0.865981 -0.500077 0
    outer loop
      vertex 21.618 1.17557 3
      vertex 21.8271 0.813473 0
      vertex 21.8271 0.813473 3
    endloop
  endfacet
  facet normal 0 1 -0
    outer loop
      vertex 20.2091 -1.98904 0
      vertex 19.7909 -1.98904 3
      vertex 20.2091 -1.98904 3
    endloop
  endfacet
  facet normal 0 1 0
    outer loop
      vertex 19.7909 -1.98904 3
      vertex 20.2091 -1.98904 0
      vertex 19.7909 -1.98904 0
    endloop
  endfacet
  facet normal -0.406702 0.913561 0
    outer loop
      vertex 21 -1.73205 0
      vertex 20.618 -1.90211 3
      vertex 21 -1.73205 3
    endloop
  endfacet
  facet normal -0.406702 0.913561 0
    outer loop
      vertex 20.618 -1.90211 3
      vertex 21 -1.73205 0
      vertex 20.618 -1.90211 0
    endloop
  endfacet
  facet normal 0.95106 0.309008 0
    outer loop
      vertex 18.1729 -0.813473 3
      vertex 18.0437 -0.415823 0
      vertex 18.0437 -0.415823 3
    endloop
  endfacet
  facet normal 0.95106 0.309008 0
    outer loop
      vertex 18.0437 -0.415823 0
      vertex 18.1729 -0.813473 3
      vertex 18.1729 -0.813473 0
    endloop
  endfacet
  facet normal -0.994523 0.104517 0
    outer loop
      vertex 21.9563 -0.415823 0
      vertex 22 0 3
      vertex 22 0 0
    endloop
  endfacet
  facet normal -0.994523 0.104517 0
    outer loop
      vertex 22 0 3
      vertex 21.9563 -0.415823 0
      vertex 21.9563 -0.415823 3
    endloop
  endfacet
  facet normal 0.743232 -0.669033 0
    outer loop
      vertex 18.382 1.17557 3
      vertex 18.6617 1.48629 0
      vertex 18.6617 1.48629 3
    endloop
  endfacet
  facet normal 0.743232 -0.669033 0
    outer loop
      vertex 18.6617 1.48629 0
      vertex 18.382 1.17557 3
      vertex 18.382 1.17557 0
    endloop
  endfacet
  facet normal 0.207947 0.97814 -0
    outer loop
      vertex 19.7909 -1.98904 0
      vertex 19.382 -1.90211 3
      vertex 19.7909 -1.98904 3
    endloop
  endfacet
  facet normal 0.207947 0.97814 0
    outer loop
      vertex 19.382 -1.90211 3
      vertex 19.7909 -1.98904 0
      vertex 19.382 -1.90211 0
    endloop
  endfacet
  facet normal -0.95106 0.309008 0
    outer loop
      vertex 21.8271 -0.813473 0
      vertex 21.9563 -0.415823 3
      vertex 21.9563 -0.415823 0
    endloop
  endfacet
  facet normal -0.95106 0.309008 0
    outer loop
      vertex 21.9563 -0.415823 3
      vertex 21.8271 -0.813473 0
      vertex 21.8271 -0.813473 3
    endloop
  endfacet
  facet normal 0.406702 0.913561 -0
    outer loop
      vertex 19.382 -1.90211 0
      vertex 19 -1.73205 3
      vertex 19.382 -1.90211 3
    endloop
  endfacet
  facet normal 0.406702 0.913561 0
    outer loop
      vertex 19 -1.73205 3
      vertex 19.382 -1.90211 0
      vertex 19 -1.73205 0
    endloop
  endfacet
  facet normal -0.207947 -0.97814 0
    outer loop
      vertex 20.2091 1.98904 0
      vertex 20.618 1.90211 3
      vertex 20.2091 1.98904 3
    endloop
  endfacet
  facet normal -0.207947 -0.97814 -0
    outer loop
      vertex 20.618 1.90211 3
      vertex 20.2091 1.98904 0
      vertex 20.618 1.90211 0
    endloop
  endfacet
  facet normal 0 -1 0
    outer loop
      vertex 19.7909 1.98904 0
      vertex 20.2091 1.98904 3
      vertex 19.7909 1.98904 3
    endloop
  endfacet
  facet normal 0 -1 -0
    outer loop
      vertex 20.2091 1.98904 3
      vertex 19.7909 1.98904 0
      vertex 20.2091 1.98904 0
    endloop
  endfacet
  facet normal -0.865981 0.500077 0
    outer loop
      vertex 21.618 -1.17557 0
      vertex 21.8271 -0.813473 3
      vertex 21.8271 -0.813473 0
    endloop
  endfacet
  facet normal -0.865981 0.500077 0
    outer loop
      vertex 21.8271 -0.813473 3
      vertex 21.618 -1.17557 0
      vertex 21.618 -1.17557 3
    endloop
  endfacet
  facet normal 0.95106 -0.309008 0
    outer loop
      vertex 18.0437 0.415823 3
      vertex 18.1729 0.813473 0
      vertex 18.1729 0.813473 3
    endloop
  endfacet
  facet normal 0.95106 -0.309008 0
    outer loop
      vertex 18.1729 0.813473 0
      vertex 18.0437 0.415823 3
      vertex 18.0437 0.415823 0
    endloop
  endfacet
  facet normal 0.587739 0.80905 -0
    outer loop
      vertex 19 -1.73205 0
      vertex 18.6617 -1.48629 3
      vertex 19 -1.73205 3
    endloop
  endfacet
  facet normal 0.587739 0.80905 0
    outer loop
      vertex 18.6617 -1.48629 3
      vertex 19 -1.73205 0
      vertex 18.6617 -1.48629 0
    endloop
  endfacet
  facet normal 0.743232 0.669033 0
    outer loop
      vertex 18.6617 -1.48629 3
      vertex 18.382 -1.17557 0
      vertex 18.382 -1.17557 3
    endloop
  endfacet
  facet normal 0.743232 0.669033 0
    outer loop
      vertex 18.382 -1.17557 0
      vertex 18.6617 -1.48629 3
      vertex 18.6617 -1.48629 0
    endloop
  endfacet
  facet normal -0.743232 -0.669033 0
    outer loop
      vertex 21.618 1.17557 0
      vertex 21.3383 1.48629 3
      vertex 21.3383 1.48629 0
    endloop
  endfacet
  facet normal -0.743232 -0.669033 0
    outer loop
      vertex 21.3383 1.48629 3
      vertex 21.618 1.17557 0
      vertex 21.618 1.17557 3
    endloop
  endfacet
  facet normal 0.994523 -0.104517 0
    outer loop
      vertex 18 0 3
      vertex 18.0437 0.415823 0
      vertex 18.0437 0.415823 3
    endloop
  endfacet
  facet normal 0.994523 -0.104517 0
    outer loop
      vertex 18.0437 0.415823 0
      vertex 18 0 3
      vertex 18 0 0
    endloop
  endfacet
  facet normal 0.207947 -0.97814 0
    outer loop
      vertex 19.382 1.90211 0
      vertex 19.7909 1.98904 3
      vertex 19.382 1.90211 3
    endloop
  endfacet
  facet normal 0.207947 -0.97814 0
    outer loop
      vertex 19.7909 1.98904 3
      vertex 19.382 1.90211 0
      vertex 19.7909 1.98904 0
    endloop
  endfacet
  facet normal -0.587739 -0.80905 0
    outer loop
      vertex 21 1.73205 0
      vertex 21.3383 1.48629 3
      vertex 21 1.73205 3
    endloop
  endfacet
  facet normal -0.587739 -0.80905 -0
    outer loop
      vertex 21.3383 1.48629 3
      vertex 21 1.73205 0
      vertex 21.3383 1.48629 0
    endloop
  endfacet
  facet normal 0.406702 -0.913561 0
    outer loop
      vertex 19 1.73205 0
      vertex 19.382 1.90211 3
      vertex 19 1.73205 3
    endloop
  endfacet
  facet normal 0.406702 -0.913561 0
    outer loop
      vertex 19.382 1.90211 3
      vertex 19 1.73205 0
      vertex 19.382 1.90211 0
    endloop
  endfacet
  facet normal -0.406702 -0.913561 0
    outer loop
      vertex 20.618 1.90211 0
      vertex 21 1.73205 3
      vertex 20.618 1.90211 3
    endloop
  endfacet
  facet normal -0.406702 -0.913561 -0
    outer loop
      vertex 21 1.73205 3
      vertex 20.618 1.90211 0
      vertex 21 1.73205 0
    endloop
  endfacet
  facet normal -0.587739 0.80905 0
    outer loop
      vertex 21.3383 -1.48629 0
      vertex 21 -1.73205 3
      vertex 21.3383 -1.48629 3
    endloop
  endfacet
  facet normal -0.587739 0.80905 0
    outer loop
      vertex 21 -1.73205 3
      vertex 21.3383 -1.48629 0
      vertex 21 -1.73205 0
    endloop
  endfacet
  facet normal -0.743232 0.669033 0
    outer loop
      vertex 21.3383 -1.48629 0
      vertex 21.618 -1.17557 3
      vertex 21.618 -1.17557 0
    endloop
  endfacet
  facet normal -0.743232 0.669033 0
    outer loop
      vertex 21.618 -1.17557 3
      vertex 21.3383 -1.48629 0
      vertex 21.3383 -1.48629 3
    endloop
  endfacet
  facet normal -0.207947 0.97814 0
    outer loop
      vertex 20.618 -1.90211 0
      vertex 20.2091 -1.98904 3
      vertex 20.618 -1.90211 3
    endloop
  endfacet
  facet normal -0.207947 0.97814 0
    outer loop
      vertex 20.2091 -1.98904 3
      vertex 20.618 -1.90211 0
      vertex 20.2091 -1.98904 0
    endloop
  endfacet
  facet normal 0.587739 -0.80905 0
    outer loop
      vertex 18.6617 1.48629 0
      vertex 19 1.73205 3
      vertex 18.6617 1.48629 3
    endloop
  endfacet
  facet normal 0.587739 -0.80905 0
    outer loop
      vertex 19 1.73205 3
      vertex 18.6617 1.48629 0
      vertex 19 1.73205 0
    endloop
  endfacet
  facet normal 0.865981 0.500077 0
    outer loop
      vertex 18.382 -1.17557 3
      vertex 18.1729 -0.813473 0
      vertex 18.1729 -0.813473 3
    endloop
  endfacet
  facet normal 0.865981 0.500077 0
    outer loop
      vertex 18.1729 -0.813473 0
      vertex 18.382 -1.17557 3
      vertex 18.382 -1.17557 0
    endloop
  endfacet
  facet normal 0.994523 0.104517 0
    outer loop
      vertex 18.0437 -0.415823 3
      vertex 18 0 0
      vertex 18 0 3
    endloop
  endfacet
  facet normal 0.994523 0.104517 0
    outer loop
      vertex 18 0 0
      vertex 18.0437 -0.415823 3
      vertex 18.0437 -0.415823 0
    endloop
  endfacet
  facet normal 0.865981 -0.500077 0
    outer loop
      vertex 18.1729 0.813473 3
      vertex 18.382 1.17557 0
      vertex 18.382 1.17557 3
    endloop
  endfacet
  facet normal 0.865981 -0.500077 0
    outer loop
      vertex 18.382 1.17557 0
      vertex 18.1729 0.813473 3
      vertex 18.1729 0.813473 0
    endloop
  endfacet
  facet normal -0.665315 0.599243 0.445268
    outer loop
      vertex 22.1006 -2.12586 5
      vertex 22.4271 -1.76336 5
      vertex 21.618 -1.17557 3
    endloop
  endfacet
  facet normal 0.851587 0.276688 0.445246
    outer loop
      vertex 17.2163 -1.08766 5
      vertex 18.1729 -0.813473 3
      vertex 18.0437 -0.415823 3
    endloop
  endfacet
  facet normal 0.851525 0.276882 0.445243
    outer loop
      vertex 18.1729 -0.813473 3
      vertex 17.2163 -1.08766 5
      vertex 17.2594 -1.22021 5
    endloop
  endfacet
  facet normal 0.526155 -0.724491 0.44528
    outer loop
      vertex 18.6617 1.48629 3
      vertex 18.5 2.59808 5
      vertex 18.3872 2.51616 5
    endloop
  endfacet
  facet normal 0.526264 -0.724427 0.445254
    outer loop
      vertex 18.5 2.59808 5
      vertex 18.6617 1.48629 3
      vertex 19 1.73205 3
    endloop
  endfacet
  facet normal -0.665599 -0.598956 0.44523
    outer loop
      vertex 21.3383 1.48629 3
      vertex 22.1006 2.12586 5
      vertex 22.0074 2.22943 5
    endloop
  endfacet
  facet normal -0.665503 -0.599064 0.445228
    outer loop
      vertex 22.1006 2.12586 5
      vertex 21.3383 1.48629 3
      vertex 21.618 1.17557 3
    endloop
  endfacet
  facet normal -0.890499 -0.0936156 0.44525
    outer loop
      vertex 23 0 5
      vertex 22.949 0.485127 5
      vertex 22 0 3
    endloop
  endfacet
  facet normal -0.890484 -0.0937974 0.445242
    outer loop
      vertex 21.9563 0.415823 3
      vertex 22.949 0.485127 5
      vertex 22.9344 0.623735 5
    endloop
  endfacet
  facet normal -0.890505 -0.0935856 0.445245
    outer loop
      vertex 22.949 0.485127 5
      vertex 21.9563 0.415823 3
      vertex 22 0 3
    endloop
  endfacet
  facet normal -0.890505 0.0935856 0.445245
    outer loop
      vertex 21.9563 -0.415823 3
      vertex 22.949 -0.485127 5
      vertex 22 0 3
    endloop
  endfacet
  facet normal -0.890484 0.0937974 0.445242
    outer loop
      vertex 22.949 -0.485127 5
      vertex 21.9563 -0.415823 3
      vertex 22.9344 -0.623735 5
    endloop
  endfacet
  facet normal 0.364163 0.818007 0.445253
    outer loop
      vertex 19 -1.73205 3
      vertex 18.6273 -2.65476 5
      vertex 19.382 -1.90211 3
    endloop
  endfacet
  facet normal 0.364207 0.817987 0.445253
    outer loop
      vertex 18.6273 -2.65476 5
      vertex 19 -1.73205 3
      vertex 18.5 -2.59808 5
    endloop
  endfacet
  facet normal 0.775434 0.447694 0.445277
    outer loop
      vertex 17.5729 -1.76336 5
      vertex 18.382 -1.17557 3
      vertex 17.329 -1.34091 5
    endloop
  endfacet
  facet normal 0.890484 -0.0937974 0.445242
    outer loop
      vertex 18 0 3
      vertex 17.0146 0.138608 5
      vertex 17 0 5
    endloop
  endfacet
  facet normal 0.890508 -0.0935859 0.445239
    outer loop
      vertex 17.0146 0.138608 5
      vertex 18 0 3
      vertex 18.0437 0.415823 3
    endloop
  endfacet
  facet normal 0.526352 -0.724369 0.445245
    outer loop
      vertex 18.6617 1.48629 3
      vertex 18.3872 2.51616 5
      vertex 17.9926 2.22943 5
    endloop
  endfacet
  facet normal 0.665405 0.59914 0.445274
    outer loop
      vertex 17.8993 -2.12586 5
      vertex 18.382 -1.17557 3
      vertex 17.5729 -1.76336 5
    endloop
  endfacet
  facet normal 0 -0.895405 0.445253
    outer loop
      vertex 19.7909 1.98904 3
      vertex 20.3136 2.98357 5
      vertex 19.6864 2.98357 5
    endloop
  endfacet
  facet normal 0 -0.895405 0.445253
    outer loop
      vertex 20.3136 2.98357 5
      vertex 19.7909 1.98904 3
      vertex 20.2091 1.98904 3
    endloop
  endfacet
  facet normal -0.665503 0.599064 0.445228
    outer loop
      vertex 21.3383 -1.48629 3
      vertex 22.1006 -2.12586 5
      vertex 21.618 -1.17557 3
    endloop
  endfacet
  facet normal -0.665599 0.598956 0.44523
    outer loop
      vertex 22.1006 -2.12586 5
      vertex 21.3383 -1.48629 3
      vertex 22.0074 -2.22943 5
    endloop
  endfacet
  facet normal -0.186144 0.875841 0.445257
    outer loop
      vertex 20.9271 -2.85317 5
      vertex 20.618 -1.90211 3
      vertex 20.4499 -2.95459 5
    endloop
  endfacet
  facet normal -0.775517 0.447558 0.44527
    outer loop
      vertex 22.4271 -1.76336 5
      vertex 22.6709 -1.34091 5
      vertex 21.618 -1.17557 3
    endloop
  endfacet
  facet normal -0.526155 0.724491 0.44528
    outer loop
      vertex 21.3383 -1.48629 3
      vertex 21.5 -2.59808 5
      vertex 21.6128 -2.51616 5
    endloop
  endfacet
  facet normal -0.526264 0.724427 0.445254
    outer loop
      vertex 21.5 -2.59808 5
      vertex 21.3383 -1.48629 3
      vertex 21 -1.73205 3
    endloop
  endfacet
  facet normal 0.851609 0.276634 0.445237
    outer loop
      vertex 17.2163 -1.08766 5
      vertex 18.0437 -0.415823 3
      vertex 17.0656 -0.623735 5
    endloop
  endfacet
  facet normal 0.851525 -0.276882 0.445243
    outer loop
      vertex 17.2163 1.08766 5
      vertex 18.1729 0.813473 3
      vertex 17.2594 1.22021 5
    endloop
  endfacet
  facet normal 0.851587 -0.276688 0.445246
    outer loop
      vertex 18.1729 0.813473 3
      vertex 17.2163 1.08766 5
      vertex 18.0437 0.415823 3
    endloop
  endfacet
  facet normal -0.851587 0.276688 0.445246
    outer loop
      vertex 21.8271 -0.813473 3
      vertex 22.7837 -1.08766 5
      vertex 21.9563 -0.415823 3
    endloop
  endfacet
  facet normal -0.851525 0.276882 0.445243
    outer loop
      vertex 22.7837 -1.08766 5
      vertex 21.8271 -0.813473 3
      vertex 22.7406 -1.22021 5
    endloop
  endfacet
  facet normal -0.775412 0.447777 0.445233
    outer loop
      vertex 21.618 -1.17557 3
      vertex 22.7406 -1.22021 5
      vertex 21.8271 -0.813473 3
    endloop
  endfacet
  facet normal -0.775413 0.447774 0.445234
    outer loop
      vertex 22.7406 -1.22021 5
      vertex 21.618 -1.17557 3
      vertex 22.6709 -1.34091 5
    endloop
  endfacet
  facet normal 0.890507 -0.0936164 0.445234
    outer loop
      vertex 18.0437 0.415823 3
      vertex 17.0656 0.623735 5
      vertex 17.0146 0.138608 5
    endloop
  endfacet
  facet normal -0.851609 0.276634 0.445237
    outer loop
      vertex 22.7837 -1.08766 5
      vertex 22.9344 -0.623735 5
      vertex 21.9563 -0.415823 3
    endloop
  endfacet
  facet normal -0.890499 0.0936156 0.44525
    outer loop
      vertex 22.949 -0.485127 5
      vertex 23 0 5
      vertex 22 0 3
    endloop
  endfacet
  facet normal -0.526352 0.724369 0.445245
    outer loop
      vertex 21.6128 -2.51616 5
      vertex 22.0074 -2.22943 5
      vertex 21.3383 -1.48629 3
    endloop
  endfacet
  facet normal 0.364217 0.817978 0.445263
    outer loop
      vertex 19.0729 -2.85317 5
      vertex 19.382 -1.90211 3
      vertex 18.6273 -2.65476 5
    endloop
  endfacet
  facet normal 0 0.895405 0.445253
    outer loop
      vertex 20.2091 -1.98904 3
      vertex 19.6864 -2.98357 5
      vertex 20.3136 -2.98357 5
    endloop
  endfacet
  facet normal 0 0.895405 0.445253
    outer loop
      vertex 19.6864 -2.98357 5
      vertex 20.2091 -1.98904 3
      vertex 19.7909 -1.98904 3
    endloop
  endfacet
  facet normal 0.526352 0.724369 0.445245
    outer loop
      vertex 18.3872 -2.51616 5
      vertex 18.6617 -1.48629 3
      vertex 17.9926 -2.22943 5
    endloop
  endfacet
  facet normal 0.890484 0.0937974 0.445242
    outer loop
      vertex 17.0146 -0.138608 5
      vertex 18 0 3
      vertex 17 0 5
    endloop
  endfacet
  facet normal 0.890508 0.0935859 0.445239
    outer loop
      vertex 18 0 3
      vertex 17.0146 -0.138608 5
      vertex 18.0437 -0.415823 3
    endloop
  endfacet
  facet normal -0.364163 -0.818007 0.445253
    outer loop
      vertex 21 1.73205 3
      vertex 21.3727 2.65476 5
      vertex 20.618 1.90211 3
    endloop
  endfacet
  facet normal -0.364207 -0.817987 0.445253
    outer loop
      vertex 21.3727 2.65476 5
      vertex 21 1.73205 3
      vertex 21.5 2.59808 5
    endloop
  endfacet
  facet normal 0.665493 0.599055 0.445255
    outer loop
      vertex 17.8993 -2.12586 5
      vertex 18.6617 -1.48629 3
      vertex 18.382 -1.17557 3
    endloop
  endfacet
  facet normal 0.665272 0.599304 0.44525
    outer loop
      vertex 18.6617 -1.48629 3
      vertex 17.8993 -2.12586 5
      vertex 17.9926 -2.22943 5
    endloop
  endfacet
  facet normal 0.364217 -0.817978 0.445263
    outer loop
      vertex 19.382 1.90211 3
      vertex 19.0729 2.85317 5
      vertex 18.6273 2.65476 5
    endloop
  endfacet
  facet normal -0.364217 0.817978 0.445263
    outer loop
      vertex 20.9271 -2.85317 5
      vertex 21.3727 -2.65476 5
      vertex 20.618 -1.90211 3
    endloop
  endfacet
  facet normal -0.186198 0.875833 0.445249
    outer loop
      vertex 20.2091 -1.98904 3
      vertex 20.4499 -2.95459 5
      vertex 20.618 -1.90211 3
    endloop
  endfacet
  facet normal -0.186218 0.875829 0.445249
    outer loop
      vertex 20.4499 -2.95459 5
      vertex 20.2091 -1.98904 3
      vertex 20.3136 -2.98357 5
    endloop
  endfacet
  facet normal 0.186144 -0.875841 0.445257
    outer loop
      vertex 19.382 1.90211 3
      vertex 19.5501 2.95459 5
      vertex 19.0729 2.85317 5
    endloop
  endfacet
  facet normal -0.364207 0.817987 0.445253
    outer loop
      vertex 21 -1.73205 3
      vertex 21.3727 -2.65476 5
      vertex 21.5 -2.59808 5
    endloop
  endfacet
  facet normal -0.364163 0.818007 0.445253
    outer loop
      vertex 21.3727 -2.65476 5
      vertex 21 -1.73205 3
      vertex 20.618 -1.90211 3
    endloop
  endfacet
  facet normal -0.186144 -0.875841 0.445257
    outer loop
      vertex 20.618 1.90211 3
      vertex 20.9271 2.85317 5
      vertex 20.4499 2.95459 5
    endloop
  endfacet
  facet normal -0.526352 -0.724369 0.445245
    outer loop
      vertex 22.0074 2.22943 5
      vertex 21.6128 2.51616 5
      vertex 21.3383 1.48629 3
    endloop
  endfacet
  facet normal -0.364217 -0.817978 0.445263
    outer loop
      vertex 21.3727 2.65476 5
      vertex 20.9271 2.85317 5
      vertex 20.618 1.90211 3
    endloop
  endfacet
  facet normal -0.665315 -0.599243 0.445268
    outer loop
      vertex 22.4271 1.76336 5
      vertex 22.1006 2.12586 5
      vertex 21.618 1.17557 3
    endloop
  endfacet
  facet normal 0.775641 -0.447263 0.44535
    outer loop
      vertex 17.2594 1.22021 5
      vertex 18.382 1.17557 3
      vertex 17.329 1.34091 5
    endloop
  endfacet
  facet normal 0.775412 -0.447777 0.445233
    outer loop
      vertex 18.382 1.17557 3
      vertex 17.2594 1.22021 5
      vertex 18.1729 0.813473 3
    endloop
  endfacet
  facet normal 0.186144 0.875841 0.445257
    outer loop
      vertex 19.5501 -2.95459 5
      vertex 19.382 -1.90211 3
      vertex 19.0729 -2.85317 5
    endloop
  endfacet
  facet normal 0.775412 0.447777 0.445233
    outer loop
      vertex 17.2594 -1.22021 5
      vertex 18.382 -1.17557 3
      vertex 18.1729 -0.813473 3
    endloop
  endfacet
  facet normal 0.775641 0.447263 0.44535
    outer loop
      vertex 18.382 -1.17557 3
      vertex 17.2594 -1.22021 5
      vertex 17.329 -1.34091 5
    endloop
  endfacet
  facet normal 0.186218 0.875829 0.445249
    outer loop
      vertex 19.7909 -1.98904 3
      vertex 19.5501 -2.95459 5
      vertex 19.6864 -2.98357 5
    endloop
  endfacet
  facet normal 0.186198 0.875833 0.445249
    outer loop
      vertex 19.5501 -2.95459 5
      vertex 19.7909 -1.98904 3
      vertex 19.382 -1.90211 3
    endloop
  endfacet
  facet normal -0.186218 -0.875829 0.445249
    outer loop
      vertex 20.2091 1.98904 3
      vertex 20.4499 2.95459 5
      vertex 20.3136 2.98357 5
    endloop
  endfacet
  facet normal -0.186198 -0.875833 0.445249
    outer loop
      vertex 20.4499 2.95459 5
      vertex 20.2091 1.98904 3
      vertex 20.618 1.90211 3
    endloop
  endfacet
  facet normal 0.186198 -0.875833 0.445249
    outer loop
      vertex 19.7909 1.98904 3
      vertex 19.5501 2.95459 5
      vertex 19.382 1.90211 3
    endloop
  endfacet
  facet normal 0.186218 -0.875829 0.445249
    outer loop
      vertex 19.5501 2.95459 5
      vertex 19.7909 1.98904 3
      vertex 19.6864 2.98357 5
    endloop
  endfacet
  facet normal 0.665405 -0.59914 0.445274
    outer loop
      vertex 18.382 1.17557 3
      vertex 17.8993 2.12586 5
      vertex 17.5729 1.76336 5
    endloop
  endfacet
  facet normal 0.851609 -0.276634 0.445237
    outer loop
      vertex 18.0437 0.415823 3
      vertex 17.2163 1.08766 5
      vertex 17.0656 0.623735 5
    endloop
  endfacet
  facet normal 0.526264 0.724427 0.445254
    outer loop
      vertex 18.6617 -1.48629 3
      vertex 18.5 -2.59808 5
      vertex 19 -1.73205 3
    endloop
  endfacet
  facet normal 0.526155 0.724491 0.44528
    outer loop
      vertex 18.5 -2.59808 5
      vertex 18.6617 -1.48629 3
      vertex 18.3872 -2.51616 5
    endloop
  endfacet
  facet normal 0.665272 -0.599304 0.44525
    outer loop
      vertex 17.8993 2.12586 5
      vertex 18.6617 1.48629 3
      vertex 17.9926 2.22943 5
    endloop
  endfacet
  facet normal 0.665493 -0.599055 0.445255
    outer loop
      vertex 18.6617 1.48629 3
      vertex 17.8993 2.12586 5
      vertex 18.382 1.17557 3
    endloop
  endfacet
  facet normal -0.775517 -0.447558 0.44527
    outer loop
      vertex 22.6709 1.34091 5
      vertex 22.4271 1.76336 5
      vertex 21.618 1.17557 3
    endloop
  endfacet
  facet normal -0.851609 -0.276634 0.445237
    outer loop
      vertex 22.9344 0.623735 5
      vertex 22.7837 1.08766 5
      vertex 21.9563 0.415823 3
    endloop
  endfacet
  facet normal -0.526264 -0.724427 0.445254
    outer loop
      vertex 21.3383 1.48629 3
      vertex 21.5 2.59808 5
      vertex 21 1.73205 3
    endloop
  endfacet
  facet normal -0.526155 -0.724491 0.44528
    outer loop
      vertex 21.5 2.59808 5
      vertex 21.3383 1.48629 3
      vertex 21.6128 2.51616 5
    endloop
  endfacet
  facet normal 0.775434 -0.447694 0.445277
    outer loop
      vertex 18.382 1.17557 3
      vertex 17.5729 1.76336 5
      vertex 17.329 1.34091 5
    endloop
  endfacet
  facet normal 0.890507 0.0936164 0.445234
    outer loop
      vertex 17.0656 -0.623735 5
      vertex 18.0437 -0.415823 3
      vertex 17.0146 -0.138608 5
    endloop
  endfacet
  facet normal -0.775413 -0.447774 0.445234
    outer loop
      vertex 21.618 1.17557 3
      vertex 22.7406 1.22021 5
      vertex 22.6709 1.34091 5
    endloop
  endfacet
  facet normal -0.775412 -0.447777 0.445233
    outer loop
      vertex 22.7406 1.22021 5
      vertex 21.618 1.17557 3
      vertex 21.8271 0.813473 3
    endloop
  endfacet
  facet normal -0.851525 -0.276882 0.445243
    outer loop
      vertex 21.8271 0.813473 3
      vertex 22.7837 1.08766 5
      vertex 22.7406 1.22021 5
    endloop
  endfacet
  facet normal -0.851587 -0.276688 0.445246
    outer loop
      vertex 22.7837 1.08766 5
      vertex 21.8271 0.813473 3
      vertex 21.9563 0.415823 3
    endloop
  endfacet
  facet normal 0.364207 -0.817987 0.445253
    outer loop
      vertex 19 1.73205 3
      vertex 18.6273 2.65476 5
      vertex 18.5 2.59808 5
    endloop
  endfacet
  facet normal 0.364163 -0.818007 0.445253
    outer loop
      vertex 18.6273 2.65476 5
      vertex 19 1.73205 3
      vertex 19.382 1.90211 3
    endloop
  endfacet
  facet normal -0.743128 -0.66915 0
    outer loop
      vertex -8.38197 18.4961 0
      vertex -8.66174 18.8068 3
      vertex -8.66174 18.8068 0
    endloop
  endfacet
  facet normal -0.743128 -0.66915 0
    outer loop
      vertex -8.66174 18.8068 3
      vertex -8.38197 18.4961 0
      vertex -8.38197 18.4961 3
    endloop
  endfacet
  facet normal 0.208108 -0.978106 0
    outer loop
      vertex -10.618 19.2226 0
      vertex -10.2091 19.3096 3
      vertex -10.618 19.2226 3
    endloop
  endfacet
  facet normal 0.208108 -0.978106 0
    outer loop
      vertex -10.2091 19.3096 3
      vertex -10.618 19.2226 0
      vertex -10.2091 19.3096 0
    endloop
  endfacet
  facet normal 0.743211 -0.669057 0
    outer loop
      vertex -11.618 18.4961 3
      vertex -11.3383 18.8068 0
      vertex -11.3383 18.8068 3
    endloop
  endfacet
  facet normal 0.743211 -0.669057 0
    outer loop
      vertex -11.3383 18.8068 0
      vertex -11.618 18.4961 3
      vertex -11.618 18.4961 0
    endloop
  endfacet
  facet normal 0.587802 -0.809005 0
    outer loop
      vertex -11.3383 18.8068 0
      vertex -11 19.0526 3
      vertex -11.3383 18.8068 3
    endloop
  endfacet
  facet normal 0.587802 -0.809005 0
    outer loop
      vertex -11 19.0526 3
      vertex -11.3383 18.8068 0
      vertex -11 19.0526 0
    endloop
  endfacet
  facet normal 0.865982 -0.500074 0
    outer loop
      vertex -11.8271 18.134 3
      vertex -11.618 18.4961 0
      vertex -11.618 18.4961 3
    endloop
  endfacet
  facet normal 0.865982 -0.500074 0
    outer loop
      vertex -11.618 18.4961 0
      vertex -11.8271 18.134 3
      vertex -11.8271 18.134 0
    endloop
  endfacet
  facet normal 0.994522 -0.104523 0
    outer loop
      vertex -12 17.3205 3
      vertex -11.9563 17.7363 0
      vertex -11.9563 17.7363 3
    endloop
  endfacet
  facet normal 0.994522 -0.104523 0
    outer loop
      vertex -11.9563 17.7363 0
      vertex -12 17.3205 3
      vertex -12 17.3205 0
    endloop
  endfacet
  facet normal -0.743128 0.66915 0
    outer loop
      vertex -8.66174 15.8342 0
      vertex -8.38197 16.1449 3
      vertex -8.38197 16.1449 0
    endloop
  endfacet
  facet normal -0.743128 0.66915 0
    outer loop
      vertex -8.38197 16.1449 3
      vertex -8.66174 15.8342 0
      vertex -8.66174 15.8342 3
    endloop
  endfacet
  facet normal -0.866024 -0.500003 0
    outer loop
      vertex -8.17291 18.134 0
      vertex -8.38197 18.4961 3
      vertex -8.38197 18.4961 0
    endloop
  endfacet
  facet normal -0.866024 -0.500003 0
    outer loop
      vertex -8.38197 18.4961 3
      vertex -8.17291 18.134 0
      vertex -8.17291 18.134 3
    endloop
  endfacet
  facet normal 0.951071 0.308973 0
    outer loop
      vertex -11.8271 16.507 3
      vertex -11.9563 16.9047 0
      vertex -11.9563 16.9047 3
    endloop
  endfacet
  facet normal 0.951071 0.308973 0
    outer loop
      vertex -11.9563 16.9047 0
      vertex -11.8271 16.507 3
      vertex -11.8271 16.507 0
    endloop
  endfacet
  facet normal 0 1 -0
    outer loop
      vertex -9.79094 15.3315 0
      vertex -10.2091 15.3315 3
      vertex -9.79094 15.3315 3
    endloop
  endfacet
  facet normal 0 1 0
    outer loop
      vertex -10.2091 15.3315 3
      vertex -9.79094 15.3315 0
      vertex -10.2091 15.3315 0
    endloop
  endfacet
  facet normal 0.207879 0.978155 -0
    outer loop
      vertex -10.2091 15.3315 0
      vertex -10.618 15.4184 3
      vertex -10.2091 15.3315 3
    endloop
  endfacet
  facet normal 0.207879 0.978155 0
    outer loop
      vertex -10.618 15.4184 3
      vertex -10.2091 15.3315 0
      vertex -10.618 15.4184 0
    endloop
  endfacet
  facet normal 0.406782 0.913525 -0
    outer loop
      vertex -10.618 15.4184 0
      vertex -11 15.5885 3
      vertex -10.618 15.4184 3
    endloop
  endfacet
  facet normal 0.406782 0.913525 0
    outer loop
      vertex -11 15.5885 3
      vertex -10.618 15.4184 0
      vertex -11 15.5885 0
    endloop
  endfacet
  facet normal 0.865982 0.500074 0
    outer loop
      vertex -11.618 16.1449 3
      vertex -11.8271 16.507 0
      vertex -11.8271 16.507 3
    endloop
  endfacet
  facet normal 0.865982 0.500074 0
    outer loop
      vertex -11.8271 16.507 0
      vertex -11.618 16.1449 3
      vertex -11.618 16.1449 0
    endloop
  endfacet
  facet normal 0.587645 0.809119 -0
    outer loop
      vertex -11 15.5885 0
      vertex -11.3383 15.8342 3
      vertex -11 15.5885 3
    endloop
  endfacet
  facet normal 0.587645 0.809119 0
    outer loop
      vertex -11.3383 15.8342 3
      vertex -11 15.5885 0
      vertex -11.3383 15.8342 0
    endloop
  endfacet
  facet normal 0.951071 -0.308973 0
    outer loop
      vertex -11.9563 17.7363 3
      vertex -11.8271 18.134 0
      vertex -11.8271 18.134 3
    endloop
  endfacet
  facet normal 0.951071 -0.308973 0
    outer loop
      vertex -11.8271 18.134 0
      vertex -11.9563 17.7363 3
      vertex -11.9563 17.7363 0
    endloop
  endfacet
  facet normal -0.587847 -0.808972 0
    outer loop
      vertex -9 19.0526 0
      vertex -8.66174 18.8068 3
      vertex -9 19.0526 3
    endloop
  endfacet
  facet normal -0.587847 -0.808972 -0
    outer loop
      vertex -8.66174 18.8068 3
      vertex -9 19.0526 0
      vertex -8.66174 18.8068 0
    endloop
  endfacet
  facet normal -0.951064 0.308994 0
    outer loop
      vertex -8.17291 16.507 0
      vertex -8.0437 16.9047 3
      vertex -8.0437 16.9047 0
    endloop
  endfacet
  facet normal -0.951064 0.308994 0
    outer loop
      vertex -8.0437 16.9047 3
      vertex -8.17291 16.507 0
      vertex -8.17291 16.507 3
    endloop
  endfacet
  facet normal 0.406582 -0.913614 0
    outer loop
      vertex -11 19.0526 0
      vertex -10.618 19.2226 3
      vertex -11 19.0526 3
    endloop
  endfacet
  facet normal 0.406582 -0.913614 0
    outer loop
      vertex -10.618 19.2226 3
      vertex -11 19.0526 0
      vertex -10.618 19.2226 0
    endloop
  endfacet
  facet normal 0.743211 0.669057 0
    outer loop
      vertex -11.3383 15.8342 3
      vertex -11.618 16.1449 0
      vertex -11.618 16.1449 3
    endloop
  endfacet
  facet normal 0.743211 0.669057 0
    outer loop
      vertex -11.618 16.1449 0
      vertex -11.3383 15.8342 3
      vertex -11.3383 15.8342 0
    endloop
  endfacet
  facet normal 0 -1 0
    outer loop
      vertex -10.2091 19.3096 0
      vertex -9.79094 19.3096 3
      vertex -10.2091 19.3096 3
    endloop
  endfacet
  facet normal 0 -1 -0
    outer loop
      vertex -9.79094 19.3096 3
      vertex -10.2091 19.3096 0
      vertex -9.79094 19.3096 0
    endloop
  endfacet
  facet normal -0.406609 -0.913602 0
    outer loop
      vertex -9.38197 19.2226 0
      vertex -9 19.0526 3
      vertex -9.38197 19.2226 3
    endloop
  endfacet
  facet normal -0.406609 -0.913602 -0
    outer loop
      vertex -9 19.0526 3
      vertex -9.38197 19.2226 0
      vertex -9 19.0526 0
    endloop
  endfacet
  facet normal -0.207845 0.978162 0
    outer loop
      vertex -9.38197 15.4184 0
      vertex -9.79094 15.3315 3
      vertex -9.38197 15.4184 3
    endloop
  endfacet
  facet normal -0.207845 0.978162 0
    outer loop
      vertex -9.79094 15.3315 3
      vertex -9.38197 15.4184 0
      vertex -9.79094 15.3315 0
    endloop
  endfacet
  facet normal 0.994522 0.104523 0
    outer loop
      vertex -11.9563 16.9047 3
      vertex -12 17.3205 0
      vertex -12 17.3205 3
    endloop
  endfacet
  facet normal 0.994522 0.104523 0
    outer loop
      vertex -12 17.3205 0
      vertex -11.9563 16.9047 3
      vertex -11.9563 16.9047 0
    endloop
  endfacet
  facet normal -0.406808 0.913513 0
    outer loop
      vertex -9 15.5885 0
      vertex -9.38197 15.4184 3
      vertex -9 15.5885 3
    endloop
  endfacet
  facet normal -0.406808 0.913513 0
    outer loop
      vertex -9.38197 15.4184 3
      vertex -9 15.5885 0
      vertex -9.38197 15.4184 0
    endloop
  endfacet
  facet normal -0.994522 0.104523 0
    outer loop
      vertex -8.0437 16.9047 0
      vertex -8 17.3205 3
      vertex -8 17.3205 0
    endloop
  endfacet
  facet normal -0.994522 0.104523 0
    outer loop
      vertex -8 17.3205 3
      vertex -8.0437 16.9047 0
      vertex -8.0437 16.9047 3
    endloop
  endfacet
  facet normal -0.866024 0.500003 0
    outer loop
      vertex -8.38197 16.1449 0
      vertex -8.17291 16.507 3
      vertex -8.17291 16.507 0
    endloop
  endfacet
  facet normal -0.866024 0.500003 0
    outer loop
      vertex -8.17291 16.507 3
      vertex -8.38197 16.1449 0
      vertex -8.38197 16.1449 3
    endloop
  endfacet
  facet normal -0.208074 -0.978113 0
    outer loop
      vertex -9.79094 19.3096 0
      vertex -9.38197 19.2226 3
      vertex -9.79094 19.3096 3
    endloop
  endfacet
  facet normal -0.208074 -0.978113 -0
    outer loop
      vertex -9.38197 19.2226 3
      vertex -9.79094 19.3096 0
      vertex -9.38197 19.2226 0
    endloop
  endfacet
  facet normal -0.951064 -0.308994 0
    outer loop
      vertex -8.0437 17.7363 0
      vertex -8.17291 18.134 3
      vertex -8.17291 18.134 0
    endloop
  endfacet
  facet normal -0.951064 -0.308994 0
    outer loop
      vertex -8.17291 18.134 3
      vertex -8.0437 17.7363 0
      vertex -8.0437 17.7363 3
    endloop
  endfacet
  facet normal -0.994522 -0.104523 0
    outer loop
      vertex -8 17.3205 0
      vertex -8.0437 17.7363 3
      vertex -8.0437 17.7363 0
    endloop
  endfacet
  facet normal -0.994522 -0.104523 0
    outer loop
      vertex -8.0437 17.7363 3
      vertex -8 17.3205 0
      vertex -8 17.3205 3
    endloop
  endfacet
  facet normal -0.587691 0.809086 0
    outer loop
      vertex -8.66174 15.8342 0
      vertex -9 15.5885 3
      vertex -8.66174 15.8342 3
    endloop
  endfacet
  facet normal -0.587691 0.809086 0
    outer loop
      vertex -9 15.5885 3
      vertex -8.66174 15.8342 0
      vertex -9 15.5885 0
    endloop
  endfacet
  facet normal 0.526064 -0.724542 0.445305
    outer loop
      vertex -11.3383 18.8068 3
      vertex -11.5 19.9186 5
      vertex -11.6128 19.8367 5
    endloop
  endfacet
  facet normal 0.526324 -0.724391 0.445242
    outer loop
      vertex -11.5 19.9186 5
      vertex -11.3383 18.8068 3
      vertex -11 19.0526 3
    endloop
  endfacet
  facet normal -0.851587 0.276675 0.445254
    outer loop
      vertex -8.17291 16.507 3
      vertex -7.21629 16.2328 5
      vertex -8.0437 16.9047 3
    endloop
  endfacet
  facet normal -0.851546 0.276801 0.445253
    outer loop
      vertex -7.21629 16.2328 5
      vertex -8.17291 16.507 3
      vertex -7.25936 16.1003 5
    endloop
  endfacet
  facet normal -0.775426 0.447742 0.445243
    outer loop
      vertex -7.50326 15.6779 5
      vertex -7.25936 16.1003 5
      vertex -8.17291 16.507 3
    endloop
  endfacet
  facet normal 0.186343 -0.87581 0.445233
    outer loop
      vertex -10.2091 19.3096 3
      vertex -10.4499 20.2751 5
      vertex -10.618 19.2226 3
    endloop
  endfacet
  facet normal 0.186343 -0.87581 0.445233
    outer loop
      vertex -10.4499 20.2751 5
      vertex -10.2091 19.3096 3
      vertex -10.3136 20.3041 5
    endloop
  endfacet
  facet normal -0.364261 0.817949 0.445278
    outer loop
      vertex -9 15.5885 3
      vertex -8.62732 14.6657 5
      vertex -8.5 14.7224 5
    endloop
  endfacet
  facet normal -0.364253 0.817953 0.445278
    outer loop
      vertex -8.62732 14.6657 5
      vertex -9 15.5885 3
      vertex -9.38197 15.4184 3
    endloop
  endfacet
  facet normal 0.851622 -0.276594 0.445238
    outer loop
      vertex -11.9563 17.7363 3
      vertex -12.7837 18.4082 5
      vertex -12.9344 17.9442 5
    endloop
  endfacet
  facet normal 0.890483 -0.0938027 0.445242
    outer loop
      vertex -12.949 17.8056 5
      vertex -11.9563 17.7363 3
      vertex -12.9344 17.9442 5
    endloop
  endfacet
  facet normal 0.890504 -0.0935908 0.445245
    outer loop
      vertex -11.9563 17.7363 3
      vertex -12.949 17.8056 5
      vertex -12 17.3205 3
    endloop
  endfacet
  facet normal 0.890506 0.0936216 0.445234
    outer loop
      vertex -12.9344 16.6968 5
      vertex -11.9563 16.9047 3
      vertex -12.9854 17.1819 5
    endloop
  endfacet
  facet normal 0.36423 0.817965 0.445275
    outer loop
      vertex -11 15.5885 3
      vertex -10.9271 14.4673 5
      vertex -10.618 15.4184 3
    endloop
  endfacet
  facet normal 0.364313 0.817938 0.445257
    outer loop
      vertex -10.9271 14.4673 5
      vertex -11 15.5885 3
      vertex -11.0544 14.524 5
    endloop
  endfacet
  facet normal 0.526173 0.724478 0.445279
    outer loop
      vertex -11.3383 15.8342 3
      vertex -11.5 14.7224 5
      vertex -11 15.5885 3
    endloop
  endfacet
  facet normal 0.526516 0.72428 0.445196
    outer loop
      vertex -11.5 14.7224 5
      vertex -11.3383 15.8342 3
      vertex -11.6128 14.8044 5
    endloop
  endfacet
  facet normal -0.526678 0.724182 0.445165
    outer loop
      vertex -8.66174 15.8342 3
      vertex -8.5 14.7224 5
      vertex -8.38725 14.8044 5
    endloop
  endfacet
  facet normal -0.526214 0.72445 0.445277
    outer loop
      vertex -8.5 14.7224 5
      vertex -8.66174 15.8342 3
      vertex -9 15.5885 3
    endloop
  endfacet
  facet normal 0.851622 0.276594 0.445238
    outer loop
      vertex -12.7837 16.2328 5
      vertex -11.9563 16.9047 3
      vertex -12.9344 16.6968 5
    endloop
  endfacet
  facet normal 0 -0.89541 0.445243
    outer loop
      vertex -10.2091 19.3096 3
      vertex -9.68641 20.3041 5
      vertex -10.3136 20.3041 5
    endloop
  endfacet
  facet normal 0 -0.89541 0.445243
    outer loop
      vertex -9.68641 20.3041 5
      vertex -10.2091 19.3096 3
      vertex -9.79094 19.3096 3
    endloop
  endfacet
  facet normal -0.775468 -0.447661 0.445252
    outer loop
      vertex -7.32905 18.6614 5
      vertex -7.57295 19.0839 5
      vertex -8.38197 18.4961 3
    endloop
  endfacet
  facet normal 0.851494 -0.276977 0.445243
    outer loop
      vertex -12.7837 18.4082 5
      vertex -11.8271 18.134 3
      vertex -12.7406 18.5407 5
    endloop
  endfacet
  facet normal 0.851596 -0.276656 0.445248
    outer loop
      vertex -11.8271 18.134 3
      vertex -12.7837 18.4082 5
      vertex -11.9563 17.7363 3
    endloop
  endfacet
  facet normal 0.851596 0.276656 0.445248
    outer loop
      vertex -12.7837 16.2328 5
      vertex -11.8271 16.507 3
      vertex -11.9563 16.9047 3
    endloop
  endfacet
  facet normal 0.851494 0.276977 0.445243
    outer loop
      vertex -11.8271 16.507 3
      vertex -12.7837 16.2328 5
      vertex -12.7406 16.1003 5
    endloop
  endfacet
  facet normal 0.364315 -0.817942 0.445248
    outer loop
      vertex -11 19.0526 3
      vertex -11.3727 19.9753 5
      vertex -11.5 19.9186 5
    endloop
  endfacet
  facet normal 0.364056 -0.818055 0.445252
    outer loop
      vertex -11.3727 19.9753 5
      vertex -11 19.0526 3
      vertex -10.618 19.2226 3
    endloop
  endfacet
  facet normal -0.665417 0.599151 0.44524
    outer loop
      vertex -7.99261 15.0911 5
      vertex -7.66621 15.4536 5
      vertex -8.66174 15.8342 3
    endloop
  endfacet
  facet normal 0.18632 0.875797 0.445269
    outer loop
      vertex -10.3136 14.3369 5
      vertex -10.2091 15.3315 3
      vertex -10.7907 14.4384 5
    endloop
  endfacet
  facet normal -0.526283 0.724424 0.445236
    outer loop
      vertex -8.38725 14.8044 5
      vertex -7.99261 15.0911 5
      vertex -8.66174 15.8342 3
    endloop
  endfacet
  facet normal -0.36408 -0.818046 0.445248
    outer loop
      vertex -9 19.0526 3
      vertex -8.62732 19.9753 5
      vertex -9.38197 19.2226 3
    endloop
  endfacet
  facet normal -0.364268 -0.817964 0.445245
    outer loop
      vertex -8.62732 19.9753 5
      vertex -9 19.0526 3
      vertex -8.5 19.9186 5
    endloop
  endfacet
  facet normal -0.36418 -0.817992 0.445266
    outer loop
      vertex -8.62732 19.9753 5
      vertex -9.07295 20.1737 5
      vertex -9.38197 19.2226 3
    endloop
  endfacet
  facet normal 0.526438 -0.724311 0.445238
    outer loop
      vertex -11.3383 18.8068 3
      vertex -11.6128 19.8367 5
      vertex -12.0074 19.5499 5
    endloop
  endfacet
  facet normal -0.8516 0.276642 0.445249
    outer loop
      vertex -7.21629 16.2328 5
      vertex -7.06556 16.6968 5
      vertex -8.0437 16.9047 3
    endloop
  endfacet
  facet normal 0.186107 -0.875842 0.44527
    outer loop
      vertex -10.618 19.2226 3
      vertex -10.4499 20.2751 5
      vertex -10.9271 20.1737 5
    endloop
  endfacet
  facet normal 0.890499 -0.0936208 0.445249
    outer loop
      vertex -12 17.3205 3
      vertex -12.949 17.8056 5
      vertex -13 17.3205 5
    endloop
  endfacet
  facet normal -0.526402 -0.724335 0.445242
    outer loop
      vertex -7.99261 19.5499 5
      vertex -8.38725 19.8367 5
      vertex -8.66174 18.8068 3
    endloop
  endfacet
  facet normal 0.52632 0.724401 0.445231
    outer loop
      vertex -11.6128 14.8044 5
      vertex -11.3383 15.8342 3
      vertex -12.0074 15.0911 5
    endloop
  endfacet
  facet normal 0.77554 -0.447518 0.44527
    outer loop
      vertex -11.618 18.4961 3
      vertex -12.4271 19.0839 5
      vertex -12.6709 18.6614 5
    endloop
  endfacet
  facet normal -0.775438 -0.447724 0.445241
    outer loop
      vertex -8.38197 18.4961 3
      vertex -7.25936 18.5407 5
      vertex -7.32905 18.6614 5
    endloop
  endfacet
  facet normal -0.775445 -0.447707 0.445245
    outer loop
      vertex -7.25936 18.5407 5
      vertex -8.38197 18.4961 3
      vertex -8.17291 18.134 3
    endloop
  endfacet
  facet normal 0.186137 0.875851 0.44524
    outer loop
      vertex -10.618 15.4184 3
      vertex -10.7907 14.4384 5
      vertex -10.2091 15.3315 3
    endloop
  endfacet
  facet normal 0.185596 0.875962 0.445247
    outer loop
      vertex -10.7907 14.4384 5
      vertex -10.618 15.4184 3
      vertex -10.9271 14.4673 5
    endloop
  endfacet
  facet normal -0.890502 -0.0935905 0.445249
    outer loop
      vertex -8 17.3205 3
      vertex -7.01457 17.4591 5
      vertex -8.0437 17.7363 3
    endloop
  endfacet
  facet normal -0.8905 -0.0936117 0.44525
    outer loop
      vertex -7.01457 17.4591 5
      vertex -8 17.3205 3
      vertex -7 17.3205 5
    endloop
  endfacet
  facet normal 0.66542 0.599153 0.445232
    outer loop
      vertex -12.0074 15.0911 5
      vertex -11.3383 15.8342 3
      vertex -12.3338 15.4536 5
    endloop
  endfacet
  facet normal -0.36418 0.817992 0.445266
    outer loop
      vertex -9.07295 14.4673 5
      vertex -8.62732 14.6657 5
      vertex -9.38197 15.4184 3
    endloop
  endfacet
  facet normal -0.186316 -0.875814 0.445236
    outer loop
      vertex -9.79094 19.3096 3
      vertex -9.55009 20.2751 5
      vertex -9.68641 20.3041 5
    endloop
  endfacet
  facet normal -0.186312 -0.875815 0.445236
    outer loop
      vertex -9.55009 20.2751 5
      vertex -9.79094 19.3096 3
      vertex -9.38197 19.2226 3
    endloop
  endfacet
  facet normal 0.364199 -0.817978 0.445276
    outer loop
      vertex -10.618 19.2226 3
      vertex -10.9271 20.1737 5
      vertex -11.3727 19.9753 5
    endloop
  endfacet
  facet normal -0.665412 -0.599146 0.445255
    outer loop
      vertex -7.57295 19.0839 5
      vertex -7.89935 19.4464 5
      vertex -8.38197 18.4961 3
    endloop
  endfacet
  facet normal -0.890502 -0.0936027 0.445248
    outer loop
      vertex -7.01457 17.4591 5
      vertex -7.06556 17.9442 5
      vertex -8.0437 17.7363 3
    endloop
  endfacet
  facet normal -0.18613 -0.87584 0.445265
    outer loop
      vertex -9.38197 19.2226 3
      vertex -9.07295 20.1737 5
      vertex -9.55009 20.2751 5
    endloop
  endfacet
  facet normal -0.8516 -0.276642 0.445249
    outer loop
      vertex -7.06556 17.9442 5
      vertex -7.21629 18.4082 5
      vertex -8.0437 17.7363 3
    endloop
  endfacet
  facet normal -0.890502 0.0936027 0.445248
    outer loop
      vertex -7.06556 16.6968 5
      vertex -7.01457 17.1819 5
      vertex -8.0437 16.9047 3
    endloop
  endfacet
  facet normal -0.665197 -0.599385 0.445253
    outer loop
      vertex -8.66174 18.8068 3
      vertex -7.89935 19.4464 5
      vertex -7.99261 19.5499 5
    endloop
  endfacet
  facet normal -0.665398 -0.599158 0.445257
    outer loop
      vertex -7.89935 19.4464 5
      vertex -8.66174 18.8068 3
      vertex -8.38197 18.4961 3
    endloop
  endfacet
  facet normal 0.665315 -0.599242 0.44527
    outer loop
      vertex -11.618 18.4961 3
      vertex -12.1006 19.4464 5
      vertex -12.4271 19.0839 5
    endloop
  endfacet
  facet normal 0.665397 -0.599178 0.445233
    outer loop
      vertex -12.1006 19.4464 5
      vertex -11.3383 18.8068 3
      vertex -12.0074 19.5499 5
    endloop
  endfacet
  facet normal 0.665481 -0.599083 0.445235
    outer loop
      vertex -11.3383 18.8068 3
      vertex -12.1006 19.4464 5
      vertex -11.618 18.4961 3
    endloop
  endfacet
  facet normal -0.665409 0.599168 0.44523
    outer loop
      vertex -8.66174 15.8342 3
      vertex -7.57295 15.5572 5
      vertex -8.38197 16.1449 3
    endloop
  endfacet
  facet normal -0.665484 0.599064 0.445257
    outer loop
      vertex -7.57295 15.5572 5
      vertex -8.66174 15.8342 3
      vertex -7.66621 15.4536 5
    endloop
  endfacet
  facet normal 0.364199 0.817979 0.445275
    outer loop
      vertex -11.0544 14.524 5
      vertex -11 15.5885 3
      vertex -11.5 14.7224 5
    endloop
  endfacet
  facet normal 0 0.895392 0.445279
    outer loop
      vertex -9.79094 15.3315 3
      vertex -10.3136 14.3369 5
      vertex -9.68641 14.3369 5
    endloop
  endfacet
  facet normal 0 0.895392 0.445279
    outer loop
      vertex -10.3136 14.3369 5
      vertex -9.79094 15.3315 3
      vertex -10.2091 15.3315 3
    endloop
  endfacet
  facet normal -0.851546 -0.276801 0.445253
    outer loop
      vertex -8.17291 18.134 3
      vertex -7.21629 18.4082 5
      vertex -7.25936 18.5407 5
    endloop
  endfacet
  facet normal -0.851587 -0.276675 0.445254
    outer loop
      vertex -7.21629 18.4082 5
      vertex -8.17291 18.134 3
      vertex -8.0437 17.7363 3
    endloop
  endfacet
  facet normal 0.775432 0.447746 0.445228
    outer loop
      vertex -12.4967 15.6779 5
      vertex -11.8271 16.507 3
      vertex -12.7406 16.1003 5
    endloop
  endfacet
  facet normal 0.890483 0.0938027 0.445242
    outer loop
      vertex -12.9854 17.1819 5
      vertex -12 17.3205 3
      vertex -13 17.3205 5
    endloop
  endfacet
  facet normal 0.890507 0.0935911 0.445239
    outer loop
      vertex -12 17.3205 3
      vertex -12.9854 17.1819 5
      vertex -11.9563 16.9047 3
    endloop
  endfacet
  facet normal -0.186305 0.875799 0.445272
    outer loop
      vertex -9.68641 14.3369 5
      vertex -9.20927 14.4384 5
      vertex -9.79094 15.3315 3
    endloop
  endfacet
  facet normal -0.1857 0.87594 0.445246
    outer loop
      vertex -9.38197 15.4184 3
      vertex -9.20927 14.4384 5
      vertex -9.07295 14.4673 5
    endloop
  endfacet
  facet normal -0.186106 0.875857 0.44524
    outer loop
      vertex -9.20927 14.4384 5
      vertex -9.38197 15.4184 3
      vertex -9.79094 15.3315 3
    endloop
  endfacet
  facet normal -0.8905 0.0936117 0.44525
    outer loop
      vertex -8 17.3205 3
      vertex -7.01457 17.1819 5
      vertex -7 17.3205 5
    endloop
  endfacet
  facet normal -0.890502 0.0935905 0.445249
    outer loop
      vertex -7.01457 17.1819 5
      vertex -8 17.3205 3
      vertex -8.0437 16.9047 3
    endloop
  endfacet
  facet normal -0.526365 -0.724362 0.44524
    outer loop
      vertex -8.66174 18.8068 3
      vertex -8.5 19.9186 5
      vertex -9 19.0526 3
    endloop
  endfacet
  facet normal -0.526225 -0.724443 0.445274
    outer loop
      vertex -8.5 19.9186 5
      vertex -8.66174 18.8068 3
      vertex -8.38725 19.8367 5
    endloop
  endfacet
  facet normal 0.775416 -0.447776 0.445227
    outer loop
      vertex -12.7406 18.5407 5
      vertex -11.618 18.4961 3
      vertex -12.6709 18.6614 5
    endloop
  endfacet
  facet normal 0.775416 -0.447776 0.445227
    outer loop
      vertex -11.618 18.4961 3
      vertex -12.7406 18.5407 5
      vertex -11.8271 18.134 3
    endloop
  endfacet
  facet normal 0.665474 0.599076 0.445256
    outer loop
      vertex -12.4271 15.5572 5
      vertex -11.3383 15.8342 3
      vertex -11.618 16.1449 3
    endloop
  endfacet
  facet normal 0.66537 0.599218 0.445219
    outer loop
      vertex -11.3383 15.8342 3
      vertex -12.4271 15.5572 5
      vertex -12.3338 15.4536 5
    endloop
  endfacet
  facet normal 0.775413 0.447774 0.445233
    outer loop
      vertex -12.4967 15.6779 5
      vertex -11.618 16.1449 3
      vertex -11.8271 16.507 3
    endloop
  endfacet
  facet normal 0.775688 0.44729 0.445241
    outer loop
      vertex -11.618 16.1449 3
      vertex -12.4967 15.6779 5
      vertex -12.4271 15.5572 5
    endloop
  endfacet
  facet normal -0.775449 0.447709 0.445237
    outer loop
      vertex -8.38197 16.1449 3
      vertex -7.50326 15.6779 5
      vertex -8.17291 16.507 3
    endloop
  endfacet
  facet normal -0.77544 0.447725 0.445237
    outer loop
      vertex -7.50326 15.6779 5
      vertex -8.38197 16.1449 3
      vertex -7.57295 15.5572 5
    endloop
  endfacet
  facet normal -0.866024 0.500003 0
    outer loop
      vertex -8.38197 -18.4961 0
      vertex -8.17291 -18.134 3
      vertex -8.17291 -18.134 0
    endloop
  endfacet
  facet normal -0.866024 0.500003 0
    outer loop
      vertex -8.17291 -18.134 3
      vertex -8.38197 -18.4961 0
      vertex -8.38197 -18.4961 3
    endloop
  endfacet
  facet normal 0.994522 -0.104523 0
    outer loop
      vertex -12 -17.3205 3
      vertex -11.9563 -16.9047 0
      vertex -11.9563 -16.9047 3
    endloop
  endfacet
  facet normal 0.994522 -0.104523 0
    outer loop
      vertex -11.9563 -16.9047 0
      vertex -12 -17.3205 3
      vertex -12 -17.3205 0
    endloop
  endfacet
  facet normal -0.866024 -0.500003 0
    outer loop
      vertex -8.17291 -16.507 0
      vertex -8.38197 -16.1449 3
      vertex -8.38197 -16.1449 0
    endloop
  endfacet
  facet normal -0.866024 -0.500003 0
    outer loop
      vertex -8.38197 -16.1449 3
      vertex -8.17291 -16.507 0
      vertex -8.17291 -16.507 3
    endloop
  endfacet
  facet normal 0.865982 0.500074 0
    outer loop
      vertex -11.618 -18.4961 3
      vertex -11.8271 -18.134 0
      vertex -11.8271 -18.134 3
    endloop
  endfacet
  facet normal 0.865982 0.500074 0
    outer loop
      vertex -11.8271 -18.134 0
      vertex -11.618 -18.4961 3
      vertex -11.618 -18.4961 0
    endloop
  endfacet
  facet normal 0 -1 0
    outer loop
      vertex -10.2091 -15.3315 0
      vertex -9.79094 -15.3315 3
      vertex -10.2091 -15.3315 3
    endloop
  endfacet
  facet normal 0 -1 -0
    outer loop
      vertex -9.79094 -15.3315 3
      vertex -10.2091 -15.3315 0
      vertex -9.79094 -15.3315 0
    endloop
  endfacet
  facet normal 0.406582 0.913614 -0
    outer loop
      vertex -10.618 -19.2226 0
      vertex -11 -19.0526 3
      vertex -10.618 -19.2226 3
    endloop
  endfacet
  facet normal 0.406582 0.913614 0
    outer loop
      vertex -11 -19.0526 3
      vertex -10.618 -19.2226 0
      vertex -11 -19.0526 0
    endloop
  endfacet
  facet normal 0.743211 -0.669057 0
    outer loop
      vertex -11.618 -16.1449 3
      vertex -11.3383 -15.8342 0
      vertex -11.3383 -15.8342 3
    endloop
  endfacet
  facet normal 0.743211 -0.669057 0
    outer loop
      vertex -11.3383 -15.8342 0
      vertex -11.618 -16.1449 3
      vertex -11.618 -16.1449 0
    endloop
  endfacet
  facet normal -0.994522 0.104523 0
    outer loop
      vertex -8.0437 -17.7363 0
      vertex -8 -17.3205 3
      vertex -8 -17.3205 0
    endloop
  endfacet
  facet normal -0.994522 0.104523 0
    outer loop
      vertex -8 -17.3205 3
      vertex -8.0437 -17.7363 0
      vertex -8.0437 -17.7363 3
    endloop
  endfacet
  facet normal -0.994522 -0.104523 0
    outer loop
      vertex -8 -17.3205 0
      vertex -8.0437 -16.9047 3
      vertex -8.0437 -16.9047 0
    endloop
  endfacet
  facet normal -0.994522 -0.104523 0
    outer loop
      vertex -8.0437 -16.9047 3
      vertex -8 -17.3205 0
      vertex -8 -17.3205 3
    endloop
  endfacet
  facet normal -0.587847 0.808972 0
    outer loop
      vertex -8.66174 -18.8068 0
      vertex -9 -19.0526 3
      vertex -8.66174 -18.8068 3
    endloop
  endfacet
  facet normal -0.587847 0.808972 0
    outer loop
      vertex -9 -19.0526 3
      vertex -8.66174 -18.8068 0
      vertex -9 -19.0526 0
    endloop
  endfacet
  facet normal 0.406782 -0.913525 0
    outer loop
      vertex -11 -15.5885 0
      vertex -10.618 -15.4184 3
      vertex -11 -15.5885 3
    endloop
  endfacet
  facet normal 0.406782 -0.913525 0
    outer loop
      vertex -10.618 -15.4184 3
      vertex -11 -15.5885 0
      vertex -10.618 -15.4184 0
    endloop
  endfacet
  facet normal 0.208108 0.978106 -0
    outer loop
      vertex -10.2091 -19.3096 0
      vertex -10.618 -19.2226 3
      vertex -10.2091 -19.3096 3
    endloop
  endfacet
  facet normal 0.208108 0.978106 0
    outer loop
      vertex -10.618 -19.2226 3
      vertex -10.2091 -19.3096 0
      vertex -10.618 -19.2226 0
    endloop
  endfacet
  facet normal 0.951071 0.308973 0
    outer loop
      vertex -11.8271 -18.134 3
      vertex -11.9563 -17.7363 0
      vertex -11.9563 -17.7363 3
    endloop
  endfacet
  facet normal 0.951071 0.308973 0
    outer loop
      vertex -11.9563 -17.7363 0
      vertex -11.8271 -18.134 3
      vertex -11.8271 -18.134 0
    endloop
  endfacet
  facet normal -0.951064 0.308994 0
    outer loop
      vertex -8.17291 -18.134 0
      vertex -8.0437 -17.7363 3
      vertex -8.0437 -17.7363 0
    endloop
  endfacet
  facet normal -0.951064 0.308994 0
    outer loop
      vertex -8.0437 -17.7363 3
      vertex -8.17291 -18.134 0
      vertex -8.17291 -18.134 3
    endloop
  endfacet
  facet normal 0.951071 -0.308973 0
    outer loop
      vertex -11.9563 -16.9047 3
      vertex -11.8271 -16.507 0
      vertex -11.8271 -16.507 3
    endloop
  endfacet
  facet normal 0.951071 -0.308973 0
    outer loop
      vertex -11.8271 -16.507 0
      vertex -11.9563 -16.9047 3
      vertex -11.9563 -16.9047 0
    endloop
  endfacet
  facet normal -0.406609 0.913602 0
    outer loop
      vertex -9 -19.0526 0
      vertex -9.38197 -19.2226 3
      vertex -9 -19.0526 3
    endloop
  endfacet
  facet normal -0.406609 0.913602 0
    outer loop
      vertex -9.38197 -19.2226 3
      vertex -9 -19.0526 0
      vertex -9.38197 -19.2226 0
    endloop
  endfacet
  facet normal -0.587691 -0.809086 0
    outer loop
      vertex -9 -15.5885 0
      vertex -8.66174 -15.8342 3
      vertex -9 -15.5885 3
    endloop
  endfacet
  facet normal -0.587691 -0.809086 -0
    outer loop
      vertex -8.66174 -15.8342 3
      vertex -9 -15.5885 0
      vertex -8.66174 -15.8342 0
    endloop
  endfacet
  facet normal -0.208074 0.978113 0
    outer loop
      vertex -9.38197 -19.2226 0
      vertex -9.79094 -19.3096 3
      vertex -9.38197 -19.2226 3
    endloop
  endfacet
  facet normal -0.208074 0.978113 0
    outer loop
      vertex -9.79094 -19.3096 3
      vertex -9.38197 -19.2226 0
      vertex -9.79094 -19.3096 0
    endloop
  endfacet
  facet normal 0.587645 -0.809119 0
    outer loop
      vertex -11.3383 -15.8342 0
      vertex -11 -15.5885 3
      vertex -11.3383 -15.8342 3
    endloop
  endfacet
  facet normal 0.587645 -0.809119 0
    outer loop
      vertex -11 -15.5885 3
      vertex -11.3383 -15.8342 0
      vertex -11 -15.5885 0
    endloop
  endfacet
  facet normal 0.994522 0.104523 0
    outer loop
      vertex -11.9563 -17.7363 3
      vertex -12 -17.3205 0
      vertex -12 -17.3205 3
    endloop
  endfacet
  facet normal 0.994522 0.104523 0
    outer loop
      vertex -12 -17.3205 0
      vertex -11.9563 -17.7363 3
      vertex -11.9563 -17.7363 0
    endloop
  endfacet
  facet normal -0.743128 -0.66915 0
    outer loop
      vertex -8.38197 -16.1449 0
      vertex -8.66174 -15.8342 3
      vertex -8.66174 -15.8342 0
    endloop
  endfacet
  facet normal -0.743128 -0.66915 0
    outer loop
      vertex -8.66174 -15.8342 3
      vertex -8.38197 -16.1449 0
      vertex -8.38197 -16.1449 3
    endloop
  endfacet
  facet normal 0 1 -0
    outer loop
      vertex -9.79094 -19.3096 0
      vertex -10.2091 -19.3096 3
      vertex -9.79094 -19.3096 3
    endloop
  endfacet
  facet normal 0 1 0
    outer loop
      vertex -10.2091 -19.3096 3
      vertex -9.79094 -19.3096 0
      vertex -10.2091 -19.3096 0
    endloop
  endfacet
  facet normal -0.207845 -0.978162 0
    outer loop
      vertex -9.79094 -15.3315 0
      vertex -9.38197 -15.4184 3
      vertex -9.79094 -15.3315 3
    endloop
  endfacet
  facet normal -0.207845 -0.978162 -0
    outer loop
      vertex -9.38197 -15.4184 3
      vertex -9.79094 -15.3315 0
      vertex -9.38197 -15.4184 0
    endloop
  endfacet
  facet normal 0.743211 0.669057 0
    outer loop
      vertex -11.3383 -18.8068 3
      vertex -11.618 -18.4961 0
      vertex -11.618 -18.4961 3
    endloop
  endfacet
  facet normal 0.743211 0.669057 0
    outer loop
      vertex -11.618 -18.4961 0
      vertex -11.3383 -18.8068 3
      vertex -11.3383 -18.8068 0
    endloop
  endfacet
  facet normal 0.587802 0.809005 -0
    outer loop
      vertex -11 -19.0526 0
      vertex -11.3383 -18.8068 3
      vertex -11 -19.0526 3
    endloop
  endfacet
  facet normal 0.587802 0.809005 0
    outer loop
      vertex -11.3383 -18.8068 3
      vertex -11 -19.0526 0
      vertex -11.3383 -18.8068 0
    endloop
  endfacet
  facet normal 0.207879 -0.978155 0
    outer loop
      vertex -10.618 -15.4184 0
      vertex -10.2091 -15.3315 3
      vertex -10.618 -15.4184 3
    endloop
  endfacet
  facet normal 0.207879 -0.978155 0
    outer loop
      vertex -10.2091 -15.3315 3
      vertex -10.618 -15.4184 0
      vertex -10.2091 -15.3315 0
    endloop
  endfacet
  facet normal -0.743128 0.66915 0
    outer loop
      vertex -8.66174 -18.8068 0
      vertex -8.38197 -18.4961 3
      vertex -8.38197 -18.4961 0
    endloop
  endfacet
  facet normal -0.743128 0.66915 0
    outer loop
      vertex -8.38197 -18.4961 3
      vertex -8.66174 -18.8068 0
      vertex -8.66174 -18.8068 3
    endloop
  endfacet
  facet normal -0.406808 -0.913513 0
    outer loop
      vertex -9.38197 -15.4184 0
      vertex -9 -15.5885 3
      vertex -9.38197 -15.4184 3
    endloop
  endfacet
  facet normal -0.406808 -0.913513 -0
    outer loop
      vertex -9 -15.5885 3
      vertex -9.38197 -15.4184 0
      vertex -9 -15.5885 0
    endloop
  endfacet
  facet normal -0.951064 -0.308994 0
    outer loop
      vertex -8.0437 -16.9047 0
      vertex -8.17291 -16.507 3
      vertex -8.17291 -16.507 0
    endloop
  endfacet
  facet normal -0.951064 -0.308994 0
    outer loop
      vertex -8.17291 -16.507 3
      vertex -8.0437 -16.9047 0
      vertex -8.0437 -16.9047 3
    endloop
  endfacet
  facet normal 0.865982 -0.500074 0
    outer loop
      vertex -11.8271 -16.507 3
      vertex -11.618 -16.1449 0
      vertex -11.618 -16.1449 3
    endloop
  endfacet
  facet normal 0.865982 -0.500074 0
    outer loop
      vertex -11.618 -16.1449 0
      vertex -11.8271 -16.507 3
      vertex -11.8271 -16.507 0
    endloop
  endfacet
  facet normal 0.364056 0.818055 0.445252
    outer loop
      vertex -11 -19.0526 3
      vertex -11.3727 -19.9753 5
      vertex -10.618 -19.2226 3
    endloop
  endfacet
  facet normal 0.364315 0.817942 0.445248
    outer loop
      vertex -11.3727 -19.9753 5
      vertex -11 -19.0526 3
      vertex -11.5 -19.9186 5
    endloop
  endfacet
  facet normal 0.851622 0.276594 0.445238
    outer loop
      vertex -12.7837 -18.4082 5
      vertex -11.9563 -17.7363 3
      vertex -12.9344 -17.9442 5
    endloop
  endfacet
  facet normal -0.526402 0.724335 0.445242
    outer loop
      vertex -8.38725 -19.8367 5
      vertex -7.99261 -19.5499 5
      vertex -8.66174 -18.8068 3
    endloop
  endfacet
  facet normal -0.186106 -0.875857 0.44524
    outer loop
      vertex -9.38197 -15.4184 3
      vertex -9.20927 -14.4384 5
      vertex -9.79094 -15.3315 3
    endloop
  endfacet
  facet normal -0.1857 -0.87594 0.445246
    outer loop
      vertex -9.20927 -14.4384 5
      vertex -9.38197 -15.4184 3
      vertex -9.07295 -14.4673 5
    endloop
  endfacet
  facet normal 0.851622 -0.276594 0.445238
    outer loop
      vertex -11.9563 -16.9047 3
      vertex -12.7837 -16.2328 5
      vertex -12.9344 -16.6968 5
    endloop
  endfacet
  facet normal 0.851494 -0.276977 0.445243
    outer loop
      vertex -12.7837 -16.2328 5
      vertex -11.8271 -16.507 3
      vertex -12.7406 -16.1003 5
    endloop
  endfacet
  facet normal 0.851596 -0.276656 0.445248
    outer loop
      vertex -11.8271 -16.507 3
      vertex -12.7837 -16.2328 5
      vertex -11.9563 -16.9047 3
    endloop
  endfacet
  facet normal 0.851596 0.276656 0.445248
    outer loop
      vertex -12.7837 -18.4082 5
      vertex -11.8271 -18.134 3
      vertex -11.9563 -17.7363 3
    endloop
  endfacet
  facet normal 0.851494 0.276977 0.445243
    outer loop
      vertex -11.8271 -18.134 3
      vertex -12.7837 -18.4082 5
      vertex -12.7406 -18.5407 5
    endloop
  endfacet
  facet normal -0.775426 -0.447742 0.445243
    outer loop
      vertex -7.25936 -16.1003 5
      vertex -7.50326 -15.6779 5
      vertex -8.17291 -16.507 3
    endloop
  endfacet
  facet normal -0.890502 -0.0935905 0.445249
    outer loop
      vertex -8 -17.3205 3
      vertex -7.01457 -17.1819 5
      vertex -8.0437 -16.9047 3
    endloop
  endfacet
  facet normal -0.8905 -0.0936117 0.44525
    outer loop
      vertex -7.01457 -17.1819 5
      vertex -8 -17.3205 3
      vertex -7 -17.3205 5
    endloop
  endfacet
  facet normal -0.775468 0.447661 0.445252
    outer loop
      vertex -7.57295 -19.0839 5
      vertex -7.32905 -18.6614 5
      vertex -8.38197 -18.4961 3
    endloop
  endfacet
  facet normal -0.526214 -0.72445 0.445277
    outer loop
      vertex -8.66174 -15.8342 3
      vertex -8.5 -14.7224 5
      vertex -9 -15.5885 3
    endloop
  endfacet
  facet normal -0.526678 -0.724182 0.445165
    outer loop
      vertex -8.5 -14.7224 5
      vertex -8.66174 -15.8342 3
      vertex -8.38725 -14.8044 5
    endloop
  endfacet
  facet normal -0.186312 0.875815 0.445236
    outer loop
      vertex -9.79094 -19.3096 3
      vertex -9.55009 -20.2751 5
      vertex -9.38197 -19.2226 3
    endloop
  endfacet
  facet normal -0.186316 0.875814 0.445236
    outer loop
      vertex -9.55009 -20.2751 5
      vertex -9.79094 -19.3096 3
      vertex -9.68641 -20.3041 5
    endloop
  endfacet
  facet normal -0.36418 0.817992 0.445266
    outer loop
      vertex -9.07295 -20.1737 5
      vertex -8.62732 -19.9753 5
      vertex -9.38197 -19.2226 3
    endloop
  endfacet
  facet normal 0.775432 -0.447746 0.445228
    outer loop
      vertex -11.8271 -16.507 3
      vertex -12.4967 -15.6779 5
      vertex -12.7406 -16.1003 5
    endloop
  endfacet
  facet normal -0.665398 0.599158 0.445257
    outer loop
      vertex -8.66174 -18.8068 3
      vertex -7.89935 -19.4464 5
      vertex -8.38197 -18.4961 3
    endloop
  endfacet
  facet normal -0.665197 0.599385 0.445253
    outer loop
      vertex -7.89935 -19.4464 5
      vertex -8.66174 -18.8068 3
      vertex -7.99261 -19.5499 5
    endloop
  endfacet
  facet normal 0.186107 0.875842 0.44527
    outer loop
      vertex -10.4499 -20.2751 5
      vertex -10.618 -19.2226 3
      vertex -10.9271 -20.1737 5
    endloop
  endfacet
  facet normal 0.77554 0.447518 0.44527
    outer loop
      vertex -12.4271 -19.0839 5
      vertex -11.618 -18.4961 3
      vertex -12.6709 -18.6614 5
    endloop
  endfacet
  facet normal 0.526516 -0.72428 0.445196
    outer loop
      vertex -11.3383 -15.8342 3
      vertex -11.5 -14.7224 5
      vertex -11.6128 -14.8044 5
    endloop
  endfacet
  facet normal 0.526173 -0.724478 0.445279
    outer loop
      vertex -11.5 -14.7224 5
      vertex -11.3383 -15.8342 3
      vertex -11 -15.5885 3
    endloop
  endfacet
  facet normal 0.775688 -0.44729 0.445241
    outer loop
      vertex -12.4967 -15.6779 5
      vertex -11.618 -16.1449 3
      vertex -12.4271 -15.5572 5
    endloop
  endfacet
  facet normal 0.775413 -0.447774 0.445233
    outer loop
      vertex -11.618 -16.1449 3
      vertex -12.4967 -15.6779 5
      vertex -11.8271 -16.507 3
    endloop
  endfacet
  facet normal -0.8516 -0.276642 0.445249
    outer loop
      vertex -7.06556 -16.6968 5
      vertex -7.21629 -16.2328 5
      vertex -8.0437 -16.9047 3
    endloop
  endfacet
  facet normal -0.851587 0.276675 0.445254
    outer loop
      vertex -8.17291 -18.134 3
      vertex -7.21629 -18.4082 5
      vertex -8.0437 -17.7363 3
    endloop
  endfacet
  facet normal -0.851546 0.276801 0.445253
    outer loop
      vertex -7.21629 -18.4082 5
      vertex -8.17291 -18.134 3
      vertex -7.25936 -18.5407 5
    endloop
  endfacet
  facet normal 0.890499 0.0936208 0.445249
    outer loop
      vertex -12.949 -17.8056 5
      vertex -12 -17.3205 3
      vertex -13 -17.3205 5
    endloop
  endfacet
  facet normal 0.66537 -0.599218 0.445219
    outer loop
      vertex -12.4271 -15.5572 5
      vertex -11.3383 -15.8342 3
      vertex -12.3338 -15.4536 5
    endloop
  endfacet
  facet normal 0.665474 -0.599076 0.445256
    outer loop
      vertex -11.3383 -15.8342 3
      vertex -12.4271 -15.5572 5
      vertex -11.618 -16.1449 3
    endloop
  endfacet
  facet normal -0.775445 0.447707 0.445245
    outer loop
      vertex -8.38197 -18.4961 3
      vertex -7.25936 -18.5407 5
      vertex -8.17291 -18.134 3
    endloop
  endfacet
  facet normal -0.775438 0.447724 0.445241
    outer loop
      vertex -7.25936 -18.5407 5
      vertex -8.38197 -18.4961 3
      vertex -7.32905 -18.6614 5
    endloop
  endfacet
  facet normal -0.665412 0.599146 0.445255
    outer loop
      vertex -7.89935 -19.4464 5
      vertex -7.57295 -19.0839 5
      vertex -8.38197 -18.4961 3
    endloop
  endfacet
  facet normal 0.364313 -0.817938 0.445257
    outer loop
      vertex -11 -15.5885 3
      vertex -10.9271 -14.4673 5
      vertex -11.0544 -14.524 5
    endloop
  endfacet
  facet normal 0.36423 -0.817965 0.445275
    outer loop
      vertex -10.9271 -14.4673 5
      vertex -11 -15.5885 3
      vertex -10.618 -15.4184 3
    endloop
  endfacet
  facet normal 0.890504 0.0935908 0.445245
    outer loop
      vertex -12.949 -17.8056 5
      vertex -11.9563 -17.7363 3
      vertex -12 -17.3205 3
    endloop
  endfacet
  facet normal 0.890483 0.0938027 0.445242
    outer loop
      vertex -11.9563 -17.7363 3
      vertex -12.949 -17.8056 5
      vertex -12.9344 -17.9442 5
    endloop
  endfacet
  facet normal -0.18613 0.87584 0.445265
    outer loop
      vertex -9.07295 -20.1737 5
      vertex -9.38197 -19.2226 3
      vertex -9.55009 -20.2751 5
    endloop
  endfacet
  facet normal 0.364199 0.817978 0.445276
    outer loop
      vertex -10.9271 -20.1737 5
      vertex -10.618 -19.2226 3
      vertex -11.3727 -19.9753 5
    endloop
  endfacet
  facet normal 0.665315 0.599242 0.44527
    outer loop
      vertex -12.1006 -19.4464 5
      vertex -11.618 -18.4961 3
      vertex -12.4271 -19.0839 5
    endloop
  endfacet
  facet normal 0.526438 0.724311 0.445238
    outer loop
      vertex -11.6128 -19.8367 5
      vertex -11.3383 -18.8068 3
      vertex -12.0074 -19.5499 5
    endloop
  endfacet
  facet normal -0.364253 -0.817953 0.445278
    outer loop
      vertex -9 -15.5885 3
      vertex -8.62732 -14.6657 5
      vertex -9.38197 -15.4184 3
    endloop
  endfacet
  facet normal -0.364261 -0.817949 0.445278
    outer loop
      vertex -8.62732 -14.6657 5
      vertex -9 -15.5885 3
      vertex -8.5 -14.7224 5
    endloop
  endfacet
  facet normal 0 -0.895392 0.445279
    outer loop
      vertex -10.2091 -15.3315 3
      vertex -9.68641 -14.3369 5
      vertex -10.3136 -14.3369 5
    endloop
  endfacet
  facet normal 0 -0.895392 0.445279
    outer loop
      vertex -9.68641 -14.3369 5
      vertex -10.2091 -15.3315 3
      vertex -9.79094 -15.3315 3
    endloop
  endfacet
  facet normal -0.890502 0.0936027 0.445248
    outer loop
      vertex -7.06556 -17.9442 5
      vertex -7.01457 -17.4591 5
      vertex -8.0437 -17.7363 3
    endloop
  endfacet
  facet normal 0.52632 -0.724401 0.445231
    outer loop
      vertex -11.3383 -15.8342 3
      vertex -11.6128 -14.8044 5
      vertex -12.0074 -15.0911 5
    endloop
  endfacet
  facet normal 0.185596 -0.875962 0.445247
    outer loop
      vertex -10.618 -15.4184 3
      vertex -10.7907 -14.4384 5
      vertex -10.9271 -14.4673 5
    endloop
  endfacet
  facet normal 0.186137 -0.875851 0.44524
    outer loop
      vertex -10.7907 -14.4384 5
      vertex -10.618 -15.4184 3
      vertex -10.2091 -15.3315 3
    endloop
  endfacet
  facet normal 0.18632 -0.875797 0.445269
    outer loop
      vertex -10.2091 -15.3315 3
      vertex -10.3136 -14.3369 5
      vertex -10.7907 -14.4384 5
    endloop
  endfacet
  facet normal 0.890483 -0.0938027 0.445242
    outer loop
      vertex -12 -17.3205 3
      vertex -12.9854 -17.1819 5
      vertex -13 -17.3205 5
    endloop
  endfacet
  facet normal 0.890507 -0.0935911 0.445239
    outer loop
      vertex -12.9854 -17.1819 5
      vertex -12 -17.3205 3
      vertex -11.9563 -16.9047 3
    endloop
  endfacet
  facet normal -0.526225 0.724443 0.445274
    outer loop
      vertex -8.66174 -18.8068 3
      vertex -8.5 -19.9186 5
      vertex -8.38725 -19.8367 5
    endloop
  endfacet
  facet normal -0.526365 0.724362 0.44524
    outer loop
      vertex -8.5 -19.9186 5
      vertex -8.66174 -18.8068 3
      vertex -9 -19.0526 3
    endloop
  endfacet
  facet normal -0.526283 -0.724424 0.445236
    outer loop
      vertex -7.99261 -15.0911 5
      vertex -8.38725 -14.8044 5
      vertex -8.66174 -15.8342 3
    endloop
  endfacet
  facet normal -0.186305 -0.875799 0.445272
    outer loop
      vertex -9.20927 -14.4384 5
      vertex -9.68641 -14.3369 5
      vertex -9.79094 -15.3315 3
    endloop
  endfacet
  facet normal 0.526324 0.724391 0.445242
    outer loop
      vertex -11.3383 -18.8068 3
      vertex -11.5 -19.9186 5
      vertex -11 -19.0526 3
    endloop
  endfacet
  facet normal 0.526064 0.724542 0.445305
    outer loop
      vertex -11.5 -19.9186 5
      vertex -11.3383 -18.8068 3
      vertex -11.6128 -19.8367 5
    endloop
  endfacet
  facet normal 0.665481 0.599083 0.445235
    outer loop
      vertex -12.1006 -19.4464 5
      vertex -11.3383 -18.8068 3
      vertex -11.618 -18.4961 3
    endloop
  endfacet
  facet normal 0.665397 0.599178 0.445233
    outer loop
      vertex -11.3383 -18.8068 3
      vertex -12.1006 -19.4464 5
      vertex -12.0074 -19.5499 5
    endloop
  endfacet
  facet normal -0.890502 -0.0936027 0.445248
    outer loop
      vertex -7.01457 -17.1819 5
      vertex -7.06556 -16.6968 5
      vertex -8.0437 -16.9047 3
    endloop
  endfacet
  facet normal 0.775416 0.447776 0.445227
    outer loop
      vertex -12.7406 -18.5407 5
      vertex -11.618 -18.4961 3
      vertex -11.8271 -18.134 3
    endloop
  endfacet
  facet normal 0.775416 0.447776 0.445227
    outer loop
      vertex -11.618 -18.4961 3
      vertex -12.7406 -18.5407 5
      vertex -12.6709 -18.6614 5
    endloop
  endfacet
  facet normal 0.890506 -0.0936216 0.445234
    outer loop
      vertex -11.9563 -16.9047 3
      vertex -12.9344 -16.6968 5
      vertex -12.9854 -17.1819 5
    endloop
  endfacet
  facet normal 0.66542 -0.599153 0.445232
    outer loop
      vertex -11.3383 -15.8342 3
      vertex -12.0074 -15.0911 5
      vertex -12.3338 -15.4536 5
    endloop
  endfacet
  facet normal -0.665484 -0.599064 0.445257
    outer loop
      vertex -8.66174 -15.8342 3
      vertex -7.57295 -15.5572 5
      vertex -7.66621 -15.4536 5
    endloop
  endfacet
  facet normal -0.665409 -0.599168 0.44523
    outer loop
      vertex -7.57295 -15.5572 5
      vertex -8.66174 -15.8342 3
      vertex -8.38197 -16.1449 3
    endloop
  endfacet
  facet normal -0.665417 -0.599151 0.44524
    outer loop
      vertex -7.66621 -15.4536 5
      vertex -7.99261 -15.0911 5
      vertex -8.66174 -15.8342 3
    endloop
  endfacet
  facet normal -0.36418 -0.817992 0.445266
    outer loop
      vertex -8.62732 -14.6657 5
      vertex -9.07295 -14.4673 5
      vertex -9.38197 -15.4184 3
    endloop
  endfacet
  facet normal -0.77544 -0.447725 0.445237
    outer loop
      vertex -8.38197 -16.1449 3
      vertex -7.50326 -15.6779 5
      vertex -7.57295 -15.5572 5
    endloop
  endfacet
  facet normal -0.775449 -0.447709 0.445237
    outer loop
      vertex -7.50326 -15.6779 5
      vertex -8.38197 -16.1449 3
      vertex -8.17291 -16.507 3
    endloop
  endfacet
  facet normal -0.8516 0.276642 0.445249
    outer loop
      vertex -7.21629 -18.4082 5
      vertex -7.06556 -17.9442 5
      vertex -8.0437 -17.7363 3
    endloop
  endfacet
  facet normal -0.851546 -0.276801 0.445253
    outer loop
      vertex -8.17291 -16.507 3
      vertex -7.21629 -16.2328 5
      vertex -7.25936 -16.1003 5
    endloop
  endfacet
  facet normal -0.851587 -0.276675 0.445254
    outer loop
      vertex -7.21629 -16.2328 5
      vertex -8.17291 -16.507 3
      vertex -8.0437 -16.9047 3
    endloop
  endfacet
  facet normal 0.364199 -0.817979 0.445275
    outer loop
      vertex -11 -15.5885 3
      vertex -11.0544 -14.524 5
      vertex -11.5 -14.7224 5
    endloop
  endfacet
  facet normal -0.8905 0.0936117 0.44525
    outer loop
      vertex -8 -17.3205 3
      vertex -7.01457 -17.4591 5
      vertex -7 -17.3205 5
    endloop
  endfacet
  facet normal -0.890502 0.0935905 0.445249
    outer loop
      vertex -7.01457 -17.4591 5
      vertex -8 -17.3205 3
      vertex -8.0437 -17.7363 3
    endloop
  endfacet
  facet normal -0.364268 0.817964 0.445245
    outer loop
      vertex -9 -19.0526 3
      vertex -8.62732 -19.9753 5
      vertex -8.5 -19.9186 5
    endloop
  endfacet
  facet normal -0.36408 0.818046 0.445248
    outer loop
      vertex -8.62732 -19.9753 5
      vertex -9 -19.0526 3
      vertex -9.38197 -19.2226 3
    endloop
  endfacet
  facet normal 0 0.89541 0.445243
    outer loop
      vertex -9.79094 -19.3096 3
      vertex -10.3136 -20.3041 5
      vertex -9.68641 -20.3041 5
    endloop
  endfacet
  facet normal 0 0.89541 0.445243
    outer loop
      vertex -10.3136 -20.3041 5
      vertex -9.79094 -19.3096 3
      vertex -10.2091 -19.3096 3
    endloop
  endfacet
  facet normal 0.186343 0.87581 0.445233
    outer loop
      vertex -10.2091 -19.3096 3
      vertex -10.4499 -20.2751 5
      vertex -10.3136 -20.3041 5
    endloop
  endfacet
  facet normal 0.186343 0.87581 0.445233
    outer loop
      vertex -10.4499 -20.2751 5
      vertex -10.2091 -19.3096 3
      vertex -10.618 -19.2226 3
    endloop
  endfacet
  facet normal -0.893655 -0.309189 0.325242
    outer loop
      vertex -16.1593 -9.63616 34.074
      vertex -17.2916 -9.28821 31.2936
      vertex -17.1853 -9.63616 31.2549
    endloop
  endfacet
  facet normal -0.893716 -0.308957 0.325296
    outer loop
      vertex -17.2916 -9.28821 31.2936
      vertex -16.1593 -9.63616 34.074
      vertex -16.2655 -9.28821 34.1127
    endloop
  endfacet
  facet normal -0.934554 -0.104367 0.340172
    outer loop
      vertex -16.1233 -10 34.0609
      vertex -17.1853 -9.63616 31.2549
      vertex -17.1494 -10 31.2419
    endloop
  endfacet
  facet normal -0.934534 -0.104713 0.34012
    outer loop
      vertex -17.1853 -9.63616 31.2549
      vertex -16.1233 -10 34.0609
      vertex -16.1593 -9.63616 34.074
    endloop
  endfacet
  facet normal -0.813771 -0.500045 0.296197
    outer loop
      vertex -16.2655 -9.28821 34.1127
      vertex -17.4635 -8.97138 31.3562
      vertex -17.2916 -9.28821 31.2936
    endloop
  endfacet
  facet normal -0.813771 -0.500045 0.296197
    outer loop
      vertex -17.4635 -8.97138 31.3562
      vertex -16.2655 -9.28821 34.1127
      vertex -16.4374 -8.97138 34.1753
    endloop
  endfacet
  facet normal 0.552162 0.809156 -0.200957
    outer loop
      vertex -18.59 -11.5155 34.9587
      vertex -19.8942 -11.3005 32.2409
      vertex -18.8682 -11.3005 35.06
    endloop
  endfacet
  facet normal 0.55231 0.809035 -0.201038
    outer loop
      vertex -19.8942 -11.3005 32.2409
      vertex -18.59 -11.5155 34.9587
      vertex -19.6161 -11.5155 32.1397
    endloop
  endfacet
  facet normal 0.934534 -0.104713 -0.34012
    outer loop
      vertex -20.4383 -10 32.4389
      vertex -19.3763 -9.63616 35.2449
      vertex -19.4123 -10 35.258
    endloop
  endfacet
  facet normal 0.934554 -0.104367 -0.340172
    outer loop
      vertex -19.3763 -9.63616 35.2449
      vertex -20.4383 -10 32.4389
      vertex -20.4024 -9.63616 32.4259
    endloop
  endfacet
  facet normal -0.934553 0.104378 0.340172
    outer loop
      vertex -17.1853 -10.3638 31.2549
      vertex -16.1233 -10 34.0609
      vertex -17.1494 -10 31.2419
    endloop
  endfacet
  facet normal -0.934533 0.104724 0.340119
    outer loop
      vertex -16.1233 -10 34.0609
      vertex -17.1853 -10.3638 31.2549
      vertex -16.1593 -10.3638 34.074
    endloop
  endfacet
  facet normal -0.382257 0.913521 0.139135
    outer loop
      vertex -16.9456 -11.5155 34.3602
      vertex -18.2857 -11.6643 31.6554
      vertex -17.2596 -11.6643 34.4745
    endloop
  endfacet
  facet normal -0.382172 0.913564 0.13909
    outer loop
      vertex -18.2857 -11.6643 31.6554
      vertex -16.9456 -11.5155 34.3602
      vertex -17.9716 -11.5155 31.5411
    endloop
  endfacet
  facet normal -0.813751 0.50008 0.29619
    outer loop
      vertex -17.4635 -11.0286 31.3562
      vertex -16.2655 -10.7118 34.1127
      vertex -17.2916 -10.7118 31.2936
    endloop
  endfacet
  facet normal -0.813751 0.50008 0.29619
    outer loop
      vertex -16.2655 -10.7118 34.1127
      vertex -17.4635 -11.0286 31.3562
      vertex -16.4374 -11.0286 34.1753
    endloop
  endfacet
  facet normal -0.552271 -0.809072 0.200997
    outer loop
      vertex -17.9716 -8.48446 31.5411
      vertex -16.6674 -8.6995 34.259
      vertex -16.9456 -8.48446 34.3602
    endloop
  endfacet
  facet normal -0.55238 -0.808983 0.201056
    outer loop
      vertex -16.6674 -8.6995 34.259
      vertex -17.9716 -8.48446 31.5411
      vertex -17.6935 -8.6995 31.4399
    endloop
  endfacet
  facet normal -0.893667 0.309149 0.325247
    outer loop
      vertex -17.2916 -10.7118 31.2936
      vertex -16.1593 -10.3638 34.074
      vertex -17.1853 -10.3638 31.2549
    endloop
  endfacet
  facet normal -0.893728 0.308917 0.3253
    outer loop
      vertex -16.1593 -10.3638 34.074
      vertex -17.2916 -10.7118 31.2936
      vertex -16.2655 -10.7118 34.1127
    endloop
  endfacet
  facet normal 0 -1 0
    outer loop
      vertex -18.9657 -8.25959 31.903
      vertex -17.5959 -8.25959 34.5969
      vertex -17.9397 -8.25959 34.722
    endloop
  endfacet
  facet normal 0 -1 0
    outer loop
      vertex -17.5959 -8.25959 34.5969
      vertex -18.9657 -8.25959 31.903
      vertex -18.622 -8.25959 31.7778
    endloop
  endfacet
  facet normal -0.195347 -0.978153 0.0711028
    outer loop
      vertex -18.622 -8.25959 31.7778
      vertex -17.2596 -8.33565 34.4745
      vertex -17.5959 -8.25959 34.5969
    endloop
  endfacet
  facet normal -0.195347 -0.978153 0.0711028
    outer loop
      vertex -17.2596 -8.33565 34.4745
      vertex -18.622 -8.25959 31.7778
      vertex -18.2857 -8.33565 31.6554
    endloop
  endfacet
  facet normal 0 1 0
    outer loop
      vertex -17.5959 -11.7404 34.5969
      vertex -18.9657 -11.7404 31.903
      vertex -17.9397 -11.7404 34.722
    endloop
  endfacet
  facet normal -0 1 0
    outer loop
      vertex -18.9657 -11.7404 31.903
      vertex -17.5959 -11.7404 34.5969
      vertex -18.622 -11.7404 31.7778
    endloop
  endfacet
  facet normal 0.893738 -0.308872 -0.325316
    outer loop
      vertex -20.4024 -9.63616 32.4259
      vertex -19.2701 -9.28821 35.2063
      vertex -19.3763 -9.63616 35.2449
    endloop
  endfacet
  facet normal 0.893655 -0.309189 -0.325242
    outer loop
      vertex -19.2701 -9.28821 35.2063
      vertex -20.4024 -9.63616 32.4259
      vertex -20.2961 -9.28821 32.3872
    endloop
  endfacet
  facet normal 0.382277 -0.913511 -0.139147
    outer loop
      vertex -19.6161 -8.48446 32.1397
      vertex -18.276 -8.33565 34.8444
      vertex -18.59 -8.48446 34.9587
    endloop
  endfacet
  facet normal 0.382192 -0.913553 -0.139102
    outer loop
      vertex -18.276 -8.33565 34.8444
      vertex -19.6161 -8.48446 32.1397
      vertex -19.302 -8.33565 32.0254
    endloop
  endfacet
  facet normal -0.698406 0.669035 0.254207
    outer loop
      vertex -17.6935 -11.3005 31.4399
      vertex -16.4374 -11.0286 34.1753
      vertex -17.4635 -11.0286 31.3562
    endloop
  endfacet
  facet normal -0.698406 0.669035 0.254207
    outer loop
      vertex -16.4374 -11.0286 34.1753
      vertex -17.6935 -11.3005 31.4399
      vertex -16.6674 -11.3005 34.259
    endloop
  endfacet
  facet normal 0.382256 0.913521 -0.139139
    outer loop
      vertex -18.276 -11.6643 34.8444
      vertex -19.6161 -11.5155 32.1397
      vertex -18.59 -11.5155 34.9587
    endloop
  endfacet
  facet normal 0.382171 0.913564 -0.139094
    outer loop
      vertex -19.6161 -11.5155 32.1397
      vertex -18.276 -11.6643 34.8444
      vertex -19.302 -11.6643 32.0254
    endloop
  endfacet
  facet normal 0.552229 -0.809104 -0.200982
    outer loop
      vertex -19.8942 -8.6995 32.2409
      vertex -18.59 -8.48446 34.9587
      vertex -18.8682 -8.6995 35.06
    endloop
  endfacet
  facet normal 0.552377 -0.808983 -0.201062
    outer loop
      vertex -18.59 -8.48446 34.9587
      vertex -19.8942 -8.6995 32.2409
      vertex -19.6161 -8.48446 32.1397
    endloop
  endfacet
  facet normal -0.552204 0.809124 0.200972
    outer loop
      vertex -16.6674 -11.3005 34.259
      vertex -17.9716 -11.5155 31.5411
      vertex -16.9456 -11.5155 34.3602
    endloop
  endfacet
  facet normal -0.552312 0.809035 0.201031
    outer loop
      vertex -17.9716 -11.5155 31.5411
      vertex -16.6674 -11.3005 34.259
      vertex -17.6935 -11.3005 31.4399
    endloop
  endfacet
  facet normal 0.698383 -0.669062 -0.254199
    outer loop
      vertex -20.1243 -8.97138 32.3246
      vertex -18.8682 -8.6995 35.06
      vertex -19.0982 -8.97138 35.1437
    endloop
  endfacet
  facet normal 0.698271 -0.669204 -0.254133
    outer loop
      vertex -18.8682 -8.6995 35.06
      vertex -20.1243 -8.97138 32.3246
      vertex -19.8942 -8.6995 32.2409
    endloop
  endfacet
  facet normal -0.698383 -0.669062 0.254199
    outer loop
      vertex -16.4374 -8.97138 34.1753
      vertex -17.6935 -8.6995 31.4399
      vertex -17.4635 -8.97138 31.3562
    endloop
  endfacet
  facet normal -0.698383 -0.669062 0.254199
    outer loop
      vertex -17.6935 -8.6995 31.4399
      vertex -16.4374 -8.97138 34.1753
      vertex -16.6674 -8.6995 34.259
    endloop
  endfacet
  facet normal 0.89375 0.308832 -0.32532
    outer loop
      vertex -19.2701 -10.7118 35.2063
      vertex -20.4024 -10.3638 32.4259
      vertex -19.3763 -10.3638 35.2449
    endloop
  endfacet
  facet normal 0.893667 0.309149 -0.325247
    outer loop
      vertex -20.4024 -10.3638 32.4259
      vertex -19.2701 -10.7118 35.2063
      vertex -20.2961 -10.7118 32.3872
    endloop
  endfacet
  facet normal -0.382279 -0.913511 0.139142
    outer loop
      vertex -18.2857 -8.33565 31.6554
      vertex -16.9456 -8.48446 34.3602
      vertex -17.2596 -8.33565 34.4745
    endloop
  endfacet
  facet normal -0.382194 -0.913553 0.139098
    outer loop
      vertex -16.9456 -8.48446 34.3602
      vertex -18.2857 -8.33565 31.6554
      vertex -17.9716 -8.48446 31.5411
    endloop
  endfacet
  facet normal 0.195447 0.978131 -0.0711347
    outer loop
      vertex -17.9397 -11.7404 34.722
      vertex -19.302 -11.6643 32.0254
      vertex -18.276 -11.6643 34.8444
    endloop
  endfacet
  facet normal 0.195447 0.978131 -0.0711347
    outer loop
      vertex -19.302 -11.6643 32.0254
      vertex -17.9397 -11.7404 34.722
      vertex -18.9657 -11.7404 31.903
    endloop
  endfacet
  facet normal 0.698406 0.669035 -0.254207
    outer loop
      vertex -18.8682 -11.3005 35.06
      vertex -20.1243 -11.0286 32.3246
      vertex -19.0982 -11.0286 35.1437
    endloop
  endfacet
  facet normal 0.698294 0.669177 -0.254141
    outer loop
      vertex -20.1243 -11.0286 32.3246
      vertex -18.8682 -11.3005 35.06
      vertex -19.8942 -11.3005 32.2409
    endloop
  endfacet
  facet normal 0.81378 -0.500045 -0.296172
    outer loop
      vertex -20.2961 -9.28821 32.3872
      vertex -19.0982 -8.97138 35.1437
      vertex -19.2701 -9.28821 35.2063
    endloop
  endfacet
  facet normal 0.813875 -0.499852 -0.296235
    outer loop
      vertex -19.0982 -8.97138 35.1437
      vertex -20.2961 -9.28821 32.3872
      vertex -20.1243 -8.97138 32.3246
    endloop
  endfacet
  facet normal 0.934533 0.104724 -0.340119
    outer loop
      vertex -19.3763 -10.3638 35.2449
      vertex -20.4383 -10 32.4389
      vertex -19.4123 -10 35.258
    endloop
  endfacet
  facet normal 0.934553 0.104378 -0.340172
    outer loop
      vertex -20.4383 -10 32.4389
      vertex -19.3763 -10.3638 35.2449
      vertex -20.4024 -10.3638 32.4259
    endloop
  endfacet
  facet normal 0.813761 0.50008 -0.296165
    outer loop
      vertex -19.0982 -11.0286 35.1437
      vertex -20.2961 -10.7118 32.3872
      vertex -19.2701 -10.7118 35.2063
    endloop
  endfacet
  facet normal 0.813856 0.499887 -0.296228
    outer loop
      vertex -20.2961 -10.7118 32.3872
      vertex -19.0982 -11.0286 35.1437
      vertex -20.1243 -11.0286 32.3246
    endloop
  endfacet
  facet normal -0.195446 0.978131 0.0711386
    outer loop
      vertex -17.2596 -11.6643 34.4745
      vertex -18.622 -11.7404 31.7778
      vertex -17.5959 -11.7404 34.5969
    endloop
  endfacet
  facet normal -0.195446 0.978131 0.0711386
    outer loop
      vertex -18.622 -11.7404 31.7778
      vertex -17.2596 -11.6643 34.4745
      vertex -18.2857 -11.6643 31.6554
    endloop
  endfacet
  facet normal 0.195349 -0.978153 -0.0710989
    outer loop
      vertex -19.302 -8.33565 32.0254
      vertex -17.9397 -8.25959 34.722
      vertex -18.276 -8.33565 34.8444
    endloop
  endfacet
  facet normal 0.195349 -0.978153 -0.0710989
    outer loop
      vertex -17.9397 -8.25959 34.722
      vertex -19.302 -8.33565 32.0254
      vertex -18.9657 -8.25959 31.903
    endloop
  endfacet
  facet normal -0.740686 0.293258 0.60447
    outer loop
      vertex -16.2655 -10.7118 34.1127
      vertex -14.9737 -10.867 35.7709
      vertex -16.1593 -10.3638 34.074
    endloop
  endfacet
  facet normal -0.740452 0.294067 0.604363
    outer loop
      vertex -14.9737 -10.867 35.7709
      vertex -16.2655 -10.7118 34.1127
      vertex -15.0092 -10.9829 35.7838
    endloop
  endfacet
  facet normal -0.255231 -0.86711 0.42776
    outer loop
      vertex -15.9483 -7.90711 36.1256
      vertex -16.2773 -7.75122 36.2453
      vertex -16.9456 -8.48446 34.3602
    endloop
  endfacet
  facet normal -0.416909 0.767727 0.486603
    outer loop
      vertex -16.6674 -11.3005 34.259
      vertex -15.6569 -11.8676 36.0195
      vertex -15.5642 -11.7959 35.9858
    endloop
  endfacet
  facet normal -0.416556 0.767992 0.486486
    outer loop
      vertex -15.6569 -11.8676 36.0195
      vertex -16.6674 -11.3005 34.259
      vertex -16.9456 -11.5155 34.3602
    endloop
  endfacet
  facet normal -0.779447 -0.0993237 0.618545
    outer loop
      vertex -14.8128 -10 35.7123
      vertex -14.8505 -9.61883 35.726
      vertex -16.1233 -10 34.0609
    endloop
  endfacet
  facet normal -0.77942 -0.0995598 0.618541
    outer loop
      vertex -16.1593 -9.63616 34.074
      vertex -14.8505 -9.61883 35.726
      vertex -14.8625 -9.49755 35.7304
    endloop
  endfacet
  facet normal -0.779434 -0.0993915 0.61855
    outer loop
      vertex -14.8505 -9.61883 35.726
      vertex -16.1593 -9.63616 34.074
      vertex -16.1233 -10 34.0609
    endloop
  endfacet
  facet normal 0.955967 0.293184 -0.0130627
    outer loop
      vertex -19.1938 -10.867 37.3068
      vertex -19.2701 -10.7118 35.2063
      vertex -19.3763 -10.3638 35.2449
    endloop
  endfacet
  facet normal 0.95567 0.294154 -0.0129802
    outer loop
      vertex -19.2701 -10.7118 35.2063
      vertex -19.1938 -10.867 37.3068
      vertex -19.1583 -10.9829 37.294
    endloop
  endfacet
  facet normal 0.955726 -0.29397 -0.0129986
    outer loop
      vertex -19.1938 -9.13303 37.3068
      vertex -19.2701 -9.28821 35.2063
      vertex -19.1583 -9.01705 37.294
    endloop
  endfacet
  facet normal 0.955955 -0.293222 -0.0130622
    outer loop
      vertex -19.2701 -9.28821 35.2063
      vertex -19.1938 -9.13303 37.3068
      vertex -19.3763 -9.63616 35.2449
    endloop
  endfacet
  facet normal 0.293084 0.928453 0.228204
    outer loop
      vertex -17.7855 -12.2984 36.7943
      vertex -17.4332 -12.3781 36.6661
      vertex -18.276 -11.6643 34.8444
    endloop
  endfacet
  facet normal 0.770458 -0.635164 0.0544244
    outer loop
      vertex -18.6033 -8.20407 37.0919
      vertex -18.8443 -8.48889 37.1796
      vertex -18.8682 -8.6995 35.06
    endloop
  endfacet
  facet normal -0.740733 0.293143 0.604468
    outer loop
      vertex -14.9737 -10.867 35.7709
      vertex -14.8625 -10.5025 35.7304
      vertex -16.1593 -10.3638 34.074
    endloop
  endfacet
  facet normal 0.770436 0.63519 0.0544242
    outer loop
      vertex -18.8443 -11.5111 37.1796
      vertex -18.6033 -11.7959 37.0919
      vertex -18.8682 -11.3005 35.06
    endloop
  endfacet
  facet normal -0.255131 0.867137 0.427763
    outer loop
      vertex -16.9456 -11.5155 34.3602
      vertex -16.382 -12.2984 36.2834
      vertex -16.2773 -12.2488 36.2453
    endloop
  endfacet
  facet normal -0.255198 0.867113 0.427772
    outer loop
      vertex -16.382 -12.2984 36.2834
      vertex -16.9456 -11.5155 34.3602
      vertex -17.2596 -11.6643 34.4745
    endloop
  endfacet
  facet normal 0.95599 0.293106 -0.0130836
    outer loop
      vertex -19.305 -10.5025 37.3474
      vertex -19.1938 -10.867 37.3068
      vertex -19.3763 -10.3638 35.2449
    endloop
  endfacet
  facet normal -0.416619 -0.767943 0.486511
    outer loop
      vertex -16.6674 -8.6995 34.259
      vertex -15.6569 -8.13239 36.0195
      vertex -16.9456 -8.48446 34.3602
    endloop
  endfacet
  facet normal -0.41681 -0.767799 0.486574
    outer loop
      vertex -15.6569 -8.13239 36.0195
      vertex -16.6674 -8.6995 34.259
      vertex -15.5642 -8.20407 35.9858
    endloop
  endfacet
  facet normal -0.255241 0.867094 0.427785
    outer loop
      vertex -16.2773 -12.2488 36.2453
      vertex -15.9483 -12.0929 36.1256
      vertex -16.9456 -11.5155 34.3602
    endloop
  endfacet
  facet normal -0.0778543 -0.928456 0.363191
    outer loop
      vertex -17.5959 -8.25959 34.5969
      vertex -16.7343 -7.62193 36.4117
      vertex -16.8464 -7.59657 36.4525
    endloop
  endfacet
  facet normal -0.0778081 -0.928467 0.363173
    outer loop
      vertex -16.7343 -7.62193 36.4117
      vertex -17.5959 -8.25959 34.5969
      vertex -17.2596 -8.33565 34.4745
    endloop
  endfacet
  facet normal 0.88021 0.474365 0.0144622
    outer loop
      vertex -19.1583 -10.9829 37.294
      vertex -18.9783 -11.3149 37.2284
      vertex -19.2701 -10.7118 35.2063
    endloop
  endfacet
  facet normal -0.077432 0.928549 0.363043
    outer loop
      vertex -16.7343 -12.3781 36.4117
      vertex -17.5959 -11.7404 34.5969
      vertex -16.8464 -12.4034 36.4525
    endloop
  endfacet
  facet normal -0.0778937 0.92844 0.363224
    outer loop
      vertex -17.5959 -11.7404 34.5969
      vertex -16.7343 -12.3781 36.4117
      vertex -17.2596 -11.6643 34.4745
    endloop
  endfacet
  facet normal 0.880164 -0.474449 0.0144892
    outer loop
      vertex -18.9783 -8.68513 37.2284
      vertex -19.1583 -9.01705 37.294
      vertex -19.2701 -9.28821 35.2063
    endloop
  endfacet
  facet normal -0.664987 0.474347 0.576877
    outer loop
      vertex -15.1892 -11.3149 35.8493
      vertex -15.0092 -10.9829 35.7838
      vertex -16.2655 -10.7118 34.1127
    endloop
  endfacet
  facet normal 0.770432 -0.635192 0.0544531
    outer loop
      vertex -19.0982 -8.97138 35.1437
      vertex -18.8443 -8.48889 37.1796
      vertex -18.921 -8.57952 37.2076
    endloop
  endfacet
  facet normal 0.770525 -0.635082 0.0544155
    outer loop
      vertex -18.8443 -8.48889 37.1796
      vertex -19.0982 -8.97138 35.1437
      vertex -18.8682 -8.6995 35.06
    endloop
  endfacet
  facet normal -0.0777404 -0.928479 0.363159
    outer loop
      vertex -16.382 -7.70161 36.2834
      vertex -16.7343 -7.62193 36.4117
      vertex -17.2596 -8.33565 34.4745
    endloop
  endfacet
  facet normal -0.555098 0.635278 0.536924
    outer loop
      vertex -16.4374 -11.0286 34.1753
      vertex -15.3232 -11.5111 35.8981
      vertex -15.2465 -11.4205 35.8702
    endloop
  endfacet
  facet normal -0.555307 0.635038 0.536992
    outer loop
      vertex -15.3232 -11.5111 35.8981
      vertex -16.4374 -11.0286 34.1753
      vertex -16.6674 -11.3005 34.259
    endloop
  endfacet
  facet normal -0.416606 0.767947 0.486515
    outer loop
      vertex -15.9483 -12.0929 36.1256
      vertex -15.6569 -11.8676 36.0195
      vertex -16.9456 -11.5155 34.3602
    endloop
  endfacet
  facet normal 0.994681 0.099349 -0.0271777
    outer loop
      vertex -19.3427 -10.1213 37.3611
      vertex -19.305 -10.5025 37.3474
      vertex -19.3763 -10.3638 35.2449
    endloop
  endfacet
  facet normal -0.555215 0.635168 0.536933
    outer loop
      vertex -15.5642 -11.7959 35.9858
      vertex -15.3232 -11.5111 35.8981
      vertex -16.6674 -11.3005 34.259
    endloop
  endfacet
  facet normal 0.632003 0.767845 0.104815
    outer loop
      vertex -18.5106 -11.8676 37.0582
      vertex -18.8682 -11.3005 35.06
      vertex -18.6033 -11.7959 37.0919
    endloop
  endfacet
  facet normal 0.631757 0.768034 0.104912
    outer loop
      vertex -18.8682 -11.3005 35.06
      vertex -18.5106 -11.8676 37.0582
      vertex -18.59 -11.5155 34.9587
    endloop
  endfacet
  facet normal -0.779431 0.0994023 0.618552
    outer loop
      vertex -16.1593 -10.3638 34.074
      vertex -14.8505 -10.3812 35.726
      vertex -16.1233 -10 34.0609
    endloop
  endfacet
  facet normal -0.779419 0.0995435 0.618544
    outer loop
      vertex -14.8505 -10.3812 35.726
      vertex -16.1593 -10.3638 34.074
      vertex -14.8625 -10.5025 35.7304
    endloop
  endfacet
  facet normal -0.779447 0.0993159 0.618545
    outer loop
      vertex -14.8505 -10.3812 35.726
      vertex -14.8128 -10 35.7123
      vertex -16.1233 -10 34.0609
    endloop
  endfacet
  facet normal 0.99468 0.0993657 -0.0271868
    outer loop
      vertex -19.3427 -10.1213 37.3611
      vertex -19.4123 -10 35.258
      vertex -19.3547 -10 37.3654
    endloop
  endfacet
  facet normal 0.994675 0.0994074 -0.0271843
    outer loop
      vertex -19.4123 -10 35.258
      vertex -19.3427 -10.1213 37.3611
      vertex -19.3763 -10.3638 35.2449
    endloop
  endfacet
  facet normal 0.470439 0.867123 0.163659
    outer loop
      vertex -18.2192 -12.0929 36.9521
      vertex -17.8902 -12.2488 36.8324
      vertex -18.59 -11.5155 34.9587
    endloop
  endfacet
  facet normal -0.740745 -0.293129 0.604461
    outer loop
      vertex -14.8625 -9.49755 35.7304
      vertex -14.9737 -9.13303 35.7709
      vertex -16.1593 -9.63616 34.074
    endloop
  endfacet
  facet normal 0.293032 -0.928472 0.228194
    outer loop
      vertex -17.4332 -7.62193 36.6661
      vertex -17.7855 -7.70161 36.7943
      vertex -18.276 -8.33565 34.8444
    endloop
  endfacet
  facet normal 0.293041 -0.92847 0.228189
    outer loop
      vertex -17.9397 -8.25959 34.722
      vertex -17.4332 -7.62193 36.6661
      vertex -18.276 -8.33565 34.8444
    endloop
  endfacet
  facet normal 0.293088 -0.928459 0.228173
    outer loop
      vertex -17.4332 -7.62193 36.6661
      vertex -17.9397 -8.25959 34.722
      vertex -17.3211 -7.59657 36.6253
    endloop
  endfacet
  facet normal 0.770335 0.635307 0.0544956
    outer loop
      vertex -18.8443 -11.5111 37.1796
      vertex -19.0982 -11.0286 35.1437
      vertex -18.921 -11.4205 37.2076
    endloop
  endfacet
  facet normal 0.770547 0.635056 0.0544097
    outer loop
      vertex -19.0982 -11.0286 35.1437
      vertex -18.8443 -11.5111 37.1796
      vertex -18.8682 -11.3005 35.06
    endloop
  endfacet
  facet normal 0.880054 0.47465 0.0145699
    outer loop
      vertex -18.9783 -11.3149 37.2284
      vertex -19.0982 -11.0286 35.1437
      vertex -19.2701 -10.7118 35.2063
    endloop
  endfacet
  facet normal 0.88005 0.474657 0.0145711
    outer loop
      vertex -19.0982 -11.0286 35.1437
      vertex -18.9783 -11.3149 37.2284
      vertex -18.921 -11.4205 37.2076
    endloop
  endfacet
  facet normal 0.107632 -0.949205 0.295676
    outer loop
      vertex -17.9397 -8.25959 34.722
      vertex -16.8464 -7.59657 36.4525
      vertex -17.3211 -7.59657 36.6253
    endloop
  endfacet
  facet normal 0.107597 -0.949203 0.295698
    outer loop
      vertex -16.8464 -7.59657 36.4525
      vertex -17.9397 -8.25959 34.722
      vertex -17.5959 -8.25959 34.5969
    endloop
  endfacet
  facet normal -0.555232 -0.635142 0.536947
    outer loop
      vertex -15.3232 -8.48889 35.8981
      vertex -15.5642 -8.20407 35.9858
      vertex -16.6674 -8.6995 34.259
    endloop
  endfacet
  facet normal 0.29267 0.928552 0.228332
    outer loop
      vertex -17.9397 -11.7404 34.722
      vertex -17.4332 -12.3781 36.6661
      vertex -17.3211 -12.4034 36.6253
    endloop
  endfacet
  facet normal 0.29314 0.928443 0.228174
    outer loop
      vertex -17.4332 -12.3781 36.6661
      vertex -17.9397 -11.7404 34.722
      vertex -18.276 -11.6643 34.8444
    endloop
  endfacet
  facet normal 0.107629 0.949208 0.295668
    outer loop
      vertex -16.8464 -12.4034 36.4525
      vertex -17.9397 -11.7404 34.722
      vertex -17.3211 -12.4034 36.6253
    endloop
  endfacet
  facet normal 0.107594 0.949206 0.29569
    outer loop
      vertex -17.9397 -11.7404 34.722
      vertex -16.8464 -12.4034 36.4525
      vertex -17.5959 -11.7404 34.5969
    endloop
  endfacet
  facet normal 0.880068 -0.474625 0.0145543
    outer loop
      vertex -18.9783 -8.68513 37.2284
      vertex -19.0982 -8.97138 35.1437
      vertex -18.921 -8.57952 37.2076
    endloop
  endfacet
  facet normal 0.880071 -0.474618 0.0145531
    outer loop
      vertex -19.0982 -8.97138 35.1437
      vertex -18.9783 -8.68513 37.2284
      vertex -19.2701 -9.28821 35.2063
    endloop
  endfacet
  facet normal -0.0777741 0.92846 0.363199
    outer loop
      vertex -16.7343 -12.3781 36.4117
      vertex -16.382 -12.2984 36.2834
      vertex -17.2596 -11.6643 34.4745
    endloop
  endfacet
  facet normal 0.470415 -0.867139 0.163646
    outer loop
      vertex -17.8902 -7.75122 36.8324
      vertex -18.2192 -7.90711 36.9521
      vertex -18.59 -8.48446 34.9587
    endloop
  endfacet
  facet normal 0.631878 -0.767939 0.104881
    outer loop
      vertex -18.2192 -7.90711 36.9521
      vertex -18.5106 -8.13239 37.0582
      vertex -18.59 -8.48446 34.9587
    endloop
  endfacet
  facet normal 0.994681 -0.0993568 -0.0271814
    outer loop
      vertex -19.305 -9.49755 37.3474
      vertex -19.3427 -9.87872 37.3611
      vertex -19.3763 -9.63616 35.2449
    endloop
  endfacet
  facet normal -0.416584 -0.767974 0.48649
    outer loop
      vertex -15.6569 -8.13239 36.0195
      vertex -15.9483 -7.90711 36.1256
      vertex -16.9456 -8.48446 34.3602
    endloop
  endfacet
  facet normal -0.664758 0.474694 0.576855
    outer loop
      vertex -16.4374 -11.0286 34.1753
      vertex -15.1892 -11.3149 35.8493
      vertex -16.2655 -10.7118 34.1127
    endloop
  endfacet
  facet normal -0.664686 0.474831 0.576825
    outer loop
      vertex -15.1892 -11.3149 35.8493
      vertex -16.4374 -11.0286 34.1753
      vertex -15.2465 -11.4205 35.8702
    endloop
  endfacet
  facet normal -0.255229 -0.867111 0.427758
    outer loop
      vertex -16.9456 -8.48446 34.3602
      vertex -16.382 -7.70161 36.2834
      vertex -17.2596 -8.33565 34.4745
    endloop
  endfacet
  facet normal -0.255208 -0.867118 0.427755
    outer loop
      vertex -16.382 -7.70161 36.2834
      vertex -16.9456 -8.48446 34.3602
      vertex -16.2773 -7.75122 36.2453
    endloop
  endfacet
  facet normal 0.955994 -0.293093 -0.0130971
    outer loop
      vertex -19.1938 -9.13303 37.3068
      vertex -19.305 -9.49755 37.3474
      vertex -19.3763 -9.63616 35.2449
    endloop
  endfacet
  facet normal 0.631909 -0.767917 0.104856
    outer loop
      vertex -18.8682 -8.6995 35.06
      vertex -18.5106 -8.13239 37.0582
      vertex -18.6033 -8.20407 37.0919
    endloop
  endfacet
  facet normal 0.631821 -0.767984 0.10489
    outer loop
      vertex -18.5106 -8.13239 37.0582
      vertex -18.8682 -8.6995 35.06
      vertex -18.59 -8.48446 34.9587
    endloop
  endfacet
  facet normal 0.47037 0.867154 0.163697
    outer loop
      vertex -17.7855 -12.2984 36.7943
      vertex -18.59 -11.5155 34.9587
      vertex -17.8902 -12.2488 36.8324
    endloop
  endfacet
  facet normal 0.470474 0.867109 0.163632
    outer loop
      vertex -18.59 -11.5155 34.9587
      vertex -17.7855 -12.2984 36.7943
      vertex -18.276 -11.6643 34.8444
    endloop
  endfacet
  facet normal 0.631911 0.767911 0.104886
    outer loop
      vertex -18.5106 -11.8676 37.0582
      vertex -18.2192 -12.0929 36.9521
      vertex -18.59 -11.5155 34.9587
    endloop
  endfacet
  facet normal -0.555287 -0.635065 0.536982
    outer loop
      vertex -16.4374 -8.97138 34.1753
      vertex -15.3232 -8.48889 35.8981
      vertex -16.6674 -8.6995 34.259
    endloop
  endfacet
  facet normal -0.5552 -0.635164 0.536954
    outer loop
      vertex -15.3232 -8.48889 35.8981
      vertex -16.4374 -8.97138 34.1753
      vertex -15.2465 -8.57952 35.8702
    endloop
  endfacet
  facet normal -0.664935 -0.474431 0.576868
    outer loop
      vertex -15.0092 -9.01705 35.7838
      vertex -15.1892 -8.68513 35.8493
      vertex -16.2655 -9.28821 34.1127
    endloop
  endfacet
  facet normal -0.740507 -0.293883 0.604385
    outer loop
      vertex -16.2655 -9.28821 34.1127
      vertex -14.9737 -9.13303 35.7709
      vertex -15.0092 -9.01705 35.7838
    endloop
  endfacet
  facet normal -0.740677 -0.293297 0.604463
    outer loop
      vertex -14.9737 -9.13303 35.7709
      vertex -16.2655 -9.28821 34.1127
      vertex -16.1593 -9.63616 34.074
    endloop
  endfacet
  facet normal 0.470423 -0.867135 0.163642
    outer loop
      vertex -18.59 -8.48446 34.9587
      vertex -17.7855 -7.70161 36.7943
      vertex -17.8902 -7.75122 36.8324
    endloop
  endfacet
  facet normal 0.47049 -0.867107 0.163601
    outer loop
      vertex -17.7855 -7.70161 36.7943
      vertex -18.59 -8.48446 34.9587
      vertex -18.276 -8.33565 34.8444
    endloop
  endfacet
  facet normal 0.994678 -0.0993819 -0.0271868
    outer loop
      vertex -19.4123 -10 35.258
      vertex -19.3427 -9.87872 37.3611
      vertex -19.3547 -10 37.3654
    endloop
  endfacet
  facet normal 0.994676 -0.0993967 -0.0271859
    outer loop
      vertex -19.3427 -9.87872 37.3611
      vertex -19.4123 -10 35.258
      vertex -19.3763 -9.63616 35.2449
    endloop
  endfacet
  facet normal -0.664711 -0.474799 0.576824
    outer loop
      vertex -16.4374 -8.97138 34.1753
      vertex -15.1892 -8.68513 35.8493
      vertex -15.2465 -8.57952 35.8702
    endloop
  endfacet
  facet normal -0.664782 -0.474662 0.576854
    outer loop
      vertex -15.1892 -8.68513 35.8493
      vertex -16.4374 -8.97138 34.1753
      vertex -16.2655 -9.28821 34.1127
    endloop
  endfacet
  facet normal -0.893655 -0.309189 0.325242
    outer loop
      vertex 21.4284 -9.63616 20.3932
      vertex 19.9541 -9.28821 16.6731
      vertex 20.0604 -9.63616 16.6344
    endloop
  endfacet
  facet normal -0.893718 -0.308957 0.325289
    outer loop
      vertex 19.9541 -9.28821 16.6731
      vertex 21.4284 -9.63616 20.3932
      vertex 21.3222 -9.28821 20.4319
    endloop
  endfacet
  facet normal -0.934557 -0.104367 0.340162
    outer loop
      vertex 21.4644 -10 20.3801
      vertex 20.0604 -9.63616 16.6344
      vertex 20.0963 -10 16.6214
    endloop
  endfacet
  facet normal -0.934534 -0.104713 0.34012
    outer loop
      vertex 20.0604 -9.63616 16.6344
      vertex 21.4644 -10 20.3801
      vertex 21.4284 -9.63616 20.3932
    endloop
  endfacet
  facet normal -0.813773 -0.500045 0.296191
    outer loop
      vertex 21.3222 -9.28821 20.4319
      vertex 19.7822 -8.97138 16.7357
      vertex 19.9541 -9.28821 16.6731
    endloop
  endfacet
  facet normal -0.813808 -0.499974 0.296212
    outer loop
      vertex 19.7822 -8.97138 16.7357
      vertex 21.3222 -9.28821 20.4319
      vertex 21.1503 -8.97138 20.4944
    endloop
  endfacet
  facet normal 0.552272 0.809067 -0.201012
    outer loop
      vertex 18.9977 -11.5155 21.2779
      vertex 17.3515 -11.3005 17.6204
      vertex 18.7196 -11.3005 21.3792
    endloop
  endfacet
  facet normal 0.552312 0.809035 -0.201032
    outer loop
      vertex 17.3515 -11.3005 17.6204
      vertex 18.9977 -11.5155 21.2779
      vertex 17.6296 -11.5155 17.5192
    endloop
  endfacet
  facet normal 0.934551 -0.104459 -0.340151
    outer loop
      vertex 16.8074 -10 17.8184
      vertex 18.2114 -9.63616 21.5641
      vertex 18.1755 -10 21.5772
    endloop
  endfacet
  facet normal 0.934557 -0.104367 -0.340162
    outer loop
      vertex 18.2114 -9.63616 21.5641
      vertex 16.8074 -10 17.8184
      vertex 16.8433 -9.63616 17.8054
    endloop
  endfacet
  facet normal -0.934556 0.104378 0.340162
    outer loop
      vertex 20.0604 -10.3638 16.6344
      vertex 21.4644 -10 20.3801
      vertex 20.0963 -10 16.6214
    endloop
  endfacet
  facet normal -0.934533 0.104724 0.340119
    outer loop
      vertex 21.4644 -10 20.3801
      vertex 20.0604 -10.3638 16.6344
      vertex 21.4284 -10.3638 20.3932
    endloop
  endfacet
  facet normal -0.382259 0.913521 0.139132
    outer loop
      vertex 20.6421 -11.5155 20.6794
      vertex 18.96 -11.6643 17.0349
      vertex 20.3281 -11.6643 20.7937
    endloop
  endfacet
  facet normal -0.382172 0.913564 0.13909
    outer loop
      vertex 18.96 -11.6643 17.0349
      vertex 20.6421 -11.5155 20.6794
      vertex 19.2741 -11.5155 16.9206
    endloop
  endfacet
  facet normal -0.813754 0.50008 0.296184
    outer loop
      vertex 19.7822 -11.0286 16.7357
      vertex 21.3222 -10.7118 20.4319
      vertex 19.9541 -10.7118 16.6731
    endloop
  endfacet
  facet normal -0.813789 0.50001 0.296205
    outer loop
      vertex 21.3222 -10.7118 20.4319
      vertex 19.7822 -11.0286 16.7357
      vertex 21.1503 -11.0286 20.4944
    endloop
  endfacet
  facet normal -0.552271 -0.809072 0.200997
    outer loop
      vertex 19.2741 -8.48446 16.9206
      vertex 20.9203 -8.6995 20.5782
      vertex 20.6421 -8.48446 20.6794
    endloop
  endfacet
  facet normal -0.552381 -0.808983 0.201052
    outer loop
      vertex 20.9203 -8.6995 20.5782
      vertex 19.2741 -8.48446 16.9206
      vertex 19.5522 -8.6995 16.8194
    endloop
  endfacet
  facet normal -0.893667 0.309149 0.325247
    outer loop
      vertex 19.9541 -10.7118 16.6731
      vertex 21.4284 -10.3638 20.3932
      vertex 20.0604 -10.3638 16.6344
    endloop
  endfacet
  facet normal -0.893731 0.308917 0.325293
    outer loop
      vertex 21.4284 -10.3638 20.3932
      vertex 19.9541 -10.7118 16.6731
      vertex 21.3222 -10.7118 20.4319
    endloop
  endfacet
  facet normal 0 -1 0
    outer loop
      vertex 18.2799 -8.25959 17.2825
      vertex 19.9918 -8.25959 20.9161
      vertex 19.648 -8.25959 21.0412
    endloop
  endfacet
  facet normal 0 -1 0
    outer loop
      vertex 19.9918 -8.25959 20.9161
      vertex 18.2799 -8.25959 17.2825
      vertex 18.6237 -8.25959 17.1573
    endloop
  endfacet
  facet normal -0.195348 -0.978153 0.0711013
    outer loop
      vertex 18.6237 -8.25959 17.1573
      vertex 20.3281 -8.33565 20.7937
      vertex 19.9918 -8.25959 20.9161
    endloop
  endfacet
  facet normal -0.195348 -0.978153 0.0711013
    outer loop
      vertex 20.3281 -8.33565 20.7937
      vertex 18.6237 -8.25959 17.1573
      vertex 18.96 -8.33565 17.0349
    endloop
  endfacet
  facet normal 0 1 0
    outer loop
      vertex 19.9918 -11.7404 20.9161
      vertex 18.2799 -11.7404 17.2825
      vertex 19.648 -11.7404 21.0412
    endloop
  endfacet
  facet normal -0 1 0
    outer loop
      vertex 18.2799 -11.7404 17.2825
      vertex 19.9918 -11.7404 20.9161
      vertex 18.6237 -11.7404 17.1573
    endloop
  endfacet
  facet normal 0.893741 -0.308872 -0.325306
    outer loop
      vertex 16.8433 -9.63616 17.8054
      vertex 18.3176 -9.28821 21.5255
      vertex 18.2114 -9.63616 21.5641
    endloop
  endfacet
  facet normal 0.893718 -0.308957 -0.325289
    outer loop
      vertex 18.3176 -9.28821 21.5255
      vertex 16.8433 -9.63616 17.8054
      vertex 16.9495 -9.28821 17.7667
    endloop
  endfacet
  facet normal -0.698406 0.669035 0.254207
    outer loop
      vertex 19.5522 -11.3005 16.8194
      vertex 21.1503 -11.0286 20.4944
      vertex 19.7822 -11.0286 16.7357
    endloop
  endfacet
  facet normal -0.698365 0.669086 0.254186
    outer loop
      vertex 21.1503 -11.0286 20.4944
      vertex 19.5522 -11.3005 16.8194
      vertex 20.9203 -11.3005 20.5782
    endloop
  endfacet
  facet normal 0.382257 0.913521 -0.139135
    outer loop
      vertex 19.3117 -11.6643 21.1636
      vertex 17.6296 -11.5155 17.5192
      vertex 18.9977 -11.5155 21.2779
    endloop
  endfacet
  facet normal 0.382171 0.913564 -0.139093
    outer loop
      vertex 17.6296 -11.5155 17.5192
      vertex 19.3117 -11.6643 21.1636
      vertex 17.9437 -11.6643 17.4049
    endloop
  endfacet
  facet normal 0.55234 -0.809015 -0.201036
    outer loop
      vertex 17.3515 -8.6995 17.6204
      vertex 18.9977 -8.48446 21.2779
      vertex 18.7196 -8.6995 21.3792
    endloop
  endfacet
  facet normal 0.55238 -0.808983 -0.201056
    outer loop
      vertex 18.9977 -8.48446 21.2779
      vertex 17.3515 -8.6995 17.6204
      vertex 17.6296 -8.48446 17.5192
    endloop
  endfacet
  facet normal -0.552204 0.809124 0.200972
    outer loop
      vertex 20.9203 -11.3005 20.5782
      vertex 19.2741 -11.5155 16.9206
      vertex 20.6421 -11.5155 20.6794
    endloop
  endfacet
  facet normal -0.552314 0.809035 0.201027
    outer loop
      vertex 19.2741 -11.5155 16.9206
      vertex 20.9203 -11.3005 20.5782
      vertex 19.5522 -11.3005 16.8194
    endloop
  endfacet
  facet normal 0.698265 -0.669204 -0.254149
    outer loop
      vertex 17.1214 -8.97138 17.7041
      vertex 18.7196 -8.6995 21.3792
      vertex 18.4895 -8.97138 21.4629
    endloop
  endfacet
  facet normal 0.698265 -0.669204 -0.254149
    outer loop
      vertex 18.7196 -8.6995 21.3792
      vertex 17.1214 -8.97138 17.7041
      vertex 17.3515 -8.6995 17.6204
    endloop
  endfacet
  facet normal -0.698383 -0.669062 0.254199
    outer loop
      vertex 21.1503 -8.97138 20.4944
      vertex 19.5522 -8.6995 16.8194
      vertex 19.7822 -8.97138 16.7357
    endloop
  endfacet
  facet normal -0.698342 -0.669114 0.254177
    outer loop
      vertex 19.5522 -8.6995 16.8194
      vertex 21.1503 -8.97138 20.4944
      vertex 20.9203 -8.6995 20.5782
    endloop
  endfacet
  facet normal 0.893754 0.308832 -0.32531
    outer loop
      vertex 18.3176 -10.7118 21.5255
      vertex 16.8433 -10.3638 17.8054
      vertex 18.2114 -10.3638 21.5641
    endloop
  endfacet
  facet normal 0.893731 0.308917 -0.325293
    outer loop
      vertex 16.8433 -10.3638 17.8054
      vertex 18.3176 -10.7118 21.5255
      vertex 16.9495 -10.7118 17.7667
    endloop
  endfacet
  facet normal -0.38228 -0.913511 0.139139
    outer loop
      vertex 18.96 -8.33565 17.0349
      vertex 20.6421 -8.48446 20.6794
      vertex 20.3281 -8.33565 20.7937
    endloop
  endfacet
  facet normal -0.382194 -0.913553 0.139098
    outer loop
      vertex 20.6421 -8.48446 20.6794
      vertex 18.96 -8.33565 17.0349
      vertex 19.2741 -8.48446 16.9206
    endloop
  endfacet
  facet normal 0.195447 0.978131 -0.0711342
    outer loop
      vertex 19.648 -11.7404 21.0412
      vertex 17.9437 -11.6643 17.4049
      vertex 19.3117 -11.6643 21.1636
    endloop
  endfacet
  facet normal 0.195495 0.97812 -0.0711566
    outer loop
      vertex 17.9437 -11.6643 17.4049
      vertex 19.648 -11.7404 21.0412
      vertex 18.2799 -11.7404 17.2825
    endloop
  endfacet
  facet normal 0.698288 0.669177 -0.254158
    outer loop
      vertex 18.7196 -11.3005 21.3792
      vertex 17.1214 -11.0286 17.7041
      vertex 18.4895 -11.0286 21.4629
    endloop
  endfacet
  facet normal 0.698288 0.669177 -0.254158
    outer loop
      vertex 17.1214 -11.0286 17.7041
      vertex 18.7196 -11.3005 21.3792
      vertex 17.3515 -11.3005 17.6204
    endloop
  endfacet
  facet normal 0.382279 -0.913511 -0.139143
    outer loop
      vertex 17.6296 -8.48446 17.5192
      vertex 19.3117 -8.33565 21.1636
      vertex 18.9977 -8.48446 21.2779
    endloop
  endfacet
  facet normal 0.382192 -0.913553 -0.139101
    outer loop
      vertex 19.3117 -8.33565 21.1636
      vertex 17.6296 -8.48446 17.5192
      vertex 17.9437 -8.33565 17.4049
    endloop
  endfacet
  facet normal 0.813754 0.50008 -0.296184
    outer loop
      vertex 18.4895 -11.0286 21.4629
      vertex 16.9495 -10.7118 17.7667
      vertex 18.3176 -10.7118 21.5255
    endloop
  endfacet
  facet normal 0.813754 0.50008 -0.296184
    outer loop
      vertex 16.9495 -10.7118 17.7667
      vertex 18.4895 -11.0286 21.4629
      vertex 17.1214 -11.0286 17.7041
    endloop
  endfacet
  facet normal 0.813773 -0.500045 -0.296191
    outer loop
      vertex 16.9495 -9.28821 17.7667
      vertex 18.4895 -8.97138 21.4629
      vertex 18.3176 -9.28821 21.5255
    endloop
  endfacet
  facet normal 0.813773 -0.500045 -0.296191
    outer loop
      vertex 18.4895 -8.97138 21.4629
      vertex 16.9495 -9.28821 17.7667
      vertex 17.1214 -8.97138 17.7041
    endloop
  endfacet
  facet normal 0.93455 0.10447 -0.340151
    outer loop
      vertex 18.2114 -10.3638 21.5641
      vertex 16.8074 -10 17.8184
      vertex 18.1755 -10 21.5772
    endloop
  endfacet
  facet normal 0.934556 0.104378 -0.340162
    outer loop
      vertex 16.8074 -10 17.8184
      vertex 18.2114 -10.3638 21.5641
      vertex 16.8433 -10.3638 17.8054
    endloop
  endfacet
  facet normal 0.342005 0.000170093 0.939698
    outer loop
      vertex 16.8074 -10 17.8184
      vertex 20.0963 -10 16.6214
      vertex 20.0604 -9.63616 16.6344
    endloop
  endfacet
  facet normal 0.342039 -2.05416e-05 0.939686
    outer loop
      vertex 16.8433 -9.63616 17.8054
      vertex 20.0604 -9.63616 16.6344
      vertex 19.9541 -9.28821 16.6731
    endloop
  endfacet
  facet normal 0.342005 -0.000170111 0.939698
    outer loop
      vertex 20.0963 -10 16.6214
      vertex 16.8074 -10 17.8184
      vertex 20.0604 -10.3638 16.6344
    endloop
  endfacet
  facet normal 0.342024 -9.68567e-05 0.939691
    outer loop
      vertex 16.9495 -9.28821 17.7667
      vertex 19.9541 -9.28821 16.6731
      vertex 19.7822 -8.97138 16.7357
    endloop
  endfacet
  facet normal 0.342039 0.000173906 0.939686
    outer loop
      vertex 16.8433 -10.3638 17.8054
      vertex 20.0604 -10.3638 16.6344
      vertex 16.8074 -10 17.8184
    endloop
  endfacet
  facet normal 0.342004 2.99283e-05 0.939699
    outer loop
      vertex 17.1214 -8.97138 17.7041
      vertex 19.7822 -8.97138 16.7357
      vertex 19.5522 -8.6995 16.8194
    endloop
  endfacet
  facet normal 0.342039 2.05387e-05 0.939686
    outer loop
      vertex 20.0604 -10.3638 16.6344
      vertex 16.8433 -10.3638 17.8054
      vertex 19.9541 -10.7118 16.6731
    endloop
  endfacet
  facet normal 0.342001 5.98533e-05 0.9397
    outer loop
      vertex 17.1214 -8.97138 17.7041
      vertex 19.5522 -8.6995 16.8194
      vertex 19.2741 -8.48446 16.9206
    endloop
  endfacet
  facet normal 0.342024 -0.000123752 0.939691
    outer loop
      vertex 16.9495 -10.7118 17.7667
      vertex 19.9541 -10.7118 16.6731
      vertex 16.8433 -10.3638 17.8054
    endloop
  endfacet
  facet normal 0.341996 8.68453e-05 0.939702
    outer loop
      vertex 17.1214 -8.97138 17.7041
      vertex 19.2741 -8.48446 16.9206
      vertex 18.96 -8.33565 17.0349
    endloop
  endfacet
  facet normal 0.342039 -0.000173887 0.939686
    outer loop
      vertex 20.0604 -9.63616 16.6344
      vertex 16.8433 -9.63616 17.8054
      vertex 16.8074 -10 17.8184
    endloop
  endfacet
  facet normal 0.342016 1.94507e-05 0.939694
    outer loop
      vertex 17.1214 -8.97138 17.7041
      vertex 18.96 -8.33565 17.0349
      vertex 18.6237 -8.25959 17.1573
    endloop
  endfacet
  facet normal 0.342024 9.68659e-05 0.939691
    outer loop
      vertex 19.9541 -10.7118 16.6731
      vertex 16.9495 -10.7118 17.7667
      vertex 19.7822 -11.0286 16.7357
    endloop
  endfacet
  facet normal 0.342182 -0.000376754 0.939634
    outer loop
      vertex 17.1214 -8.97138 17.7041
      vertex 18.6237 -8.25959 17.1573
      vertex 18.2799 -8.25959 17.2825
    endloop
  endfacet
  facet normal 0.342004 -0.000109383 0.939699
    outer loop
      vertex 17.1214 -11.0286 17.7041
      vertex 19.7822 -11.0286 16.7357
      vertex 16.9495 -10.7118 17.7667
    endloop
  endfacet
  facet normal 0.342175 -0.000363454 0.939636
    outer loop
      vertex 17.1214 -8.97138 17.7041
      vertex 18.2799 -8.25959 17.2825
      vertex 17.9437 -8.33565 17.4049
    endloop
  endfacet
  facet normal 0.342004 -2.99261e-05 0.939699
    outer loop
      vertex 19.7822 -11.0286 16.7357
      vertex 17.1214 -11.0286 17.7041
      vertex 19.5522 -11.3005 16.8194
    endloop
  endfacet
  facet normal 0.342011 -0.000123605 0.939696
    outer loop
      vertex 17.1214 -8.97138 17.7041
      vertex 17.9437 -8.33565 17.4049
      vertex 17.6296 -8.48446 17.5192
    endloop
  endfacet
  facet normal 0.342024 0.00012377 0.939691
    outer loop
      vertex 19.9541 -9.28821 16.6731
      vertex 16.9495 -9.28821 17.7667
      vertex 16.8433 -9.63616 17.8054
    endloop
  endfacet
  facet normal 0.342185 -0.000329044 0.939633
    outer loop
      vertex 17.1214 -8.97138 17.7041
      vertex 17.6296 -8.48446 17.5192
      vertex 17.3515 -8.6995 17.6204
    endloop
  endfacet
  facet normal 0.342004 0.000109372 0.939699
    outer loop
      vertex 19.7822 -8.97138 16.7357
      vertex 17.1214 -8.97138 17.7041
      vertex 16.9495 -9.28821 17.7667
    endloop
  endfacet
  facet normal 0.342001 -5.98624e-05 0.9397
    outer loop
      vertex 19.5522 -11.3005 16.8194
      vertex 17.1214 -11.0286 17.7041
      vertex 19.2741 -11.5155 16.9206
    endloop
  endfacet
  facet normal 0.342185 0.000328858 0.939633
    outer loop
      vertex 17.6296 -11.5155 17.5192
      vertex 17.1214 -11.0286 17.7041
      vertex 17.3515 -11.3005 17.6204
    endloop
  endfacet
  facet normal 0.342016 -1.94473e-05 0.939694
    outer loop
      vertex 18.96 -11.6643 17.0349
      vertex 17.1214 -11.0286 17.7041
      vertex 18.6237 -11.7404 17.1573
    endloop
  endfacet
  facet normal 0.342011 0.000123607 0.939696
    outer loop
      vertex 17.9437 -11.6643 17.4049
      vertex 17.1214 -11.0286 17.7041
      vertex 17.6296 -11.5155 17.5192
    endloop
  endfacet
  facet normal 0.342175 0.000363557 0.939636
    outer loop
      vertex 18.2799 -11.7404 17.2825
      vertex 17.1214 -11.0286 17.7041
      vertex 17.9437 -11.6643 17.4049
    endloop
  endfacet
  facet normal 0.342182 0.000376749 0.939634
    outer loop
      vertex 18.6237 -11.7404 17.1573
      vertex 17.1214 -11.0286 17.7041
      vertex 18.2799 -11.7404 17.2825
    endloop
  endfacet
  facet normal 0.341996 -8.68504e-05 0.939702
    outer loop
      vertex 19.2741 -11.5155 16.9206
      vertex 17.1214 -11.0286 17.7041
      vertex 18.96 -11.6643 17.0349
    endloop
  endfacet
  facet normal -0.195446 0.978131 0.0711371
    outer loop
      vertex 20.3281 -11.6643 20.7937
      vertex 18.6237 -11.7404 17.1573
      vertex 19.9918 -11.7404 20.9161
    endloop
  endfacet
  facet normal -0.195446 0.978131 0.0711371
    outer loop
      vertex 18.6237 -11.7404 17.1573
      vertex 20.3281 -11.6643 20.7937
      vertex 18.96 -11.6643 17.0349
    endloop
  endfacet
  facet normal 0.195349 -0.978153 -0.0710984
    outer loop
      vertex 17.9437 -8.33565 17.4049
      vertex 19.648 -8.25959 21.0412
      vertex 19.3117 -8.33565 21.1636
    endloop
  endfacet
  facet normal 0.195396 -0.978142 -0.0711208
    outer loop
      vertex 19.648 -8.25959 21.0412
      vertex 17.9437 -8.33565 17.4049
      vertex 18.2799 -8.25959 17.2825
    endloop
  endfacet
  facet normal -0.740686 0.293258 0.60447
    outer loop
      vertex 21.3222 -10.7118 20.4319
      vertex 22.614 -10.867 22.0901
      vertex 21.4284 -10.3638 20.3932
    endloop
  endfacet
  facet normal -0.740452 0.294067 0.604363
    outer loop
      vertex 22.614 -10.867 22.0901
      vertex 21.3222 -10.7118 20.4319
      vertex 22.5785 -10.9829 22.103
    endloop
  endfacet
  facet normal -0.255231 -0.86711 0.42776
    outer loop
      vertex 21.6394 -7.90711 22.4448
      vertex 21.3104 -7.75122 22.5645
      vertex 20.6421 -8.48446 20.6794
    endloop
  endfacet
  facet normal -0.416909 0.767727 0.486603
    outer loop
      vertex 20.9203 -11.3005 20.5782
      vertex 21.9308 -11.8676 22.3387
      vertex 22.0235 -11.7959 22.305
    endloop
  endfacet
  facet normal -0.416556 0.767992 0.486486
    outer loop
      vertex 21.9308 -11.8676 22.3387
      vertex 20.9203 -11.3005 20.5782
      vertex 20.6421 -11.5155 20.6794
    endloop
  endfacet
  facet normal -0.779447 -0.0993237 0.618545
    outer loop
      vertex 22.7749 -10 22.0315
      vertex 22.7372 -9.61883 22.0452
      vertex 21.4644 -10 20.3801
    endloop
  endfacet
  facet normal -0.779473 -0.0989236 0.618576
    outer loop
      vertex 21.4284 -9.63616 20.3932
      vertex 22.7372 -9.61883 22.0452
      vertex 22.7253 -9.49755 22.0496
    endloop
  endfacet
  facet normal -0.779434 -0.0993915 0.61855
    outer loop
      vertex 22.7372 -9.61883 22.0452
      vertex 21.4284 -9.63616 20.3932
      vertex 21.4644 -10 20.3801
    endloop
  endfacet
  facet normal 0.955967 0.293184 -0.0130627
    outer loop
      vertex 18.3939 -10.867 23.626
      vertex 18.3176 -10.7118 21.5255
      vertex 18.2114 -10.3638 21.5641
    endloop
  endfacet
  facet normal 0.955667 0.294164 -0.0129794
    outer loop
      vertex 18.3176 -10.7118 21.5255
      vertex 18.3939 -10.867 23.626
      vertex 18.4294 -10.9829 23.6131
    endloop
  endfacet
  facet normal 0.955723 -0.29398 -0.0129978
    outer loop
      vertex 18.3939 -9.13303 23.626
      vertex 18.3176 -9.28821 21.5255
      vertex 18.4294 -9.01705 23.6131
    endloop
  endfacet
  facet normal 0.955955 -0.293222 -0.0130622
    outer loop
      vertex 18.3176 -9.28821 21.5255
      vertex 18.3939 -9.13303 23.626
      vertex 18.2114 -9.63616 21.5641
    endloop
  endfacet
  facet normal 0.293084 0.928453 0.228204
    outer loop
      vertex 19.8022 -12.2984 23.1135
      vertex 20.1545 -12.3781 22.9853
      vertex 19.3117 -11.6643 21.1636
    endloop
  endfacet
  facet normal 0.770462 -0.635156 0.0544599
    outer loop
      vertex 18.9844 -8.20407 23.4111
      vertex 18.7434 -8.48889 23.4988
      vertex 18.7196 -8.6995 21.3792
    endloop
  endfacet
  facet normal -0.740659 0.293324 0.604471
    outer loop
      vertex 22.614 -10.867 22.0901
      vertex 22.7253 -10.5025 22.0496
      vertex 21.4284 -10.3638 20.3932
    endloop
  endfacet
  facet normal 0.77044 0.635182 0.0544598
    outer loop
      vertex 18.7434 -11.5111 23.4988
      vertex 18.9844 -11.7959 23.4111
      vertex 18.7196 -11.3005 21.3792
    endloop
  endfacet
  facet normal -0.255131 0.867137 0.427763
    outer loop
      vertex 20.6421 -11.5155 20.6794
      vertex 21.2057 -12.2984 22.6026
      vertex 21.3104 -12.2488 22.5645
    endloop
  endfacet
  facet normal -0.255198 0.867113 0.427772
    outer loop
      vertex 21.2057 -12.2984 22.6026
      vertex 20.6421 -11.5155 20.6794
      vertex 20.3281 -11.6643 20.7937
    endloop
  endfacet
  facet normal 0.955991 0.293103 -0.0130845
    outer loop
      vertex 18.2827 -10.5025 23.6665
      vertex 18.3939 -10.867 23.626
      vertex 18.2114 -10.3638 21.5641
    endloop
  endfacet
  facet normal -0.416619 -0.767943 0.486511
    outer loop
      vertex 20.9203 -8.6995 20.5782
      vertex 21.9308 -8.13239 22.3387
      vertex 20.6421 -8.48446 20.6794
    endloop
  endfacet
  facet normal -0.41681 -0.767799 0.486574
    outer loop
      vertex 21.9308 -8.13239 22.3387
      vertex 20.9203 -8.6995 20.5782
      vertex 22.0235 -8.20407 22.305
    endloop
  endfacet
  facet normal -0.255241 0.867094 0.427785
    outer loop
      vertex 21.3104 -12.2488 22.5645
      vertex 21.6394 -12.0929 22.4448
      vertex 20.6421 -11.5155 20.6794
    endloop
  endfacet
  facet normal -0.0778543 -0.928456 0.363191
    outer loop
      vertex 19.9918 -8.25959 20.9161
      vertex 20.8534 -7.62193 22.7309
      vertex 20.7413 -7.59657 22.7717
    endloop
  endfacet
  facet normal -0.0778081 -0.928467 0.363173
    outer loop
      vertex 20.8534 -7.62193 22.7309
      vertex 19.9918 -8.25959 20.9161
      vertex 20.3281 -8.33565 20.7937
    endloop
  endfacet
  facet normal 0.880208 0.474368 0.0144634
    outer loop
      vertex 18.4294 -10.9829 23.6131
      vertex 18.6094 -11.3149 23.5476
      vertex 18.3176 -10.7118 21.5255
    endloop
  endfacet
  facet normal -0.077432 0.928549 0.363043
    outer loop
      vertex 20.8534 -12.3781 22.7309
      vertex 19.9918 -11.7404 20.9161
      vertex 20.7413 -12.4034 22.7717
    endloop
  endfacet
  facet normal -0.0778937 0.92844 0.363224
    outer loop
      vertex 19.9918 -11.7404 20.9161
      vertex 20.8534 -12.3781 22.7309
      vertex 20.3281 -11.6643 20.7937
    endloop
  endfacet
  facet normal 0.880162 -0.474452 0.0144904
    outer loop
      vertex 18.6094 -8.68513 23.5476
      vertex 18.4294 -9.01705 23.6131
      vertex 18.3176 -9.28821 21.5255
    endloop
  endfacet
  facet normal -0.664987 0.474347 0.576877
    outer loop
      vertex 22.3985 -11.3149 22.1685
      vertex 22.5785 -10.9829 22.103
      vertex 21.3222 -10.7118 20.4319
    endloop
  endfacet
  facet normal 0.770432 -0.635192 0.0544531
    outer loop
      vertex 18.4895 -8.97138 21.4629
      vertex 18.7434 -8.48889 23.4988
      vertex 18.6667 -8.57952 23.5268
    endloop
  endfacet
  facet normal 0.770393 -0.635238 0.0544688
    outer loop
      vertex 18.7434 -8.48889 23.4988
      vertex 18.4895 -8.97138 21.4629
      vertex 18.7196 -8.6995 21.3792
    endloop
  endfacet
  facet normal -0.0777404 -0.928479 0.363159
    outer loop
      vertex 21.2057 -7.70161 22.6026
      vertex 20.8534 -7.62193 22.7309
      vertex 20.3281 -8.33565 20.7937
    endloop
  endfacet
  facet normal -0.555112 0.635284 0.536903
    outer loop
      vertex 21.1503 -11.0286 20.4944
      vertex 22.2645 -11.5111 22.2173
      vertex 22.3412 -11.4205 22.1894
    endloop
  endfacet
  facet normal -0.555227 0.635152 0.53694
    outer loop
      vertex 22.2645 -11.5111 22.2173
      vertex 21.1503 -11.0286 20.4944
      vertex 20.9203 -11.3005 20.5782
    endloop
  endfacet
  facet normal -0.416606 0.767947 0.486515
    outer loop
      vertex 21.6394 -12.0929 22.4448
      vertex 21.9308 -11.8676 22.3387
      vertex 20.6421 -11.5155 20.6794
    endloop
  endfacet
  facet normal 0.994681 0.099349 -0.027179
    outer loop
      vertex 18.245 -10.1213 23.6802
      vertex 18.2827 -10.5025 23.6665
      vertex 18.2114 -10.3638 21.5641
    endloop
  endfacet
  facet normal -0.555215 0.635168 0.536933
    outer loop
      vertex 22.0235 -11.7959 22.305
      vertex 22.2645 -11.5111 22.2173
      vertex 20.9203 -11.3005 20.5782
    endloop
  endfacet
  facet normal 0.632008 0.767837 0.104843
    outer loop
      vertex 19.0771 -11.8676 23.3774
      vertex 18.7196 -11.3005 21.3792
      vertex 18.9844 -11.7959 23.4111
    endloop
  endfacet
  facet normal 0.631893 0.767926 0.104889
    outer loop
      vertex 18.7196 -11.3005 21.3792
      vertex 19.0771 -11.8676 23.3774
      vertex 18.9977 -11.5155 21.2779
    endloop
  endfacet
  facet normal -0.779431 0.0994023 0.618552
    outer loop
      vertex 21.4284 -10.3638 20.3932
      vertex 22.7372 -10.3812 22.0452
      vertex 21.4644 -10 20.3801
    endloop
  endfacet
  facet normal -0.779472 0.0989074 0.61858
    outer loop
      vertex 22.7372 -10.3812 22.0452
      vertex 21.4284 -10.3638 20.3932
      vertex 22.7253 -10.5025 22.0496
    endloop
  endfacet
  facet normal -0.779447 0.0993159 0.618545
    outer loop
      vertex 22.7372 -10.3812 22.0452
      vertex 22.7749 -10 22.0315
      vertex 21.4644 -10 20.3801
    endloop
  endfacet
  facet normal 0.994679 0.0993863 -0.0271396
    outer loop
      vertex 18.245 -10.1213 23.6802
      vertex 18.1755 -10 21.5772
      vertex 18.233 -10 23.6846
    endloop
  endfacet
  facet normal 0.994703 0.0991357 -0.0271549
    outer loop
      vertex 18.1755 -10 21.5772
      vertex 18.245 -10.1213 23.6802
      vertex 18.2114 -10.3638 21.5641
    endloop
  endfacet
  facet normal 0.470439 0.867123 0.163659
    outer loop
      vertex 19.3685 -12.0929 23.2713
      vertex 19.6975 -12.2488 23.1516
      vertex 18.9977 -11.5155 21.2779
    endloop
  endfacet
  facet normal -0.740671 -0.29331 0.604463
    outer loop
      vertex 22.7253 -9.49755 22.0496
      vertex 22.614 -9.13303 22.0901
      vertex 21.4284 -9.63616 20.3932
    endloop
  endfacet
  facet normal 0.293032 -0.928472 0.228194
    outer loop
      vertex 20.1545 -7.62193 22.9853
      vertex 19.8022 -7.70161 23.1135
      vertex 19.3117 -8.33565 21.1636
    endloop
  endfacet
  facet normal 0.293041 -0.92847 0.228189
    outer loop
      vertex 19.648 -8.25959 21.0412
      vertex 20.1545 -7.62193 22.9853
      vertex 19.3117 -8.33565 21.1636
    endloop
  endfacet
  facet normal 0.293088 -0.928459 0.228173
    outer loop
      vertex 20.1545 -7.62193 22.9853
      vertex 19.648 -8.25959 21.0412
      vertex 20.2666 -7.59657 22.9445
    endloop
  endfacet
  facet normal 0.770335 0.635307 0.0544956
    outer loop
      vertex 18.7434 -11.5111 23.4988
      vertex 18.4895 -11.0286 21.4629
      vertex 18.6667 -11.4205 23.5268
    endloop
  endfacet
  facet normal 0.770415 0.635212 0.054463
    outer loop
      vertex 18.4895 -11.0286 21.4629
      vertex 18.7434 -11.5111 23.4988
      vertex 18.7196 -11.3005 21.3792
    endloop
  endfacet
  facet normal 0.880054 0.47465 0.0145699
    outer loop
      vertex 18.6094 -11.3149 23.5476
      vertex 18.4895 -11.0286 21.4629
      vertex 18.3176 -10.7118 21.5255
    endloop
  endfacet
  facet normal 0.88005 0.474657 0.0145711
    outer loop
      vertex 18.4895 -11.0286 21.4629
      vertex 18.6094 -11.3149 23.5476
      vertex 18.6667 -11.4205 23.5268
    endloop
  endfacet
  facet normal 0.107632 -0.949205 0.295676
    outer loop
      vertex 19.648 -8.25959 21.0412
      vertex 20.7413 -7.59657 22.7717
      vertex 20.2666 -7.59657 22.9445
    endloop
  endfacet
  facet normal 0.107597 -0.949203 0.295698
    outer loop
      vertex 20.7413 -7.59657 22.7717
      vertex 19.648 -8.25959 21.0412
      vertex 19.9918 -8.25959 20.9161
    endloop
  endfacet
  facet normal -0.555232 -0.635142 0.536947
    outer loop
      vertex 22.2645 -8.48889 22.2173
      vertex 22.0235 -8.20407 22.305
      vertex 20.9203 -8.6995 20.5782
    endloop
  endfacet
  facet normal 0.29267 0.928552 0.228332
    outer loop
      vertex 19.648 -11.7404 21.0412
      vertex 20.1545 -12.3781 22.9853
      vertex 20.2666 -12.4034 22.9445
    endloop
  endfacet
  facet normal 0.29314 0.928443 0.228174
    outer loop
      vertex 20.1545 -12.3781 22.9853
      vertex 19.648 -11.7404 21.0412
      vertex 19.3117 -11.6643 21.1636
    endloop
  endfacet
  facet normal 0.107629 0.949208 0.295668
    outer loop
      vertex 20.7413 -12.4034 22.7717
      vertex 19.648 -11.7404 21.0412
      vertex 20.2666 -12.4034 22.9445
    endloop
  endfacet
  facet normal 0.107594 0.949206 0.29569
    outer loop
      vertex 19.648 -11.7404 21.0412
      vertex 20.7413 -12.4034 22.7717
      vertex 19.9918 -11.7404 20.9161
    endloop
  endfacet
  facet normal 0.880068 -0.474625 0.0145543
    outer loop
      vertex 18.6094 -8.68513 23.5476
      vertex 18.4895 -8.97138 21.4629
      vertex 18.6667 -8.57952 23.5268
    endloop
  endfacet
  facet normal 0.880071 -0.474618 0.0145531
    outer loop
      vertex 18.4895 -8.97138 21.4629
      vertex 18.6094 -8.68513 23.5476
      vertex 18.3176 -9.28821 21.5255
    endloop
  endfacet
  facet normal -0.0777741 0.92846 0.363199
    outer loop
      vertex 20.8534 -12.3781 22.7309
      vertex 21.2057 -12.2984 22.6026
      vertex 20.3281 -11.6643 20.7937
    endloop
  endfacet
  facet normal 0.470415 -0.867139 0.163646
    outer loop
      vertex 19.6975 -7.75122 23.1516
      vertex 19.3685 -7.90711 23.2713
      vertex 18.9977 -8.48446 21.2779
    endloop
  endfacet
  facet normal 0.631878 -0.767939 0.104881
    outer loop
      vertex 19.3685 -7.90711 23.2713
      vertex 19.0771 -8.13239 23.3774
      vertex 18.9977 -8.48446 21.2779
    endloop
  endfacet
  facet normal 0.994681 -0.0993569 -0.0271827
    outer loop
      vertex 18.2827 -9.49755 23.6665
      vertex 18.245 -9.87872 23.6802
      vertex 18.2114 -9.63616 21.5641
    endloop
  endfacet
  facet normal -0.416584 -0.767974 0.48649
    outer loop
      vertex 21.9308 -8.13239 22.3387
      vertex 21.6394 -7.90711 22.4448
      vertex 20.6421 -8.48446 20.6794
    endloop
  endfacet
  facet normal -0.664846 0.474561 0.576864
    outer loop
      vertex 21.1503 -11.0286 20.4944
      vertex 22.3985 -11.3149 22.1685
      vertex 21.3222 -10.7118 20.4319
    endloop
  endfacet
  facet normal -0.664702 0.474835 0.576803
    outer loop
      vertex 22.3985 -11.3149 22.1685
      vertex 21.1503 -11.0286 20.4944
      vertex 22.3412 -11.4205 22.1894
    endloop
  endfacet
  facet normal -0.255229 -0.867111 0.427758
    outer loop
      vertex 20.6421 -8.48446 20.6794
      vertex 21.2057 -7.70161 22.6026
      vertex 20.3281 -8.33565 20.7937
    endloop
  endfacet
  facet normal -0.255208 -0.867118 0.427755
    outer loop
      vertex 21.2057 -7.70161 22.6026
      vertex 20.6421 -8.48446 20.6794
      vertex 21.3104 -7.75122 22.5645
    endloop
  endfacet
  facet normal 0.955995 -0.29309 -0.013098
    outer loop
      vertex 18.3939 -9.13303 23.626
      vertex 18.2827 -9.49755 23.6665
      vertex 18.2114 -9.63616 21.5641
    endloop
  endfacet
  facet normal 0.631913 -0.767909 0.104884
    outer loop
      vertex 18.7196 -8.6995 21.3792
      vertex 19.0771 -8.13239 23.3774
      vertex 18.9844 -8.20407 23.4111
    endloop
  endfacet
  facet normal 0.631957 -0.767876 0.104867
    outer loop
      vertex 19.0771 -8.13239 23.3774
      vertex 18.7196 -8.6995 21.3792
      vertex 18.9977 -8.48446 21.2779
    endloop
  endfacet
  facet normal 0.47037 0.867154 0.163697
    outer loop
      vertex 19.8022 -12.2984 23.1135
      vertex 18.9977 -11.5155 21.2779
      vertex 19.6975 -12.2488 23.1516
    endloop
  endfacet
  facet normal 0.470474 0.867109 0.163632
    outer loop
      vertex 18.9977 -11.5155 21.2779
      vertex 19.8022 -12.2984 23.1135
      vertex 19.3117 -11.6643 21.1636
    endloop
  endfacet
  facet normal 0.631911 0.767911 0.104886
    outer loop
      vertex 19.0771 -11.8676 23.3774
      vertex 19.3685 -12.0929 23.2713
      vertex 18.9977 -11.5155 21.2779
    endloop
  endfacet
  facet normal -0.555206 -0.635178 0.536931
    outer loop
      vertex 21.1503 -8.97138 20.4944
      vertex 22.2645 -8.48889 22.2173
      vertex 20.9203 -8.6995 20.5782
    endloop
  endfacet
  facet normal -0.555214 -0.635169 0.536933
    outer loop
      vertex 22.2645 -8.48889 22.2173
      vertex 21.1503 -8.97138 20.4944
      vertex 22.3412 -8.57952 22.1894
    endloop
  endfacet
  facet normal -0.664935 -0.474431 0.576868
    outer loop
      vertex 22.5785 -9.01705 22.103
      vertex 22.3985 -8.68513 22.1685
      vertex 21.3222 -9.28821 20.4319
    endloop
  endfacet
  facet normal -0.740507 -0.293883 0.604385
    outer loop
      vertex 21.3222 -9.28821 20.4319
      vertex 22.614 -9.13303 22.0901
      vertex 22.5785 -9.01705 22.103
    endloop
  endfacet
  facet normal -0.740677 -0.293297 0.604463
    outer loop
      vertex 22.614 -9.13303 22.0901
      vertex 21.3222 -9.28821 20.4319
      vertex 21.4284 -9.63616 20.3932
    endloop
  endfacet
  facet normal 0.470423 -0.867135 0.163642
    outer loop
      vertex 18.9977 -8.48446 21.2779
      vertex 19.8022 -7.70161 23.1135
      vertex 19.6975 -7.75122 23.1516
    endloop
  endfacet
  facet normal 0.47049 -0.867107 0.163601
    outer loop
      vertex 19.8022 -7.70161 23.1135
      vertex 18.9977 -8.48446 21.2779
      vertex 19.3117 -8.33565 21.1636
    endloop
  endfacet
  facet normal 0.994677 -0.0994025 -0.0271396
    outer loop
      vertex 18.1755 -10 21.5772
      vertex 18.245 -9.87872 23.6802
      vertex 18.233 -10 23.6846
    endloop
  endfacet
  facet normal 0.994704 -0.099125 -0.0271565
    outer loop
      vertex 18.245 -9.87872 23.6802
      vertex 18.1755 -10 21.5772
      vertex 18.2114 -9.63616 21.5641
    endloop
  endfacet
  facet normal -0.664726 -0.474803 0.576802
    outer loop
      vertex 21.1503 -8.97138 20.4944
      vertex 22.3985 -8.68513 22.1685
      vertex 22.3412 -8.57952 22.1894
    endloop
  endfacet
  facet normal -0.66487 -0.474529 0.576862
    outer loop
      vertex 22.3985 -8.68513 22.1685
      vertex 21.1503 -8.97138 20.4944
      vertex 21.3222 -9.28821 20.4319
    endloop
  endfacet
  facet normal -0.893667 -0.309149 0.325247
    outer loop
      vertex -16.1593 10.3638 34.074
      vertex -17.2916 10.7118 31.2936
      vertex -17.1853 10.3638 31.2549
    endloop
  endfacet
  facet normal -0.893728 -0.308917 0.3253
    outer loop
      vertex -17.2916 10.7118 31.2936
      vertex -16.1593 10.3638 34.074
      vertex -16.2655 10.7118 34.1127
    endloop
  endfacet
  facet normal -0.934553 -0.104378 0.340172
    outer loop
      vertex -16.1233 10 34.0609
      vertex -17.1853 10.3638 31.2549
      vertex -17.1494 10 31.2419
    endloop
  endfacet
  facet normal -0.934533 -0.104724 0.340119
    outer loop
      vertex -17.1853 10.3638 31.2549
      vertex -16.1233 10 34.0609
      vertex -16.1593 10.3638 34.074
    endloop
  endfacet
  facet normal -0.813751 -0.50008 0.29619
    outer loop
      vertex -16.2655 10.7118 34.1127
      vertex -17.4635 11.0286 31.3562
      vertex -17.2916 10.7118 31.2936
    endloop
  endfacet
  facet normal -0.813751 -0.50008 0.29619
    outer loop
      vertex -17.4635 11.0286 31.3562
      vertex -16.2655 10.7118 34.1127
      vertex -16.4374 11.0286 34.1753
    endloop
  endfacet
  facet normal 0.552229 0.809104 -0.200982
    outer loop
      vertex -18.59 8.48446 34.9587
      vertex -19.8942 8.6995 32.2409
      vertex -18.8682 8.6995 35.06
    endloop
  endfacet
  facet normal 0.552377 0.808983 -0.201062
    outer loop
      vertex -19.8942 8.6995 32.2409
      vertex -18.59 8.48446 34.9587
      vertex -19.6161 8.48446 32.1397
    endloop
  endfacet
  facet normal 0.934533 -0.104724 -0.340119
    outer loop
      vertex -20.4383 10 32.4389
      vertex -19.3763 10.3638 35.2449
      vertex -19.4123 10 35.258
    endloop
  endfacet
  facet normal 0.934553 -0.104378 -0.340172
    outer loop
      vertex -19.3763 10.3638 35.2449
      vertex -20.4383 10 32.4389
      vertex -20.4024 10.3638 32.4259
    endloop
  endfacet
  facet normal -0.934554 0.104364 0.340172
    outer loop
      vertex -17.1853 9.63615 31.2549
      vertex -16.1233 10 34.0609
      vertex -17.1494 10 31.2419
    endloop
  endfacet
  facet normal -0.934534 0.10471 0.34012
    outer loop
      vertex -16.1233 10 34.0609
      vertex -17.1853 9.63615 31.2549
      vertex -16.1593 9.63615 34.074
    endloop
  endfacet
  facet normal -0.382279 0.913511 0.139142
    outer loop
      vertex -16.9456 8.48446 34.3602
      vertex -18.2857 8.33565 31.6554
      vertex -17.2596 8.33565 34.4745
    endloop
  endfacet
  facet normal -0.382194 0.913553 0.139098
    outer loop
      vertex -18.2857 8.33565 31.6554
      vertex -16.9456 8.48446 34.3602
      vertex -17.9716 8.48446 31.5411
    endloop
  endfacet
  facet normal -0.813771 0.500045 0.296197
    outer loop
      vertex -17.4635 8.97138 31.3562
      vertex -16.2655 9.28821 34.1127
      vertex -17.2916 9.28821 31.2936
    endloop
  endfacet
  facet normal -0.813771 0.500045 0.296197
    outer loop
      vertex -16.2655 9.28821 34.1127
      vertex -17.4635 8.97138 31.3562
      vertex -16.4374 8.97138 34.1753
    endloop
  endfacet
  facet normal -0.552204 -0.809124 0.200972
    outer loop
      vertex -17.9716 11.5155 31.5411
      vertex -16.6674 11.3005 34.259
      vertex -16.9456 11.5155 34.3602
    endloop
  endfacet
  facet normal -0.552312 -0.809035 0.201031
    outer loop
      vertex -16.6674 11.3005 34.259
      vertex -17.9716 11.5155 31.5411
      vertex -17.6935 11.3005 31.4399
    endloop
  endfacet
  facet normal -0.893653 0.309197 0.325241
    outer loop
      vertex -17.2916 9.28821 31.2936
      vertex -16.1593 9.63615 34.074
      vertex -17.1853 9.63615 31.2549
    endloop
  endfacet
  facet normal -0.893713 0.308965 0.325295
    outer loop
      vertex -16.1593 9.63615 34.074
      vertex -17.2916 9.28821 31.2936
      vertex -16.2655 9.28821 34.1127
    endloop
  endfacet
  facet normal 0 -1 0
    outer loop
      vertex -18.9657 11.7404 31.903
      vertex -17.5959 11.7404 34.5969
      vertex -17.9397 11.7404 34.722
    endloop
  endfacet
  facet normal 0 -1 0
    outer loop
      vertex -17.5959 11.7404 34.5969
      vertex -18.9657 11.7404 31.903
      vertex -18.622 11.7404 31.7778
    endloop
  endfacet
  facet normal -0.195446 -0.978131 0.0711386
    outer loop
      vertex -18.622 11.7404 31.7778
      vertex -17.2596 11.6643 34.4745
      vertex -17.5959 11.7404 34.5969
    endloop
  endfacet
  facet normal -0.195446 -0.978131 0.0711386
    outer loop
      vertex -17.2596 11.6643 34.4745
      vertex -18.622 11.7404 31.7778
      vertex -18.2857 11.6643 31.6554
    endloop
  endfacet
  facet normal 0 1 0
    outer loop
      vertex -17.5959 8.25959 34.5969
      vertex -18.9657 8.25959 31.903
      vertex -17.9397 8.25959 34.722
    endloop
  endfacet
  facet normal -0 1 0
    outer loop
      vertex -18.9657 8.25959 31.903
      vertex -17.5959 8.25959 34.5969
      vertex -18.622 8.25959 31.7778
    endloop
  endfacet
  facet normal 0.89375 -0.308832 -0.32532
    outer loop
      vertex -20.4024 10.3638 32.4259
      vertex -19.2701 10.7118 35.2063
      vertex -19.3763 10.3638 35.2449
    endloop
  endfacet
  facet normal 0.893667 -0.309149 -0.325247
    outer loop
      vertex -19.2701 10.7118 35.2063
      vertex -20.4024 10.3638 32.4259
      vertex -20.2961 10.7118 32.3872
    endloop
  endfacet
  facet normal -0.382257 -0.913521 0.139135
    outer loop
      vertex -18.2857 11.6643 31.6554
      vertex -16.9456 11.5155 34.3602
      vertex -17.2596 11.6643 34.4745
    endloop
  endfacet
  facet normal -0.382172 -0.913564 0.13909
    outer loop
      vertex -16.9456 11.5155 34.3602
      vertex -18.2857 11.6643 31.6554
      vertex -17.9716 11.5155 31.5411
    endloop
  endfacet
  facet normal -0.698383 0.669062 0.254199
    outer loop
      vertex -17.6935 8.6995 31.4399
      vertex -16.4374 8.97138 34.1753
      vertex -17.4635 8.97138 31.3562
    endloop
  endfacet
  facet normal -0.698383 0.669062 0.254199
    outer loop
      vertex -16.4374 8.97138 34.1753
      vertex -17.6935 8.6995 31.4399
      vertex -16.6674 8.6995 34.259
    endloop
  endfacet
  facet normal 0.382277 0.913511 -0.139147
    outer loop
      vertex -18.276 8.33565 34.8444
      vertex -19.6161 8.48446 32.1397
      vertex -18.59 8.48446 34.9587
    endloop
  endfacet
  facet normal 0.382192 0.913553 -0.139102
    outer loop
      vertex -19.6161 8.48446 32.1397
      vertex -18.276 8.33565 34.8444
      vertex -19.302 8.33565 32.0254
    endloop
  endfacet
  facet normal 0.552162 -0.809156 -0.200957
    outer loop
      vertex -19.8942 11.3005 32.2409
      vertex -18.59 11.5155 34.9587
      vertex -18.8682 11.3005 35.06
    endloop
  endfacet
  facet normal 0.55231 -0.809035 -0.201038
    outer loop
      vertex -18.59 11.5155 34.9587
      vertex -19.8942 11.3005 32.2409
      vertex -19.6161 11.5155 32.1397
    endloop
  endfacet
  facet normal -0.552271 0.809072 0.200997
    outer loop
      vertex -16.6674 8.6995 34.259
      vertex -17.9716 8.48446 31.5411
      vertex -16.9456 8.48446 34.3602
    endloop
  endfacet
  facet normal -0.55238 0.808983 0.201056
    outer loop
      vertex -17.9716 8.48446 31.5411
      vertex -16.6674 8.6995 34.259
      vertex -17.6935 8.6995 31.4399
    endloop
  endfacet
  facet normal 0.698406 -0.669035 -0.254207
    outer loop
      vertex -20.1243 11.0286 32.3246
      vertex -18.8682 11.3005 35.06
      vertex -19.0982 11.0286 35.1437
    endloop
  endfacet
  facet normal 0.698294 -0.669177 -0.254141
    outer loop
      vertex -18.8682 11.3005 35.06
      vertex -20.1243 11.0286 32.3246
      vertex -19.8942 11.3005 32.2409
    endloop
  endfacet
  facet normal -0.698406 -0.669035 0.254207
    outer loop
      vertex -16.4374 11.0286 34.1753
      vertex -17.6935 11.3005 31.4399
      vertex -17.4635 11.0286 31.3562
    endloop
  endfacet
  facet normal -0.698406 -0.669035 0.254207
    outer loop
      vertex -17.6935 11.3005 31.4399
      vertex -16.4374 11.0286 34.1753
      vertex -16.6674 11.3005 34.259
    endloop
  endfacet
  facet normal 0.893736 0.30888 -0.325315
    outer loop
      vertex -19.2701 9.28821 35.2063
      vertex -20.4024 9.63615 32.4259
      vertex -19.3763 9.63615 35.2449
    endloop
  endfacet
  facet normal 0.893653 0.309197 -0.325241
    outer loop
      vertex -20.4024 9.63615 32.4259
      vertex -19.2701 9.28821 35.2063
      vertex -20.2961 9.28821 32.3872
    endloop
  endfacet
  facet normal 0.195349 0.978153 -0.0710989
    outer loop
      vertex -17.9397 8.25959 34.722
      vertex -19.302 8.33565 32.0254
      vertex -18.276 8.33565 34.8444
    endloop
  endfacet
  facet normal 0.195349 0.978153 -0.0710989
    outer loop
      vertex -19.302 8.33565 32.0254
      vertex -17.9397 8.25959 34.722
      vertex -18.9657 8.25959 31.903
    endloop
  endfacet
  facet normal 0.698383 0.669062 -0.254199
    outer loop
      vertex -18.8682 8.6995 35.06
      vertex -20.1243 8.97138 32.3246
      vertex -19.0982 8.97138 35.1437
    endloop
  endfacet
  facet normal 0.698271 0.669204 -0.254133
    outer loop
      vertex -20.1243 8.97138 32.3246
      vertex -18.8682 8.6995 35.06
      vertex -19.8942 8.6995 32.2409
    endloop
  endfacet
  facet normal 0.382256 -0.913521 -0.139139
    outer loop
      vertex -19.6161 11.5155 32.1397
      vertex -18.276 11.6643 34.8444
      vertex -18.59 11.5155 34.9587
    endloop
  endfacet
  facet normal 0.382171 -0.913564 -0.139094
    outer loop
      vertex -18.276 11.6643 34.8444
      vertex -19.6161 11.5155 32.1397
      vertex -19.302 11.6643 32.0254
    endloop
  endfacet
  facet normal 0.81378 0.500045 -0.296172
    outer loop
      vertex -19.0982 8.97138 35.1437
      vertex -20.2961 9.28821 32.3872
      vertex -19.2701 9.28821 35.2063
    endloop
  endfacet
  facet normal 0.813875 0.499852 -0.296235
    outer loop
      vertex -20.2961 9.28821 32.3872
      vertex -19.0982 8.97138 35.1437
      vertex -20.1243 8.97138 32.3246
    endloop
  endfacet
  facet normal 0.813761 -0.50008 -0.296165
    outer loop
      vertex -20.2961 10.7118 32.3872
      vertex -19.0982 11.0286 35.1437
      vertex -19.2701 10.7118 35.2063
    endloop
  endfacet
  facet normal 0.813856 -0.499887 -0.296228
    outer loop
      vertex -19.0982 11.0286 35.1437
      vertex -20.2961 10.7118 32.3872
      vertex -20.1243 11.0286 32.3246
    endloop
  endfacet
  facet normal 0.934534 0.10471 -0.34012
    outer loop
      vertex -19.3763 9.63615 35.2449
      vertex -20.4383 10 32.4389
      vertex -19.4123 10 35.258
    endloop
  endfacet
  facet normal 0.934554 0.104364 -0.340172
    outer loop
      vertex -20.4383 10 32.4389
      vertex -19.3763 9.63615 35.2449
      vertex -20.4024 9.63615 32.4259
    endloop
  endfacet
  facet normal -0.195347 0.978153 0.0711028
    outer loop
      vertex -17.2596 8.33565 34.4745
      vertex -18.622 8.25959 31.7778
      vertex -17.5959 8.25959 34.5969
    endloop
  endfacet
  facet normal -0.195347 0.978153 0.0711028
    outer loop
      vertex -18.622 8.25959 31.7778
      vertex -17.2596 8.33565 34.4745
      vertex -18.2857 8.33565 31.6554
    endloop
  endfacet
  facet normal 0.195447 -0.978131 -0.0711347
    outer loop
      vertex -19.302 11.6643 32.0254
      vertex -17.9397 11.7404 34.722
      vertex -18.276 11.6643 34.8444
    endloop
  endfacet
  facet normal 0.195447 -0.978131 -0.0711347
    outer loop
      vertex -17.9397 11.7404 34.722
      vertex -19.302 11.6643 32.0254
      vertex -18.9657 11.7404 31.903
    endloop
  endfacet
  facet normal -0.740675 0.293304 0.604462
    outer loop
      vertex -16.2655 9.28821 34.1127
      vertex -14.9737 9.13303 35.7709
      vertex -16.1593 9.63615 34.074
    endloop
  endfacet
  facet normal -0.740507 0.293883 0.604385
    outer loop
      vertex -14.9737 9.13303 35.7709
      vertex -16.2655 9.28821 34.1127
      vertex -15.0092 9.01705 35.7838
    endloop
  endfacet
  facet normal -0.255241 -0.867094 0.427785
    outer loop
      vertex -15.9483 12.0929 36.1256
      vertex -16.2773 12.2488 36.2453
      vertex -16.9456 11.5155 34.3602
    endloop
  endfacet
  facet normal -0.41681 0.767799 0.486574
    outer loop
      vertex -16.6674 8.6995 34.259
      vertex -15.6569 8.13239 36.0195
      vertex -15.5642 8.20407 35.9858
    endloop
  endfacet
  facet normal -0.416619 0.767943 0.486511
    outer loop
      vertex -15.6569 8.13239 36.0195
      vertex -16.6674 8.6995 34.259
      vertex -16.9456 8.48446 34.3602
    endloop
  endfacet
  facet normal -0.779447 -0.0993159 0.618545
    outer loop
      vertex -14.8128 10 35.7123
      vertex -14.8505 10.3812 35.726
      vertex -16.1233 10 34.0609
    endloop
  endfacet
  facet normal -0.779419 -0.0995435 0.618544
    outer loop
      vertex -16.1593 10.3638 34.074
      vertex -14.8505 10.3812 35.726
      vertex -14.8625 10.5025 35.7304
    endloop
  endfacet
  facet normal -0.779431 -0.0994023 0.618552
    outer loop
      vertex -14.8505 10.3812 35.726
      vertex -16.1593 10.3638 34.074
      vertex -16.1233 10 34.0609
    endloop
  endfacet
  facet normal 0.955953 0.29323 -0.0130616
    outer loop
      vertex -19.1938 9.13303 37.3068
      vertex -19.2701 9.28821 35.2063
      vertex -19.3763 9.63615 35.2449
    endloop
  endfacet
  facet normal 0.955726 0.29397 -0.0129986
    outer loop
      vertex -19.2701 9.28821 35.2063
      vertex -19.1938 9.13303 37.3068
      vertex -19.1583 9.01705 37.294
    endloop
  endfacet
  facet normal 0.95567 -0.294154 -0.0129802
    outer loop
      vertex -19.1938 10.867 37.3068
      vertex -19.2701 10.7118 35.2063
      vertex -19.1583 10.9829 37.294
    endloop
  endfacet
  facet normal 0.955967 -0.293184 -0.0130627
    outer loop
      vertex -19.2701 10.7118 35.2063
      vertex -19.1938 10.867 37.3068
      vertex -19.3763 10.3638 35.2449
    endloop
  endfacet
  facet normal 0.293032 0.928472 0.228194
    outer loop
      vertex -17.7855 7.70161 36.7943
      vertex -17.4332 7.62193 36.6661
      vertex -18.276 8.33565 34.8444
    endloop
  endfacet
  facet normal 0.770436 -0.63519 0.0544242
    outer loop
      vertex -18.6033 11.7959 37.0919
      vertex -18.8443 11.5111 37.1796
      vertex -18.8682 11.3005 35.06
    endloop
  endfacet
  facet normal -0.740746 0.293129 0.604459
    outer loop
      vertex -14.9737 9.13303 35.7709
      vertex -14.8625 9.49755 35.7304
      vertex -16.1593 9.63615 34.074
    endloop
  endfacet
  facet normal 0.770458 0.635164 0.0544244
    outer loop
      vertex -18.8443 8.48889 37.1796
      vertex -18.6033 8.20407 37.0919
      vertex -18.8682 8.6995 35.06
    endloop
  endfacet
  facet normal -0.25514 0.867143 0.427745
    outer loop
      vertex -16.9456 8.48446 34.3602
      vertex -16.382 7.70161 36.2834
      vertex -16.2773 7.75121 36.2453
    endloop
  endfacet
  facet normal -0.255229 0.867111 0.427758
    outer loop
      vertex -16.382 7.70161 36.2834
      vertex -16.9456 8.48446 34.3602
      vertex -17.2596 8.33565 34.4745
    endloop
  endfacet
  facet normal 0.955994 0.293093 -0.0130985
    outer loop
      vertex -19.305 9.49755 37.3474
      vertex -19.1938 9.13303 37.3068
      vertex -19.3763 9.63615 35.2449
    endloop
  endfacet
  facet normal -0.416556 -0.767992 0.486486
    outer loop
      vertex -16.6674 11.3005 34.259
      vertex -15.6569 11.8676 36.0195
      vertex -16.9456 11.5155 34.3602
    endloop
  endfacet
  facet normal -0.416909 -0.767727 0.486603
    outer loop
      vertex -15.6569 11.8676 36.0195
      vertex -16.6674 11.3005 34.259
      vertex -15.5642 11.7959 35.9858
    endloop
  endfacet
  facet normal -0.25525 0.8671 0.427767
    outer loop
      vertex -16.2773 7.75121 36.2453
      vertex -15.9483 7.90711 36.1256
      vertex -16.9456 8.48446 34.3602
    endloop
  endfacet
  facet normal -0.077432 -0.928549 0.363043
    outer loop
      vertex -17.5959 11.7404 34.5969
      vertex -16.7343 12.3781 36.4117
      vertex -16.8464 12.4034 36.4525
    endloop
  endfacet
  facet normal -0.0778937 -0.92844 0.363224
    outer loop
      vertex -16.7343 12.3781 36.4117
      vertex -17.5959 11.7404 34.5969
      vertex -17.2596 11.6643 34.4745
    endloop
  endfacet
  facet normal 0.880164 0.474449 0.0144892
    outer loop
      vertex -19.1583 9.01705 37.294
      vertex -18.9783 8.68513 37.2284
      vertex -19.2701 9.28821 35.2063
    endloop
  endfacet
  facet normal -0.0778543 0.928456 0.363191
    outer loop
      vertex -16.7343 7.62193 36.4117
      vertex -17.5959 8.25959 34.5969
      vertex -16.8464 7.59657 36.4525
    endloop
  endfacet
  facet normal -0.0778081 0.928467 0.363173
    outer loop
      vertex -17.5959 8.25959 34.5969
      vertex -16.7343 7.62193 36.4117
      vertex -17.2596 8.33565 34.4745
    endloop
  endfacet
  facet normal 0.88021 -0.474365 0.0144622
    outer loop
      vertex -18.9783 11.3149 37.2284
      vertex -19.1583 10.9829 37.294
      vertex -19.2701 10.7118 35.2063
    endloop
  endfacet
  facet normal -0.664935 0.474431 0.576868
    outer loop
      vertex -15.1892 8.68513 35.8493
      vertex -15.0092 9.01705 35.7838
      vertex -16.2655 9.28821 34.1127
    endloop
  endfacet
  facet normal 0.770335 -0.635307 0.0544956
    outer loop
      vertex -19.0982 11.0286 35.1437
      vertex -18.8443 11.5111 37.1796
      vertex -18.921 11.4205 37.2076
    endloop
  endfacet
  facet normal 0.770547 -0.635056 0.0544097
    outer loop
      vertex -18.8443 11.5111 37.1796
      vertex -19.0982 11.0286 35.1437
      vertex -18.8682 11.3005 35.06
    endloop
  endfacet
  facet normal -0.0777741 -0.92846 0.363199
    outer loop
      vertex -16.382 12.2984 36.2834
      vertex -16.7343 12.3781 36.4117
      vertex -17.2596 11.6643 34.4745
    endloop
  endfacet
  facet normal -0.5552 0.635164 0.536954
    outer loop
      vertex -16.4374 8.97138 34.1753
      vertex -15.3232 8.48889 35.8981
      vertex -15.2465 8.57952 35.8702
    endloop
  endfacet
  facet normal -0.555287 0.635065 0.536982
    outer loop
      vertex -15.3232 8.48889 35.8981
      vertex -16.4374 8.97138 34.1753
      vertex -16.6674 8.6995 34.259
    endloop
  endfacet
  facet normal -0.416584 0.767974 0.48649
    outer loop
      vertex -15.9483 7.90711 36.1256
      vertex -15.6569 8.13239 36.0195
      vertex -16.9456 8.48446 34.3602
    endloop
  endfacet
  facet normal 0.994681 0.0993568 -0.0271819
    outer loop
      vertex -19.3427 9.87872 37.3611
      vertex -19.305 9.49755 37.3474
      vertex -19.3763 9.63615 35.2449
    endloop
  endfacet
  facet normal -0.555232 0.635142 0.536947
    outer loop
      vertex -15.5642 8.20407 35.9858
      vertex -15.3232 8.48889 35.8981
      vertex -16.6674 8.6995 34.259
    endloop
  endfacet
  facet normal 0.631909 0.767917 0.104856
    outer loop
      vertex -18.5106 8.13239 37.0582
      vertex -18.8682 8.6995 35.06
      vertex -18.6033 8.20407 37.0919
    endloop
  endfacet
  facet normal 0.631821 0.767984 0.10489
    outer loop
      vertex -18.8682 8.6995 35.06
      vertex -18.5106 8.13239 37.0582
      vertex -18.59 8.48446 34.9587
    endloop
  endfacet
  facet normal -0.779434 0.0993889 0.61855
    outer loop
      vertex -16.1593 9.63615 34.074
      vertex -14.8505 9.61883 35.726
      vertex -16.1233 10 34.0609
    endloop
  endfacet
  facet normal -0.77942 0.0995598 0.618541
    outer loop
      vertex -14.8505 9.61883 35.726
      vertex -16.1593 9.63615 34.074
      vertex -14.8625 9.49755 35.7304
    endloop
  endfacet
  facet normal -0.779447 0.0993237 0.618545
    outer loop
      vertex -14.8505 9.61883 35.726
      vertex -14.8128 10 35.7123
      vertex -16.1233 10 34.0609
    endloop
  endfacet
  facet normal 0.994678 0.0993819 -0.0271868
    outer loop
      vertex -19.3427 9.87872 37.3611
      vertex -19.4123 10 35.258
      vertex -19.3547 10 37.3654
    endloop
  endfacet
  facet normal 0.994677 0.099394 -0.0271861
    outer loop
      vertex -19.4123 10 35.258
      vertex -19.3427 9.87872 37.3611
      vertex -19.3763 9.63615 35.2449
    endloop
  endfacet
  facet normal 0.470435 0.867129 0.16364
    outer loop
      vertex -18.2192 7.90711 36.9521
      vertex -17.8902 7.75121 36.8324
      vertex -18.59 8.48446 34.9587
    endloop
  endfacet
  facet normal -0.740733 -0.293143 0.604468
    outer loop
      vertex -14.8625 10.5025 35.7304
      vertex -14.9737 10.867 35.7709
      vertex -16.1593 10.3638 34.074
    endloop
  endfacet
  facet normal 0.293084 -0.928453 0.228204
    outer loop
      vertex -17.4332 12.3781 36.6661
      vertex -17.7855 12.2984 36.7943
      vertex -18.276 11.6643 34.8444
    endloop
  endfacet
  facet normal 0.29314 -0.928443 0.228174
    outer loop
      vertex -17.9397 11.7404 34.722
      vertex -17.4332 12.3781 36.6661
      vertex -18.276 11.6643 34.8444
    endloop
  endfacet
  facet normal 0.29267 -0.928552 0.228332
    outer loop
      vertex -17.4332 12.3781 36.6661
      vertex -17.9397 11.7404 34.722
      vertex -17.3211 12.4034 36.6253
    endloop
  endfacet
  facet normal 0.770432 0.635192 0.0544531
    outer loop
      vertex -18.8443 8.48889 37.1796
      vertex -19.0982 8.97138 35.1437
      vertex -18.921 8.57952 37.2076
    endloop
  endfacet
  facet normal 0.770525 0.635082 0.0544155
    outer loop
      vertex -19.0982 8.97138 35.1437
      vertex -18.8443 8.48889 37.1796
      vertex -18.8682 8.6995 35.06
    endloop
  endfacet
  facet normal 0.880071 0.474618 0.0145531
    outer loop
      vertex -18.9783 8.68513 37.2284
      vertex -19.0982 8.97138 35.1437
      vertex -19.2701 9.28821 35.2063
    endloop
  endfacet
  facet normal 0.880068 0.474625 0.0145543
    outer loop
      vertex -19.0982 8.97138 35.1437
      vertex -18.9783 8.68513 37.2284
      vertex -18.921 8.57952 37.2076
    endloop
  endfacet
  facet normal 0.107629 -0.949208 0.295668
    outer loop
      vertex -17.9397 11.7404 34.722
      vertex -16.8464 12.4034 36.4525
      vertex -17.3211 12.4034 36.6253
    endloop
  endfacet
  facet normal 0.107594 -0.949206 0.29569
    outer loop
      vertex -16.8464 12.4034 36.4525
      vertex -17.9397 11.7404 34.722
      vertex -17.5959 11.7404 34.5969
    endloop
  endfacet
  facet normal -0.555215 -0.635168 0.536933
    outer loop
      vertex -15.3232 11.5111 35.8981
      vertex -15.5642 11.7959 35.9858
      vertex -16.6674 11.3005 34.259
    endloop
  endfacet
  facet normal 0.293088 0.928459 0.228173
    outer loop
      vertex -17.9397 8.25959 34.722
      vertex -17.4332 7.62193 36.6661
      vertex -17.3211 7.59657 36.6253
    endloop
  endfacet
  facet normal 0.293041 0.92847 0.228189
    outer loop
      vertex -17.4332 7.62193 36.6661
      vertex -17.9397 8.25959 34.722
      vertex -18.276 8.33565 34.8444
    endloop
  endfacet
  facet normal 0.107632 0.949205 0.295676
    outer loop
      vertex -16.8464 7.59657 36.4525
      vertex -17.9397 8.25959 34.722
      vertex -17.3211 7.59657 36.6253
    endloop
  endfacet
  facet normal 0.107597 0.949203 0.295698
    outer loop
      vertex -17.9397 8.25959 34.722
      vertex -16.8464 7.59657 36.4525
      vertex -17.5959 8.25959 34.5969
    endloop
  endfacet
  facet normal 0.88005 -0.474657 0.0145711
    outer loop
      vertex -18.9783 11.3149 37.2284
      vertex -19.0982 11.0286 35.1437
      vertex -18.921 11.4205 37.2076
    endloop
  endfacet
  facet normal 0.880054 -0.47465 0.0145699
    outer loop
      vertex -19.0982 11.0286 35.1437
      vertex -18.9783 11.3149 37.2284
      vertex -19.2701 10.7118 35.2063
    endloop
  endfacet
  facet normal -0.0777404 0.928479 0.363159
    outer loop
      vertex -16.7343 7.62193 36.4117
      vertex -16.382 7.70161 36.2834
      vertex -17.2596 8.33565 34.4745
    endloop
  endfacet
  facet normal 0.470439 -0.867123 0.163659
    outer loop
      vertex -17.8902 12.2488 36.8324
      vertex -18.2192 12.0929 36.9521
      vertex -18.59 11.5155 34.9587
    endloop
  endfacet
  facet normal 0.631911 -0.767911 0.104886
    outer loop
      vertex -18.2192 12.0929 36.9521
      vertex -18.5106 11.8676 37.0582
      vertex -18.59 11.5155 34.9587
    endloop
  endfacet
  facet normal 0.994681 -0.099349 -0.0271777
    outer loop
      vertex -19.305 10.5025 37.3474
      vertex -19.3427 10.1213 37.3611
      vertex -19.3763 10.3638 35.2449
    endloop
  endfacet
  facet normal -0.416606 -0.767947 0.486515
    outer loop
      vertex -15.6569 11.8676 36.0195
      vertex -15.9483 12.0929 36.1256
      vertex -16.9456 11.5155 34.3602
    endloop
  endfacet
  facet normal -0.664782 0.474662 0.576854
    outer loop
      vertex -16.4374 8.97138 34.1753
      vertex -15.1892 8.68513 35.8493
      vertex -16.2655 9.28821 34.1127
    endloop
  endfacet
  facet normal -0.664711 0.474799 0.576824
    outer loop
      vertex -15.1892 8.68513 35.8493
      vertex -16.4374 8.97138 34.1753
      vertex -15.2465 8.57952 35.8702
    endloop
  endfacet
  facet normal -0.255198 -0.867113 0.427772
    outer loop
      vertex -16.9456 11.5155 34.3602
      vertex -16.382 12.2984 36.2834
      vertex -17.2596 11.6643 34.4745
    endloop
  endfacet
  facet normal -0.255131 -0.867137 0.427763
    outer loop
      vertex -16.382 12.2984 36.2834
      vertex -16.9456 11.5155 34.3602
      vertex -16.2773 12.2488 36.2453
    endloop
  endfacet
  facet normal 0.95599 -0.293106 -0.0130836
    outer loop
      vertex -19.1938 10.867 37.3068
      vertex -19.305 10.5025 37.3474
      vertex -19.3763 10.3638 35.2449
    endloop
  endfacet
  facet normal 0.632003 -0.767845 0.104815
    outer loop
      vertex -18.8682 11.3005 35.06
      vertex -18.5106 11.8676 37.0582
      vertex -18.6033 11.7959 37.0919
    endloop
  endfacet
  facet normal 0.631757 -0.768034 0.104912
    outer loop
      vertex -18.5106 11.8676 37.0582
      vertex -18.8682 11.3005 35.06
      vertex -18.59 11.5155 34.9587
    endloop
  endfacet
  facet normal 0.470365 0.86716 0.163678
    outer loop
      vertex -17.7855 7.70161 36.7943
      vertex -18.59 8.48446 34.9587
      vertex -17.8902 7.75121 36.8324
    endloop
  endfacet
  facet normal 0.47049 0.867107 0.163601
    outer loop
      vertex -18.59 8.48446 34.9587
      vertex -17.7855 7.70161 36.7943
      vertex -18.276 8.33565 34.8444
    endloop
  endfacet
  facet normal 0.631878 0.767939 0.104881
    outer loop
      vertex -18.5106 8.13239 37.0582
      vertex -18.2192 7.90711 36.9521
      vertex -18.59 8.48446 34.9587
    endloop
  endfacet
  facet normal -0.555307 -0.635038 0.536992
    outer loop
      vertex -16.4374 11.0286 34.1753
      vertex -15.3232 11.5111 35.8981
      vertex -16.6674 11.3005 34.259
    endloop
  endfacet
  facet normal -0.555098 -0.635278 0.536924
    outer loop
      vertex -15.3232 11.5111 35.8981
      vertex -16.4374 11.0286 34.1753
      vertex -15.2465 11.4205 35.8702
    endloop
  endfacet
  facet normal -0.664987 -0.474347 0.576877
    outer loop
      vertex -15.0092 10.9829 35.7838
      vertex -15.1892 11.3149 35.8493
      vertex -16.2655 10.7118 34.1127
    endloop
  endfacet
  facet normal -0.740452 -0.294067 0.604363
    outer loop
      vertex -16.2655 10.7118 34.1127
      vertex -14.9737 10.867 35.7709
      vertex -15.0092 10.9829 35.7838
    endloop
  endfacet
  facet normal -0.740686 -0.293258 0.60447
    outer loop
      vertex -14.9737 10.867 35.7709
      vertex -16.2655 10.7118 34.1127
      vertex -16.1593 10.3638 34.074
    endloop
  endfacet
  facet normal 0.47037 -0.867154 0.163697
    outer loop
      vertex -18.59 11.5155 34.9587
      vertex -17.7855 12.2984 36.7943
      vertex -17.8902 12.2488 36.8324
    endloop
  endfacet
  facet normal 0.470474 -0.867109 0.163632
    outer loop
      vertex -17.7855 12.2984 36.7943
      vertex -18.59 11.5155 34.9587
      vertex -18.276 11.6643 34.8444
    endloop
  endfacet
  facet normal 0.99468 -0.0993657 -0.0271868
    outer loop
      vertex -19.4123 10 35.258
      vertex -19.3427 10.1213 37.3611
      vertex -19.3547 10 37.3654
    endloop
  endfacet
  facet normal 0.994675 -0.0994074 -0.0271843
    outer loop
      vertex -19.3427 10.1213 37.3611
      vertex -19.4123 10 35.258
      vertex -19.3763 10.3638 35.2449
    endloop
  endfacet
  facet normal -0.664686 -0.474831 0.576825
    outer loop
      vertex -16.4374 11.0286 34.1753
      vertex -15.1892 11.3149 35.8493
      vertex -15.2465 11.4205 35.8702
    endloop
  endfacet
  facet normal -0.664758 -0.474694 0.576855
    outer loop
      vertex -15.1892 11.3149 35.8493
      vertex -16.4374 11.0286 34.1753
      vertex -16.2655 10.7118 34.1127
    endloop
  endfacet
  facet normal -0.893667 -0.309149 0.325247
    outer loop
      vertex 21.4284 10.3638 20.3932
      vertex 19.9541 10.7118 16.6731
      vertex 20.0604 10.3638 16.6344
    endloop
  endfacet
  facet normal -0.893731 -0.308917 0.325293
    outer loop
      vertex 19.9541 10.7118 16.6731
      vertex 21.4284 10.3638 20.3932
      vertex 21.3222 10.7118 20.4319
    endloop
  endfacet
  facet normal -0.934556 -0.104378 0.340162
    outer loop
      vertex 21.4644 10 20.3801
      vertex 20.0604 10.3638 16.6344
      vertex 20.0963 10 16.6214
    endloop
  endfacet
  facet normal -0.934533 -0.104724 0.340119
    outer loop
      vertex 20.0604 10.3638 16.6344
      vertex 21.4644 10 20.3801
      vertex 21.4284 10.3638 20.3932
    endloop
  endfacet
  facet normal -0.813754 -0.50008 0.296184
    outer loop
      vertex 21.3222 10.7118 20.4319
      vertex 19.7822 11.0286 16.7357
      vertex 19.9541 10.7118 16.6731
    endloop
  endfacet
  facet normal -0.813789 -0.50001 0.296205
    outer loop
      vertex 19.7822 11.0286 16.7357
      vertex 21.3222 10.7118 20.4319
      vertex 21.1503 11.0286 20.4944
    endloop
  endfacet
  facet normal 0.55234 0.809015 -0.201036
    outer loop
      vertex 18.9977 8.48446 21.2779
      vertex 17.3515 8.6995 17.6204
      vertex 18.7196 8.6995 21.3792
    endloop
  endfacet
  facet normal 0.55238 0.808983 -0.201056
    outer loop
      vertex 17.3515 8.6995 17.6204
      vertex 18.9977 8.48446 21.2779
      vertex 17.6296 8.48446 17.5192
    endloop
  endfacet
  facet normal 0.342005 0.000170111 0.939698
    outer loop
      vertex 16.8074 10 17.8184
      vertex 20.0963 10 16.6214
      vertex 20.0604 10.3638 16.6344
    endloop
  endfacet
  facet normal 0.342039 -2.05387e-05 0.939686
    outer loop
      vertex 16.8433 10.3638 17.8054
      vertex 20.0604 10.3638 16.6344
      vertex 19.9541 10.7118 16.6731
    endloop
  endfacet
  facet normal 0.342005 -0.000170088 0.939698
    outer loop
      vertex 20.0963 10 16.6214
      vertex 16.8074 10 17.8184
      vertex 20.0604 9.63615 16.6344
    endloop
  endfacet
  facet normal 0.342024 -9.68659e-05 0.939691
    outer loop
      vertex 16.9495 10.7118 17.7667
      vertex 19.9541 10.7118 16.6731
      vertex 19.7822 11.0286 16.7357
    endloop
  endfacet
  facet normal 0.342039 0.000173882 0.939686
    outer loop
      vertex 16.8433 9.63615 17.8054
      vertex 20.0604 9.63615 16.6344
      vertex 16.8074 10 17.8184
    endloop
  endfacet
  facet normal 0.342004 2.99261e-05 0.939699
    outer loop
      vertex 17.1214 11.0286 17.7041
      vertex 19.7822 11.0286 16.7357
      vertex 19.5522 11.3005 16.8194
    endloop
  endfacet
  facet normal 0.342039 2.05422e-05 0.939686
    outer loop
      vertex 20.0604 9.63615 16.6344
      vertex 16.8433 9.63615 17.8054
      vertex 19.9541 9.28821 16.6731
    endloop
  endfacet
  facet normal 0.342001 5.98624e-05 0.9397
    outer loop
      vertex 17.1214 11.0286 17.7041
      vertex 19.5522 11.3005 16.8194
      vertex 19.2741 11.5155 16.9206
    endloop
  endfacet
  facet normal 0.342024 -0.000123774 0.939691
    outer loop
      vertex 16.9495 9.28821 17.7667
      vertex 19.9541 9.28821 16.6731
      vertex 16.8433 9.63615 17.8054
    endloop
  endfacet
  facet normal 0.341996 8.68504e-05 0.939702
    outer loop
      vertex 17.1214 11.0286 17.7041
      vertex 19.2741 11.5155 16.9206
      vertex 18.96 11.6643 17.0349
    endloop
  endfacet
  facet normal 0.342039 -0.000173906 0.939686
    outer loop
      vertex 20.0604 10.3638 16.6344
      vertex 16.8433 10.3638 17.8054
      vertex 16.8074 10 17.8184
    endloop
  endfacet
  facet normal 0.342016 1.94473e-05 0.939694
    outer loop
      vertex 17.1214 11.0286 17.7041
      vertex 18.96 11.6643 17.0349
      vertex 18.6237 11.7404 17.1573
    endloop
  endfacet
  facet normal 0.342024 9.68567e-05 0.939691
    outer loop
      vertex 19.9541 9.28821 16.6731
      vertex 16.9495 9.28821 17.7667
      vertex 19.7822 8.97138 16.7357
    endloop
  endfacet
  facet normal 0.342182 -0.000376749 0.939634
    outer loop
      vertex 17.1214 11.0286 17.7041
      vertex 18.6237 11.7404 17.1573
      vertex 18.2799 11.7404 17.2825
    endloop
  endfacet
  facet normal 0.342004 -0.000109372 0.939699
    outer loop
      vertex 17.1214 8.97138 17.7041
      vertex 19.7822 8.97138 16.7357
      vertex 16.9495 9.28821 17.7667
    endloop
  endfacet
  facet normal 0.342175 -0.000363557 0.939636
    outer loop
      vertex 17.1214 11.0286 17.7041
      vertex 18.2799 11.7404 17.2825
      vertex 17.9437 11.6643 17.4049
    endloop
  endfacet
  facet normal 0.342004 -2.99283e-05 0.939699
    outer loop
      vertex 19.7822 8.97138 16.7357
      vertex 17.1214 8.97138 17.7041
      vertex 19.5522 8.6995 16.8194
    endloop
  endfacet
  facet normal 0.342011 -0.000123607 0.939696
    outer loop
      vertex 17.1214 11.0286 17.7041
      vertex 17.9437 11.6643 17.4049
      vertex 17.6296 11.5155 17.5192
    endloop
  endfacet
  facet normal 0.342024 0.000123752 0.939691
    outer loop
      vertex 19.9541 10.7118 16.6731
      vertex 16.9495 10.7118 17.7667
      vertex 16.8433 10.3638 17.8054
    endloop
  endfacet
  facet normal 0.342185 -0.000328858 0.939633
    outer loop
      vertex 17.1214 11.0286 17.7041
      vertex 17.6296 11.5155 17.5192
      vertex 17.3515 11.3005 17.6204
    endloop
  endfacet
  facet normal 0.342004 0.000109383 0.939699
    outer loop
      vertex 19.7822 11.0286 16.7357
      vertex 17.1214 11.0286 17.7041
      vertex 16.9495 10.7118 17.7667
    endloop
  endfacet
  facet normal 0.342001 -5.98533e-05 0.9397
    outer loop
      vertex 19.5522 8.6995 16.8194
      vertex 17.1214 8.97138 17.7041
      vertex 19.2741 8.48446 16.9206
    endloop
  endfacet
  facet normal 0.342185 0.000329044 0.939633
    outer loop
      vertex 17.6296 8.48446 17.5192
      vertex 17.1214 8.97138 17.7041
      vertex 17.3515 8.6995 17.6204
    endloop
  endfacet
  facet normal 0.342016 -1.94507e-05 0.939694
    outer loop
      vertex 18.96 8.33565 17.0349
      vertex 17.1214 8.97138 17.7041
      vertex 18.6237 8.25959 17.1573
    endloop
  endfacet
  facet normal 0.342011 0.000123605 0.939696
    outer loop
      vertex 17.9437 8.33565 17.4049
      vertex 17.1214 8.97138 17.7041
      vertex 17.6296 8.48446 17.5192
    endloop
  endfacet
  facet normal 0.342175 0.000363454 0.939636
    outer loop
      vertex 18.2799 8.25959 17.2825
      vertex 17.1214 8.97138 17.7041
      vertex 17.9437 8.33565 17.4049
    endloop
  endfacet
  facet normal 0.342182 0.000376754 0.939634
    outer loop
      vertex 18.6237 8.25959 17.1573
      vertex 17.1214 8.97138 17.7041
      vertex 18.2799 8.25959 17.2825
    endloop
  endfacet
  facet normal 0.341996 -8.68453e-05 0.939702
    outer loop
      vertex 19.2741 8.48446 16.9206
      vertex 17.1214 8.97138 17.7041
      vertex 18.96 8.33565 17.0349
    endloop
  endfacet
  facet normal 0.93455 -0.10447 -0.340151
    outer loop
      vertex 16.8074 10 17.8184
      vertex 18.2114 10.3638 21.5641
      vertex 18.1755 10 21.5772
    endloop
  endfacet
  facet normal 0.934556 -0.104378 -0.340162
    outer loop
      vertex 18.2114 10.3638 21.5641
      vertex 16.8074 10 17.8184
      vertex 16.8433 10.3638 17.8054
    endloop
  endfacet
  facet normal -0.934558 0.104364 0.340162
    outer loop
      vertex 20.0604 9.63615 16.6344
      vertex 21.4644 10 20.3801
      vertex 20.0963 10 16.6214
    endloop
  endfacet
  facet normal -0.934534 0.10471 0.34012
    outer loop
      vertex 21.4644 10 20.3801
      vertex 20.0604 9.63615 16.6344
      vertex 21.4284 9.63615 20.3932
    endloop
  endfacet
  facet normal -0.38228 0.913511 0.139139
    outer loop
      vertex 20.6421 8.48446 20.6794
      vertex 18.96 8.33565 17.0349
      vertex 20.3281 8.33565 20.7937
    endloop
  endfacet
  facet normal -0.382194 0.913553 0.139098
    outer loop
      vertex 18.96 8.33565 17.0349
      vertex 20.6421 8.48446 20.6794
      vertex 19.2741 8.48446 16.9206
    endloop
  endfacet
  facet normal -0.813773 0.500045 0.296191
    outer loop
      vertex 19.7822 8.97138 16.7357
      vertex 21.3222 9.28821 20.4319
      vertex 19.9541 9.28821 16.6731
    endloop
  endfacet
  facet normal -0.813808 0.499974 0.296212
    outer loop
      vertex 21.3222 9.28821 20.4319
      vertex 19.7822 8.97138 16.7357
      vertex 21.1503 8.97138 20.4944
    endloop
  endfacet
  facet normal -0.552204 -0.809124 0.200972
    outer loop
      vertex 19.2741 11.5155 16.9206
      vertex 20.9203 11.3005 20.5782
      vertex 20.6421 11.5155 20.6794
    endloop
  endfacet
  facet normal -0.552314 -0.809035 0.201027
    outer loop
      vertex 20.9203 11.3005 20.5782
      vertex 19.2741 11.5155 16.9206
      vertex 19.5522 11.3005 16.8194
    endloop
  endfacet
  facet normal -0.893653 0.309197 0.325241
    outer loop
      vertex 19.9541 9.28821 16.6731
      vertex 21.4284 9.63615 20.3932
      vertex 20.0604 9.63615 16.6344
    endloop
  endfacet
  facet normal -0.893716 0.308965 0.325288
    outer loop
      vertex 21.4284 9.63615 20.3932
      vertex 19.9541 9.28821 16.6731
      vertex 21.3222 9.28821 20.4319
    endloop
  endfacet
  facet normal 0 -1 0
    outer loop
      vertex 18.2799 11.7404 17.2825
      vertex 19.9918 11.7404 20.9161
      vertex 19.648 11.7404 21.0412
    endloop
  endfacet
  facet normal 0 -1 0
    outer loop
      vertex 19.9918 11.7404 20.9161
      vertex 18.2799 11.7404 17.2825
      vertex 18.6237 11.7404 17.1573
    endloop
  endfacet
  facet normal -0.195446 -0.978131 0.0711371
    outer loop
      vertex 18.6237 11.7404 17.1573
      vertex 20.3281 11.6643 20.7937
      vertex 19.9918 11.7404 20.9161
    endloop
  endfacet
  facet normal -0.195446 -0.978131 0.0711371
    outer loop
      vertex 20.3281 11.6643 20.7937
      vertex 18.6237 11.7404 17.1573
      vertex 18.96 11.6643 17.0349
    endloop
  endfacet
  facet normal 0 1 0
    outer loop
      vertex 19.9918 8.25959 20.9161
      vertex 18.2799 8.25959 17.2825
      vertex 19.648 8.25959 21.0412
    endloop
  endfacet
  facet normal -0 1 0
    outer loop
      vertex 18.2799 8.25959 17.2825
      vertex 19.9918 8.25959 20.9161
      vertex 18.6237 8.25959 17.1573
    endloop
  endfacet
  facet normal 0.893754 -0.308832 -0.32531
    outer loop
      vertex 16.8433 10.3638 17.8054
      vertex 18.3176 10.7118 21.5255
      vertex 18.2114 10.3638 21.5641
    endloop
  endfacet
  facet normal 0.893731 -0.308917 -0.325293
    outer loop
      vertex 18.3176 10.7118 21.5255
      vertex 16.8433 10.3638 17.8054
      vertex 16.9495 10.7118 17.7667
    endloop
  endfacet
  facet normal 0.382257 -0.913521 -0.139135
    outer loop
      vertex 17.6296 11.5155 17.5192
      vertex 19.3117 11.6643 21.1636
      vertex 18.9977 11.5155 21.2779
    endloop
  endfacet
  facet normal 0.382171 -0.913564 -0.139093
    outer loop
      vertex 19.3117 11.6643 21.1636
      vertex 17.6296 11.5155 17.5192
      vertex 17.9437 11.6643 17.4049
    endloop
  endfacet
  facet normal -0.382259 -0.913521 0.139132
    outer loop
      vertex 18.96 11.6643 17.0349
      vertex 20.6421 11.5155 20.6794
      vertex 20.3281 11.6643 20.7937
    endloop
  endfacet
  facet normal -0.382172 -0.913564 0.13909
    outer loop
      vertex 20.6421 11.5155 20.6794
      vertex 18.96 11.6643 17.0349
      vertex 19.2741 11.5155 16.9206
    endloop
  endfacet
  facet normal -0.698383 0.669062 0.254199
    outer loop
      vertex 19.5522 8.6995 16.8194
      vertex 21.1503 8.97138 20.4944
      vertex 19.7822 8.97138 16.7357
    endloop
  endfacet
  facet normal -0.698342 0.669114 0.254177
    outer loop
      vertex 21.1503 8.97138 20.4944
      vertex 19.5522 8.6995 16.8194
      vertex 20.9203 8.6995 20.5782
    endloop
  endfacet
  facet normal 0.382279 0.913511 -0.139143
    outer loop
      vertex 19.3117 8.33565 21.1636
      vertex 17.6296 8.48446 17.5192
      vertex 18.9977 8.48446 21.2779
    endloop
  endfacet
  facet normal 0.382192 0.913553 -0.139101
    outer loop
      vertex 17.6296 8.48446 17.5192
      vertex 19.3117 8.33565 21.1636
      vertex 17.9437 8.33565 17.4049
    endloop
  endfacet
  facet normal 0.552272 -0.809067 -0.201012
    outer loop
      vertex 17.3515 11.3005 17.6204
      vertex 18.9977 11.5155 21.2779
      vertex 18.7196 11.3005 21.3792
    endloop
  endfacet
  facet normal 0.552312 -0.809035 -0.201032
    outer loop
      vertex 18.9977 11.5155 21.2779
      vertex 17.3515 11.3005 17.6204
      vertex 17.6296 11.5155 17.5192
    endloop
  endfacet
  facet normal -0.552271 0.809072 0.200997
    outer loop
      vertex 20.9203 8.6995 20.5782
      vertex 19.2741 8.48446 16.9206
      vertex 20.6421 8.48446 20.6794
    endloop
  endfacet
  facet normal -0.552381 0.808983 0.201052
    outer loop
      vertex 19.2741 8.48446 16.9206
      vertex 20.9203 8.6995 20.5782
      vertex 19.5522 8.6995 16.8194
    endloop
  endfacet
  facet normal 0.698288 -0.669177 -0.254158
    outer loop
      vertex 17.1214 11.0286 17.7041
      vertex 18.7196 11.3005 21.3792
      vertex 18.4895 11.0286 21.4629
    endloop
  endfacet
  facet normal 0.698288 -0.669177 -0.254158
    outer loop
      vertex 18.7196 11.3005 21.3792
      vertex 17.1214 11.0286 17.7041
      vertex 17.3515 11.3005 17.6204
    endloop
  endfacet
  facet normal -0.698406 -0.669035 0.254207
    outer loop
      vertex 21.1503 11.0286 20.4944
      vertex 19.5522 11.3005 16.8194
      vertex 19.7822 11.0286 16.7357
    endloop
  endfacet
  facet normal -0.698365 -0.669086 0.254186
    outer loop
      vertex 19.5522 11.3005 16.8194
      vertex 21.1503 11.0286 20.4944
      vertex 20.9203 11.3005 20.5782
    endloop
  endfacet
  facet normal 0.893739 0.30888 -0.325305
    outer loop
      vertex 18.3176 9.28821 21.5255
      vertex 16.8433 9.63615 17.8054
      vertex 18.2114 9.63615 21.5641
    endloop
  endfacet
  facet normal 0.893716 0.308965 -0.325288
    outer loop
      vertex 16.8433 9.63615 17.8054
      vertex 18.3176 9.28821 21.5255
      vertex 16.9495 9.28821 17.7667
    endloop
  endfacet
  facet normal 0.195349 0.978153 -0.0710984
    outer loop
      vertex 19.648 8.25959 21.0412
      vertex 17.9437 8.33565 17.4049
      vertex 19.3117 8.33565 21.1636
    endloop
  endfacet
  facet normal 0.195396 0.978142 -0.0711208
    outer loop
      vertex 17.9437 8.33565 17.4049
      vertex 19.648 8.25959 21.0412
      vertex 18.2799 8.25959 17.2825
    endloop
  endfacet
  facet normal 0.698265 0.669204 -0.254149
    outer loop
      vertex 18.7196 8.6995 21.3792
      vertex 17.1214 8.97138 17.7041
      vertex 18.4895 8.97138 21.4629
    endloop
  endfacet
  facet normal 0.698265 0.669204 -0.254149
    outer loop
      vertex 17.1214 8.97138 17.7041
      vertex 18.7196 8.6995 21.3792
      vertex 17.3515 8.6995 17.6204
    endloop
  endfacet
  facet normal 0.813773 0.500045 -0.296191
    outer loop
      vertex 18.4895 8.97138 21.4629
      vertex 16.9495 9.28821 17.7667
      vertex 18.3176 9.28821 21.5255
    endloop
  endfacet
  facet normal 0.813773 0.500045 -0.296191
    outer loop
      vertex 16.9495 9.28821 17.7667
      vertex 18.4895 8.97138 21.4629
      vertex 17.1214 8.97138 17.7041
    endloop
  endfacet
  facet normal 0.813754 -0.50008 -0.296184
    outer loop
      vertex 16.9495 10.7118 17.7667
      vertex 18.4895 11.0286 21.4629
      vertex 18.3176 10.7118 21.5255
    endloop
  endfacet
  facet normal 0.813754 -0.50008 -0.296184
    outer loop
      vertex 18.4895 11.0286 21.4629
      vertex 16.9495 10.7118 17.7667
      vertex 17.1214 11.0286 17.7041
    endloop
  endfacet
  facet normal 0.934551 0.104456 -0.340151
    outer loop
      vertex 18.2114 9.63615 21.5641
      vertex 16.8074 10 17.8184
      vertex 18.1755 10 21.5772
    endloop
  endfacet
  facet normal 0.934558 0.104364 -0.340162
    outer loop
      vertex 16.8074 10 17.8184
      vertex 18.2114 9.63615 21.5641
      vertex 16.8433 9.63615 17.8054
    endloop
  endfacet
  facet normal -0.195348 0.978153 0.0711013
    outer loop
      vertex 20.3281 8.33565 20.7937
      vertex 18.6237 8.25959 17.1573
      vertex 19.9918 8.25959 20.9161
    endloop
  endfacet
  facet normal -0.195348 0.978153 0.0711013
    outer loop
      vertex 18.6237 8.25959 17.1573
      vertex 20.3281 8.33565 20.7937
      vertex 18.96 8.33565 17.0349
    endloop
  endfacet
  facet normal 0.195447 -0.978131 -0.0711342
    outer loop
      vertex 17.9437 11.6643 17.4049
      vertex 19.648 11.7404 21.0412
      vertex 19.3117 11.6643 21.1636
    endloop
  endfacet
  facet normal 0.195495 -0.97812 -0.0711566
    outer loop
      vertex 19.648 11.7404 21.0412
      vertex 17.9437 11.6643 17.4049
      vertex 18.2799 11.7404 17.2825
    endloop
  endfacet
  facet normal -0.740675 0.293304 0.604462
    outer loop
      vertex 21.3222 9.28821 20.4319
      vertex 22.614 9.13303 22.0901
      vertex 21.4284 9.63615 20.3932
    endloop
  endfacet
  facet normal -0.740507 0.293883 0.604385
    outer loop
      vertex 22.614 9.13303 22.0901
      vertex 21.3222 9.28821 20.4319
      vertex 22.5785 9.01705 22.103
    endloop
  endfacet
  facet normal -0.255241 -0.867094 0.427785
    outer loop
      vertex 21.6394 12.0929 22.4448
      vertex 21.3104 12.2488 22.5645
      vertex 20.6421 11.5155 20.6794
    endloop
  endfacet
  facet normal -0.41681 0.767799 0.486574
    outer loop
      vertex 20.9203 8.6995 20.5782
      vertex 21.9308 8.13239 22.3387
      vertex 22.0235 8.20407 22.305
    endloop
  endfacet
  facet normal -0.416619 0.767943 0.486511
    outer loop
      vertex 21.9308 8.13239 22.3387
      vertex 20.9203 8.6995 20.5782
      vertex 20.6421 8.48446 20.6794
    endloop
  endfacet
  facet normal -0.779447 -0.0993159 0.618545
    outer loop
      vertex 22.7749 10 22.0315
      vertex 22.7372 10.3812 22.0452
      vertex 21.4644 10 20.3801
    endloop
  endfacet
  facet normal -0.779472 -0.0989074 0.61858
    outer loop
      vertex 21.4284 10.3638 20.3932
      vertex 22.7372 10.3812 22.0452
      vertex 22.7253 10.5025 22.0496
    endloop
  endfacet
  facet normal -0.779431 -0.0994023 0.618552
    outer loop
      vertex 22.7372 10.3812 22.0452
      vertex 21.4284 10.3638 20.3932
      vertex 21.4644 10 20.3801
    endloop
  endfacet
  facet normal 0.955953 0.29323 -0.0130616
    outer loop
      vertex 18.3939 9.13303 23.626
      vertex 18.3176 9.28821 21.5255
      vertex 18.2114 9.63615 21.5641
    endloop
  endfacet
  facet normal 0.955723 0.29398 -0.0129978
    outer loop
      vertex 18.3176 9.28821 21.5255
      vertex 18.3939 9.13303 23.626
      vertex 18.4294 9.01705 23.6131
    endloop
  endfacet
  facet normal 0.955667 -0.294164 -0.0129794
    outer loop
      vertex 18.3939 10.867 23.626
      vertex 18.3176 10.7118 21.5255
      vertex 18.4294 10.9829 23.6131
    endloop
  endfacet
  facet normal 0.955967 -0.293184 -0.0130627
    outer loop
      vertex 18.3176 10.7118 21.5255
      vertex 18.3939 10.867 23.626
      vertex 18.2114 10.3638 21.5641
    endloop
  endfacet
  facet normal 0.293032 0.928472 0.228194
    outer loop
      vertex 19.8022 7.70161 23.1135
      vertex 20.1545 7.62193 22.9853
      vertex 19.3117 8.33565 21.1636
    endloop
  endfacet
  facet normal 0.77044 -0.635182 0.0544598
    outer loop
      vertex 18.9844 11.7959 23.4111
      vertex 18.7434 11.5111 23.4988
      vertex 18.7196 11.3005 21.3792
    endloop
  endfacet
  facet normal -0.740672 0.29331 0.604462
    outer loop
      vertex 22.614 9.13303 22.0901
      vertex 22.7253 9.49755 22.0496
      vertex 21.4284 9.63615 20.3932
    endloop
  endfacet
  facet normal 0.770462 0.635156 0.0544599
    outer loop
      vertex 18.7434 8.48889 23.4988
      vertex 18.9844 8.20407 23.4111
      vertex 18.7196 8.6995 21.3792
    endloop
  endfacet
  facet normal -0.25514 0.867143 0.427745
    outer loop
      vertex 20.6421 8.48446 20.6794
      vertex 21.2057 7.70161 22.6026
      vertex 21.3104 7.75121 22.5645
    endloop
  endfacet
  facet normal -0.255229 0.867111 0.427758
    outer loop
      vertex 21.2057 7.70161 22.6026
      vertex 20.6421 8.48446 20.6794
      vertex 20.3281 8.33565 20.7937
    endloop
  endfacet
  facet normal 0.955995 0.29309 -0.0130994
    outer loop
      vertex 18.2827 9.49755 23.6665
      vertex 18.3939 9.13303 23.626
      vertex 18.2114 9.63615 21.5641
    endloop
  endfacet
  facet normal -0.416556 -0.767992 0.486486
    outer loop
      vertex 20.9203 11.3005 20.5782
      vertex 21.9308 11.8676 22.3387
      vertex 20.6421 11.5155 20.6794
    endloop
  endfacet
  facet normal -0.416909 -0.767727 0.486603
    outer loop
      vertex 21.9308 11.8676 22.3387
      vertex 20.9203 11.3005 20.5782
      vertex 22.0235 11.7959 22.305
    endloop
  endfacet
  facet normal -0.25525 0.8671 0.427767
    outer loop
      vertex 21.3104 7.75121 22.5645
      vertex 21.6394 7.90711 22.4448
      vertex 20.6421 8.48446 20.6794
    endloop
  endfacet
  facet normal -0.077432 -0.928549 0.363043
    outer loop
      vertex 19.9918 11.7404 20.9161
      vertex 20.8534 12.3781 22.7309
      vertex 20.7413 12.4034 22.7717
    endloop
  endfacet
  facet normal -0.0778937 -0.92844 0.363224
    outer loop
      vertex 20.8534 12.3781 22.7309
      vertex 19.9918 11.7404 20.9161
      vertex 20.3281 11.6643 20.7937
    endloop
  endfacet
  facet normal 0.880162 0.474452 0.0144904
    outer loop
      vertex 18.4294 9.01705 23.6131
      vertex 18.6094 8.68513 23.5476
      vertex 18.3176 9.28821 21.5255
    endloop
  endfacet
  facet normal -0.0778543 0.928456 0.363191
    outer loop
      vertex 20.8534 7.62193 22.7309
      vertex 19.9918 8.25959 20.9161
      vertex 20.7413 7.59657 22.7717
    endloop
  endfacet
  facet normal -0.0778081 0.928467 0.363173
    outer loop
      vertex 19.9918 8.25959 20.9161
      vertex 20.8534 7.62193 22.7309
      vertex 20.3281 8.33565 20.7937
    endloop
  endfacet
  facet normal 0.880208 -0.474368 0.0144634
    outer loop
      vertex 18.6094 11.3149 23.5476
      vertex 18.4294 10.9829 23.6131
      vertex 18.3176 10.7118 21.5255
    endloop
  endfacet
  facet normal -0.664935 0.474431 0.576868
    outer loop
      vertex 22.3985 8.68513 22.1685
      vertex 22.5785 9.01705 22.103
      vertex 21.3222 9.28821 20.4319
    endloop
  endfacet
  facet normal 0.770335 -0.635307 0.0544956
    outer loop
      vertex 18.4895 11.0286 21.4629
      vertex 18.7434 11.5111 23.4988
      vertex 18.6667 11.4205 23.5268
    endloop
  endfacet
  facet normal 0.770415 -0.635212 0.054463
    outer loop
      vertex 18.7434 11.5111 23.4988
      vertex 18.4895 11.0286 21.4629
      vertex 18.7196 11.3005 21.3792
    endloop
  endfacet
  facet normal -0.0777741 -0.92846 0.363199
    outer loop
      vertex 21.2057 12.2984 22.6026
      vertex 20.8534 12.3781 22.7309
      vertex 20.3281 11.6643 20.7937
    endloop
  endfacet
  facet normal -0.555214 0.635169 0.536933
    outer loop
      vertex 21.1503 8.97138 20.4944
      vertex 22.2645 8.48889 22.2173
      vertex 22.3412 8.57952 22.1894
    endloop
  endfacet
  facet normal -0.555206 0.635178 0.536931
    outer loop
      vertex 22.2645 8.48889 22.2173
      vertex 21.1503 8.97138 20.4944
      vertex 20.9203 8.6995 20.5782
    endloop
  endfacet
  facet normal -0.416584 0.767974 0.48649
    outer loop
      vertex 21.6394 7.90711 22.4448
      vertex 21.9308 8.13239 22.3387
      vertex 20.6421 8.48446 20.6794
    endloop
  endfacet
  facet normal 0.99468 0.0993569 -0.0271832
    outer loop
      vertex 18.245 9.87872 23.6802
      vertex 18.2827 9.49755 23.6665
      vertex 18.2114 9.63615 21.5641
    endloop
  endfacet
  facet normal -0.555232 0.635142 0.536947
    outer loop
      vertex 22.0235 8.20407 22.305
      vertex 22.2645 8.48889 22.2173
      vertex 20.9203 8.6995 20.5782
    endloop
  endfacet
  facet normal 0.631913 0.767909 0.104884
    outer loop
      vertex 19.0771 8.13239 23.3774
      vertex 18.7196 8.6995 21.3792
      vertex 18.9844 8.20407 23.4111
    endloop
  endfacet
  facet normal 0.631957 0.767876 0.104867
    outer loop
      vertex 18.7196 8.6995 21.3792
      vertex 19.0771 8.13239 23.3774
      vertex 18.9977 8.48446 21.2779
    endloop
  endfacet
  facet normal -0.779434 0.0993889 0.61855
    outer loop
      vertex 21.4284 9.63615 20.3932
      vertex 22.7372 9.61883 22.0452
      vertex 21.4644 10 20.3801
    endloop
  endfacet
  facet normal -0.779473 0.0989237 0.618576
    outer loop
      vertex 22.7372 9.61883 22.0452
      vertex 21.4284 9.63615 20.3932
      vertex 22.7253 9.49755 22.0496
    endloop
  endfacet
  facet normal -0.779447 0.0993237 0.618545
    outer loop
      vertex 22.7372 9.61883 22.0452
      vertex 22.7749 10 22.0315
      vertex 21.4644 10 20.3801
    endloop
  endfacet
  facet normal 0.994677 0.0994025 -0.0271396
    outer loop
      vertex 18.245 9.87872 23.6802
      vertex 18.1755 10 21.5772
      vertex 18.233 10 23.6846
    endloop
  endfacet
  facet normal 0.994705 0.0991223 -0.0271566
    outer loop
      vertex 18.1755 10 21.5772
      vertex 18.245 9.87872 23.6802
      vertex 18.2114 9.63615 21.5641
    endloop
  endfacet
  facet normal 0.470435 0.867129 0.16364
    outer loop
      vertex 19.3685 7.90711 23.2713
      vertex 19.6975 7.75121 23.1516
      vertex 18.9977 8.48446 21.2779
    endloop
  endfacet
  facet normal -0.740659 -0.293324 0.604471
    outer loop
      vertex 22.7253 10.5025 22.0496
      vertex 22.614 10.867 22.0901
      vertex 21.4284 10.3638 20.3932
    endloop
  endfacet
  facet normal 0.293084 -0.928453 0.228204
    outer loop
      vertex 20.1545 12.3781 22.9853
      vertex 19.8022 12.2984 23.1135
      vertex 19.3117 11.6643 21.1636
    endloop
  endfacet
  facet normal 0.29314 -0.928443 0.228174
    outer loop
      vertex 19.648 11.7404 21.0412
      vertex 20.1545 12.3781 22.9853
      vertex 19.3117 11.6643 21.1636
    endloop
  endfacet
  facet normal 0.29267 -0.928552 0.228332
    outer loop
      vertex 20.1545 12.3781 22.9853
      vertex 19.648 11.7404 21.0412
      vertex 20.2666 12.4034 22.9445
    endloop
  endfacet
  facet normal 0.770432 0.635192 0.0544531
    outer loop
      vertex 18.7434 8.48889 23.4988
      vertex 18.4895 8.97138 21.4629
      vertex 18.6667 8.57952 23.5268
    endloop
  endfacet
  facet normal 0.770393 0.635238 0.0544688
    outer loop
      vertex 18.4895 8.97138 21.4629
      vertex 18.7434 8.48889 23.4988
      vertex 18.7196 8.6995 21.3792
    endloop
  endfacet
  facet normal 0.880071 0.474618 0.0145531
    outer loop
      vertex 18.6094 8.68513 23.5476
      vertex 18.4895 8.97138 21.4629
      vertex 18.3176 9.28821 21.5255
    endloop
  endfacet
  facet normal 0.880068 0.474625 0.0145543
    outer loop
      vertex 18.4895 8.97138 21.4629
      vertex 18.6094 8.68513 23.5476
      vertex 18.6667 8.57952 23.5268
    endloop
  endfacet
  facet normal 0.107629 -0.949208 0.295668
    outer loop
      vertex 19.648 11.7404 21.0412
      vertex 20.7413 12.4034 22.7717
      vertex 20.2666 12.4034 22.9445
    endloop
  endfacet
  facet normal 0.107594 -0.949206 0.29569
    outer loop
      vertex 20.7413 12.4034 22.7717
      vertex 19.648 11.7404 21.0412
      vertex 19.9918 11.7404 20.9161
    endloop
  endfacet
  facet normal -0.555215 -0.635168 0.536933
    outer loop
      vertex 22.2645 11.5111 22.2173
      vertex 22.0235 11.7959 22.305
      vertex 20.9203 11.3005 20.5782
    endloop
  endfacet
  facet normal 0.293088 0.928459 0.228173
    outer loop
      vertex 19.648 8.25959 21.0412
      vertex 20.1545 7.62193 22.9853
      vertex 20.2666 7.59657 22.9445
    endloop
  endfacet
  facet normal 0.293041 0.92847 0.228189
    outer loop
      vertex 20.1545 7.62193 22.9853
      vertex 19.648 8.25959 21.0412
      vertex 19.3117 8.33565 21.1636
    endloop
  endfacet
  facet normal 0.107632 0.949205 0.295676
    outer loop
      vertex 20.7413 7.59657 22.7717
      vertex 19.648 8.25959 21.0412
      vertex 20.2666 7.59657 22.9445
    endloop
  endfacet
  facet normal 0.107597 0.949203 0.295698
    outer loop
      vertex 19.648 8.25959 21.0412
      vertex 20.7413 7.59657 22.7717
      vertex 19.9918 8.25959 20.9161
    endloop
  endfacet
  facet normal 0.88005 -0.474657 0.0145711
    outer loop
      vertex 18.6094 11.3149 23.5476
      vertex 18.4895 11.0286 21.4629
      vertex 18.6667 11.4205 23.5268
    endloop
  endfacet
  facet normal 0.880054 -0.47465 0.0145699
    outer loop
      vertex 18.4895 11.0286 21.4629
      vertex 18.6094 11.3149 23.5476
      vertex 18.3176 10.7118 21.5255
    endloop
  endfacet
  facet normal -0.0777404 0.928479 0.363159
    outer loop
      vertex 20.8534 7.62193 22.7309
      vertex 21.2057 7.70161 22.6026
      vertex 20.3281 8.33565 20.7937
    endloop
  endfacet
  facet normal 0.470439 -0.867123 0.163659
    outer loop
      vertex 19.6975 12.2488 23.1516
      vertex 19.3685 12.0929 23.2713
      vertex 18.9977 11.5155 21.2779
    endloop
  endfacet
  facet normal 0.631911 -0.767911 0.104886
    outer loop
      vertex 19.3685 12.0929 23.2713
      vertex 19.0771 11.8676 23.3774
      vertex 18.9977 11.5155 21.2779
    endloop
  endfacet
  facet normal 0.994681 -0.099349 -0.027179
    outer loop
      vertex 18.2827 10.5025 23.6665
      vertex 18.245 10.1213 23.6802
      vertex 18.2114 10.3638 21.5641
    endloop
  endfacet
  facet normal -0.416606 -0.767947 0.486515
    outer loop
      vertex 21.9308 11.8676 22.3387
      vertex 21.6394 12.0929 22.4448
      vertex 20.6421 11.5155 20.6794
    endloop
  endfacet
  facet normal -0.66487 0.474529 0.576862
    outer loop
      vertex 21.1503 8.97138 20.4944
      vertex 22.3985 8.68513 22.1685
      vertex 21.3222 9.28821 20.4319
    endloop
  endfacet
  facet normal -0.664726 0.474803 0.576802
    outer loop
      vertex 22.3985 8.68513 22.1685
      vertex 21.1503 8.97138 20.4944
      vertex 22.3412 8.57952 22.1894
    endloop
  endfacet
  facet normal -0.255198 -0.867113 0.427772
    outer loop
      vertex 20.6421 11.5155 20.6794
      vertex 21.2057 12.2984 22.6026
      vertex 20.3281 11.6643 20.7937
    endloop
  endfacet
  facet normal -0.255131 -0.867137 0.427763
    outer loop
      vertex 21.2057 12.2984 22.6026
      vertex 20.6421 11.5155 20.6794
      vertex 21.3104 12.2488 22.5645
    endloop
  endfacet
  facet normal 0.955991 -0.293103 -0.0130845
    outer loop
      vertex 18.3939 10.867 23.626
      vertex 18.2827 10.5025 23.6665
      vertex 18.2114 10.3638 21.5641
    endloop
  endfacet
  facet normal 0.632008 -0.767837 0.104843
    outer loop
      vertex 18.7196 11.3005 21.3792
      vertex 19.0771 11.8676 23.3774
      vertex 18.9844 11.7959 23.4111
    endloop
  endfacet
  facet normal 0.631893 -0.767926 0.104889
    outer loop
      vertex 19.0771 11.8676 23.3774
      vertex 18.7196 11.3005 21.3792
      vertex 18.9977 11.5155 21.2779
    endloop
  endfacet
  facet normal 0.470365 0.86716 0.163678
    outer loop
      vertex 19.8022 7.70161 23.1135
      vertex 18.9977 8.48446 21.2779
      vertex 19.6975 7.75121 23.1516
    endloop
  endfacet
  facet normal 0.47049 0.867107 0.163601
    outer loop
      vertex 18.9977 8.48446 21.2779
      vertex 19.8022 7.70161 23.1135
      vertex 19.3117 8.33565 21.1636
    endloop
  endfacet
  facet normal 0.631878 0.767939 0.104881
    outer loop
      vertex 19.0771 8.13239 23.3774
      vertex 19.3685 7.90711 23.2713
      vertex 18.9977 8.48446 21.2779
    endloop
  endfacet
  facet normal -0.555227 -0.635152 0.53694
    outer loop
      vertex 21.1503 11.0286 20.4944
      vertex 22.2645 11.5111 22.2173
      vertex 20.9203 11.3005 20.5782
    endloop
  endfacet
  facet normal -0.555112 -0.635284 0.536903
    outer loop
      vertex 22.2645 11.5111 22.2173
      vertex 21.1503 11.0286 20.4944
      vertex 22.3412 11.4205 22.1894
    endloop
  endfacet
  facet normal -0.664987 -0.474347 0.576877
    outer loop
      vertex 22.5785 10.9829 22.103
      vertex 22.3985 11.3149 22.1685
      vertex 21.3222 10.7118 20.4319
    endloop
  endfacet
  facet normal -0.740452 -0.294067 0.604363
    outer loop
      vertex 21.3222 10.7118 20.4319
      vertex 22.614 10.867 22.0901
      vertex 22.5785 10.9829 22.103
    endloop
  endfacet
  facet normal -0.740686 -0.293258 0.60447
    outer loop
      vertex 22.614 10.867 22.0901
      vertex 21.3222 10.7118 20.4319
      vertex 21.4284 10.3638 20.3932
    endloop
  endfacet
  facet normal 0.47037 -0.867154 0.163697
    outer loop
      vertex 18.9977 11.5155 21.2779
      vertex 19.8022 12.2984 23.1135
      vertex 19.6975 12.2488 23.1516
    endloop
  endfacet
  facet normal 0.470474 -0.867109 0.163632
    outer loop
      vertex 19.8022 12.2984 23.1135
      vertex 18.9977 11.5155 21.2779
      vertex 19.3117 11.6643 21.1636
    endloop
  endfacet
  facet normal 0.994679 -0.0993863 -0.0271396
    outer loop
      vertex 18.1755 10 21.5772
      vertex 18.245 10.1213 23.6802
      vertex 18.233 10 23.6846
    endloop
  endfacet
  facet normal 0.994703 -0.0991357 -0.0271549
    outer loop
      vertex 18.245 10.1213 23.6802
      vertex 18.1755 10 21.5772
      vertex 18.2114 10.3638 21.5641
    endloop
  endfacet
  facet normal -0.664702 -0.474835 0.576803
    outer loop
      vertex 21.1503 11.0286 20.4944
      vertex 22.3985 11.3149 22.1685
      vertex 22.3412 11.4205 22.1894
    endloop
  endfacet
  facet normal -0.664846 -0.474561 0.576864
    outer loop
      vertex 22.3985 11.3149 22.1685
      vertex 21.1503 11.0286 20.4944
      vertex 21.3222 10.7118 20.4319
    endloop
  endfacet
  facet normal -0.951058 -0.309012 -0
    outer loop
      vertex 3.88185 0.926242 1
      vertex 3.65418 1.62695 0
      vertex 3.88185 0.926242 0.5
    endloop
  endfacet
  facet normal -0.951056 -0.309017 -7.39651e-06
    outer loop
      vertex 3.91259 0.831646 0
      vertex 3.88185 0.926242 0.5
      vertex 3.65418 1.62695 0
    endloop
  endfacet
  facet normal -0.951045 -0.309052 0
    outer loop
      vertex 3.88185 0.926242 0.5
      vertex 3.91259 0.831646 0
      vertex 3.91259 0.831646 0.5
    endloop
  endfacet
  facet normal -0.951058 -0.309012 0
    outer loop
      vertex 3.65418 1.62695 0
      vertex 3.88185 0.926242 1
      vertex 3.65418 1.62695 28.9909
    endloop
  endfacet
  facet normal -0.951045 -0.309052 -0
    outer loop
      vertex 3.91259 0.831646 28.8968
      vertex 3.88185 0.926242 1
      vertex 3.91259 0.831646 1
    endloop
  endfacet
  facet normal -0.951056 -0.309017 1.32516e-07
    outer loop
      vertex 3.88185 0.926242 1
      vertex 3.91259 0.831646 28.8968
      vertex 3.65418 1.62695 28.9909
    endloop
  endfacet
  facet normal -0.994522 -0.10453 0
    outer loop
      vertex 3.91259 0.831646 0
      vertex 3.98577 0.135398 0.5
      vertex 3.91259 0.831646 0.5
    endloop
  endfacet
  facet normal -0.994523 -0.104522 0
    outer loop
      vertex 3.98577 0.135398 0.5
      vertex 4 0 0
      vertex 3.98577 0.135398 1
    endloop
  endfacet
  facet normal -0.994522 -0.104529 1.95306e-06
    outer loop
      vertex 4 0 0
      vertex 3.98577 0.135398 0.5
      vertex 3.91259 0.831646 0
    endloop
  endfacet
  facet normal -0.994522 -0.10453 -4.18601e-08
    outer loop
      vertex 4 0 28.865
      vertex 3.91259 0.831646 1
      vertex 3.98577 0.135398 1
    endloop
  endfacet
  facet normal -0.994523 -0.104522 -0
    outer loop
      vertex 4 0 28.865
      vertex 3.98577 0.135398 1
      vertex 4 0 0
    endloop
  endfacet
  facet normal -0.994522 -0.104529 0
    outer loop
      vertex 3.91259 0.831646 1
      vertex 4 0 28.865
      vertex 3.91259 0.831646 28.8968
    endloop
  endfacet
  facet normal -0.866026 -0.499999 -0
    outer loop
      vertex 3.65418 1.62695 28.9909
      vertex 3.23607 2.35114 0
      vertex 3.65418 1.62695 0
    endloop
  endfacet
  facet normal -0.866026 -0.499999 0
    outer loop
      vertex 3.23607 2.35114 0
      vertex 3.65418 1.62695 28.9909
      vertex 3.23607 2.35114 29.1431
    endloop
  endfacet
  facet normal -0.587785 0.809017 0
    outer loop
      vertex 2 -3.4641 0
      vertex 2.67652 -2.97258 29.3467
      vertex 2.67652 -2.97258 0
    endloop
  endfacet
  facet normal -0.587785 0.809017 0
    outer loop
      vertex 2.67652 -2.97258 29.3467
      vertex 2 -3.4641 0
      vertex 2 -3.4641 29.5929
    endloop
  endfacet
  facet normal -0.994522 0.104529 0
    outer loop
      vertex 3.91259 -0.831646 0
      vertex 4 0 28.865
      vertex 4 0 0
    endloop
  endfacet
  facet normal -0.994522 0.104529 0
    outer loop
      vertex 4 0 28.865
      vertex 3.91259 -0.831646 0
      vertex 3.91259 -0.831646 28.8968
    endloop
  endfacet
  facet normal -0.743143 -0.669133 -0
    outer loop
      vertex 3.23607 2.35114 29.1431
      vertex 2.67652 2.97258 0
      vertex 3.23607 2.35114 0
    endloop
  endfacet
  facet normal -0.743143 -0.669133 0
    outer loop
      vertex 2.67652 2.97258 0
      vertex 3.23607 2.35114 29.1431
      vertex 2.67652 2.97258 29.3467
    endloop
  endfacet
  facet normal 0.207909 -0.978148 0
    outer loop
      vertex -1.23607 3.80423 0
      vertex -0.418114 3.97809 30.4731
      vertex -1.23607 3.80423 30.7708
    endloop
  endfacet
  facet normal 0.207909 -0.978148 0
    outer loop
      vertex -0.418114 3.97809 30.4731
      vertex -1.23607 3.80423 0
      vertex -0.418114 3.97809 0
    endloop
  endfacet
  facet normal 0 -1 0
    outer loop
      vertex -0.418114 3.97809 0
      vertex 0.418114 3.97809 30.1687
      vertex -0.418114 3.97809 30.4731
    endloop
  endfacet
  facet normal 0 -1 -0
    outer loop
      vertex 0.418114 3.97809 30.1687
      vertex -0.418114 3.97809 0
      vertex 0.418114 3.97809 0
    endloop
  endfacet
  facet normal -0.951068 0.308983 0
    outer loop
      vertex 3.88069 -0.929836 1
      vertex 3.91259 -0.831646 0
      vertex 3.88069 -0.929836 0.5
    endloop
  endfacet
  facet normal -0.951056 0.309017 7.36709e-06
    outer loop
      vertex 3.65418 -1.62695 0
      vertex 3.88069 -0.929836 0.5
      vertex 3.91259 -0.831646 0
    endloop
  endfacet
  facet normal -0.951055 0.309022 0
    outer loop
      vertex 3.88069 -0.929836 0.5
      vertex 3.65418 -1.62695 0
      vertex 3.65418 -1.62695 0.5
    endloop
  endfacet
  facet normal -0.951068 0.308983 0
    outer loop
      vertex 3.91259 -0.831646 0
      vertex 3.88069 -0.929836 1
      vertex 3.91259 -0.831646 28.8968
    endloop
  endfacet
  facet normal -0.951055 0.309022 -1.5064e-07
    outer loop
      vertex 3.65418 -1.62695 1
      vertex 3.91259 -0.831646 28.8968
      vertex 3.88069 -0.929836 1
    endloop
  endfacet
  facet normal -0.951056 0.309017 0
    outer loop
      vertex 3.91259 -0.831646 28.8968
      vertex 3.65418 -1.62695 1
      vertex 3.65418 -1.62695 28.9909
    endloop
  endfacet
  facet normal -0.406743 0.913543 0
    outer loop
      vertex 1.23607 -3.80423 0
      vertex 2 -3.4641 29.5929
      vertex 2 -3.4641 0
    endloop
  endfacet
  facet normal -0.406743 0.913543 0
    outer loop
      vertex 2 -3.4641 29.5929
      vertex 1.23607 -3.80423 0
      vertex 1.23607 -3.80423 29.871
    endloop
  endfacet
  facet normal 0.951056 0.309017 0
    outer loop
      vertex -3.65418 -1.62695 0.5
      vertex -3.91259 -0.831646 0
      vertex -3.91259 -0.831646 0.5
    endloop
  endfacet
  facet normal 0.951056 0.309017 0
    outer loop
      vertex -3.91259 -0.831646 0
      vertex -3.65418 -1.62695 0.5
      vertex -3.65418 -1.62695 0
    endloop
  endfacet
  facet normal 0.951056 0.309017 0
    outer loop
      vertex -3.65418 -1.62695 31.6509
      vertex -3.91259 -0.831646 1
      vertex -3.91259 -0.831646 31.745
    endloop
  endfacet
  facet normal 0.951056 0.309017 0
    outer loop
      vertex -3.91259 -0.831646 1
      vertex -3.65418 -1.62695 31.6509
      vertex -3.65418 -1.62695 1
    endloop
  endfacet
  facet normal 0.406743 -0.913543 0
    outer loop
      vertex -2 3.4641 0
      vertex -1.23607 3.80423 30.7708
      vertex -2 3.4641 31.0488
    endloop
  endfacet
  facet normal 0.406743 -0.913543 0
    outer loop
      vertex -1.23607 3.80423 30.7708
      vertex -2 3.4641 0
      vertex -1.23607 3.80423 0
    endloop
  endfacet
  facet normal -0.207909 0.978148 0
    outer loop
      vertex 0.418114 -3.97809 0
      vertex 1.23607 -3.80423 29.871
      vertex 1.23607 -3.80423 0
    endloop
  endfacet
  facet normal -0.207909 0.978148 0
    outer loop
      vertex 1.23607 -3.80423 29.871
      vertex 0.418114 -3.97809 0
      vertex 0.418114 -3.97809 30.1687
    endloop
  endfacet
  facet normal 0.994522 0.104529 0
    outer loop
      vertex -3.91259 -0.831646 0.5
      vertex -4 0 0
      vertex -4 0 0.5
    endloop
  endfacet
  facet normal 0.994522 0.104529 0
    outer loop
      vertex -4 0 0
      vertex -3.91259 -0.831646 0.5
      vertex -3.91259 -0.831646 0
    endloop
  endfacet
  facet normal 0.994522 0.104529 0
    outer loop
      vertex -3.91259 -0.831646 31.745
      vertex -4 0 1
      vertex -4 0 31.7768
    endloop
  endfacet
  facet normal 0.994522 0.104529 0
    outer loop
      vertex -4 0 1
      vertex -3.91259 -0.831646 31.745
      vertex -3.91259 -0.831646 1
    endloop
  endfacet
  facet normal -0.865999 0.500045 0
    outer loop
      vertex 3.65418 -1.62695 0
      vertex 3.59567 -1.72828 0.5
      vertex 3.65418 -1.62695 0.5
    endloop
  endfacet
  facet normal -0.86603 0.499991 0
    outer loop
      vertex 3.59567 -1.72828 0.5
      vertex 3.23607 -2.35114 0
      vertex 3.59567 -1.72828 1
    endloop
  endfacet
  facet normal -0.866026 0.499999 -1.26057e-05
    outer loop
      vertex 3.23607 -2.35114 0
      vertex 3.59567 -1.72828 0.5
      vertex 3.65418 -1.62695 0
    endloop
  endfacet
  facet normal -0.865999 0.500045 0
    outer loop
      vertex 3.59567 -1.72828 1
      vertex 3.65418 -1.62695 28.9909
      vertex 3.65418 -1.62695 1
    endloop
  endfacet
  facet normal -0.86603 0.499991 0
    outer loop
      vertex 3.23607 -2.35114 29.1431
      vertex 3.59567 -1.72828 1
      vertex 3.23607 -2.35114 0
    endloop
  endfacet
  facet normal -0.866026 0.499999 2.25005e-07
    outer loop
      vertex 3.59567 -1.72828 1
      vertex 3.23607 -2.35114 29.1431
      vertex 3.65418 -1.62695 28.9909
    endloop
  endfacet
  facet normal -0.587785 -0.809017 0
    outer loop
      vertex 2 3.4641 0
      vertex 2.67652 2.97258 29.3467
      vertex 2 3.4641 29.5929
    endloop
  endfacet
  facet normal -0.587785 -0.809017 -0
    outer loop
      vertex 2.67652 2.97258 29.3467
      vertex 2 3.4641 0
      vertex 2.67652 2.97258 0
    endloop
  endfacet
  facet normal -0.406743 -0.913543 0
    outer loop
      vertex 1.23607 3.80423 0
      vertex 2 3.4641 29.5929
      vertex 1.23607 3.80423 29.871
    endloop
  endfacet
  facet normal -0.406743 -0.913543 -0
    outer loop
      vertex 2 3.4641 29.5929
      vertex 1.23607 3.80423 0
      vertex 2 3.4641 0
    endloop
  endfacet
  facet normal -0.207909 -0.978148 0
    outer loop
      vertex 0.418114 3.97809 0
      vertex 1.23607 3.80423 29.871
      vertex 0.418114 3.97809 30.1687
    endloop
  endfacet
  facet normal -0.207909 -0.978148 -0
    outer loop
      vertex 1.23607 3.80423 29.871
      vertex 0.418114 3.97809 0
      vertex 1.23607 3.80423 0
    endloop
  endfacet
  facet normal -0.743143 0.669133 0
    outer loop
      vertex 2.67652 -2.97258 0
      vertex 3.23607 -2.35114 29.1431
      vertex 3.23607 -2.35114 0
    endloop
  endfacet
  facet normal -0.743143 0.669133 0
    outer loop
      vertex 3.23607 -2.35114 29.1431
      vertex 2.67652 -2.97258 0
      vertex 2.67652 -2.97258 29.3467
    endloop
  endfacet
  facet normal 0 1 0
    outer loop
      vertex -0.418114 -3.97809 0
      vertex 0.418114 -3.97809 30.1687
      vertex 0.418114 -3.97809 0
    endloop
  endfacet
  facet normal 0 1 0
    outer loop
      vertex 0.418114 -3.97809 30.1687
      vertex -0.418114 -3.97809 0
      vertex -0.418114 -3.97809 30.4731
    endloop
  endfacet
  facet normal 0.994522 -0.104529 0
    outer loop
      vertex -4 0 0.5
      vertex -3.91259 0.831646 0
      vertex -3.91259 0.831646 0.5
    endloop
  endfacet
  facet normal 0.994522 -0.104529 0
    outer loop
      vertex -3.91259 0.831646 0
      vertex -4 0 0.5
      vertex -4 0 0
    endloop
  endfacet
  facet normal 0.994522 -0.104529 0
    outer loop
      vertex -4 0 1
      vertex -3.91259 0.831646 31.745
      vertex -4 0 31.7768
    endloop
  endfacet
  facet normal 0.994522 -0.104529 0
    outer loop
      vertex -3.91259 0.831646 31.745
      vertex -4 0 1
      vertex -3.91259 0.831646 1
    endloop
  endfacet
  facet normal -1 0 0
    outer loop
      vertex 3 15 10
      vertex 3 13 10
      vertex 3 15 23.9081
    endloop
  endfacet
  facet normal -1 0 0
    outer loop
      vertex 3 15 23.9081
      vertex 3 18 25
      vertex 3 18 23.9081
    endloop
  endfacet
  facet normal -1 0 0
    outer loop
      vertex 3 15 23.9081
      vertex 3 13 25
      vertex 3 18 25
    endloop
  endfacet
  facet normal -1 0 0
    outer loop
      vertex 3 13 25
      vertex 3 15 23.9081
      vertex 3 13 10
    endloop
  endfacet
  facet normal 0 0 -1
    outer loop
      vertex 3 13 25
      vertex -1.3101e-06 15 25
      vertex 3 18 25
    endloop
  endfacet
  facet normal 0 0 -1
    outer loop
      vertex -3 13 25
      vertex -1.3101e-06 15 25
      vertex 3 13 25
    endloop
  endfacet
  facet normal -0 0 -1
    outer loop
      vertex -1.3101e-06 15 25
      vertex -3 13 25
      vertex -3 15 25
    endloop
  endfacet
  facet normal -0 0 -1
    outer loop
      vertex 3 18 25
      vertex -1.3101e-06 15 25
      vertex -1.3101e-06 18 25
    endloop
  endfacet
  facet normal -0 0 1
    outer loop
      vertex -3 15 10
      vertex 3 13 10
      vertex 3 15 10
    endloop
  endfacet
  facet normal 0 0 1
    outer loop
      vertex 3 13 10
      vertex -3 15 10
      vertex -3 13 10
    endloop
  endfacet
  facet normal 1 -0 0
    outer loop
      vertex -3 13 25
      vertex -3 15 10
      vertex -3 15 25
    endloop
  endfacet
  facet normal 1 0 0
    outer loop
      vertex -3 15 10
      vertex -3 13 25
      vertex -3 13 10
    endloop
  endfacet
  facet normal 0 1 -0
    outer loop
      vertex 3 13 10
      vertex -3 13 25
      vertex 3 13 25
    endloop
  endfacet
  facet normal 0 1 0
    outer loop
      vertex -3 13 25
      vertex 3 13 10
      vertex -3 13 10
    endloop
  endfacet
  facet normal -0 0 -1
    outer loop
      vertex 3.88069 -0.929836 0.5
      vertex 3.11024 -1.13527 0.5
      vertex 3.87007 -0.911438 0.5
    endloop
  endfacet
  facet normal 0 0 -1
    outer loop
      vertex 3.11024 -1.13527 0.5
      vertex 3.88069 -0.929836 0.5
      vertex 3.65418 -1.62695 0.5
    endloop
  endfacet
  facet normal 0 0 -1
    outer loop
      vertex 3.451 0.671799 0.5
      vertex 3.91259 0.831646 0.5
      vertex 3.98577 0.135398 0.5
    endloop
  endfacet
  facet normal 0 0 -1
    outer loop
      vertex 3.451 0.671799 0.5
      vertex 3.98577 0.135398 0.5
      vertex 3.87236 -0.0542297 0.5
    endloop
  endfacet
  facet normal 0 0 -1
    outer loop
      vertex 3.11229 0.17215 0.5
      vertex 3.87236 -0.0542297 0.5
      vertex 3.80905 -0.484222 0.5
    endloop
  endfacet
  facet normal -0 0 -1
    outer loop
      vertex 3.87007 -0.911438 0.5
      vertex 3.11024 -1.13527 0.5
      vertex 3.80905 -0.484222 0.5
    endloop
  endfacet
  facet normal 0 0 -1
    outer loop
      vertex 3.44287 -1.63518 0.5
      vertex 3.65418 -1.62695 0.5
      vertex 3.59567 -1.72828 0.5
    endloop
  endfacet
  facet normal 0 -0 -1
    outer loop
      vertex 3.11229 0.17215 0.5
      vertex 3.80905 -0.484222 0.5
      vertex 2.99937 -0.484222 0.5
    endloop
  endfacet
  facet normal -0 0 -1
    outer loop
      vertex 3.65418 -1.62695 0.5
      vertex 3.44287 -1.63518 0.5
      vertex 3.11024 -1.13527 0.5
    endloop
  endfacet
  facet normal 0 0 -1
    outer loop
      vertex 3.87236 -0.0542297 0.5
      vertex 3.11229 0.17215 0.5
      vertex 3.451 0.671799 0.5
    endloop
  endfacet
  facet normal -0 0 -1
    outer loop
      vertex 3.80905 -0.484222 0.5
      vertex 3.11024 -1.13527 0.5
      vertex 2.99937 -0.484222 0.5
    endloop
  endfacet
  facet normal -0 0 -1
    outer loop
      vertex 3.91259 0.831646 0.5
      vertex 3.451 0.671799 0.5
      vertex 3.88185 0.926242 0.5
    endloop
  endfacet
  facet normal 0 0 -1
    outer loop
      vertex -3.4388 -2 0.5
      vertex -2.17935 -1.40865 0.5
      vertex -2.17935 -2 0.5
    endloop
  endfacet
  facet normal 0 0 -1
    outer loop
      vertex -3.4388 -2 0.5
      vertex -3.55458 -1.40865 0.5
      vertex -2.17935 -1.40865 0.5
    endloop
  endfacet
  facet normal 0 0 -1
    outer loop
      vertex -3.65418 -1.62695 0.5
      vertex -3.55458 -1.40865 0.5
      vertex -3.4388 -2 0.5
    endloop
  endfacet
  facet normal 0 0 -1
    outer loop
      vertex -3.91259 -0.831646 0.5
      vertex -3.55458 -1.40865 0.5
      vertex -3.65418 -1.62695 0.5
    endloop
  endfacet
  facet normal 0 0 -1
    outer loop
      vertex -4 0 0.5
      vertex -3.55458 -1.40865 0.5
      vertex -3.91259 -0.831646 0.5
    endloop
  endfacet
  facet normal 0 0 -1
    outer loop
      vertex -3.55458 -1.40865 0.5
      vertex -4 0 0.5
      vertex -3.55458 1.03743 0.5
    endloop
  endfacet
  facet normal 0 -0 -1
    outer loop
      vertex -3.91259 0.831646 0.5
      vertex -3.55458 1.03743 0.5
      vertex -4 0 0.5
    endloop
  endfacet
  facet normal -0 0 -1
    outer loop
      vertex -3.55458 1.03743 0.5
      vertex -3.91259 0.831646 0.5
      vertex -3.84573 1.03743 0.5
    endloop
  endfacet
  facet normal 0 0 -1
    outer loop
      vertex -1.74503 -2 0.5
      vertex -0.961777 1.03743 0.5
      vertex -0.961777 -2 0.5
    endloop
  endfacet
  facet normal -0 0 -1
    outer loop
      vertex -0.961777 1.03743 0.5
      vertex -1.74503 -2 0.5
      vertex -1.74503 1.03743 0.5
    endloop
  endfacet
  facet normal 0 0 -1
    outer loop
      vertex 0.511459 -2 0.5
      vertex -0.231079 -2 0.5
      vertex 0.511459 0.0832825 0.5
    endloop
  endfacet
  facet normal 0 0 -1
    outer loop
      vertex 2.49092 -2 0.5
      vertex 1.74835 -1.04585 0.5
      vertex 2.49092 1.03743 0.5
    endloop
  endfacet
  facet normal 0 0 -1
    outer loop
      vertex 1.61615 -2 0.5
      vertex 1.74835 -1.04585 0.5
      vertex 2.49092 -2 0.5
    endloop
  endfacet
  facet normal 0 0 -1
    outer loop
      vertex 0.511459 0.0832825 0.5
      vertex 1.74835 -1.04585 0.5
      vertex 1.61615 -2 0.5
    endloop
  endfacet
  facet normal 0 0 -1
    outer loop
      vertex 1.74835 -1.04585 0.5
      vertex 0.511459 0.0832825 0.5
      vertex 0.643692 1.03743 0.5
    endloop
  endfacet
  facet normal 0 0 -1
    outer loop
      vertex -0.231079 1.03743 0.5
      vertex 0.511459 0.0832825 0.5
      vertex -0.231079 -2 0.5
    endloop
  endfacet
  facet normal 0 0 -1
    outer loop
      vertex 0.511459 0.0832825 0.5
      vertex -0.231079 1.03743 0.5
      vertex 0.643692 1.03743 0.5
    endloop
  endfacet
  facet normal -0 0 -1
    outer loop
      vertex 2.49092 1.03743 0.5
      vertex 1.74835 -1.04585 0.5
      vertex 1.74835 1.03743 0.5
    endloop
  endfacet
  facet normal 0 0 1
    outer loop
      vertex 3.451 0.671799 1
      vertex 3.91259 0.831646 1
      vertex 3.88185 0.926242 1
    endloop
  endfacet
  facet normal 0 0 1
    outer loop
      vertex 3.91259 0.831646 1
      vertex 3.451 0.671799 1
      vertex 3.98577 0.135398 1
    endloop
  endfacet
  facet normal 0 0 1
    outer loop
      vertex 3.98577 0.135398 1
      vertex 3.451 0.671799 1
      vertex 3.87236 -0.0542297 1
    endloop
  endfacet
  facet normal -0 0 1
    outer loop
      vertex 3.11229 0.17215 1
      vertex 3.87236 -0.0542297 1
      vertex 3.451 0.671799 1
    endloop
  endfacet
  facet normal 0 -0 1
    outer loop
      vertex 3.11024 -1.13527 1
      vertex 3.80905 -0.484222 1
      vertex 2.99937 -0.484222 1
    endloop
  endfacet
  facet normal 0 0 1
    outer loop
      vertex 3.87236 -0.0542297 1
      vertex 3.11229 0.17215 1
      vertex 3.80905 -0.484222 1
    endloop
  endfacet
  facet normal 0 0 1
    outer loop
      vertex 3.80905 -0.484222 1
      vertex 3.11024 -1.13527 1
      vertex 3.65418 -1.62695 1
    endloop
  endfacet
  facet normal 0 0 1
    outer loop
      vertex 3.80905 -0.484222 1
      vertex 3.11229 0.17215 1
      vertex 2.99937 -0.484222 1
    endloop
  endfacet
  facet normal 0 -0 1
    outer loop
      vertex 3.44287 -1.63518 1
      vertex 3.65418 -1.62695 1
      vertex 3.11024 -1.13527 1
    endloop
  endfacet
  facet normal 0 0 1
    outer loop
      vertex 3.65418 -1.62695 1
      vertex 3.44287 -1.63518 1
      vertex 3.59567 -1.72828 1
    endloop
  endfacet
  facet normal 0 0 1
    outer loop
      vertex 3.87007 -0.911438 1
      vertex 3.65418 -1.62695 1
      vertex 3.88069 -0.929836 1
    endloop
  endfacet
  facet normal 0 0 1
    outer loop
      vertex 3.65418 -1.62695 1
      vertex 3.87007 -0.911438 1
      vertex 3.80905 -0.484222 1
    endloop
  endfacet
  facet normal -0 0 1
    outer loop
      vertex -4 0 1
      vertex -3.55458 -1.40865 1
      vertex -3.55458 1.03743 1
    endloop
  endfacet
  facet normal 0 0 1
    outer loop
      vertex -3.91259 0.831646 1
      vertex -3.55458 1.03743 1
      vertex -3.84573 1.03743 1
    endloop
  endfacet
  facet normal 0 0 1
    outer loop
      vertex -3.55458 1.03743 1
      vertex -3.91259 0.831646 1
      vertex -4 0 1
    endloop
  endfacet
  facet normal 0 0 1
    outer loop
      vertex -3.55458 -1.40865 1
      vertex -3.91259 -0.831646 1
      vertex -3.65418 -1.62695 1
    endloop
  endfacet
  facet normal 0 0 1
    outer loop
      vertex -3.55458 -1.40865 1
      vertex -4 0 1
      vertex -3.91259 -0.831646 1
    endloop
  endfacet
  facet normal 0 0 1
    outer loop
      vertex -2.17935 -1.40865 1
      vertex -3.4388 -2 1
      vertex -2.17935 -2 1
    endloop
  endfacet
  facet normal -0 0 1
    outer loop
      vertex -3.55458 -1.40865 1
      vertex -3.4388 -2 1
      vertex -2.17935 -1.40865 1
    endloop
  endfacet
  facet normal 0 0 1
    outer loop
      vertex -3.4388 -2 1
      vertex -3.55458 -1.40865 1
      vertex -3.65418 -1.62695 1
    endloop
  endfacet
  facet normal -0 0 1
    outer loop
      vertex -1.74503 1.03743 1
      vertex -0.961777 -2 1
      vertex -0.961777 1.03743 1
    endloop
  endfacet
  facet normal 0 0 1
    outer loop
      vertex -0.961777 -2 1
      vertex -1.74503 1.03743 1
      vertex -1.74503 -2 1
    endloop
  endfacet
  facet normal 0 0 1
    outer loop
      vertex 1.74835 -1.04585 1
      vertex 2.49092 1.03743 1
      vertex 1.74835 1.03743 1
    endloop
  endfacet
  facet normal 0 0 1
    outer loop
      vertex 2.49092 1.03743 1
      vertex 1.74835 -1.04585 1
      vertex 2.49092 -2 1
    endloop
  endfacet
  facet normal 0 0 1
    outer loop
      vertex 1.74835 -1.04585 1
      vertex 1.61615 -2 1
      vertex 2.49092 -2 1
    endloop
  endfacet
  facet normal -0 0 1
    outer loop
      vertex 0.511459 0.0832825 1
      vertex 1.74835 -1.04585 1
      vertex 0.643692 1.03743 1
    endloop
  endfacet
  facet normal 0 0 1
    outer loop
      vertex 1.74835 -1.04585 1
      vertex 0.511459 0.0832825 1
      vertex 1.61615 -2 1
    endloop
  endfacet
  facet normal -0 0 1
    outer loop
      vertex -0.231079 1.03743 1
      vertex 0.511459 0.0832825 1
      vertex 0.643692 1.03743 1
    endloop
  endfacet
  facet normal 0 0 1
    outer loop
      vertex -0.231079 -2 1
      vertex 0.511459 0.0832825 1
      vertex -0.231079 1.03743 1
    endloop
  endfacet
  facet normal 0 0 1
    outer loop
      vertex 0.511459 0.0832825 1
      vertex -0.231079 -2 1
      vertex 0.511459 -2 1
    endloop
  endfacet
  facet normal 0.866068 0.499926 0
    outer loop
      vertex 3.88069 -0.929836 1
      vertex 3.87007 -0.911438 0.5
      vertex 3.87007 -0.911438 1
    endloop
  endfacet
  facet normal 0.866068 0.499926 0
    outer loop
      vertex 3.87007 -0.911438 0.5
      vertex 3.88069 -0.929836 1
      vertex 3.88069 -0.929836 0.5
    endloop
  endfacet
  facet normal 0.989953 0.141397 0
    outer loop
      vertex 3.87007 -0.911438 1
      vertex 3.80905 -0.484222 0.5
      vertex 3.80905 -0.484222 1
    endloop
  endfacet
  facet normal 0.989953 0.141397 0
    outer loop
      vertex 3.80905 -0.484222 0.5
      vertex 3.87007 -0.911438 1
      vertex 3.87007 -0.911438 0.5
    endloop
  endfacet
  facet normal 0.989334 -0.145665 0
    outer loop
      vertex 3.80905 -0.484222 1
      vertex 3.87236 -0.0542297 0.5
      vertex 3.87236 -0.0542297 1
    endloop
  endfacet
  facet normal 0.989334 -0.145665 0
    outer loop
      vertex 3.87236 -0.0542297 0.5
      vertex 3.80905 -0.484222 1
      vertex 3.80905 -0.484222 0.5
    endloop
  endfacet
  facet normal 0.858224 -0.513275 0
    outer loop
      vertex 3.87236 -0.0542297 1
      vertex 3.98577 0.135398 0.5
      vertex 3.98577 0.135398 1
    endloop
  endfacet
  facet normal 0.858224 -0.513275 0
    outer loop
      vertex 3.98577 0.135398 0.5
      vertex 3.87236 -0.0542297 1
      vertex 3.87236 -0.0542297 0.5
    endloop
  endfacet
  facet normal -0.508507 0.861058 0
    outer loop
      vertex 3.88185 0.926242 0.5
      vertex 3.451 0.671799 1
      vertex 3.88185 0.926242 1
    endloop
  endfacet
  facet normal -0.508507 0.861058 0
    outer loop
      vertex 3.451 0.671799 1
      vertex 3.88185 0.926242 0.5
      vertex 3.451 0.671799 0.5
    endloop
  endfacet
  facet normal -0.827735 0.561118 0
    outer loop
      vertex 3.11229 0.17215 0.5
      vertex 3.451 0.671799 1
      vertex 3.451 0.671799 0.5
    endloop
  endfacet
  facet normal -0.827735 0.561118 0
    outer loop
      vertex 3.451 0.671799 1
      vertex 3.11229 0.17215 0.5
      vertex 3.11229 0.17215 1
    endloop
  endfacet
  facet normal -0.985522 0.169546 0
    outer loop
      vertex 2.99937 -0.484222 0.5
      vertex 3.11229 0.17215 1
      vertex 3.11229 0.17215 0.5
    endloop
  endfacet
  facet normal -0.985522 0.169546 0
    outer loop
      vertex 3.11229 0.17215 1
      vertex 2.99937 -0.484222 0.5
      vertex 2.99937 -0.484222 1
    endloop
  endfacet
  facet normal -0.985808 -0.167878 0
    outer loop
      vertex 3.11024 -1.13527 0.5
      vertex 2.99937 -0.484222 1
      vertex 2.99937 -0.484222 0.5
    endloop
  endfacet
  facet normal -0.985808 -0.167878 0
    outer loop
      vertex 2.99937 -0.484222 1
      vertex 3.11024 -1.13527 0.5
      vertex 3.11024 -1.13527 1
    endloop
  endfacet
  facet normal -0.832544 -0.553958 0
    outer loop
      vertex 3.44287 -1.63518 0.5
      vertex 3.11024 -1.13527 1
      vertex 3.11024 -1.13527 0.5
    endloop
  endfacet
  facet normal -0.832544 -0.553958 0
    outer loop
      vertex 3.11024 -1.13527 1
      vertex 3.44287 -1.63518 0.5
      vertex 3.44287 -1.63518 1
    endloop
  endfacet
  facet normal -0.520319 -0.853972 0
    outer loop
      vertex 3.44287 -1.63518 0.5
      vertex 3.59567 -1.72828 1
      vertex 3.44287 -1.63518 1
    endloop
  endfacet
  facet normal -0.520319 -0.853972 -0
    outer loop
      vertex 3.59567 -1.72828 1
      vertex 3.44287 -1.63518 0.5
      vertex 3.59567 -1.72828 0.5
    endloop
  endfacet
  facet normal 0 1 -0
    outer loop
      vertex -2.17935 -1.40865 0.5
      vertex -3.55458 -1.40865 1
      vertex -2.17935 -1.40865 1
    endloop
  endfacet
  facet normal 0 1 0
    outer loop
      vertex -3.55458 -1.40865 1
      vertex -2.17935 -1.40865 0.5
      vertex -3.55458 -1.40865 0.5
    endloop
  endfacet
  facet normal 1 -0 0
    outer loop
      vertex -3.55458 -1.40865 1
      vertex -3.55458 1.03743 0.5
      vertex -3.55458 1.03743 1
    endloop
  endfacet
  facet normal 1 0 0
    outer loop
      vertex -3.55458 1.03743 0.5
      vertex -3.55458 -1.40865 1
      vertex -3.55458 -1.40865 0.5
    endloop
  endfacet
  facet normal 0 1 -0
    outer loop
      vertex -3.55458 1.03743 0.5
      vertex -3.84573 1.03743 1
      vertex -3.55458 1.03743 1
    endloop
  endfacet
  facet normal 0 1 0
    outer loop
      vertex -3.84573 1.03743 1
      vertex -3.55458 1.03743 0.5
      vertex -3.84573 1.03743 0.5
    endloop
  endfacet
  facet normal 0 -1 0
    outer loop
      vertex -3.4388 -2 0.5
      vertex -2.17935 -2 1
      vertex -3.4388 -2 1
    endloop
  endfacet
  facet normal 0 -1 -0
    outer loop
      vertex -2.17935 -2 1
      vertex -3.4388 -2 0.5
      vertex -2.17935 -2 0.5
    endloop
  endfacet
  facet normal 1 -0 0
    outer loop
      vertex -2.17935 -2 1
      vertex -2.17935 -1.40865 0.5
      vertex -2.17935 -1.40865 1
    endloop
  endfacet
  facet normal 1 0 0
    outer loop
      vertex -2.17935 -1.40865 0.5
      vertex -2.17935 -2 1
      vertex -2.17935 -2 0.5
    endloop
  endfacet
  facet normal 0 1 -0
    outer loop
      vertex -0.961777 1.03743 0.5
      vertex -1.74503 1.03743 1
      vertex -0.961777 1.03743 1
    endloop
  endfacet
  facet normal 0 1 0
    outer loop
      vertex -1.74503 1.03743 1
      vertex -0.961777 1.03743 0.5
      vertex -1.74503 1.03743 0.5
    endloop
  endfacet
  facet normal -1 0 0
    outer loop
      vertex -1.74503 -2 0.5
      vertex -1.74503 1.03743 1
      vertex -1.74503 1.03743 0.5
    endloop
  endfacet
  facet normal -1 -0 0
    outer loop
      vertex -1.74503 1.03743 1
      vertex -1.74503 -2 0.5
      vertex -1.74503 -2 1
    endloop
  endfacet
  facet normal 0 -1 0
    outer loop
      vertex -1.74503 -2 0.5
      vertex -0.961777 -2 1
      vertex -1.74503 -2 1
    endloop
  endfacet
  facet normal 0 -1 -0
    outer loop
      vertex -0.961777 -2 1
      vertex -1.74503 -2 0.5
      vertex -0.961777 -2 0.5
    endloop
  endfacet
  facet normal 1 -0 0
    outer loop
      vertex -0.961777 -2 1
      vertex -0.961777 1.03743 0.5
      vertex -0.961777 1.03743 1
    endloop
  endfacet
  facet normal 1 0 0
    outer loop
      vertex -0.961777 1.03743 0.5
      vertex -0.961777 -2 1
      vertex -0.961777 -2 0.5
    endloop
  endfacet
  facet normal -0.883476 -0.468476 0
    outer loop
      vertex 1.61615 -2 0.5
      vertex 0.511459 0.0832825 1
      vertex 0.511459 0.0832825 0.5
    endloop
  endfacet
  facet normal -0.883476 -0.468476 0
    outer loop
      vertex 0.511459 0.0832825 1
      vertex 1.61615 -2 0.5
      vertex 1.61615 -2 1
    endloop
  endfacet
  facet normal 0 -1 0
    outer loop
      vertex 1.61615 -2 0.5
      vertex 2.49092 -2 1
      vertex 1.61615 -2 1
    endloop
  endfacet
  facet normal 0 -1 -0
    outer loop
      vertex 2.49092 -2 1
      vertex 1.61615 -2 0.5
      vertex 2.49092 -2 0.5
    endloop
  endfacet
  facet normal 1 -0 0
    outer loop
      vertex 2.49092 -2 1
      vertex 2.49092 1.03743 0.5
      vertex 2.49092 1.03743 1
    endloop
  endfacet
  facet normal 1 0 0
    outer loop
      vertex 2.49092 1.03743 0.5
      vertex 2.49092 -2 1
      vertex 2.49092 -2 0.5
    endloop
  endfacet
  facet normal 0 1 -0
    outer loop
      vertex 2.49092 1.03743 0.5
      vertex 1.74835 1.03743 1
      vertex 2.49092 1.03743 1
    endloop
  endfacet
  facet normal 0 1 0
    outer loop
      vertex 1.74835 1.03743 1
      vertex 2.49092 1.03743 0.5
      vertex 1.74835 1.03743 0.5
    endloop
  endfacet
  facet normal -1 0 0
    outer loop
      vertex 1.74835 -1.04585 0.5
      vertex 1.74835 1.03743 1
      vertex 1.74835 1.03743 0.5
    endloop
  endfacet
  facet normal -1 -0 0
    outer loop
      vertex 1.74835 1.03743 1
      vertex 1.74835 -1.04585 0.5
      vertex 1.74835 -1.04585 1
    endloop
  endfacet
  facet normal 0.883482 0.468466 0
    outer loop
      vertex 1.74835 -1.04585 1
      vertex 0.643692 1.03743 0.5
      vertex 0.643692 1.03743 1
    endloop
  endfacet
  facet normal 0.883482 0.468466 0
    outer loop
      vertex 0.643692 1.03743 0.5
      vertex 1.74835 -1.04585 1
      vertex 1.74835 -1.04585 0.5
    endloop
  endfacet
  facet normal 0 1 -0
    outer loop
      vertex 0.643692 1.03743 0.5
      vertex -0.231079 1.03743 1
      vertex 0.643692 1.03743 1
    endloop
  endfacet
  facet normal 0 1 0
    outer loop
      vertex -0.231079 1.03743 1
      vertex 0.643692 1.03743 0.5
      vertex -0.231079 1.03743 0.5
    endloop
  endfacet
  facet normal -1 0 0
    outer loop
      vertex -0.231079 -2 0.5
      vertex -0.231079 1.03743 1
      vertex -0.231079 1.03743 0.5
    endloop
  endfacet
  facet normal -1 -0 0
    outer loop
      vertex -0.231079 1.03743 1
      vertex -0.231079 -2 0.5
      vertex -0.231079 -2 1
    endloop
  endfacet
  facet normal 0 -1 0
    outer loop
      vertex -0.231079 -2 0.5
      vertex 0.511459 -2 1
      vertex -0.231079 -2 1
    endloop
  endfacet
  facet normal 0 -1 -0
    outer loop
      vertex 0.511459 -2 1
      vertex -0.231079 -2 0.5
      vertex 0.511459 -2 0.5
    endloop
  endfacet
  facet normal 1 -0 0
    outer loop
      vertex 0.511459 -2 1
      vertex 0.511459 0.0832825 0.5
      vertex 0.511459 0.0832825 1
    endloop
  endfacet
  facet normal 1 0 0
    outer loop
      vertex 0.511459 0.0832825 0.5
      vertex 0.511459 -2 1
      vertex 0.511459 -2 0.5
    endloop
  endfacet
endsolid OpenSCAD_Model
